名称,说明,提示,图片文件
Новое Убежище,• Добраться до Убежища,"Чтобы покинуть Старую остановку, выйдите за границы локации. Они обозначены туманом. Чтобы добраться до Убежища, нажмите на него на глобальной карте и выберите способ передвижения.",assets/images/地图地点/避难所--ec0397cef7.png
Пережить Апокалипсис,Пережить Апокалипсис,,assets/images/资源材料/幸存者令牌--ab41c3f84a.png
呼救声,• Убить горелых около дома,从房子里传来一个女人的救命声。 你应该去查看下那里发生了什么。,assets/images/资源材料/焦尸--a4e6e7f3d6.png
陷入困境的女孩,• Поговорить с девушкой в доме,房子里的女孩看起来很面熟。 你应该和她谈谈。,assets/images/任务/陷入困境的女孩--52b57d5c54.png
渴求生存,• Bring the girl some water,瑞弗特与焦尸进行了一场搏斗。 她又疼又渴。 你可以在房内的盒子里或附近的井里找到一些水。,assets/images/补给消耗品/水--cee7cf4792.png
紧急呼救,• Receive a radio call,瑞弗特的情绪还未从袭击中平复。 她附近的无线电站收到一个紧急呼救。 你应该弄清楚发生了什么事。,assets/images/建筑设施/RADD--6361b28fc7.png
被摧毁的定居点,• Enter the mist and find the Settlement,发出求救信号的定居点离避难所不远。 你也许能拯救某个人 。,assets/images/地图地点/被摧毁的定居点--84cb06e25f.png
被摧毁的定居点,• Добраться до Разоренной общины,发出求救信号的定居点离避难所不远。 你也许能拯救某个人 。,assets/images/地图地点/被摧毁的定居点--84cb06e25f.png
被毁坏的房屋,• Approach the house,你到达了定居点， 但是没有幸存者。 你好像听到有声音从房子里传出……,assets/images/地图地点/被摧毁的定居点--84cb06e25f.png
获救的孩子,• 在被摧毁的定居点和男孩交谈,从他们造成的破坏来看， 朱尔是这个定居点唯一的幸存者。 只有你能帮助他 。 和他交谈。,assets/images/地图地点/被摧毁的定居点--84cb06e25f.png
新邻居,• Meet Jul in the Shelter,朱尔正从定居点搬到你的避难所。 你得确保他平安抵达。,assets/images/任务/新邻居--c4f87a79bc.png
突然袭击,• Kill the Vultures attacking the Shelter,避难所受到袭击。 你必须保护它， 并杀死袭击者。 别忘了使用绷带并进食， 从而补充你的生命值， 在战斗中存活下来。,assets/images/任务/突然袭击--7352f3e5dc.png
进一步措施,• Поговорить с Клепкой в Убежище,在你杀了袭击者之后， 瑞弗特想和你谈谈。,assets/images/任务/陷入困境的女孩--52b57d5c54.png
恢复连接,• Fix the antenna in the Shelter,秃鹫们毁坏了避难所的天线。 你和瑞弗特想把它修好。 你可能得打扫一下， 并找到一些零部件。,assets/images/其他物品/天线--5e7406f615.png
检查地堡,• Поговорить с Клепкой в Убежище,你检查了地堡，见到了基拉和你的新盟友。是时候返回瑞弗特那里了。,assets/images/任务/陷入困境的女孩--52b57d5c54.png
商人,• Talk to Lewkowicz at the windmill,Trader Lewkowicz is at the Shelter. He brought you a tip. Find out what he wants in exchange. Lewkowicz is waiting for you at the windmill.,assets/images/任务/商人--dfe04bbb76.png
避难所地下室,• Unlock the basement door,Riveter gave you the basement key. There's Sherp's desk with some documents that will help you decode the tip.,assets/images/任务/避难所地下室--2193ba3bd6.png
加密提示,• Show the tip to Riveter,"You traded for a coded tip from trader Lewkowicz. The symbols don't make any sense, but Riveter might make out what it says.",assets/images/其他物品/通往地下室的提示--9ae6e47c80.png
神秘的神器,• Loot the artifact from the Stinger's body in the basement,地下室的尸体发出微弱的光芒。 看来俘虏有个神器。 搜索尸体并夺取神器。,assets/images/其他物品/神秘的神器--b7e99f9ed2.png
克里姆的礼物,• Read the decoded tip,你破解了克里姆的提示！ 你应该仔细看看。 提示在你的仓库里。,assets/images/其他物品/通往地下室的提示--9ae6e47c80.png
加密提示,• Study the tip using the Decoder's Table,无线电报务员传达了克里姆的信息。 这是一个记载着坐标的提示， 坐标地点拥有众多神器。 它是用游荡者兄弟会的编码加密的 。 无线电报务员林克说， 你可以使用避难所地下室的译码员桌解码。,assets/images/其他物品/通往地下室的提示--9ae6e47c80.png
仓库,• Get to the Warehouse,游荡者克里姆为你在异象区提供了一份工作。 他正在仓库等你 。,assets/images/地图地点/仓库--4a05d440b5.png
突袭,• Kill the raiders,当你接近某栋定居点的房子时， 遭遇了袭击。 保护你自己！,assets/images/任务/突然袭击--7352f3e5dc.png
杂务和差事,• Изучить задания на меловой доске,瑞弗特决定收留你救下的男孩。 她需要你帮忙做一些房子附近的任务。 她都列在黑板上了 。,assets/images/建筑设施/剧情任务黑板--c2d722afd6.png
杂务和差事,• Выполнить ежедневные задания,你已经查看了黑板上的剧情任务列表。都不是些困难的事。你很快就会做完的。,assets/images/建筑设施/剧情任务黑板--c2d722afd6.png
偶遇,• Talk to the Hermit,,assets/images/任务/偶遇--fb875d1b7d.png
狩猎焦尸,• Go to the basement and kill 4 Charred,,assets/images/资源材料/焦尸--a4e6e7f3d6.png
新客户,• Поговорить с Клепкой в подвале Убежища,在你离开时，瑞弗特为你分配了新任务。去和她谈谈吧。,assets/images/任务/陷入困境的女孩--52b57d5c54.png
生物采样,"• Добыть биоматериалы горелых
• Добыть биоматериалы хватов",维拉 · 霍洛多娃博士要求你获取高辐射区的焦尸生物材料样本， 高辐射区在 PDA中用黄色和红色表示。 杀死并检查焦尸以收集样本。 找到它们可能需要一些时间。,assets/images/资源材料/焦尸--a4e6e7f3d6.png
危险的物种,"• Добыть биоматериалы горелых в Хозмаге
• Добыть кровь Восставшего Палача",研究所希望你获取复活的刽子手血样和焦尸生物材料。 他们可以在仓库里找到 。 杀死并检查焦尸以收集样本。 找到它们可能需要一些时间。,assets/images/任务/危险的物种--1ba9212a82.png
商人的回报,• Поговорить с Клепкой в подвале Убежища,你已经完成了研究所的剧情任务，准备好接受下一个订单了。在避难所与瑞弗特交谈。,assets/images/任务/陷入困境的女孩--52b57d5c54.png
森林里的战利品,• Добыть «янтарные грибы» Хранителя Леса из Лесополосы,贸易联盟给了你两件琥珀蘑菇神器的订单。 据说这个神器是森林管理员 （一个来自防风林的危险土匪） 力量的源泉。,assets/images/资源材料/琥珀蘑菇--2ab9dc6b68.png
血色炫光能量石,"• Принести «сполох» из Загадочного подвала
• Принести «кровавые слезы» из Хозмага",莱科维奇要你交付一些神器： 血色炫光能量石和血泪球。 血泪球会自行出现在仓库。 你可以从萤火虫异象区获得血色炫光能量石。,assets/images/资源材料/血泪球--18cce58e94.png
新客户,• Поговорить с Клепкой в подвале Убежища,莱科维奇眼下没有任务给你 。 但是无线电台又收到了一个信号。 谁想和你联系？ 快点和瑞弗特谈谈。,assets/images/任务/陷入困境的女孩--52b57d5c54.png
灾难酒吧的小吃,"• Приготовить тушеные помидоры
• Приготовить жареные грибы
• Приготовить мясо с грибами",灾难酒吧里挤满了来自饥饿荒地的游荡者， 眼下没有物资了 。 酒保糖要你送些食物。 你可以烹调它， 也可以在当地找到它。,assets/images/补给消耗品/炖西红柿--c7f160b33c.png
酒吧装修,"• Собрать обработанный бетон
• Собрать качественные доски",一枚脱轨的要塞兵团火箭击中了灾难酒吧， 它需要彻底翻新。 酒保糖要求你去买些材料。 他愿意支付丰厚的报酬。,assets/images/资源材料/建筑混凝土--5094079ac2.png
防御状态,• Поговорить с Клепкой в подвале Убежища,无线电台接收信号。 你应该回答。 快点和瑞弗特谈谈。,assets/images/任务/陷入困境的女孩--52b57d5c54.png
阅后即焚,• Добыть документы у Осажденного дома,军事组织要塞兵团愿意重金悬赏，以拿回被土匪盗走的文件。根据情报，他们在核炬士手上。查看被围困的房屋特殊活动。,assets/images/资源材料/要塞兵团的文件--5df43cd745.png
阅后即焚,• Добыть документы у Сломавшегося трейлера,"Глава военной организации «Оплот» готов хорошо заплатить за документы, украденные бандитами. По данным разведки, вторую часть документов нашли Могильщики из отряда Вестника Смерти. Их можно встретить в особом событии «Сломавшийся трейлер».",assets/images/任务/阅后即焚--5b1e0369b5.png
绝密,• Убить босса на Стоянке бандитов,如果能消灭土匪头目， 军事组织要塞兵团愿意重金酬谢。 根据情报， 土匪已经扎营， 或很快就要扎营了 。,assets/images/任务/陷入困境的女孩--52b57d5c54.png
生物采样,"• Добыть и принести биоматериалы горелых
• Добыть и принести биоматериалы хватов
• Добыть и принести биоматериалы когтей",维拉 · 霍洛多娃博士要求你获取高辐射区的焦尸生物材料样本， 高辐射区在 PDA中用黄色和红色表示。 杀死并检查焦尸以收集样本。 找到它们可能需要一些时间。,assets/images/资源材料/焦尸--a4e6e7f3d6.png
生物采样,"• Добыть и принести биоматериалы горелых из Хозмага
• Добыть и принести Рог Вышибалы  из Хозмага",维拉 · 霍洛多娃博士要求你获取仓库异象区的焦尸生物材料样本。 杀死并检查焦尸以收集样本。 找到它们可能需要一些时间。,assets/images/任务/生物采样--a6e174aed2.png
血液样本,"• Добыть и принести образцы крови волков
• Добыть и принести образцы крови лосей",维拉 · 霍洛多娃博士要求你获取高辐射区的狼和麋鹿血液样本， 高辐射区在 PDA中用黄色和红色表示。 杀死并检查动物， 以采集样本。 找到它们可能需要一些时间。,assets/images/任务/血液样本--0f0069a83f.png
生物采样,"• Добыть и принести биоматериалы хватов
• Добыть и принести биоматериалы когтей
• Добыть и принести биоматериалы язычников",维拉 · 霍洛多娃博士要求你获取高辐射区的焦尸生物材料样本， 高辐射区在 PDA中用黄色和红色表示。 杀死并检查焦尸以收集样本。 找到它们可能需要一些时间。,assets/images/资源材料/留名者--164a613fb2.png
血色炫光能量石,"• Принести «сполох» из Загадочного подвала
• Принести «кровавые слезы» из Хозмага",莱科维奇要你交付一些神器： 血色炫光能量石和血泪球。 血泪球会自行出现在仓库。 你可以从萤火虫异象区获得血色炫光能量石。,assets/images/资源材料/血泪球--18cce58e94.png
森林里的战利品,• Добыть «янтарные грибы» Хранителя Леса из Лесополосы,莱科维奇给了你一个琥珀蘑菇神器的订单。 据说这个神器是森林管理员 （一个来自防风林的危险土匪） 力量的源泉。,assets/images/资源材料/琥珀蘑菇--2ab9dc6b68.png
异象战利品,"• Принести «чертовы ежи»
• Принести «лимонки»",你还有一份来自莱科维奇的订单。 这一次他想要魔鬼海胆爆弹和爆裂糖果。 你可以在黄色和红色危险区、 特殊事件期间和异常区找到它们 。,assets/images/补给消耗品/魔鬼海胆爆弹--856a77662f.png
酒吧装修,"• Добыть качественные доски
• Добыть обработанный бетон
• Добыть арматуру",一枚脱轨的要塞兵团火箭击中了灾难酒吧， 它需要彻底翻新。 酒保糖要求你去买些材料。 他愿意支付丰厚的报酬。,assets/images/资源材料/建筑混凝土--5094079ac2.png
酒吧装修,"• Добыть сырые доски
• Добыть бетон
• Добыть металлолом",一枚脱轨的要塞兵团火箭击中了灾难酒吧， 它需要彻底翻新。 酒保糖要求你去买些材料。 他愿意支付丰厚的报酬。,assets/images/资源材料/混凝土--eab7c0232b.png
灾难酒吧物资,"• Найти и принести «Мистику-76»
• Найти и принести табак",灾难酒吧酒保糖的烟酒没货了 。 他需要紧急交付。 尝试在黄色和红色危险区寻找战前啤酒和烟草。,assets/images/补给消耗品/战前啤酒--3652084e5a.png
灾难酒吧的小吃,"• Принести жареные грибы
• Принести тушеные помидоры
• Принести мясо с грибами",灾难酒吧里挤满了来自饥饿荒地的游荡者， 眼下没有物资了 。 酒保糖要你送些食物。 你可以烹调它， 也可以在当地找到它。,assets/images/补给消耗品/炖西红柿--c7f160b33c.png
酒水交付,"• Принести настойку шиповника
• Принести грибную настойку",灾难酒吧的酒保阿糖没想到酒水已经卖完了！ 他需要玫瑰果药水和蘑菇药水制作招牌鸡尾酒“关节掸子”。 使用治疗师桌来准备它们 。,assets/images/补给消耗品/玫瑰果药水--fa2d3f9b8b.png
克服偏见,"• Убить Распадников на Выжженных Землях
• Убить Лесовиков на Опушке Леса",军事组织要塞兵团愿意为消灭狂腐士和猎人支付报酬。 根据情报， 你可以在焦尸土地和森林郊区找到它们 。,assets/images/资源材料/狂腐士--6166b5fd12.png
谷墓魅影,"• Убить Распадников в Мертвой низине
• Убить горелых в Мертвой низине",军事组织要塞兵团愿意为消灭荒凉山谷的狂腐士和焦尸支付报酬。,assets/images/资源材料/狂腐士--6166b5fd12.png
消灭焦尸群,"• Убить горелых
• Убить Хватов 
• Убить Когтей",军事组织要塞兵团愿意为消灭最后领地的焦尸支付报酬。,assets/images/资源材料/焦尸--a4e6e7f3d6.png
阅后即焚,"• Добыть документы у Осажденного дома
• Убить Атомного Факельщика",军事组织要塞兵团愿意重金悬赏，以拿回被土匪盗走的文件。根据情报，他们在核炬士手上。查看被围困的房屋特殊活动。,assets/images/资源材料/要塞兵团的文件--5df43cd745.png
阅后即焚,• Добыть документы у Сломавшегося трейлера,"Глава военной организации «Оплот» готов хорошо заплатить за документы, украденные бандитами. По данным разведки, вторую часть документов нашли Могильщики из отряда Вестника Смерти. Их можно встретить в особом событии «Сломавшийся трейлер».",assets/images/资源材料/要塞兵团的文件--5df43cd745.png
陷入困境的女孩,• Talk to the girl in the house,房子里的女孩看起来很面熟。 你应该和她谈谈。,assets/images/任务/陷入困境的女孩--52b57d5c54.png
复活的焦尸,• Kill the risen Charred,你还没来得及喘口气， 就听到身后传来一声咆哮。 院子里有一个复活的僵尸。 它正要攻击你 。,assets/images/资源材料/焦尸--a4e6e7f3d6.png
新邻居,• Talk to Riveter,朱尔正从定居点搬到你的避难所。 你得确保他平安抵达， 并告诉瑞弗特所发生的事。,assets/images/任务/陷入困境的女孩--52b57d5c54.png
避难所地下室,• Go to the basement,Riveter gave you the basement key. There's Sherp's desk with some documents that will help you decode the tip.,assets/images/任务/避难所地下室--2193ba3bd6.png
未命名任务,• По завершению квеста открываются дейлики,,assets/images/地图地点/仓库--4a05d440b5.png
阅后即焚,"• Добыть документы на Стоянке бандитов
• Добыть документы у Заброшенной лачуги",军事组织“要塞兵团”愿意重金悬赏， 拿回被土匪盗走的文件。 根据情报， 他们在土匪营地和废弃小屋附近。,assets/images/资源材料/要塞兵团的文件--5df43cd745.png
成交,• Trade the tip from Lewkowicz,Trader Lewkowicz will swap a tip for some food. You can get meat from animals or find it somewhere. Use a Strider's bonfire to cook it.,assets/images/其他物品/通往地下室的提示--9ae6e47c80.png
Lewkowicz's Share,• Reach engaged attitude with Lewkowicz,"You want to engage the trader Lewkowicz and get him interested in your deals. He sells rare items to Striders. Find artifacts in the Warehouse, or somewhere else, to trade with him and get on his good side. If you can't find artifacts in the Warehouse, come back later and try again.",assets/images/任务/商人--dfe04bbb76.png
被围困的房屋,• Добраться до осаждённого дома,土匪正在密谋袭击幸存者的房子。你可以在其发动攻击前拯救一家人。,assets/images/地图地点/被围困的房屋--a9dc4a2b8b.png
被围困的房屋,• Поговорить с хозяйкой у дома,居民们看起来很害怕。 走到房屋女主人跟前， 按一下动作按钮， 了解发生了什么。,assets/images/任务/被围困的房屋--201a415617.png
准备进攻,• Prepare for the attack,土匪们要袭击农夫的房子。 你有一点时间准备战斗。,assets/images/其他物品/男俘虏--04a338aa61.png
备用弹药,• Find the ammo boxes behind the house,豪斯曼要你找到弹药并带给他。他说它存放在房子后面的一个盒子里。,assets/images/资源材料/弹药盒--78f10aac3c.png
第一波,• Kill the raiders,土匪们正从蔬菜地发起进攻。 阻止他们！,assets/images/资源材料/狂腐士--6166b5fd12.png
邪教徒的祭坛,• Destroy the gang's altar,土匪们在离房子不远的地方筑了祭坛。 祭坛提升了他们的战斗力。 必须摧毁祭坛。,assets/images/任务/邪教徒的祭坛--3a20f3adaa.png
土匪头目,• Prepare for the boss's arrival,摧毁祭坛激怒了土匪头目。 他正在赶往房子惩戒你 。 准备好！,assets/images/任务/土匪头目--9459f43b94.png
土匪头目,• Убить главаря,土匪头目已经抵达， 他要为被毁的祭坛报仇。 只有死亡才能阻止他 。,assets/images/任务/土匪头目--9459f43b94.png
Подготовка к нападению,Невидимый квест для ухода жены в дом,,assets/images/其他物品/男俘虏--04a338aa61.png
第一波,• Kill the raiders,土匪们正聚集在农夫的风车周围， 准备发动第二波攻击。 在他们有机会毁坏东西之前杀了他们 。,assets/images/资源材料/狂腐士--6166b5fd12.png
未命名任务,,,assets/images/其他物品/男俘虏--04a338aa61.png
贸易关系,• Первая выдача записки Торговца Союза,贸易联盟代表想和你交易货物。 在你面见他之前， 用避难所里的无线电台索取他的价目表。,assets/images/任务/贸易关系--275e503c10.png
贸易关系,• Первая выдача записки Торговца Союза,贸易联盟代表想和你交易货物。 在你面见他之前， 用避难所里的无线电台索取他的价目表。,assets/images/任务/贸易关系--275e503c10.png
贸易关系,• Union trader's note received again,贸易联盟代表想和你交易货物。 在你面见他之前， 用避难所里的无线电台索取他的价目表。,assets/images/任务/贸易关系--275e503c10.png
被毁的天线,• Examine the broken antenna,秃鹫似乎毁坏了风车附近的天线。 你应该检查一下， 看看能不能修好。,assets/images/其他物品/天线--5e7406f615.png
贸易关系,• Union trader's note received,贸易联盟代表想和你交易货物。 在你面见他之前， 用避难所里的无线电台索取他的价目表。,assets/images/任务/贸易关系--275e503c10.png
贸易关系,• Union trader's note received again,贸易联盟代表想和你交易货物。 在你面见他之前， 用避难所里的无线电台索取他的价目表。,assets/images/任务/贸易关系--275e503c10.png
贸易关系,• Union trader's note received again,贸易联盟代表想和你交易货物。 在你面见他之前， 用避难所里的无线电台索取他的价目表。,assets/images/任务/贸易关系--275e503c10.png
工程师价目表,• Vehicle trader's note received,工程师在附近停留。 她想要交易。 在你面见他之前， 用避难所里的无线电台索取他的价目表。,assets/images/任务/贸易关系--275e503c10.png
工程师价目表,• Vehicle trader's note received,工程师在附近停留。 她想要交易。 在你面见他之前， 用避难所里的无线电台索取他的价目表。,assets/images/任务/贸易关系--275e503c10.png
工程师价目表,• Vehicle trader's note received,工程师在附近停留。 她想要交易。 在你面见他之前， 用避难所里的无线电台索取他的价目表。,assets/images/任务/贸易关系--275e503c10.png
工程师价目表,• Vehicle trader's note received again,工程师在附近停留。 她想要交易。 在你面见他之前， 用避难所里的无线电台索取他的价目表。,assets/images/任务/贸易关系--275e503c10.png
工程师价目表,• Vehicle trader's note received again,工程师在附近停留。 她想要交易。 在你面见他之前， 用避难所里的无线电台索取他的价目表。,assets/images/任务/贸易关系--275e503c10.png
工程师价目表,• Vehicle trader's note received again,工程师在附近停留。 她想要交易。 在你面见他之前， 用避难所里的无线电台索取他的价目表。,assets/images/任务/贸易关系--275e503c10.png
装战利品的麻袋,• Craft a sack,一个可以让你携带更多战利品和其他物品的麻袋。,assets/images/防具装备/麻袋--4ca32381dd.png
克里姆的营地,• Talk to Klim at the Stop,经验丰富的克里姆是一名游荡者图书管理员， 也是一位异象专家。 瑞弗特认为， 关于地下室的神秘神器， 你可以从克里姆那里了解更多。 朱尔将你带到了克里姆的营地 。,assets/images/任务/克里姆的营地--6ecada0a45.png
火花塞,• Go to the ruins at Klim's Stop,狂腐士从克里姆无人看管的 UAZ越野车上偷走了火花塞。 如果你能把火花塞找回来， 他就会帮助你 。 朱尔说这条路上应该有一些废墟， 土匪们就藏身其中。,assets/images/资源材料/火花塞--f2ce7388b2.png
狂腐士的祭坛,• Destroy the Decayers' Altar in the ruins,狂腐士从克里姆无人看管的 UAZ越野车上偷走了火花塞。 如果你能把火花塞找回来， 他就会帮助你 。 朱尔说这条路上应该有一些废墟， 土匪们在那里搭设了一座祭坛， 并把火花塞藏在那里。 祭坛提升了狂腐士的战斗力。 你得先摧毁它。,assets/images/任务/邪教徒的祭坛--3a20f3adaa.png
火花塞,• Take the spark plugs from the box in the ruins,狂腐士从克里姆无人看管的 UAZ越野车上偷走了火花塞。 如果你能把火花塞找回来， 他就会帮助你 。 朱尔说这条路上应该有一些废墟， 土匪们就藏身其中。,assets/images/资源材料/火花塞--f2ce7388b2.png
火花塞,• Talk to Klim,狂腐士从克里姆无人看管的 UAZ越野车上偷走了火花塞。 你摧毁了狂腐士的祭坛， 找到了它们 。 现在回去找克里姆吧。,assets/images/任务/克里姆的营地--6ecada0a45.png
火花塞,• Install the spark plugs in Klim's UAZ,狂腐士从克里姆无人看管的 UAZ越野车上偷走了火花塞。 你找到了它们 。 现在你可以修理UAZ越野车了 。 克里姆会在你安装火花塞时掩护你 。,assets/images/资源材料/火花塞--f2ce7388b2.png
剩余零件,• Talk to Klim,你已成功安装火花塞。 什么都没发生。 UAZ越野车还是无法发动。 询问克里姆该如何帮忙。,assets/images/任务/克里姆的营地--6ecada0a45.png
剩余零件,• Find a car battery and radiator in vehicles in the Camp,你已成功安装火花塞。UAZ越野车仍然缺少一些零件。克里姆想让你找到路上被毁的车辆，并搜索零部件。,assets/images/任务/剩余零件--9c9ba40db7.png
剩余零件,• Install all the spare parts on Klim's UAZ,你已经集齐零件， 决定再次修理克里姆的UAZ越野车。,assets/images/任务/剩余零件--9c9ba40db7.png
狂腐士的增援部队,• Prepare to fight Nuclear Torch,你已经集齐零件， 决定再次修理克里姆的UAZ越野车。,assets/images/任务/土匪头目--9459f43b94.png
狂腐士的增援部队,• Kill Nuclear Torch at Klim's Stop,你修好了克里姆的 UAZ越野车， 却突然听到核炬士的战斗嘶吼， 他是邪教徒狂腐士的精锐战士。,assets/images/任务/土匪头目--9459f43b94.png
新朋友,• Talk to Klim,你帮助克里姆击退了狂腐士。 他想要感谢你 。 和他交谈。,assets/images/任务/克里姆的营地--6ecada0a45.png
贸易关系,• Accept Lewkowicz's signal,商人莱科维奇想要和你联系。 他可能有好东西要给你 。 使用避难所里的无线电台来回应。,assets/images/任务/商人--dfe04bbb76.png
检查地堡,• Поговорить с Клепкой в Убежище,你检查了地堡，见到了基拉和你的新盟友。是时候返回瑞弗特那里了。,assets/images/任务/陷入困境的女孩--52b57d5c54.png
贸易关系,• Дождаться прихода Левковича,商人莱科维奇正前往避难所进行交易。 你可以等着他来， 也可以同时干点其他的： 攻击在附近扎营的秃鹫。,assets/images/任务/商人--dfe04bbb76.png
贸易关系,• Talk to Lewkowicz at the Shelter,商人莱科维奇来到你的避难所进行交易。 他很快就要走了 。 交易时间有限！,assets/images/任务/商人--dfe04bbb76.png
贸易关系,• Time until Lewkowicz leaves:,在莱科维奇离开前， 你都可以在避难所和他交易。,assets/images/任务/商人--dfe04bbb76.png
新朋友,• Поговорить с Климом в подвале Убежища,克里姆将前往你的避难所帮助你 。 他会在地下室等你 。,assets/images/任务/新朋友--707f19e913.png
俘虏的神器,• Give cigarettes to Klim,克里姆来访了你的避难所。 他能帮你弄清楚那个神秘的神器。 向克里姆提供香烟， 以支付神器的鉴定费用。 你能够在铁荒原、 寂静树丛和其他地方的土匪身上找到香烟。,assets/images/资源材料/战前香烟--56eec776ca.png
译码员桌,• Fix the  Decoder's Table in the basement,位于避难所地下室的译码员桌状况很糟。 解码设备的屏幕似乎被拳头砸坏了 。 你需要先修复桌子， 然后才能破解提示。,assets/images/建筑设施/译码员桌--8957c2c351.png
仓库,• Поговорить с Климом у Хозмага,游荡者克里姆为你在异象区提供了一份工作。 他正在仓库等你 。,assets/images/地图地点/仓库--4a05d440b5.png
主动出击,• Get to the Vultures' camp,商人莱科维奇说，秃鹫在离你的避难所不远处扎了营。他们可能想袭击避难所。你决定袭击秃鹫营地，打他们个措手不及。要小心。储备药品和武器。,assets/images/地图地点/土匪营地--55f77a6412.png
回家,• Поговорить с Клепкой в Убежище,你杀死了营地里的所有秃鹫， 包括他们的头儿“嗜血弗莱耶”。 你应该告诉瑞弗特， 食人秃鹫眼下不会再来骚扰避难所了 。,assets/images/任务/陷入困境的女孩--52b57d5c54.png
避难所地下室,• Find the key in a broken car in the Shelter,瑞弗特要你去地下室， 把无线电台藏在那儿。 地下室被锁住了 。 她告诉你钥匙藏在避难所迷雾边缘的一辆损坏的汽车里。,assets/images/其他物品/配备报警器的汽车--ad7b5898d6.png
避难所地下室,"• Unlock the basement door 
• Go to the basement",瑞弗特要你去地下室，把无线电台藏在那儿。地下室被锁住了。你在破车里找到了钥匙。你准备好下去了。瑞弗特建议你准备好火炬，以防万一。,assets/images/资源材料/地下室钥匙--4d6beeb99e.png
主动出击,• Search the bandit tent in the camp,商人莱科维奇说，秃鹫在离你的避难所不远处扎了营。他们可能想袭击避难所。你决定袭击秃鹫营地，打他们个措手不及。但他们的营地没有人，只有一个废弃的帐篷和一个火坑。,assets/images/其他物品/帐篷--1496cf396f.png
梦境,• Talk to Jul and go to the camp,商人莱科维奇说，秃鹫在离你的避难所不远处扎了营。你决定袭击秃鹫营地，打他们个措手不及。但他们的营地没有人，只有一个废弃的帐篷和一个火坑。突然，朱尔从雾中走了出来，告诉你他们在别处搭建的营地位置。他要立刻把你带过去。,assets/images/任务/新邻居--c4f87a79bc.png
男俘虏,• Kill the Stinger in the basement,被瑞弗特和谢尔普锁在地下室的土匪变成了焦尸。你应该杀掉他。使用火炬，火焰会伤害敌人。,assets/images/任务/危险的物种--1ba9212a82.png
神秘的神器,• Show the strange artifact to Riveter,你从地下室的俘虏尸体上夺取了神器。 这件东西看起来有点眼熟， 但你不记得是什么时候在哪里见过。 也许瑞弗特可以帮你 。,assets/images/其他物品/神秘的神器--b7e99f9ed2.png
安全第一,• Take the RADD to the basement,由于害怕遭到突袭， 瑞弗特建议你把无线电台搬去地下室。 要进行此操作， 请走向RADD并点击操作按钮。,assets/images/建筑设施/RADD--6361b28fc7.png
调整天线,• Поговорить с Клепкой в подвале Убежища,你把RADD带到了避难所的地下室， 发现楼上的天线需要人工调整。,assets/images/任务/陷入困境的女孩--52b57d5c54.png
调整天线,• Tune the antenna near the windmill in the Shelter,你把RADD带到了避难所的地下室， 发现楼上的天线需要人工调整。,assets/images/其他物品/天线--5e7406f615.png
俘虏的神器,• Talk to Riveter in the Shelter's basement,你把天线调整好了 。 现在你的通讯恢复了 。 瑞弗特在地下室等你 。,assets/images/任务/陷入困境的女孩--52b57d5c54.png
克里姆,• Use the radio station in the Shelter's basement,你准备联系克里姆， 他是一个经验丰富的游荡者， 能帮你弄清楚地下室那个神秘的神器。 使用无线电台进行通讯。,assets/images/建筑设施/RADD--6361b28fc7.png
男孩的梦境,• Find Jul near the cistern in the Shelter,瑞弗特建议你， 让朱尔帮忙寻找游荡者克里姆。 你可以上楼， 在避难所的水池边找到朱尔。,assets/images/任务/新邻居--c4f87a79bc.png
男孩的梦境,• Protect Jul against the Charred,瑞弗特建议你， 让朱尔帮忙寻找游荡者克里姆。 你刚找到那个男孩， 焦尸就从雾中出现了 ……,assets/images/任务/新邻居--c4f87a79bc.png
男孩的梦境,• 在避难所的水池边找到朱尔,瑞弗特建议你， 让朱尔帮忙寻找游荡者克里姆。 当你找到那个男孩时， 焦尸突然从雾中出现。 你保护了那个男孩， 现在你可以和他交谈了 。,assets/images/任务/新邻居--c4f87a79bc.png
克里姆的营地,• Get to Klim's Stop,瑞弗特认为，关于地下室的神秘神器，你可以从克里姆那里了解更多。但你必须首先帮助他。朱尔知道克里姆在哪里扎营。没有理由怀疑他的直觉。,assets/images/地图地点/克里姆的营地--abc8de082e.png
主动出击,• Kill Vultures in the camp,朱尔告诉了你去哪里找秃鹫营地。你要小心谨慎，并储备药品和武器。,assets/images/任务/突然袭击--7352f3e5dc.png
主动出击,• Kill Flayer in the camp,朱尔告诉了你去哪里找秃鹫营地。你击杀了所有秃鹫，并听到了远处的战斗呐喊。 战斗声引来了秃鹫的头目弗莱耶。,assets/images/任务/主动出击--4af41a0800.png
失踪的向导,• Расспросить Лису про Луку,克里姆的向导卢卡失踪了 。 克里姆想让你找到他 。 卢卡本来打算和训狗师福克西、 游荡者格鲁皮一起进入仓库。,assets/images/任务/失踪的向导--f1e5fed3c4.png
失踪的向导,• Расспросить Ворчуна про Луку,克里姆找不到名叫卢卡的向导。 他需要你的帮助。 福克西本该陪着卢卡一起去仓库。 她不知道卢卡在哪里。 他的朋友格鲁皮本来也要和他们一起去异象区。,assets/images/任务/失踪的向导--f256e60ce5.png
失踪的向导,• Расспросить Жилу про Луку,克里姆找不到名叫卢卡的向导。 他需要你的帮助。 游荡者福克西和格鲁皮本该陪卢卡一起去仓库。 但他们不知道卢卡在哪里。 格鲁皮建议你去找维因， 一个经常去仓库清除堵塞物的游荡者。,assets/images/任务/失踪的向导--3969758a3b.png
失踪的向导,• Tell Klim about Luka,克里姆找不到名叫卢卡的向导。 他需要你的帮助。 游荡者们不知道他在哪里。 只有维因看见他在旧电话亭里打电话。 你应该告诉克里姆。,assets/images/地图地点/仓库--4a05d440b5.png
失踪的向导,• Examine the old phone booth near the Warehouse,克里姆找不到名叫卢卡的向导。 他需要你的帮助。 最后一次有人看见他是在旧电话亭附近。,assets/images/任务/失踪的向导--cb8d42c6e9.png
未命名任务,,,
失踪的向导,• Спуститься в Хозмаг и поговорить с Климом,你正在寻找失踪的向导卢卡， 突然从坏掉的电话里传出了声音。 你应该告诉克里姆。,assets/images/任务/新朋友--707f19e913.png
卢卡的录音,• Find Luka's first and second pylons in the Warehouse,游荡者克里姆在仓库里给你提供了一个任务。 他要你前往地下的异常区， 找到失踪的团队向导。 卢卡沿路留下了记号， 务必找到它们 。,assets/images/其他物品/卢卡的塔棒--15d9507413.png
阅后即焚,"• Добыть документы у Оунси-Костолома
• Добыть документы у Хранителя Леса",军事组织“要塞兵团”愿意重金悬赏， 拿回被土匪盗走的文件。 根据情报， 他们在荒凉山谷的萨梅迪男仆和防风林的森林管理员手上。,assets/images/资源材料/要塞兵团的文件--5df43cd745.png
未命名任务,• Набрать 1200 опыта для выполнения квеста,,
卢卡的录音,• Listen to Luka's first and second recordings,游荡者克里姆想让你去仓库找到他失踪的向导卢卡。 卢卡沿路留下了塔棒。 你已经找到两个， 时间重置的等待期已结束。 现在你可以继续寻找向导的塔棒了 。,assets/images/其他物品/卢卡的塔棒--15d9507413.png
隐藏的战利品,• Search Luka's cache in the Windbreak,据克里姆说， 卢卡把东西藏在防风林的一个地窖里， 靠近一个电力变流器电话亭。,assets/images/其他物品/地窖--6b41b189c5.png
卢卡的录音,• Find Luka's third pylon in the Warehouse,游荡者克里姆想让你去仓库找到他失踪的向导卢卡。 卢卡沿路留下了塔棒。 你已经找到两个， 时间重置的等待期已结束。 有线索表明卢卡正前往仓库南部， 但通往那里的通道被一堆石头堵住了 ， 你已经清除了障碍物， 现在可以寻找塔棒了 。,assets/images/其他物品/卢卡的塔棒--15d9507413.png
奇怪的照片,• Tell Klim about the photograph,你在仓库里的卢卡塔棒上发现了一张血迹斑斑的照片。 关于卢卡的线索到此为止了 。 你应该告诉克里姆。,assets/images/其他物品/血迹斑斑的照片--778f14743e.png
塔棒上的照片,• Take the photograph from Luka's third pylon,游荡者克里姆想让你去仓库寻找他队里的失踪向导卢卡。 卢卡沿路留下了塔棒。 你眼下已经找到了两个。 时空异象有时会影响诸如此类的地方。 你可能要走好几趟。,assets/images/其他物品/血迹斑斑的照片--778f14743e.png
奇怪的照片,• Show the picture to Jul in the Shelter,你在仓库里的卢卡塔棒上发现了一张血迹斑斑的照片。 关于卢卡的线索到此为止了 。 克里姆不知道卢卡可能在哪里。 他想到了在你避难所里的男孩朱尔， 还有他的天赋。 也许他知道卢卡去了哪里。,assets/images/其他物品/血迹斑斑的照片--778f14743e.png
卢卡的录音,• Find Luka's fourth recording in the Warehouse,游荡者克里姆想让你去仓库找到他失踪的向导卢卡。 卢卡沿路留下了塔棒。 你已经找到其中的三个， 即将找到第四个。,assets/images/其他物品/卢卡的塔棒--15d9507413.png
卢卡的录音,• Find Luka's fifth recording in the Warehouse,游荡者克里姆想让你去仓库找到他失踪的向导卢卡。 卢卡沿路留下了塔棒。 你已经找到其中的四个， 即将找到第五个。 克里姆说第五个塔棒可能会在土匪斯肯尼的拷问室， 仓库刽子手就是变异后的斯肯尼。,assets/images/其他物品/卢卡的塔棒--15d9507413.png
失踪的向导,• Find the crew's missing guide in the Warehouse,游荡者克里姆在仓库里给你提供了一个任务。 他要你前往地下的异常区， 找到失踪的团队向导。 时空异象有时会影响诸如此类的地方。 要完成克里姆的任务， 你可能需要前往数次。,assets/images/地图地点/仓库--4a05d440b5.png
失踪的向导,• Give Luka's dog tag to Klim,游荡者克里姆在仓库里给你提供了一个任务。 他要你前往地下的异象区， 找到失踪的团队向导。 你发现了一具戴着向导令牌的尸体。 你应该把这个令牌交给克里姆。,assets/images/地图地点/仓库--4a05d440b5.png
译码员桌,• Examine the Decoder's table in the basement,无线电报务员传达了克里姆的信息。 这是一个记载着坐标的提示， 坐标地点拥有众多神器。 它是用游荡者兄弟会的编码加密的 。 无线电报务员林克说， 你可以用避难所地下室的译码员桌破解提示。,assets/images/建筑设施/译码员桌--8957c2c351.png
克里姆的礼物,• Get to the Tip-off Basement,你破解了克里姆的提示。 它记载着这个地下室的坐标。 小组的无线电报务员说这里到处都是神器。 你应该去看看。,assets/images/地图地点/提示-前往地下室--3bcd0ce8ac.png
卢卡的地窖,• Ask Klim about Luka's cache,卢卡在他的第三段录音中提到了一个靠近电话亭的地窖。 他可能很快进入了地窖。 克里姆可能知道卢卡藏匿东西的地窖在哪儿。,assets/images/任务/新朋友--707f19e913.png
卢卡的地窖,• Tell Klim about the cache,卢卡在他的第三段录音中提到了一个靠近电话亭的地窖。 你和克里姆认为他可能去了地窖重新藏匿物品。 防风林的地窖没有人来过的痕迹。,assets/images/任务/新朋友--707f19e913.png
梦境,• Meet Jul at the camp,商人莱科维奇说，秃鹫在离你的避难所不远处扎了营。你决定袭击秃鹫营地，打他们个措手不及。但他们的营地没有人，只有一个废弃的帐篷和一个火坑。突然，朱尔从雾中走了出来……,assets/images/任务/新邻居--c4f87a79bc.png
主动出击,• Flayer arrives in:,,assets/images/任务/主动出击--4af41a0800.png
自动模式,• Включить автоигру,点击左下角的按钮启用自动模式， 加速收集战利品。,assets/images/任务/自动模式--56146250c0.png
贸易联盟,• Union Representative is trading for another:,贸易联盟商人已经建立了一个营地 。 他已经准备好交易了 。 他提供来自贸易联盟仓库的武器和铠甲、 消耗品和材料， 用来在领地生存和制造物品。 快点， 商人不会在那儿呆太久的！,assets/images/地图地点/商人的营地--1a9817e7d0.png
贸易联盟,• Union Representative is trading for another:,贸易联盟商人已经建立了一个营地 。 他已经准备好交易了 。 他提供来自贸易联盟仓库的武器和铠甲、 消耗品和材料， 用来在领地生存和制造物品。 快点， 商人不会在那儿呆太久的！,assets/images/地图地点/商人的营地--1a9817e7d0.png
贸易联盟,• Union Representative is trading for another:,贸易联盟商人已经建立了一个营地 。 他已经准备好交易了 。 他提供来自贸易联盟仓库的武器和铠甲、 消耗品和材料， 用来在领地生存和制造物品。 快点， 商人不会在那儿呆太久的！,assets/images/地图地点/商人的营地--1a9817e7d0.png
自行车赛季,• Механик Заноза торгует еще:,斯普林特已经准备好交易了 。 她出售运输工具改装、 零配件、 武器和其他物品。 快点， 她不会在那儿呆太久的！,assets/images/任务/自行车赛季--f45c38dad9.png
自行车赛季,• Механик Заноза торгует еще:,斯普林特已经准备好交易了 。 她出售运输工具改装、 零配件、 武器和其他物品。 快点， 她不会在那儿呆太久的！,assets/images/任务/自行车赛季--f45c38dad9.png
自行车赛季,• Механик Заноза торгует еще:,斯普林特已经准备好交易了 。 她出售运输工具改装、 零配件、 武器和其他物品。 快点， 她不会在那儿呆太久的！,assets/images/任务/自行车赛季--f45c38dad9.png
确定,• Talk to the radioman near the Warehouse,游荡者克里姆为你提供了一份异象区的工作。 他的无线电报务员林克也想和你交谈。 你总能在仓库入口找到他和他的无线电装置。,assets/images/地图地点/仓库--4a05d440b5.png
未命名任务,,,assets/images/地图地点/仓库--4a05d440b5.png
未命名任务,,,assets/images/地图地点/仓库--4a05d440b5.png
遭遇伏击的塞西亚人,• Добраться до Скифов в западне,其中一名塞西亚骑手迷路， 并遭遇伏击。 快点， 你还有时间拯救幸存者！,assets/images/其他物品/塞西亚人被伏击了！--5f3946bf60.png
男俘虏,• Убить бандита и освободить Скифа-механика,有一个被囚禁的塞西亚人！ 趁还来得及， 赶紧杀死土匪并释放俘虏。,assets/images/任务/男俘虏--6a77bbea57.png
拯救塞西亚人,• Спасти Скифов в руинах,土匪伏击并俘虏了塞西亚人， 并把他们带到了废墟。 在俘虏被杀害或折磨致死之前拯救他们吧。,assets/images/其他物品/囚犯的尸体--62a153b44c.png
祭坛,• Уничтожить алтарь бандитов,被俘的塞西亚人还活着， 不过土匪们似乎正要动手。 破坏他们的仪式， 并摧毁祭坛。,assets/images/任务/邪教徒的祭坛--3a20f3adaa.png
拯救塞西亚人,• Освободить Скифов около алтаря,祭坛已被摧毁。 在更多土匪到来之前释放塞西亚人 。,assets/images/任务/拯救塞西亚人--dc459a7401.png
拯救塞西亚人,"• Сопроводить Скифов до трейлера
• Защитить Скифов от бандитов",俘虏们已经获救， 但他们还尚未安全。 到达拖车。,assets/images/其他物品/囚犯的尸体--62a153b44c.png
快速修复,"• Найти катушки зажигания 
• Найти стартер",塞西亚人得先修理拖车， 才能离开这里。 真是不幸， 这辆拖车历经磨难， 急需修理。 你可以在附近的旧汽车或摩托车上找到新的发动机启动电机和点火线圈。,assets/images/资源材料/点火线圈--104e9be43c.png
该洗漱了 。,• Build a Washbasin,放射性粉尘、 不注意个人卫生都可能会导致疾病。 身体的异味会引来食人秃鹫、 焦尸和土匪。 在避难所里搭建一个洗脸盆， 用来清洗污垢。,assets/images/任务/该洗漱了 。--90bf3a18f5.png
该洗漱了 。,• Use the Washbasin,放射性粉尘、 不注意个人卫生都可能会导致疾病。 身体的异味会引来食人秃鹫、 焦尸和土匪。 你已经成功搭建洗脸盆， 该清洗污垢了 。,assets/images/任务/该洗漱了 。--90bf3a18f5.png
袭击者头目,• Убить босса бандитов,袭击者首领正挡在你的自由之路前方。 扫清路障！,assets/images/任务/土匪头目--9459f43b94.png
前往安全之旅,• Разбить преграду на пути фургона,你给了塞西亚人必要的零件， 但是拖车无法前进： 一个土匪的路障挡在路中央。 摧毁路障， 从而扫清道路。,assets/images/任务/前往安全之旅--d97a94497b.png
未命名任务,• Убить 2 обычных аномалии,,
未命名任务,,,
Первая атака горелых,Убить горелых в Убежище,"На ваше Убежище нападают горелые. Отбейте все атаки, пока не закончилось время события, и сможете получить награду.",
未命名任务,• Убить горелых в Убежище [x10+],,
Вторая атака горелых,• Убить горелых в Убежище [x10+],,
未命名任务,• Убить горелых в Убежище [x10+],,
Третья атака горелых,• Убить горелых в Убежище [x10+],,
В ожидании атаки,Дождаться атаки горелых,Скоро горелые снова нападут на Убежище. Готовьтесь!,
未命名任务,,,
未命名任务,,,
未命名任务,,,
袭击者头目,• Убить приспешников главаря,土匪头目挡住了你通往自由的道路。 扫清路障！,assets/images/任务/土匪头目--9459f43b94.png
未命名任务,,,assets/images/任务/土匪头目--9459f43b94.png
狂腐士的消息,阅读狂腐士的消息,被围困的房屋里， 你在核炬士尸体上发现了狂腐士的消息。 它可能包含关于狂热分子计划的有价值信息。 阅读文件。,assets/images/其他物品/通往地下室的提示--9ae6e47c80.png
漫长征程,组装一辆自行车,狂腐士伏击塞西亚人的地点太遥远了 。 你不能步行抵达。 你需要组装一辆自行车。 你可以在领地、 异象区或商人的箱子里找到零件。,assets/images/建筑设施/自行车--b94bd9e5a9.png
遭遇伏击的塞西亚人,拯救塞西亚人,你已经发现了狂腐士伏击塞西亚骑手的地点。 赶快把幸存者从狂热分子手中拯救出来。,assets/images/任务/遭遇伏击的塞西亚人--cbdb2e2b78.png
狂腐士的频率,收集狂腐士的频率碎片,你在被围困的房屋里的核炬士尸体上发现了狂腐士的无线频率碎片。 找到另一块碎片， 将RADD设置成该频率， 找出这些狂热分子的计划。,assets/images/任务/土匪头目--9459f43b94.png
狂腐士的频率,• Настроиться на частоту Распадников по РАДД,你得知了狂腐士的无线电频率。将避难所的RADD设置成该频率，找出这些狂热分子的计划。,assets/images/建筑设施/RADD--6361b28fc7.png
遭遇伏击的塞西亚人,拯救塞西亚人,你已经发现了狂腐士伏击塞西亚骑手的地点。 赶快把幸存者从狂热分子手中拯救出来。,assets/images/任务/遭遇伏击的塞西亚人--cbdb2e2b78.png
未命名任务,,,
猎杀南瓜脑袋,,"The Undertakers performed a summoning ritual and became possessed by the Loa of death Baron Samedi.  They pose a threat to everyone.  Kill 7 Pumpkin Heads in green,  yellow,  and red zones.  You can easily recognize them by the pumpkins on their heads.",assets/images/任务/猎杀南瓜脑袋--27f44de4ce.png
蛇彭特新娘,,"No one is safe while the Sister Undertakers,  Serpent Brides,  are alive.  Kill them both to stop the Pumpkin Heads' invasion.  You have discovered the coordinates of the Undertakers' Camp's in the Warehouse—that's where you'll find the Serpent Brides!",assets/images/任务/蛇彭特新娘--3ceecddf93.png
未命名任务,,,
Baron Samedi Hounsi,,The Undertakers' toughest fighters were spotted in the area:  Death Hounsi and Samedi Valets.  Kill four Elite Voodooists in yellow and red zones before they attack the survivors.,assets/images/任务/Baron Samedi Hounsi--f054c18813.png
Serpent Brides' Coordinates,,Defeat the bosses to stop the Frenetics.  You can find the coordinates of their meeting point in the Warehouse.,assets/images/地图地点/仓库--4a05d440b5.png
未命名任务,,,assets/images/其他物品/通往地下室的提示--9ae6e47c80.png
Voodoo Rituals,,There are more and more Pumpkin Heads! They've installed their altars in yellow and red zones. Now they're preparing a ritual dance to glorify the death spirit. Destroy the altars to stop the Undertakers!,assets/images/任务/Voodoo Rituals--20b64e3195.png
未命名任务,,,
猎杀南瓜脑袋,,"The Undertakers performed a summoning ritual and became possessed by the Loa of death Baron Samedi.  They pose a threat to everyone.  Kill 7 Pumpkin Heads in green,  yellow,  and red zones.  You can easily recognize them by the pumpkins on their heads.",assets/images/任务/猎杀南瓜脑袋--27f44de4ce.png
Serpent Brides' Coordinates,,Defeat the bosses to stop the Frenetics.  You can find the coordinates of their meeting point in the Warehouse.,assets/images/地图地点/仓库--4a05d440b5.png
蛇彭特新娘,,"No one is safe while the Sister Undertakers,  Serpent Brides,  are alive.  Kill them both to stop the Pumpkin Heads' invasion.  You have discovered the coordinates of the Undertakers' Camp's in the Warehouse—that's where you'll find the Serpent Brides!",assets/images/任务/蛇彭特新娘--3ceecddf93.png
未命名任务,,,assets/images/地图地点/仓库--4a05d440b5.png
奖励,,The victory over Pumpkin Heads is nearer!  Collect your reward from the Halloween event tab in the Territories.,assets/images/其他物品/万圣节箱子--3fd350a854.png
奖励,,The victory over Pumpkin Heads is nearer!  Collect your reward from the Halloween event tab in the Territories.,assets/images/其他物品/万圣节箱子--3fd350a854.png
奖励,,The victory over Pumpkin Heads is nearer!  Collect your reward from the Halloween event tab in the Territories.,assets/images/其他物品/万圣节箱子--3fd350a854.png
奖励,,The victory over Pumpkin Heads is nearer!  Collect your reward from the Halloween event tab in the Territories.,assets/images/其他物品/万圣节箱子--3fd350a854.png
奖励,,The victory over Pumpkin Heads is nearer!  Collect your reward from the Halloween event tab in the Territories.,assets/images/其他物品/万圣节箱子--3fd350a854.png
奖励,,The victory over Pumpkin Heads is nearer!  Collect your reward from the Halloween event tab in the Territories.,assets/images/其他物品/万圣节箱子--3fd350a854.png
节日餐桌,,Thanksgiving is almost here!  Survivors celebrate the harvest festival—those final plentiful days before the harsh winter reaches the Last Territories.  Install a table for a festive meal in the Shelter.,assets/images/建筑设施/法贝热模块--5c6aae40fc.png
未命名任务,,,
Festive Meal,,"It's festive meal time!  Go out and hunt turkey for the main course,  cook some corn,  bake a pumpkin pie,  and find decorations and tableware.  And remember:  you can only shoot a turkey from a tribal bow or a tomahawk!",assets/images/建筑设施/Set Table--61ec0b3a8d.png
未命名任务,,,
Pilgrims in Need,,"Decayers are standing in the way of Thanksgiving celebrations!  The Besieged House is once again under attack.  Save the owner and his wife,  or their holiday will be ruined!",assets/images/地图地点/被围困的房屋--a9dc4a2b8b.png
Festive Meal,,"It's festive meal time!  Go out and hunt turkey for the main course,  cook some corn,  bake a pumpkin pie,  and find decorations and tableware.  And remember:  you can only shoot a turkey from a tribal bow or a tomahawk!",assets/images/建筑设施/Set Table--61ec0b3a8d.png
未命名任务,• Черная пятница. 1 этап. 1 шаг. (не локализуется),,assets/images/任务/避难所地下室--2193ba3bd6.png
未命名任务,• Черная пятница. 1 этап. 2 шаг. (не локализуется),,assets/images/任务/避难所地下室--2193ba3bd6.png
未命名任务,• Черная пятница. 1 этап. 3 шаг. (не локализуется),,assets/images/任务/避难所地下室--2193ba3bd6.png
未命名任务,• Черная пятница. 1 этап. 4 шаг. (не локализуется),,assets/images/任务/避难所地下室--2193ba3bd6.png
未命名任务,• Черная пятница. 1 этап. 5 шаг. (не локализуется),,assets/images/任务/避难所地下室--2193ba3bd6.png
未命名任务,,,
仓库,• Убей 5 гулей [y],在仓库中杀死食尸鬼，记住：某些食尸鬼会使你减速。,assets/images/任务/仓库--07f1dc65e0.png
旧加油站,• Отдать «тяни-толкай» Стрелку,你可以在旧加油站后院的飞扬的UAZ越野车中找到推拉神器。你必须先杀死僵尸守卫。,assets/images/任务/旧加油站--651c11f4ee.png
仓库,• Убить Палача в Хозмаге,每次复活后，仓库刽子手都会变得更强大。你需要大量药品才能击败他。,assets/images/任务/仓库--031299efb4.png
红色区,• Убить язычников в «красных» местах,前往荒凉山谷或防风林，杀死长舌僵尸。注意它们的特殊攻击！,assets/images/任务/危险的物种--1ba9212a82.png
未命名任务,,,
仓库,• Убить горелых в Хозмаге,"清理仓库中的焦尸、留名者、克劳怪、长舌僵尸和肌肉焦尸。
注意：使用火焰武器杀死敌人。你可以制作火焰武器或在被围困的房屋和伏击中找到它们。",assets/images/任务/仓库--7a96a3bf8e.png
旧加油站,• Отдать «тяни-толкай» Стрелку,你可以在旧加油站后院的飞扬的UAZ越野车中找到推拉神器。你必须先杀死僵尸守卫。,assets/images/任务/旧加油站--651c11f4ee.png
仓库,• Уничтожить кровавый алтарь,血色祭坛位于一个后厅中，在仓库中被封锁的通道上方。在清除堵塞的通道前，先烧毁那些祭坛。,assets/images/建筑设施/食尸鬼祭坛--a211bda6b7.png
红色区,• Убить язычников в «красных» местах,"前往荒凉山谷或防风林，杀死长舌僵尸。注意它们的特殊攻击！
注意：使用火焰武器杀死敌人。你可以制作火焰武器或在被围困的房屋和伏击中找到它们。",assets/images/任务/危险的物种--1ba9212a82.png
未命名任务,,,
仓库,• Спасти пленников в Хозмаге,他们把俘虏关在一个后厅里，在被封锁的通道上方有血色祭坛。在清除堵塞的通道前，先烧毁那些祭坛。,assets/images/任务/仓库--dc459a7401.png
旧加油站,• Убить Мертвого сторожа АЗС,"僵尸守卫在旧加油站守卫着后院的飞扬的UAZ越野车。记住，他有双倍生命值和致命的特殊攻击。
注意：使用火焰武器杀死敌人。你可以制作火焰武器或在被围困的房屋和伏击中找到它们。",assets/images/怪物/僵尸守卫--49769b7831.png
仓库,烧毁血色洞穴,你可以在仓库里找到血色洞穴， 无论是在封锁的前方还是后方。 使用燃烧性武器来将它们烧毁。,assets/images/任务/仓库--eaab157708.png
红色区,• Убить язычников в «красных» местах,"前往荒凉山谷或防风林，杀死长舌僵尸。注意它们的特殊攻击！
注意：使用火焰武器杀死敌人。你可以制作火焰武器或在被围困的房屋和伏击中找到它们。",assets/images/任务/危险的物种--1ba9212a82.png
未命名任务,,,
仓库,• Убить Палача в Хозмаге,"每次复活后，仓库刽子手都会变得更强大。你需要大量药品才能击败他。
注意：使用火焰武器杀死敌人。你可以制作火焰武器或在被围困的房屋和伏击中找到它们。",assets/images/任务/仓库--031299efb4.png
旧加油站,• Обыскать парящий УАЗ на АЗС,有一辆UAZ越野车被困在旧加油站后院的异象区中。僵尸守卫不会让你搜索它。你必须先将他杀死。,assets/images/其他物品/升起的UAZ越野车--c5e63f1976.png
仓库,烧毁血色洞穴,你可以在仓库里找到血色洞穴， 无论是在封锁的前方还是后方。 使用燃烧性武器来将它们烧毁。,assets/images/任务/仓库--eaab157708.png
红色区,• Убить язычников в «красных» местах,"前往荒凉山谷或防风林，杀死长舌僵尸。注意它们的特殊攻击！
注意：使用火焰武器杀死敌人。你可以制作火焰武器或在被围困的房屋和伏击中找到它们。",assets/images/任务/危险的物种--1ba9212a82.png
未命名任务,,,
仓库,• Уничтожить «пиявочников»,仓库吸血蛭只能使用投掷武器才能消灭。只要吸血蛭完好无损，它们就会恢复敌人的生命值并对你造成伤害。,assets/images/任务/仓库--5123317afe.png
旧加油站,• Обыскать парящий УАЗ на АЗС,有一辆UAZ越野车被困在旧加油站后院的异象区中。僵尸守卫不会让你搜索它。你必须先将他杀死。,assets/images/其他物品/升起的UAZ越野车--c5e63f1976.png
仓库,• Убить Палача в Хозмаге,"每次复活后，仓库刽子手都会变得更强大。你需要大量药品才能击败他。
注意：使用火焰武器杀死敌人。你可以制作火焰武器或在被围困的房屋和伏击中找到它们。",assets/images/任务/仓库--031299efb4.png
储料设施,• Убить образец 1429-С 3 раза,"[1429-储]标本位于储料设施。与斯普林特的CHAP交易设施坐标，并在仓库祭坛中找到设施钥匙。
注意：使用火焰武器杀死敌人。你可以制作火焰武器或在被围困的房屋和伏击中找到它们。",assets/images/任务/储料设施--fc7a794aff.png
未命名任务,,,
未命名任务,,,
未命名任务,,,
未命名任务,,,
未命名任务,,,
仓库入口,• Войти в Хозмаг,仓库门用链条锁着。 使用袭击者之斧或消防斧头砍断门链， 进入异象区。 你可以自己制作斧头， 或从团队商人处购买。,assets/images/地图地点/仓库--4a05d440b5.png
血色洞穴,• Сжечь кровавые дыры Северное крыло,在清除障碍物之前， 一定要烧毁血色洞穴， 否则焦尸会爬出洞穴， 对你发起攻击。 用燃烧性武器或燃烧弹鸡尾酒点燃洞穴。,assets/images/任务/仓库--eaab157708.png
通道已清理完毕,• Расчистить заваленный проход,你需要使用镐清除异常区入口附近的障碍物， 才能进入仓库南侧。 你可以在游荡者营地的维因处购买镐， 也可以自己制作。,assets/images/任务/通道已清理完毕--8fc8e50899.png
血色洞穴,• Сжечь кровавые дыры Южное крыло,只要血色洞穴还在， 仓库刽子手就会不断向你进攻。 你可以用燃烧性武器或燃烧弹鸡尾酒点燃洞穴， 消灭他们 。,assets/images/任务/仓库--eaab157708.png
仓库刽子手,• Убить Палача Хозмага,仓库刽子手爬出了血色洞穴！ 它正在向你发动攻击！ 先下手为强。,assets/images/任务/仓库刽子手--031299efb4.png
仓库刽子手,• Убить Палача Хозмага,仓库刽子手爬出了血色洞穴！ 它正在向你发动攻击！ 先下手为强。,assets/images/任务/仓库刽子手--031299efb4.png
卢卡的录音,• Дождаться темпорального сброса Хозмага,游荡者克里姆想让你去仓库找到他失踪的向导卢卡。 卢卡沿路留下了塔棒。 你已经找到一个了 。 仓库是个异常区。 你需要等待时间重置才能找到下一个塔棒。 重置计时器可以在地下室入口上方， 或者全局地图上找到 。,assets/images/地图地点/仓库--4a05d440b5.png
卢卡的录音,• Дождаться темпорального сброса Хозмага,游荡者克里姆想让你去仓库找到他失踪的向导卢卡。 卢卡沿路留下了塔棒。 你已经找到两个了 。 仓库是个异常区。 你需要等待时间重置才能找到下一个塔棒。 重置计时器可以在地下室入口上方， 或者全局地图上找到 。,assets/images/地图地点/仓库--4a05d440b5.png
卢卡的录音,• Расчистить заваленный проход в Хозмаге,游荡者克里姆想让你去仓库找到他失踪的向导卢卡。 卢卡沿路留下了塔棒。 你已经找到两个， 时间重置的等待期已结束。 有线索表明卢卡正前往仓库南部， 但通往那里的通道被一堆石头堵住了 ， 你可以试着清除障碍物并找到塔棒。,assets/images/任务/通道已清理完毕--8fc8e50899.png
卢卡的录音,• Дождаться темпорального сброса Хозмага,游荡者克里姆想让你去仓库找到他失踪的向导卢卡。 卢卡沿路留下了塔棒。 你已经找到三个了 。 仓库是个异常区。 你需要等待时间重置才能找到下一个塔棒。 重置计时器可以在地下室入口上方， 或者全局地图上找到 。,assets/images/地图地点/仓库--4a05d440b5.png
卢卡的录音,• Дождаться темпорального сброса Хозмага,游荡者克里姆想让你去仓库找到他失踪的向导卢卡。 卢卡沿路留下了塔棒。 你已经找到四个了 。 仓库是个异常区。 你需要等待时间重置才能找到下一个塔棒。 重置计时器可以在地下室入口上方， 或者全局地图上找到 。,assets/images/地图地点/仓库--4a05d440b5.png
未命名任务,• Черная пятница. 1 этап. 1 шаг. (не локализуется),,assets/images/任务/避难所地下室--2193ba3bd6.png
未命名任务,• Технический невидимый квест Хозмаг,,assets/images/地图地点/仓库--4a05d440b5.png
未命名任务,,,assets/images/任务/避难所地下室--2193ba3bd6.png
未命名任务,,,assets/images/地图地点/仓库--4a05d440b5.png
未命名任务,,,assets/images/任务/避难所地下室--2193ba3bd6.png
未命名任务,,,assets/images/任务/避难所地下室--2193ba3bd6.png
未命名任务,,,assets/images/任务/避难所地下室--2193ba3bd6.png
卢卡的录音,• Найти первую вешку Луки в Хозмаге,游荡者克里姆在仓库里给你提供了一个任务。 他要你前往地下的异常区， 找到失踪的团队向导。 卢卡沿路留下了记号， 务必找到它们 。,assets/images/其他物品/卢卡的塔棒--15d9507413.png
卢卡的录音,• Найти вторую вешку Луки в Хозмаге,游荡者克里姆想让你去仓库找到他失踪的向导卢卡。 卢卡沿路留下了塔棒。 你已经找到两个， 时间重置的等待期已结束。 现在你可以继续寻找向导的塔棒了 。,assets/images/其他物品/卢卡的塔棒--15d9507413.png
未命名任务,,,assets/images/地图地点/仓库--4a05d440b5.png
送葬者营地,• Добраться до Стоянки Могильщиков,一些送葬者已经建立了营地， 正在准备仪式。 尽快找到他们， 破坏仪式， 并获得酸性武器。,assets/images/地图地点/送葬者营地--07a715a02d.png
未命名任务,• Технический невидимый квест Стоянка Могильщиков,,assets/images/地图地点/送葬者营地--07a715a02d.png
送葬者营地,• Убить Могильщиков,杀死营地所有的送葬者， 搜查他们的战利品。,assets/images/任务/阅后即焚--5b1e0369b5.png
送葬者营地,• Обыскать сундук,送葬者已全军覆没， 在战利品箱里搜寻酸性武器吧。,assets/images/地图地点/送葬者营地--07a715a02d.png
Технический квест для открытия Подвала при выходе из Общины,,,assets/images/地图地点/仓库--4a05d440b5.png
未命名任务,• Черная пятница. 1 этап. 1 шаг. (не локализуется),,assets/images/任务/避难所地下室--2193ba3bd6.png
未命名任务,• Черная пятница. 1 этап. 1 шаг. (не локализуется),,assets/images/任务/避难所地下室--2193ba3bd6.png
避难所地下室,"• Найти ключ в машине в Убежище
• Найти факел в машине в Убежище",瑞弗特要你去地下室，把无线电台藏在那儿。她告诉你钥匙藏在避难所附近的一辆旧汽车里。地下室里还有一支火炬，可以派上用场。,assets/images/其他物品/配备报警器的汽车--ad7b5898d6.png
未命名任务,,,assets/images/资源材料/焦尸--a4e6e7f3d6.png
安全狩猎,• Убить противников,你碰到的猎人告诉你这里不安全。杀死几个敌人并获得奖励。,assets/images/资源材料/焦尸--a4e6e7f3d6.png
给避难所的原生木板,在寂静树丛获得原生木板,你在寂静树丛遇见了一个游荡者。她带来了避难所的留言。瑞弗特希望你在地上找到原生木板，或者砍倒树木得到它。,assets/images/资源材料/原生木板--0217e8a5b8.png
给避难所的废金属,在铁荒原获得废金属,你在铁荒原遇见了一个游荡者。她带来了避难所的留言。瑞弗特希望你在地上找到废金属，或者用锤子砸毁空桶得到它。,assets/images/资源材料/废金属--41a6f0fc87.png
被围困的房屋,• Добраться до осаждённого дома,一个陌生人正在你的避难所寻求帮助。她说，狂腐士即将袭击她的房屋她和她丈夫需要帮助，反击这次袭击。来到被围困的房屋。,assets/images/地图地点/被围困的房屋--a9dc4a2b8b.png
被围困的房屋,• Поговорить с хозяйкой у дома,居民们看起来很害怕。 走到房屋女主人跟前， 按一下动作按钮， 了解发生了什么。,assets/images/其他物品/女俘虏--3fa1f7bac6.png
准备进攻,• Подготовиться к нападению,土匪们要袭击农夫的房子。 你有一点时间准备战斗。,assets/images/其他物品/男俘虏--04a338aa61.png
第一波,• Перебить налетчиков,土匪们正从蔬菜地发起进攻。 阻止他们！,assets/images/资源材料/狂腐士--6166b5fd12.png
第一波,• Перебить налетчиков,土匪们正聚集在农夫的风车周围， 准备发动第二波攻击。 在他们有机会毁坏东西之前杀了他们 。,assets/images/资源材料/狂腐士--6166b5fd12.png
备用弹药,• Найти патроны около дома,豪斯曼要你找到弹药并带给他。他说它存放在房子后面的一个盒子里。,assets/images/资源材料/弹药盒--78f10aac3c.png
土匪头目,• Подготовиться к прибытию главаря,摧毁祭坛激怒了土匪头目。 他正在赶往房子惩戒你 。 准备好！,assets/images/任务/土匪头目--506b2950a7.png
狩猎麋鹿,• Убить лосей,你遇到了一个猎人。他追赶野生麋鹿，很累了。他要你帮他杀麋鹿，而他将会屠宰尸体。记住：接近麋鹿的唯一方法是隐形！此外，动物的嗅觉很灵敏。如果你没有洗澡，即使偷偷溜过去也不行。,assets/images/任务/血液样本--0f0069a83f.png
准备进攻,,,assets/images/其他物品/男俘虏--04a338aa61.png
给避难所的混凝土,在铁荒原获得混凝土,"你在铁荒原遇见了一个游荡者。
她带给你避难所的留言：瑞弗特希望你收集混凝土。你可以在地上找到它，或者用锤子砸毁混凝土块得到。",assets/images/资源材料/混凝土--eab7c0232b.png
猎狼,• Убить волков,你在一次野外旅行中遇到了一个猎人。他发现了狼的足迹。你清除这个地区的这些掠食者，他会给你一个奖励。,assets/images/任务/猎狼--b060934367.png
狩猎焦尸,• Убить горелых,在一次野外考察中，你遇到了一个被焦尸骚扰的人。它们在这一地区游荡，破坏了他的狩猎。你可以杀死几个焦尸并获得奖励。,assets/images/资源材料/焦尸--a4e6e7f3d6.png
给避难所的原生木板,在寂静树丛获得原生木板,你在寂静树丛遇见了一个游荡者。她带来了避难所的留言。瑞弗特希望你在地上找到原生木板，或者砍倒树木得到它。,assets/images/资源材料/原生木板--0217e8a5b8.png
给避难所的废金属,在铁荒原获得废金属,你在铁荒原遇见了一个游荡者。她带来了避难所的留言。瑞弗特希望你在地上找到废金属，或者用锤子砸毁空桶得到它。,assets/images/资源材料/废金属--41a6f0fc87.png
给避难所的混凝土,在铁荒原获得混凝土,"你在铁荒原遇见了一个游荡者。
她带给你避难所的留言：瑞弗特希望你收集混凝土。你可以在地上找到它，或者用锤子砸毁混凝土块得到。",assets/images/资源材料/混凝土--eab7c0232b.png
草中的镰刀,收集草并找到一把镰刀,你在寂静树丛遇到了一个幸存者姑娘。她在某个高草丛中丢失了镰刀。收集草以找到该工具并将其还给幸存者姑娘，以获得奖励。,assets/images/资源材料/幸存者姑娘的镰刀--54a2f6e699.png
被盗的草药袋,杀死土匪以寻找一袋草药,你遇到了一个幸存者姑娘，她告诉你她被抢劫了。土匪在她躲藏的时候偷走了她的草药袋。请找到袋子，将它物归原主。,assets/images/资源材料/草药袋--dbacf309eb.png
土匪头目,• Убить главаря,土匪头目已经抵达， 他要为被毁的祭坛报仇。 只有死亡才能阻止他 。,assets/images/任务/土匪头目--506b2950a7.png
树上的锯子,砍树和柱子以找到锯子,你遇到了一个心烦意乱的幸存者姑娘，她将锯子留在了一棵树或柱子上。砍倒树或柱子以找到该工具并将其还给她。,assets/images/资源材料/幸存者姑娘的锯子--a383a818f8.png
幸存者姑娘的手提包,打破桶，找到一个手提包,一个幸存者姑娘丢了她的手提包。她可能把它忘在了一个铁桶里。用锤子将它们打破，找到丢失的物品，并将其物归原主。,assets/images/资源材料/幸存者姑娘的手提包--e3803e0484.png
死灵晶体,从焦尸收集死灵晶体,你遇到了一个需要死灵晶体的游荡者。这是一种稀有的异变矿物，可以在焦尸的尸体上找到。杀死并搜索敌人来寻找它们。,assets/images/资源材料/死灵晶体--46eabe10a0.png
邪教徒的祭坛,• Уничтожить алтарь банды,土匪们在离房子不远的地方筑了祭坛。 祭坛提升了他们的战斗力。 必须摧毁祭坛。,assets/images/任务/邪教徒的祭坛--3a20f3adaa.png
被围困的房屋,• Поговорить с выжившей в Убежище,一个陌生人来到你的避难所。她可能需要帮助。和她谈谈，弄清楚她需要什么。你可以在风车找到她。,assets/images/地图地点/被围困的房屋--a9dc4a2b8b.png
被围困的房屋,• Последовать в туман за хозяйкой дома,一个陌生人正在你的避难所寻求帮助。她说，狂腐士即将袭击她的房屋她和她丈夫需要帮助，反击这次袭击。跟着那个女人进入雾中，来到全局地图，找到被围困的房屋。,assets/images/地图地点/被围困的房屋--a9dc4a2b8b.png
旧加油站,• Добраться до АЗС,瑞弗特想要游荡者克里姆帮他处理一个未识别神器，但他被困在某处，需要他的越野车的一个备胎。瑞弗特让你在老加油站找个备胎。你得快点。,assets/images/地图地点/旧加油站--7f85a062d5.png
屋顶上的枪手,• Отключить сигнализацию машины у АЗС,你遇到了枪手，他是一个倒霉的游荡者，被困在旧加油站的屋顶上。他说你可以在附近一辆废弃的汽车里找到备胎。在搜索之前，请确保关掉警报器。,assets/images/任务/屋顶上的枪手--da88778d64.png
屋顶上的枪手,• Обыскать машину у АЗС,你遇到了枪手，他是一个倒霉的游荡者，被困在旧加油站的屋顶上。他说你可以在附近一辆废弃的汽车里找到备胎。,assets/images/任务/屋顶上的枪手--da88778d64.png
屋顶上的枪手,• Найти ключ от заправки у горелого на АЗС,你遇到了枪手，他被困在旧加油站的屋顶上。你需要一把钥匙来解锁加油站，然后到屋顶上。你可以从一个前任游荡者的焦尸那里得到钥匙，他正在附近游荡。,assets/images/资源材料/加油站钥匙--a6fae806bc.png
屋顶上的枪手,• Открыть дверь здания на АЗС,你遇到了枪手，他被困在旧加油站的屋顶上。你找到了钥匙并解锁了加油站。现在你可以进去并到屋顶上和枪手见面了。,assets/images/地图地点/旧加油站--7f85a062d5.png
屋顶上的枪手,• Взять журналы со стойки в здании АЗС,你遇到了枪手，他被困在旧加油站的屋顶上。在你上屋顶跟他见面之前，别忘了给他拿些杂志。收银机旁边有一个杂志架。,assets/images/资源材料/一堆杂志--6178e44c82.png
屋顶上的枪手,• Использовать лестницу и выйти на крышу АЗС,你遇到了枪手，他被困在旧加油站的屋顶上。沿着旧加油站建筑内的梯子爬上屋顶。,assets/images/地图地点/旧加油站--7f85a062d5.png
废弃的袋子,• Обыскать сумку у кассы в АЗС,你注意到旧加油站建筑的收银机附近有一个废弃的袋子。你对此有良好的预感。搜查袋子。,assets/images/资源材料/战利品袋--dc0d1a4670.png
屋顶上的枪手,• Отдать Стрелку журналы на крыше АЗС,你遇到了枪手，他被困在旧加油站的屋顶上。把他要的杂志给他，他会帮你找到克里姆要的备胎。毕竟，这就是你来的目的。,assets/images/任务/旧加油站--651c11f4ee.png
升起的UAZ越野车,• Открыть дверь на задний двор АЗС,你可以在困在旧加油站的电磁异象区里的越野车里找到给克里姆的备胎和给枪手的神器。枪手给了你打开后门的钥匙。打开门，准备击败僵尸守卫到达汽车。,assets/images/地图地点/旧加油站--7f85a062d5.png
未命名任务,,,assets/images/资源材料/焦尸--a4e6e7f3d6.png
未命名任务,,,assets/images/资源材料/焦尸--a4e6e7f3d6.png
空中掩护,• Попросить Стрелка о помощи,在你攻击僵尸守卫之前和枪手谈谈：他可能会同意从屋顶上掩护你。,assets/images/任务/旧加油站--651c11f4ee.png
空中掩护,• Найти еду для Стрелка в АЗС,给枪手带些食物，当你和僵尸守卫战斗时，他会从屋顶上掩护你。你可以在旧加油站建筑里找到战前的罐头肉，然后拿给枪手。,assets/images/补给消耗品/战前罐装肉--709a82e783.png
僵尸守卫,• Убить Мертвого сторожа на заднем дворе АЗС,你可以在困在旧加油站的电磁异象区里的越野车里找到给克里姆的备胎和给枪手的神器。杀死僵尸守卫到达汽车。,assets/images/怪物/僵尸守卫--49769b7831.png
升起的UAZ越野车,• Забрать артефакт «тяни-толкай» из УАЗа • Забрать запаску из УАЗа,克里姆需要一个备胎。你可以在困在旧加油站的电磁异象区里的越野车里找到一个备胎。车里有一个推拉神器。把它交给枪手作为他帮忙的回报。,assets/images/其他物品/升起的UAZ越野车--c5e63f1976.png
屋顶上的枪手,• Отдать «тяни-толкай» Стрелку на крыше АЗС,克里姆的越野车需要一个备胎。枪手帮你在老加油站找到了一个。现在你必须给他推拉神器，以感谢他的帮助。,assets/images/资源材料/推拉神器--1adbbba4a4.png
克里姆,• Вернуться в Убежище,游荡者克里姆困在某处了。他需要一个备胎。你在旧加油站找到了一个。现在你要回到避难所，和瑞弗特谈谈。她可能已经知道克里姆在哪儿了。,assets/images/地图地点/避难所--ec0397cef7.png
克里姆,• Поговорить с Клепкой в подвале Убежища,游荡者克里姆困在某处了。他需要一个备胎。你在旧加油站找到了。现在你要和瑞弗特谈谈。她可能已经知道克里姆在哪儿了。,assets/images/任务/陷入困境的女孩--52b57d5c54.png
克里姆的营地,• Отдать запаску Климу на Стоянке,瑞弗特认为，关于地下室的神秘神器，你可以从克里姆那里了解更多。但你必须首先帮助他。他的车胎爆了。朱尔带你去了克里姆的营地。把旧加油站的备胎给他。,assets/images/任务/克里姆的营地--6ecada0a45.png
旧加油站,• Добраться до АЗС,克里姆想让你去旧加油站，为他的越野车找个备胎。你可以在全局地图上找到旧加油站。,assets/images/地图地点/旧加油站--7f85a062d5.png
旧加油站,• Отдать запаску Климу в Хозмаге,游荡者克里姆需要为他的越野车找一个备胎。你在旧加油站找到了一个。现在你必须在仓库的游荡者营地把它交给克里姆。,assets/images/任务/新朋友--707f19e913.png
未命名任务,• Технический невидимый квест Азс [y],,assets/images/资源材料/能量块--4581a84736.png
旧加油站,• Найти ключ от заправки у горелого на АЗС,你需要钥匙才能进入加油站。附近的一个焦尸身上有钥匙。,assets/images/资源材料/加油站钥匙--a6fae806bc.png
旧加油站,• Отключить сигнализации у машин,你已经到达旧加油站了。在你四处看看之前，需要关掉汽车警报器，否则它们可能会引来敌人。,assets/images/任务/屋顶上的枪手--da88778d64.png
旧加油站,• Открыть здание АЗС,要进入加油站，你需要用从焦尸身上拿到的钥匙打开门。,assets/images/地图地点/旧加油站--7f85a062d5.png
旧加油站,• Найти журналы в здании АЗС,屋顶上的枪手不会白白帮你的。给他拿些杂志。你应该会在加油站的一个房间里找到杂志。,assets/images/资源材料/一堆杂志--6178e44c82.png
旧加油站,• Найти бензиновую зажигалку в здании АЗС,屋顶上的枪手不会白白帮你的。给他拿个打火机。你应该会在加油站的一个房间里找到打火机。,assets/images/资源材料/打火机--ac675529d1.png
旧加油站,• Найти фонарик в здании АЗС,屋顶上的枪手不会白白帮你的。给他拿个手电筒。你应该会在加油站的一个房间里找到手电筒。,assets/images/资源材料/手电筒--ba06dc2430.png
旧加油站,• Найти газовый баллон в здании АЗС,屋顶上的枪手不会白白帮你的。在加油站的一个房间里找到一个煤气罐。把煤气罐拿给屋顶上的游荡者。,assets/images/资源材料/煤气罐--7d2e4d62a6.png
屋顶上的枪手,• Подняться по лестнице на крышу,你需要一个梯子才能爬到屋顶上的游荡者那里。你可以在收银机后面的后房找到一个梯子。,assets/images/地图地点/旧加油站--7f85a062d5.png
屋顶上的枪手,• Отдать журналы Стрелку на крыше,把杂志交给枪手，他会给你加油站后院的钥匙。,assets/images/任务/旧加油站--651c11f4ee.png
屋顶上的枪手,• Отдать бензиновую зажигалку Стрелку на крыше,把打火机交给枪手，他会给你加油站后院的钥匙。,assets/images/任务/旧加油站--651c11f4ee.png
屋顶上的枪手,• Отдать фонарик Стрелку на крыше,把手电筒交给枪手，他会给你加油站后院的钥匙。,assets/images/任务/旧加油站--651c11f4ee.png
屋顶上的枪手,• Отдать газовый баллон Стрелку на крыше,把煤气罐交给枪手，他会给你加油站后院的钥匙。,assets/images/任务/旧加油站--651c11f4ee.png
升起的UAZ越野车,• Открыть дверь на задний двор АЗС,你有旧加油站后院的钥匙。下去打开楼梯右边的门。,assets/images/地图地点/旧加油站--7f85a062d5.png
升起的UAZ越野车,• Убить Мертвого сторожа на заднем дворе АЗС,你需要杀死僵尸守卫才能到达有战利品的越野车那里。当心他的特殊攻击红色区！,assets/images/怪物/僵尸守卫--49769b7831.png
升起的UAZ越野车,• Обыскать парящий УАЗ,UAZ越野车在电磁异象中升起，但通往它的路畅通无阻。你可以搜索它，并获取战利品。,assets/images/其他物品/升起的UAZ越野车--c5e63f1976.png
屋顶上的枪手,• Отдать «тяни-толкай» Стрелку на крыше АЗС,屋顶上的枪手想要越野车里的推拉神器。从车上拿出神器，把它带给枪手，即可获得你的奖励。,assets/images/资源材料/推拉神器--1adbbba4a4.png
未命名任务,• Невидимый сайд квест 4 сигареты,,assets/images/地图地点/旧加油站--7f85a062d5.png
未命名任务,• Невидимый сайд квест 7 сигарет,,assets/images/地图地点/旧加油站--7f85a062d5.png
未命名任务,• Невидимый сайд квест 10 сигарет,,assets/images/地图地点/旧加油站--7f85a062d5.png
未命名任务,• Невидимый сайд квест 12 инструментов,,assets/images/地图地点/旧加油站--7f85a062d5.png
未命名任务,• Невидимый сайд квест 12 инструментов,,assets/images/地图地点/旧加油站--7f85a062d5.png
回家,返回避难所,你已经完成了游荡者的剧情任务，可以回到避难所。,assets/images/地图地点/避难所--ec0397cef7.png
回家,返回避难所,你已经完成了猎人的剧情任务，可以回到避难所。,assets/images/地图地点/避难所--ec0397cef7.png
回家,返回避难所,你已经完成了猎人的剧情任务，可以回到避难所。,assets/images/地图地点/避难所--ec0397cef7.png
回家,返回避难所,你已经完成了游荡者的剧情任务，可以回到避难所。,assets/images/地图地点/避难所--ec0397cef7.png
回家,返回避难所,你已经完成了幸存者姑娘的剧情任务，可以回到避难所。,assets/images/地图地点/避难所--ec0397cef7.png
未命名任务,,,assets/images/资源材料/焦尸--a4e6e7f3d6.png
过去的播客,• Показать флэш-карту с записью Клепке,你发现了一个带有一期播客内容的优盘。这段视频是由一个名叫娜斯佳的姑娘拍摄的，她游历了战前的领地。你最好把这段视频给瑞弗特看。,assets/images/任务/陷入困境的女孩--52b57d5c54.png
过去的播客,• Найти вторую запись Насти на Старой АЗС,你在旧加油站找到了一个内有播客段落的优盘。这是战前一个叫娜斯佳的女孩和她的朋友们在加油站拍摄的。旧加油站应该有更多的段落。找到它们，了解更多关于异常区和领地的事。你可以在PDA的“提示”部分找到娜斯佳的播客段落。,assets/images/其他物品/伴我去旅行！录像1--ece45f24fe.png
过去的播客,• Дождаться темпорального сброса Старой АЗС,你在旧加油站发现了一段战前的播客段落，并将其下载到了你的PDA上。这是一个叫娜斯佳的女孩和她的朋友们拍摄的。旧加油站是一个异常区。你需要等待时间重置才能找到下一个优盘。你可以在旧加油站入口上方和全局地图上看到重置计时器。,assets/images/地图地点/旧加油站--7f85a062d5.png
过去的播客,• Найти третью запись Насти на Старой АЗС,你在旧加油站找到了一个内有播客段落的优盘。这是战前一个叫娜斯佳的女孩和她的朋友们在加油站拍摄的。旧加油站应该有更多的段落。找到它们，了解更多关于异常区和领地的事。你可以在PDA的“提示”部分找到娜斯佳的播客段落。,assets/images/其他物品/伴我去旅行！录像1--ece45f24fe.png
过去的播客,• Дождаться темпорального сброса Старой АЗС,你在旧加油站发现了一段战前的播客段落，并将其下载到了你的PDA上。这是一个叫娜斯佳的女孩和她的朋友们拍摄的。旧加油站是一个异常区。你需要等待时间重置才能找到下一个优盘。你可以在旧加油站入口上方和全局地图上看到重置计时器。,assets/images/地图地点/旧加油站--7f85a062d5.png
过去的播客,• Найти четвертую запись Насти на Старой АЗС,你在旧加油站找到了一个内有播客段落的优盘。这是战前一个叫娜斯佳的女孩和她的朋友们在加油站拍摄的。旧加油站应该有更多的段落。找到它们，了解更多关于异常区和领地的事。你可以在PDA的“提示”部分找到娜斯佳的播客段落。,assets/images/其他物品/伴我去旅行！录像1--ece45f24fe.png
过去的播客,• Дождаться темпорального сброса Старой АЗС,你在旧加油站发现了一段战前的播客段落，并将其下载到了你的PDA上。这是一个叫娜斯佳的女孩和她的朋友们拍摄的。旧加油站是一个异常区。你需要等待时间重置才能找到下一个优盘。你可以在旧加油站入口上方和全局地图上看到重置计时器。,assets/images/地图地点/旧加油站--7f85a062d5.png
过去的播客,• Найти пятую запись Насти на Старой АЗС,你在旧加油站找到了一个内有播客段落的优盘。这是战前一个叫娜斯佳的女孩和她的朋友们在加油站拍摄的。旧加油站应该有更多的段落。找到它们，了解更多关于异常区和领地的事。你可以在PDA的“提示”部分找到娜斯佳的播客段落。,assets/images/其他物品/伴我去旅行！录像1--ece45f24fe.png
过去的播客,• Дождаться темпорального сброса Старой АЗС,你在旧加油站发现了一段战前的播客段落，并将其下载到了你的PDA上。这是一个叫娜斯佳的女孩和她的朋友们拍摄的。旧加油站是一个异常区。你需要等待时间重置才能找到下一个优盘。你可以在旧加油站入口上方和全局地图上看到重置计时器。,assets/images/地图地点/旧加油站--7f85a062d5.png
过去的播客,• Найти шестую запись Насти на Старой АЗС,你在旧加油站找到了一个内有播客段落的优盘。这是战前一个叫娜斯佳的女孩和她的朋友们在加油站拍摄的。旧加油站应该有更多的段落。找到它们，了解更多关于异常区和领地的事。你可以在PDA的“提示”部分找到娜斯佳的播客段落。,assets/images/其他物品/伴我去旅行！录像1--ece45f24fe.png
过去的播客,• Дождаться темпорального сброса Старой АЗС,你在旧加油站发现了一段战前的播客段落，并将其下载到了你的PDA上。这是一个叫娜斯佳的女孩和她的朋友们拍摄的。旧加油站是一个异常区。你需要等待时间重置才能找到下一个优盘。你可以在旧加油站入口上方和全局地图上看到重置计时器。,assets/images/地图地点/旧加油站--7f85a062d5.png
过去的播客,• Найти седьмую запись Насти на Старой АЗС,你在旧加油站找到了一个内有播客段落的优盘。这是战前一个叫娜斯佳的女孩和她的朋友们在加油站拍摄的。旧加油站应该有更多的段落。找到它们，了解更多关于异常区和领地的事。你可以在PDA的“提示”部分找到娜斯佳的播客段落。,assets/images/其他物品/伴我去旅行！录像1--ece45f24fe.png
过去的播客,• Дождаться темпорального сброса Старой АЗС,你在旧加油站发现了一段战前的播客段落，并将其下载到了你的PDA上。这是一个叫娜斯佳的女孩和她的朋友们拍摄的。旧加油站是一个异常区。你需要等待时间重置才能找到下一个优盘。你可以在旧加油站入口上方和全局地图上看到重置计时器。,assets/images/地图地点/旧加油站--7f85a062d5.png
过去的播客,• Найти восьмую запись Насти на Старой АЗС,你在旧加油站找到了一个内有播客段落的优盘。这是战前一个叫娜斯佳的女孩和她的朋友们在加油站拍摄的。旧加油站应该有更多的段落。找到它们，了解更多关于异常区和领地的事。你可以在PDA的“提示”部分找到娜斯佳的播客段落。,assets/images/其他物品/伴我去旅行！录像1--ece45f24fe.png
过去的播客,• Дождаться темпорального сброса Старой АЗС,你在旧加油站发现了一段战前的播客段落，并将其下载到了你的PDA上。这是一个叫娜斯佳的女孩和她的朋友们拍摄的。旧加油站是一个异常区。你需要等待时间重置才能找到下一个优盘。你可以在旧加油站入口上方和全局地图上看到重置计时器。,assets/images/地图地点/旧加油站--7f85a062d5.png
过去的播客,• Найти девятую запись Насти на Старой АЗС,你在旧加油站找到了一个内有播客段落的优盘。这是战前一个叫娜斯佳的女孩和她的朋友们在加油站拍摄的。旧加油站应该有更多的段落。找到它们，了解更多关于异常区和领地的事。你可以在PDA的“提示”部分找到娜斯佳的播客段落。,assets/images/其他物品/伴我去旅行！录像1--ece45f24fe.png
过去的播客,• Дождаться темпорального сброса Старой АЗС,你在旧加油站发现了一段战前的播客段落，并将其下载到了你的PDA上。这是一个叫娜斯佳的女孩和她的朋友们拍摄的。旧加油站是一个异常区。你需要等待时间重置才能找到下一个优盘。你可以在旧加油站入口上方和全局地图上看到重置计时器。,assets/images/地图地点/旧加油站--7f85a062d5.png
过去的播客,• Найти десятую запись Насти на Старой АЗС,你在旧加油站找到了一个内有播客段落的优盘。这是战前一个叫娜斯佳的女孩和她的朋友们在加油站拍摄的。旧加油站应该有更多的段落。找到它们，了解更多关于异常区和领地的事。你可以在PDA的“提示”部分找到娜斯佳的播客段落。,assets/images/其他物品/伴我去旅行！录像1--ece45f24fe.png
过去的播客,• Дождаться темпорального сброса Старой АЗС,你在旧加油站发现了一段战前的播客段落，并将其下载到了你的PDA上。这是一个叫娜斯佳的女孩和她的朋友们拍摄的。旧加油站是一个异常区。你需要等待时间重置才能找到下一个优盘。你可以在旧加油站入口上方和全局地图上看到重置计时器。,assets/images/地图地点/旧加油站--7f85a062d5.png
过去的播客,• Найти одиннадцатую запись Насти на Старой АЗС,你在旧加油站找到了一个内有播客段落的优盘。这是战前一个叫娜斯佳的女孩和她的朋友们在加油站拍摄的。旧加油站应该有更多的段落。找到它们，了解更多关于异常区和领地的事。你可以在PDA的“提示”部分找到娜斯佳的播客段落。,assets/images/其他物品/伴我去旅行！录像1--ece45f24fe.png
过去的播客,• Дождаться темпорального сброса Старой АЗС,你在旧加油站发现了一段战前的播客段落，并将其下载到了你的PDA上。这是一个叫娜斯佳的女孩和她的朋友们拍摄的。旧加油站是一个异常区。你需要等待时间重置才能找到下一个优盘。你可以在旧加油站入口上方和全局地图上看到重置计时器。,assets/images/地图地点/旧加油站--7f85a062d5.png
过去的播客,• Найти двенадцатую запись Насти на Старой АЗС,你在旧加油站找到了一个内有播客段落的优盘。这是战前一个叫娜斯佳的女孩和她的朋友们在加油站拍摄的。旧加油站应该有更多的段落。找到它们，了解更多关于异常区和领地的事。你可以在PDA的“提示”部分找到娜斯佳的播客段落。,assets/images/其他物品/伴我去旅行！录像1--ece45f24fe.png
过去的播客,• Дождаться темпорального сброса Старой АЗС,你在旧加油站发现了一段战前的播客段落，并将其下载到了你的PDA上。这是一个叫娜斯佳的女孩和她的朋友们拍摄的。旧加油站是一个异常区。你需要等待时间重置才能找到下一个优盘。你可以在旧加油站入口上方和全局地图上看到重置计时器。,assets/images/地图地点/旧加油站--7f85a062d5.png
过去的播客,• Найти тринадцатую запись Насти на Старой АЗС,你在旧加油站找到了一个内有播客段落的优盘。这是战前一个叫娜斯佳的女孩和她的朋友们在加油站拍摄的。旧加油站应该有更多的段落。找到它们，了解更多关于异常区和领地的事。你可以在PDA的“提示”部分找到娜斯佳的播客段落。,assets/images/其他物品/伴我去旅行！录像1--ece45f24fe.png
过去的播客,• Показать записи Клепке,你在旧加油站找到了几个内有播客段落的优盘。它们是战前一个叫娜斯佳的女孩和她的朋友们在加油站拍摄的。你收集了所有的录像。瑞弗特应该看看它们：它们可能会帮你判断，旧加油站是否有没有藏匿处。,assets/images/任务/陷入困境的女孩--52b57d5c54.png
过去的播客,• Обыскать тайник Насти на Старой АЗС,你在旧加油站找到了几个内有播客段落的优盘。它们是战前一个叫娜斯佳的女孩和她的朋友们在加油站拍摄的。你收集了所有的录像并了解到，娜斯佳和卡佳在那里确实有一个藏匿处。现在你可以寻找和搜索它。,assets/images/地图地点/旧加油站--7f85a062d5.png
纪念品,• Показать Клепке вейп и часы со Старой АЗС,你在旧加油站发现了一些战前物品，一部电子水烟设备和一个刻着字的军用手表。一些游荡者可能会对它们感兴趣。你最好问问瑞弗特。,assets/images/任务/陷入困境的女孩--52b57d5c54.png
纪念品,• Дождаться встречи с незнакомкой у Хозмага,灾难酒吧的调酒师阿糖在仓库附近的游荡者营地安排了跟一个陌生人的会面。她稍后会到那里，跟你交换从旧加油站找到的物品：电子水烟设备和军用手表。,assets/images/地图地点/仓库--4a05d440b5.png
纪念品,• Отдать вейп и часы незнакомке на Стоянке бродяжников,灾难酒吧的调酒师阿糖在仓库附近的游荡者营地安排了跟一个陌生人的会面。她稍后会到那里，跟你交换从旧加油站找到的物品：电子水烟设备和军用手表。,assets/images/地图地点/仓库--4a05d440b5.png
未命名任务,• Невидимый сайд квест иконка союзника,,assets/images/地图地点/旧加油站--7f85a062d5.png
加油站的千钧怪,• Подготовиться к прибытию стомпера,你在搜索越野车时触发了汽车警报器。它吸引了千钧怪，这是来自仓库的一个变异体，高度危险。准备好战斗，或者逃跑！,assets/images/任务/生物采样--a6e174aed2.png
贸易关系,• Первая выдача записки Торговца Союза,贸易联盟代表想和你交易货物。 在你面见他之前， 用避难所里的无线电台索取他的价目表。,assets/images/任务/贸易关系--275e503c10.png
贸易关系,• Первая выдача записки Торговца Союза,贸易联盟代表想和你交易货物。 在你面见他之前， 用避难所里的无线电台索取他的价目表。,assets/images/任务/贸易关系--275e503c10.png
贸易关系,• Первая выдача записки Торговца Союза,贸易联盟代表想和你交易货物。 在你面见他之前， 用避难所里的无线电台索取他的价目表。,assets/images/任务/贸易关系--275e503c10.png
贸易关系,• Повторная выдача записки Торговца Союза,贸易联盟代表想和你交易货物。 在你面见他之前， 用避难所里的无线电台索取他的价目表。,assets/images/任务/贸易关系--275e503c10.png
贸易关系,• Повторная выдача записки Торговца Союза,贸易联盟代表想和你交易货物。 在你面见他之前， 用避难所里的无线电台索取他的价目表。,assets/images/任务/贸易关系--275e503c10.png
贸易关系,• Повторная выдача записки Торговца Союза,贸易联盟代表想和你交易货物。 在你面见他之前， 用避难所里的无线电台索取他的价目表。,assets/images/任务/贸易关系--275e503c10.png
工程师价目表,• Первая выдача записки транспортного торговца,工程师在附近停留。 她想要交易。 在你面见他之前， 用避难所里的无线电台索取他的价目表。,assets/images/任务/贸易关系--275e503c10.png
工程师价目表,• Первая выдача записки транспортного торговца,工程师在附近停留。 她想要交易。 在你面见他之前， 用避难所里的无线电台索取他的价目表。,assets/images/任务/贸易关系--275e503c10.png
工程师价目表,• Первая выдача записки транспортного торговца,工程师在附近停留。 她想要交易。 在你面见他之前， 用避难所里的无线电台索取他的价目表。,assets/images/任务/贸易关系--275e503c10.png
工程师价目表,• Повторная выдача записки транспортного торговца,工程师在附近停留。 她想要交易。 在你面见他之前， 用避难所里的无线电台索取他的价目表。,assets/images/任务/贸易关系--275e503c10.png
工程师价目表,• Повторная выдача записки транспортного торговца,工程师在附近停留。 她想要交易。 在你面见他之前， 用避难所里的无线电台索取他的价目表。,assets/images/任务/贸易关系--275e503c10.png
工程师价目表,• Повторная выдача записки транспортного торговца,工程师在附近停留。 她想要交易。 在你面见他之前， 用避难所里的无线电台索取他的价目表。,assets/images/任务/贸易关系--275e503c10.png
未命名任务,• Добыть документы у Сломавшегося трейлера,"Глава военной организации «Оплот» готов хорошо заплатить за документы, украденные бандитами. По данным разведки, вторую часть документов нашли Могильщики из отряда Вестника Смерти. Их можно встретить в особом событии «Сломавшийся трейлер».",assets/images/任务/未命名任务--569d41ed3f.png
泰坦项目,• Получить первые очки за убийство врагов,维拉·霍洛多娃博士为消灭焦尸或变异土匪提供了奖励。消灭敌人，获取研究所点数，与其他玩家竞争独特的奖励。,assets/images/任务/泰坦项目--0df5276a41.png
研究所设施,"• Исследовать объект «Стокер»
Исследовать объект «Близнецы»
Исследовать объект «Диод»",你收到了维拉·霍洛多娃博士关于该研究所的机密研究“泰坦项目”的消息，该研究已经失控了。霍洛多瓦博士希望你探索储料、双子和二极管设施，并取得可能会在里面找到的任何标本。,assets/images/地图地点/二极管设施入口--d7fbc278da.png
未命名任务,• Управляющий квест для закрытия квестов,,assets/images/资源材料/能量块--4581a84736.png
捉迷藏游戏,• Собери 5 яиц,有人把密封彩蛋和节日礼物藏在了领地各处！你可以在绿色、黄色和红色区、异象区和特殊活动中找到彩蛋。,assets/images/资源材料/密封彩蛋--db791e08cd.png
捉迷藏游戏,• Определи 10 яиц,使用避难所地下室中的神器识别器解锁密封彩蛋。如果你以前没有修理过它，可能需要进行修理。你还需要神器解码器来识别并打开彩蛋。你可以在特殊活动和地点中找到它们。,assets/images/其他物品/经识别的彩蛋--d2582e441b.png
捉迷藏游戏,• Определи 15 яиц,使用避难所地下室中的神器识别器解锁密封彩蛋。如果你以前没有修理过它，可能需要进行修理。你还需要神器解码器来识别并打开彩蛋。你可以在特殊活动和地点中找到它们。,assets/images/其他物品/经识别的彩蛋--d2582e441b.png
捉迷藏游戏,• Определи 20 яиц,使用避难所地下室中的神器识别器解锁密封彩蛋。如果你以前没有修理过它，可能需要进行修理。你还需要神器解码器来识别并打开彩蛋。你可以在特殊活动和地点中找到它们。,assets/images/其他物品/经识别的彩蛋--d2582e441b.png
捉迷藏游戏,• Определи 25 яиц,使用避难所地下室中的神器识别器解锁密封彩蛋。如果你以前没有修理过它，可能需要进行修理。你还需要神器解码器来识别并打开彩蛋。你可以在特殊活动和地点中找到它们。,assets/images/其他物品/经识别的彩蛋--d2582e441b.png
捉迷藏游戏,• Определи 35 яиц,使用避难所地下室中的神器识别器解锁密封彩蛋。如果你以前没有修理过它，可能需要进行修理。你还需要神器解码器来识别并打开彩蛋。你可以在特殊活动和地点中找到它们。,assets/images/其他物品/经识别的彩蛋--d2582e441b.png
丢失的解码器,• Найти 7 декодеров,你需要神器解码器来识别并打开密封彩蛋。可以在特殊活动和领地中的地点内找到它们。,assets/images/资源材料/神器解码器--ac7f74b4d7.png
未命名任务,• Убить босса на Стоянке бандитов,如果能消灭土匪头目， 军事组织要塞兵团愿意重金酬谢。 根据情报， 土匪已经扎营， 或很快就要扎营了 。,assets/images/任务/陷入困境的女孩--52b57d5c54.png
未命名任务,"• Принести «чертовы ежи»
• Принести «лимонки»",你还有一份来自莱科维奇的订单。 这一次他想要魔鬼海胆爆弹和爆裂糖果。 你可以在黄色和红色危险区、 特殊事件期间和异常区找到它们 。,assets/images/补给消耗品/魔鬼海胆爆弹--856a77662f.png
未命名任务,• Убить босса на Стоянке бандитов,如果能消灭土匪头目， 军事组织要塞兵团愿意重金酬谢。 根据情报， 土匪已经扎营， 或很快就要扎营了 。,assets/images/任务/陷入困境的女孩--52b57d5c54.png
未命名任务,"• Принести «чертовы ежи»
• Принести «лимонки»",你还有一份来自莱科维奇的订单。 这一次他想要魔鬼海胆爆弹和爆裂糖果。 你可以在黄色和红色危险区、 特殊事件期间和异常区找到它们 。,assets/images/补给消耗品/魔鬼海胆爆弹--856a77662f.png
打爆轮胎,用斧头打破旧轮胎,瑞弗特建议你搞到一些橡胶。这肯定会派上用场的。你可以用袭击者之斧打破旧轮胎来获取橡胶。在避难所附近的一辆坏汽车旁边有两个轮胎。你可以制作一把袭击者之斧，或者在仓库中向维因购买一把。,assets/images/资源材料/橡胶--7ae9e3496c.png
未命名任务,"• Принести «чертовы ежи»
• Принести «лимонки»",你还有一份来自莱科维奇的订单。 这一次他想要魔鬼海胆爆弹和爆裂糖果。 你可以在黄色和红色危险区、 特殊事件期间和异常区找到它们 。,assets/images/补给消耗品/魔鬼海胆爆弹--856a77662f.png
未命名任务,"• Принести «чертовы ежи»
• Принести «лимонки»",你还有一份来自莱科维奇的订单。 这一次他想要魔鬼海胆爆弹和爆裂糖果。 你可以在黄色和红色危险区、 特殊事件期间和异常区找到它们 。,assets/images/补给消耗品/魔鬼海胆爆弹--856a77662f.png
过去的播客,• Дождаться темпорального сброса Старой АЗС,你在旧加油站发现了一段战前的播客段落，并将其下载到了你的PDA上。这是一个叫娜斯佳的女孩和她的朋友们拍摄的。旧加油站是一个异常区。你需要等待时间重置才能找到下一个优盘。你可以在旧加油站入口上方和全局地图上看到重置计时器。,assets/images/地图地点/旧加油站--7f85a062d5.png
灭绝敬火者,• Убить 10 Распадников из автомата в Осажденном доме или Западне,保护幸存者，并练习精确射击。要解锁突击步枪达人技能，在被围困的房屋或伏击中，使用突击步枪击杀狂腐士。,assets/images/资源材料/狂腐士--6166b5fd12.png
未命名任务,,,assets/images/任务/商人--dfe04bbb76.png
持刀狩猎,• Убить лосей или волков ножом или тесаком,只有真正的猎人才能用刀狩猎。要解锁刀法大师技能，在领地内用刀或劈刀杀死麋鹿和狼。,assets/images/任务/持刀狩猎--e40aea26c0.png
持刀狩猎,• Убить 15 лосей или волков ножом,只有真正的猎人才能用刀狩猎。要解锁刀法专家技能，在领地内用刀或劈刀杀死麋鹿和狼。,assets/images/任务/持刀狩猎--e40aea26c0.png
灭绝敬火者,• Убить 20 Распадников из автомата в Осажденном доме или Западне,保护幸存者，并练习精确射击。要解锁突击步枪大师技能，在被围困的房屋或伏击中，使用突击步枪击杀狂腐士。,assets/images/资源材料/狂腐士--6166b5fd12.png
灭绝敬火者,• Убить 30 Распадников из автомата в Осажденном доме или Западне,保护幸存者，并练习精确射击。要解锁突击步枪专家技能，在被围困的房屋或伏击中，使用突击步枪击杀狂腐士。,assets/images/资源材料/狂腐士--6166b5fd12.png
食尸鬼杀手,• Убить 10 гулей из винтовок в Хозмаге,真正的即使在狭小的空间内也知道如何使用步枪。要解锁专家狙击手技能，在仓库使用步枪杀死食尸鬼。,assets/images/任务/食尸鬼杀手--07f1dc65e0.png
食尸鬼杀手,• Убить 20 гулей из винтовок в Хозмаге,真正的即使在狭小的空间内也知道如何使用步枪。要解锁业余狙击手技能，在仓库使用步枪杀死食尸鬼。,assets/images/任务/食尸鬼杀手--07f1dc65e0.png
食尸鬼杀手,• Убить 30 гулей из винтовок в Хозмаге,真正的即使在狭小的空间内也知道如何使用步枪。要解锁职业狙击手技能，在仓库使用步枪杀死食尸鬼。,assets/images/任务/食尸鬼杀手--07f1dc65e0.png
搜寻金属,• Собрать 20 металлолома в «зеленых» местах,要解锁金工大师技能，在绿色区域中找到废金属。,assets/images/资源材料/废金属--41a6f0fc87.png
搜寻金属,Собрать 40 металлолома в «желтых» местах,要解锁金工专家技能，在黄色区域中找到废金属。,assets/images/资源材料/废金属--41a6f0fc87.png
扒手,• Обыскать 10 трупов в «желтых» местах,要解锁碎布鉴赏家技能，在黄色区域内搜寻死尸。,assets/images/其他物品/尸体--c501f2a4fe.png
主厨特餐,Приготовить 5 порций мяса с грибами,有什么能比精心制作的食物更健康呢？要解锁健康食品技能，在2级壁炉上烹调肉和蘑菇。,assets/images/补给消耗品/蘑菇炖肉--9e5ef7d249.png
持霰弹枪的游荡者,• Убить 10 горелых из дробовика на АЗС,要解锁霰弹枪达人技能，在旧加油站使用霰弹枪杀死焦尸。,assets/images/资源材料/焦尸--a4e6e7f3d6.png
持霰弹枪的游荡者,• Убить 20 горелых из дробовика на АЗС,要解锁霰弹枪大师技能，在旧加油站使用霰弹枪杀死焦尸。,assets/images/资源材料/焦尸--a4e6e7f3d6.png
扒手,Обыскать 20 трупов в «желтых» местах,要解锁碎布收集者技能，在黄色区域内搜寻死尸。,assets/images/其他物品/尸体--c501f2a4fe.png
持霰弹枪的游荡者,• Убить 30 горелых из дробовика на АЗС,要解锁霰弹枪专家技能，在旧加油站使用霰弹枪杀死焦尸。,assets/images/资源材料/焦尸--a4e6e7f3d6.png
头骨粉碎者,• Убить 15 Могильщиков двуручным дробящим оружием на Выжженных землях,只有真正的战斗才能让你学会真正的技能。要解锁重击粉碎专家技能，在焦尸土地，用大型粉碎武器杀死送葬者。,assets/images/任务/阅后即焚--5b1e0369b5.png
林中战斗,• Убить 15 Лесовиков одноручным дробящим оружием на Опушке Леса,学习如何杀戮的唯一方法就是不断练习。要解锁小型粉碎专家技能，在森林郊区使用小型粉碎武器杀死森林之子。,assets/images/任务/林中战斗--7eeee866a2.png
林中利箭,• Убить 10 Лесовиков из лука или арбалета на Опушке леса,是时候猎杀森林之子了！要解锁大师射手技能，在森林郊区使用弓或十字弓消灭森林之子。,assets/images/任务/林中战斗--7eeee866a2.png
林中利箭,• Убить 20 Лесовиков из лука или арбалета в Лесополосе,谁是这里的最佳射手？要解锁专家射手技能，在防风林使用弓或十字弓消灭森林之子。,assets/images/任务/林中战斗--7eeee866a2.png
信仰瓦解,• Убить 10 Распадников/Могильщиков метательным взрывным оружием в «желтых» местах.,大型群体是完美的攻击目标。要解锁业余投弹兵技能，在黄色和红色区使用投掷炸药杀死送葬者和狂腐士。,assets/images/任务/信仰瓦解--aecec3e08e.png
信仰瓦解,• Убить 15 Распадников/Могильщиков метательным взрывным оружием в «желтых» местах.,大型群体是完美的攻击目标。要解锁大师投弹兵技能，在黄色和红色区使用投掷炸药杀死送葬者和狂腐士。,assets/images/任务/信仰瓦解--aecec3e08e.png
信仰瓦解,• Убить 20 Распадников/Могильщиков метательным взрывным оружием в «красных» местах.,大型群体是完美的攻击目标。要解锁著名投弹兵技能，在红色区域内使用炸药杀死送葬者和狂腐士。,assets/images/任务/信仰瓦解--aecec3e08e.png
信仰抛弃,• Убить метательным оружием Распадников или Могильщиков в «желтых» и «красных» местах,移动目标难以击中，特别是在其反击的情况下。要解锁投掷大师技能，在黄色和红色区内使用投掷武器杀死送葬者和狂腐士。,assets/images/任务/信仰瓦解--aecec3e08e.png
信仰抛弃,• Убить метательным оружием 15 Распадников или Могильщиков в «красных» местах,移动目标难以击中，特别是在其反击的情况下。要解锁投掷专家技能，在红色区域内使用投掷武器杀死送葬者和狂腐士。,assets/images/任务/信仰瓦解--aecec3e08e.png
致命决斗,• Убить 10 Могильщиков из пистолета в «желтых» местах.,你拔枪的速度能比死神的奴仆还快吗？要解锁手枪达人技能，在黄色和红色区使用手枪杀死送葬者。,assets/images/资源材料/送葬者--872f4c28c0.png
致命决斗,• Убить 15 Могильщиков из пистолета в «желтых» местах,你拔枪的速度能比死神的奴仆还快吗？要解锁手枪大师技能，在黄色和红色区使用手枪杀死送葬者。,assets/images/资源材料/送葬者--872f4c28c0.png
致命决斗,• Убить 20 Могильщиков из пистолета в «красных» местах,你拔枪的速度能比死神的奴仆还快吗？要解锁手枪专家技能，在红色区域内使用手枪杀死送葬者。,assets/images/资源材料/送葬者--872f4c28c0.png
轮胎破坏者,• Добыть 20 резины в Выжженных землях,要解锁硫化大师技能，在焦尸土地通过砸毁旧轮胎获取橡胶。,assets/images/资源材料/橡胶--7ae9e3496c.png
轮胎破坏者,• Добыть 30 резины в Мертвой Низине,要解锁硫化专家技能，在荒凉山谷通过砸毁旧轮胎获取橡胶。,assets/images/资源材料/橡胶--7ae9e3496c.png
收集亚麻,• Добыть 20 семян льна,要解锁亚麻收集者技能，在领地内找到亚麻种子。,assets/images/资源材料/亚麻种子--13fe7949b7.png
喜爱棉花,• Найти 20 семян хлопка,要解锁棉花收集者技能，在领地内找到棉花种子。,assets/images/资源材料/棉花种子--62dae69bc1.png
绷带生产,• Произвести 10 бинтов,要解锁经验丰富的医生技能，在2级治疗师桌制作绷带。,assets/images/补给消耗品/绷带--58b8353fe6.png
清洗绷带,Сделать 10 промытых повязок,要解锁急救士技能，在治疗师桌制作水洗绷带。,assets/images/补给消耗品/生产水洗绷带--004453e12d.png
伤口敷料,Сделать 10 перевязочных пакетов,要解锁军医技能，在3级治疗师桌制作伤口敷料。,assets/images/补给消耗品/伤口敷料--2dc59680d1.png
秘密谋杀,• Убить 30 противников из стелса,要解锁专业刺客技能，在隐形模式下杀死任何敌人。,assets/images/任务/秘密谋杀--18d945b5ad.png
解救森林,"• Потратить 30 энергии, добывая сырые доски",要解锁伐木大师技能，在领地内花费能量值，使用工具砍伐树木、柱子和托盘。,assets/images/任务/解救森林--b509c6c2fb.png
废金属国王,"• Потратить 30 энергии, добывая металлолом",要解锁废料收集者技能，在领地内花费能量值，使用工具砸毁桶。,assets/images/任务/废金属国王--c1e820c50d.png
打爆轮胎,"• Потратить 30 энергии, добывая резину",要解锁轮胎工技能，在领地内花费能量值，使用工具砸毁轮胎。,assets/images/任务/打爆轮胎--b4515e4334.png
安静消灭,• Убить 40 противников из стелса,要解锁大师刺客技能，在隐形模式下杀死任何敌人。,assets/images/任务/秘密谋杀--18d945b5ad.png
无声清理,• Убить 50 противников из стелса,要解锁上师刺客技能，在隐形模式下杀死任何敌人。,assets/images/任务/秘密谋杀--18d945b5ad.png
野战药物,• Использовать промытые повязки,使用水洗绷带完成派系任务。你可以在治疗师桌上生产它们。,assets/images/补给消耗品/生产水洗绷带--004453e12d.png
野战药物,• Использовать бинты,使用绷带完成派系任务。你可以在2级治疗师桌上生产它们。,assets/images/补给消耗品/绷带--58b8353fe6.png
野战药物,• Использовать перевязочные пакеты,使用伤口敷料完成派系任务。你可以在3级治疗师桌上生产它们。,assets/images/补给消耗品/伤口敷料--2dc59680d1.png
快捷小吃,• Съесть тушеные помидоры,吃炖西红柿以完成派系任务。你可以在壁炉中烹饪它。,assets/images/补给消耗品/炖西红柿--c7f160b33c.png
肉类检测,• Съесть жареное мясо,吃烤肉以完成派系任务。你可以在壁炉中烹饪它。,assets/images/补给消耗品/烤肉--aed8190a0f.png
狩猎麋鹿,• Убить лосей из лука или арбалета,只使用弓或十字弓在领地狩猎麋鹿以完成派系任务。如果你没有武器，可以制作、夺取或购买武器。,assets/images/任务/血液样本--0f0069a83f.png
大灭绝,• Убить любых противников,在领地杀死土匪、焦尸或野生动物，以完成派系任务。,assets/images/资源材料/焦尸--a4e6e7f3d6.png
移动目标,• Убить бандитов метательным оружием,仅使用投掷武器，如飞刀和飞斧、手榴弹、爆裂糖果神器等杀死任何土匪，以完成派系任务。,assets/images/资源材料/狂腐士--6166b5fd12.png
游荡者的任务,• Уничтожить аномалию в Загадочном подвале,用投掷武器摧毁神秘的地下室中的异象，以完成派系任务。如果特殊活动处于非活动状态，则需要等待它出现在全局地图上。,assets/images/任务/游荡者的任务--bc24ab9621.png
无人认领的行李,• Обыскать чемодан на Опушке Леса,在森林郊区搜索公文包以完成派系任务。你可能需要多次返回此地点。,assets/images/资源材料/旧手提箱--95e7df2b59.png
袭击者狂热,• Сделать топор рейдера,在制作界面中制作袭击者之斧以完成派系任务。,assets/images/武器/袭击者之斧--4162947ac5.png
活化注射,• Использовать стимулятор «Феникс»,使用在领地中发现的凤凰兴奋剂、特殊活动奖励和商人盒子以完成派系任务。,assets/images/补给消耗品/凤凰兴奋剂--cecbd5b4b8.png
雷击,• Уничтожить «светлячков» на Старой АЗС,在旧加油站用投掷武器消灭萤火虫以完成派系任务。,assets/images/任务/游荡者的任务--bc24ab9621.png
空投,• Обыскать спецгруз в «красных» зонах,在荒凉山谷或防风林搜索空投以完成派系任务。你可能需要多次返回此地点。,assets/images/资源材料/空投--e84c1ea7a2.png
萨梅迪男仆,• Убить Слугу Самеди в Мертвой низине,前往荒凉山谷，杀死精英送葬者萨梅迪男仆以完成派系任务。,assets/images/任务/萨梅迪男仆--46727283f1.png
森林之魂,• Убить Хранителя Леса на Лесополосе,前往防风林，消灭精英森林管理员以完成派系任务。,assets/images/任务/森林之魂--435f2bf305.png
南侧,• Разобрать заваленный проход в Хозмаге,找到合适的工具并清除仓库中的障碍物以完成派系任务。别忘了先清除北部的所有血色洞穴。,assets/images/武器/镐--f973130c47.png
熔融铠甲,• Убить гуля-бригадира в Хозмаге кислотным оружием,前往仓库，仅使用酸性武器击杀酋长食尸鬼。酸性武器可在你避难所里的送葬者工作台上制作。,assets/images/任务/熔融铠甲--e73ca3b64a.png
燃烧的深渊,• Убить противников в Хозмаге огненным оружием,前往仓库，仅使用火焰武器杀死任何敌人。你可以制作武器，作为奖励领取，或者从商人那里购买。,assets/images/地图地点/仓库--4a05d440b5.png
弱点,• Убить Вышибалу на Старой АЗС кислотным оружием,前往旧加油站或仓库监狱，仅用酸性武器杀死千钧怪。这个头目会隔一段时间出现一次。你可能需要多次返回此地点才能完成派系任务。,assets/images/任务/生物采样--a6e174aed2.png
动物爱好者,• Убить Друга Зверей на Опушке Леса,前往森林郊区，杀死精英猎人森林野兽之友以完成派系任务。,assets/images/任务/森林之魂--435f2bf305.png
蘑菇苦啤,喝蘑菇苦啤,喝蘑菇苦啤以完成派系任务。你可以在2级治疗师桌上生产它。,assets/images/补给消耗品/蘑菇苦啤--f48f958206.png
玫瑰果苦啤,• Выпить спиртовые настойки шиповника,喝玫瑰果苦啤以完成派系任务。你可以在2级治疗师桌上生产它。,assets/images/补给消耗品/玫瑰果苦啤--056141cccc.png
蜀羊泉,• Выпить спиртовые настойки на волчьих ягодах,喝蜀羊泉苦啤以完成派系任务。你可以在3级治疗师桌上生产它。,assets/images/补给消耗品/蜀羊泉苦啤--2d2fcce293.png
Биоматериалы с Опушки,• Добыть биоматериалы из горелых на Опушке Леса,"Чтобы выполнить поручение, отправляйтесь на Опушку Леса, убивайте и обыскивайте любых горелых, собирая биоматериалы.",assets/images/资源材料/焦尸生物样本。--d4c4f531c8.png
钢筋供应,• Произвести арматуру,在铁砧上生产钢筋，然后交给要塞兵团的前哨官。,assets/images/资源材料/钢筋--08db8f68c1.png
钢筋供应,• Отдать арматуру,在铁砧上生产钢筋，然后交给要塞兵团的前哨官。,assets/images/资源材料/钢筋--08db8f68c1.png
钢筋供应,• Произвести арматуру,"Чтобы выполнить это поручение, нужно произвести арматуру на наковальне. Затем отдайте ее Ч.А.П.у около системы оповещения в Убежище.",assets/images/资源材料/钢筋--08db8f68c1.png
钢筋供应,• Отдать арматуру,在铁砧上生产钢筋，然后交给要塞兵团的前哨官。,assets/images/资源材料/钢筋--08db8f68c1.png
灭杀的证据,• Добыть уши горелых на Старой АЗС,前往旧加油站，杀死焦尸，夺取其耳朵作为证明，并将其拿给要塞兵团前哨官。,assets/images/资源材料/焦尸耳朵--bc1dd4362c.png
糖果爆炸,• Добыть артефакты «лимонка»,获取异象区的爆裂糖果神器和奖励，并将其交给要塞兵团前哨官以完成派系任务。,assets/images/补给消耗品/爆裂糖果--925f7840ea.png
糖果爆炸,• Добыть артефакты «лимонка»,获取异象区的爆裂糖果神器和奖励，并将其交给仓库游荡者营地的眼镜蛇以完成派系任务。,assets/images/补给消耗品/爆裂糖果--925f7840ea.png
有铁锭吗？,• Произвести железные чушки,在2级铁砧上生产铁锭，并将其送到避难所警报系统附近的要塞兵团前哨官那里。,assets/images/资源材料/铁锭--c1d90e745f.png
有铁锭吗？,• Отдать железные чушки офицеру на аванпосту «Оплота»,在2级铁砧上生产铁锭，并将其送到避难所警报系统附近的要塞兵团前哨官那里。,assets/images/资源材料/铁锭--c1d90e745f.png
有铁锭吗？,• Произвести железные чушки,"Чтобы выполнить это поручение, нужно произвести железные чушки на наковальне ур. 2. Затем отдайте их Ч.А.П.у в Убежище, около системы оповещения.",assets/images/资源材料/铁锭--c1d90e745f.png
有铁锭吗？,• Отдать железные чушки Ч.А.П.у в Убежище,"Чтобы выполнить это поручение, нужно произвести железные чушки на наковальне ур. 2. Затем отдайте их Ч.А.П.у в Убежище, около системы оповещения.",assets/images/资源材料/铁锭--c1d90e745f.png
最后的征召,• Найти перепись Оплота в Заброшенной Лачуге,搜索废弃小屋以获取名单，并将名单交给避难所警报系统附近的要塞兵团前哨官以完成派系任务。如果特殊活动处于非活动状态，则需要等待它出现在全局地图上。,assets/images/资源材料/要塞兵团名单--9719ca9eff.png
Утерянные исследования,• Найти документы Института в Заброшенной Лачуге,"Чтобы выполнить поручение, обыщите Заброшенную Лачугу. Это особое событие, которое периодически появляется на глобальной карте. Если сейчас оно недоступно — просто продолжайте путешествовать по Территориям, пока оно не появится. Найдя документы, отдайте их Ч.А.П.у в Убежище, около системы оповещения.",assets/images/资源材料/能量块--4581a84736.png
一些证明,• Добыть уши Туш в Хозмаге,前往仓库杀死肌肉焦尸，夺取其耳朵，并将其拿给要塞兵团作为证明。,assets/images/资源材料/从仓库获得的肌肉焦尸耳朵--019fd54fb0.png
Биоматериалы из Хозмага,• Добыть биоматериалы горелых в Хозмаге,,assets/images/资源材料/能量块--4581a84736.png
仓库造物,• Добыть «кровавые слезы» в Хозмаге,从仓库里得到血泪球。大部分血泪球可以在烧毁的血色洞穴中找到。将其交给要塞兵团前哨官以完成派系任务。,assets/images/资源材料/血泪球--18cce58e94.png
仓库造物,• Добыть «кровавые слезы» в Хозмаге,"Отправляйтесь в Хозмаг и добудьте артефакты «кровавые слезы». Чаще всего они попадаются в сожженных кровавых дырах. Добыв артефакты, отдайте их Ч.А.П.у в Убежище, около системы оповещения.",assets/images/资源材料/血泪球--18cce58e94.png
天青石,• Добыть артефакты «лазурит»,获取异象区的天青石神器和奖励，并将其交给要塞兵团前哨官以完成派系任务。,assets/images/补给消耗品/天青石--f7f9febbf0.png
天青石,• Добыть артефакты «лазурит»,"Чтобы выполнить поручение, добудьте на Территориях артефакты «лазурит» Они чаще попадаются в аномальных зонах и наградах. Когда артефакты будут у вас, отнесите их Ч.А.П.у в Убежище, около системы оповещения.",assets/images/补给消耗品/天青石--f7f9febbf0.png
西红柿,• Приготовить тушеные помидоры,"Чтобы выполнить это поручение, нужно приготовить на очаге тушеные помидоры. Приготовив помидоры, отдайте их Ч.А.П.у в Убежище, около системы оповещения.",assets/images/补给消耗品/炖西红柿--c7f160b33c.png
西红柿,• Отдать тушеные помидоры Ч.А.П.у в Убежище,"Чтобы выполнить это поручение, нужно приготовить на очаге тушеные помидоры. Приготовив помидоры, отдайте их Ч.А.П.у в Убежище, около системы оповещения.",assets/images/补给消耗品/炖西红柿--c7f160b33c.png
西红柿,• Приготовить тушеные помидоры,在壁炉里炖西红柿。炖好之后，将其交给要塞兵团的前哨官以完成派系任务。,assets/images/补给消耗品/炖西红柿--c7f160b33c.png
西红柿,• Отдать тушеные помидоры оплотовцу в Убежище,在壁炉里炖西红柿。炖好之后，将其交给要塞兵团的前哨官以完成派系任务。,assets/images/补给消耗品/炖西红柿--c7f160b33c.png
木板,• Сделать качественные доски,在刨床上生产优质木板，并将其交给要塞兵团的前哨官以完成任务。,assets/images/资源材料/优质木板--1f92e23d6a.png
木板,• Отдать качественные доски оплотовцу в Убежище,在刨床上生产优质木板，并将其交给要塞兵团的前哨官以完成任务。,assets/images/资源材料/优质木板--1f92e23d6a.png
木板,• Сделать качественные доски,"Чтобы выполнить это поручение, нужно сделать качественные доски на верстаке и отдать Ч.А.П.у в Убежище, около системы оповещения.",assets/images/资源材料/优质木板--1f92e23d6a.png
木板,• Отдать качественные доски Ч.А.П.у в Убежище,"Чтобы выполнить это поручение, нужно сделать качественные доски на верстаке и отдать Ч.А.П.у в Убежище, около системы оповещения.",assets/images/资源材料/优质木板--1f92e23d6a.png
苦工,• Обработать бетон на станке каменщика,在泥瓦匠工作台上加工并交付混凝土。处理完成后，将其交给要塞兵团的前哨官以完成派系任务。,assets/images/资源材料/建筑混凝土--5094079ac2.png
苦工,• Отдать обработанный бетон офицеру на аванпосту «Оплота»,在泥瓦匠工作台上加工并交付混凝土。处理完成后，将其交给要塞兵团的前哨官以完成派系任务。,assets/images/资源材料/建筑混凝土--5094079ac2.png
苦工,• Обработать бетон на станке каменщика,"Чтобы выполнить это поручение, нужно обработать бетон на станке каменщика и отдать. Обработав бетон, отнесите его Ч.А.П.у в Убежище, около системы оповещения.",assets/images/资源材料/建筑混凝土--5094079ac2.png
苦工,• Отдать обработанный бетон Ч.А.П.у в Убежище,"Чтобы выполнить это поручение, нужно обработать бетон на станке каменщика и отдать. Обработав бетон, отнесите его Ч.А.П.у в Убежище, около системы оповещения.",assets/images/资源材料/建筑混凝土--5094079ac2.png
徽章,• Добыть знаки Капелланов Распада у Осажденного дома,前往被围困的房屋，消灭狂腐士的精英牧师并获取战利品。他们是狂腐士精英，在活动的一个阶段在房屋附近巡逻。如果你最近完成了被围困的房屋，则需要等待它再次出现。将狗牌交给前哨官以完成派系任务。,assets/images/资源材料/牧师狂腐士狗牌--750286d773.png
Радиоактивная кровь,• Добыть кровь Капелланов Распада у Осажденного дома,"Чтобы выполнить поручение, отправляйтесь к Осажденному Дому, убейте и обыщите Капелланов Распада — элитных Распадников, патрулирующих окрестности дома на одном из этапов события. Если вы недавно прошли Осажденный дом, дождитесь, когда событие появится снова. Отдайте образцы крови Ч.А.П.у в Убежище, около системы оповещения.",assets/images/资源材料/能量块--4581a84736.png
临时凑合的药品,• Произвести бинты,在2级治疗师桌上制作绷带以完成派系任务。,assets/images/补给消耗品/绷带--58b8353fe6.png
收集亚麻,• Вырастить лен,在2级花园土地上种植亚麻以完成派系任务。你可以在领地上找到亚麻种子。,assets/images/资源材料/亚麻--11fa891b81.png
两节电池,• Использовать «энерджайзеры»,在领地中找到并使用补充能量值的神器“能量激发器”以完成派系任务。,assets/images/补给消耗品/能量激发器--6ba4915bcb.png
活体锯木厂,• Добыть сырые доски,在领地上用斧头获取原生木板以完成派系任务。,assets/images/资源材料/原生木板--0217e8a5b8.png
重金属,• Добыть металлолом,在领地上获取废金属并用锤子打破桶以完成派系任务。,assets/images/资源材料/废金属--41a6f0fc87.png
永动机,• Потратить энергию,有些行动会消耗能量值。比如搜索箱子、使用隐形模式，或者开采资源等。但在这个派系任务中，在全局地图上跑动的能量消耗会被忽略。,assets/images/资源材料/能量值--7ef23f1acd.png
领地的清理,• Убить любых противников в «желтых» и «красных» местах,在黄色和红色区杀死土匪、焦尸或野生动物，以完成派系任务。,assets/images/资源材料/焦尸--a4e6e7f3d6.png
魔鬼投弹,• Использовать артефакты «чертов еж»,在战斗中使用魔鬼海胆爆弹投掷神器以完成派系任务。你可以在异象区和其他地点找到这些神器。,assets/images/补给消耗品/魔鬼海胆爆弹--856a77662f.png
彻底治疗,• Использовать артефакты «лазурит»,使用天青石恢复生命值以完成派系任务。你可以在异象区和其他地点找到该神器。,assets/images/补给消耗品/天青石--f7f9febbf0.png
神器轰炸,• Использовать артефакты «лимонка»,在战斗中使用爆裂糖果炸药以完成派系任务。你可以在异象区和其他地点找到该神器。,assets/images/补给消耗品/爆裂糖果--925f7840ea.png
异教徒来了,• Убить Атомного Факельщика у Осажденного дома,杀死被围困的房屋附近的核炬士头目以完成派系任务。如果特殊活动处于非活动状态，则需要等待它出现在全局地图上。,assets/images/任务/土匪头目--9459f43b94.png
仓库之火,• Уничтожить кровавые дыры в Хозмаге,在仓库里使用火焰武器烧毁血色洞穴，以完成派系任务。,assets/images/任务/仓库--eaab157708.png
失物招领,• Обыскать спортивную сумку в Тихой роще,在寂静树丛搜索运动包以完成派系任务。可能需要一段时间才能找到。,assets/images/资源材料/战利品袋--dc0d1a4670.png
减少数量,• Убить любых горелых в «желтых» и «красных» местах,在领地上的黄色和红色区，包括异象区和特殊活动中，杀死任何焦尸以完成派系任务。,assets/images/资源材料/焦尸--a4e6e7f3d6.png
以法律的名义,• Убить любых бандитов в «желтых» и «красных» местах,在黄色和红色区，包括特殊活动中，使用手枪杀死任何土匪，以完成派系任务。,assets/images/资源材料/狂腐士--6166b5fd12.png
铁皮,• Произвести и отдать железные листы офицеру на аванпосте,在2级铁砧上生产铁皮，做好后，将其送到要塞兵团前哨官那里以完成派系任务。,assets/images/资源材料/铁皮--56e75b8da7.png
铁皮,• Отдать железные листы офицеру на аванпосту «Оплота»,在2级铁砧上生产铁皮，做好后，将其送到要塞兵团前哨官那里以完成派系任务。,assets/images/资源材料/铁皮--56e75b8da7.png
铁皮,• Произвести железные листы,"Чтобы выполнить это поручение, нужно произвести железные листы на наковальне 2 ур. и отдать. Когда листы будут готовы, отдайте их Ч.А.П.у в Убежище, около системы оповещения.",assets/images/资源材料/铁皮--56e75b8da7.png
铁皮,• Отдать железные листы Ч.А.П.у в Убежище,"Чтобы выполнить это поручение, нужно произвести железные листы на наковальне 2 ур. и отдать. Когда листы будут готовы, отдайте их Ч.А.П.у в Убежище, около системы оповещения.",assets/images/资源材料/铁皮--56e75b8da7.png
药品供应,• Произвести перевязочные пакеты,在3级治疗师桌上制作伤口敷料以完成派系任务。,assets/images/补给消耗品/伤口敷料--2dc59680d1.png
药品供应,• Произвести перевязочные пакеты,"Чтобы выполнить это поручение, нужно сделать перевязочные пакеты на столе врача 3 ур. и отдать. Когда перевязочные пакеты будут готовы, отдайте их Ч.А.П.у в Убежище, около системы оповещения.",assets/images/补给消耗品/伤口敷料--2dc59680d1.png
药品供应,• Отдать перевязочные пакеты Ч.А.П.у в Убежище,"Чтобы выполнить это поручение, нужно сделать перевязочные пакеты на столе врача 3 ур. и отдать. Когда перевязочные пакеты будут готовы, отдайте их Ч.А.П.у в Убежище, около системы оповещения.",assets/images/补给消耗品/伤口敷料--2dc59680d1.png
有机棉花,• Вырастить хлопок,在3级花园土地上种植棉花，采摘后，将其送到要塞兵团前哨官那里以完成派系任务。,assets/images/资源材料/棉花--39eb74117d.png
有机棉花,• Отдать хлопок офицеру на аванпосту «Оплота»,在3级花园土地上种植棉花，采摘后，将其送到要塞兵团前哨官那里以完成派系任务。,assets/images/资源材料/棉花--39eb74117d.png
有机棉花,• Вырастить хлопок,"Чтобы выполнить это поручение, нужно вырастить хлопок на грядке ур. 3 и отдать. Когда соберете хлопок, отдайте его Ч.А.П.у в Убежище, около системы оповещения.",assets/images/资源材料/棉花--39eb74117d.png
有机棉花,• Отдать хлопок Ч.А.П.у в Убежище,"Чтобы выполнить это поручение, нужно вырастить хлопок на грядке ур. 3 и отдать. Когда соберете хлопок, отдайте его Ч.А.П.у в Убежище, около системы оповещения.",assets/images/资源材料/棉花--39eb74117d.png
铁管,• Произвести железные трубы,在3级铁砧上生产铁管，做好后，将其送到要塞兵团前哨官那里以完成派系任务。,assets/images/资源材料/铁管--2172f8d63f.png
铁管,• Найти и отдать железные трубы офицеру на аванпосту «Оплота»,在3级铁砧上生产铁管，做好后，将其送到要塞兵团前哨官那里以完成派系任务。,assets/images/资源材料/铁管--2172f8d63f.png
铁管,• Произвести железные трубы,"Чтобы выполнить это поручение, нужно произвести железные трубы на наковальне 3 ур. и отдать. Когда трубы будут готовы, отдайте их Ч.А.П.у в Убежище, около системы оповещения.",assets/images/资源材料/铁管--2172f8d63f.png
铁管,• Отдать железные трубы Ч.А.П.у в Убежище,"Чтобы выполнить это поручение, нужно произвести железные трубы на наковальне 3 ур. и отдать. Когда трубы будут готовы, отдайте их Ч.А.П.у в Убежище, около системы оповещения.",assets/images/资源材料/铁管--2172f8d63f.png
推拉神器,• Отдать «тяни-толкаи» офицеру на аванпосту «Оплота»,前往旧加油站，从后院的UAZ越野车中得到推拉神器。旧加油站是一个异象区。如果你最近去过那里，可能需要等待时间重置。取得神器后，将其交给前哨的军官以完成派系任务。,assets/images/资源材料/推拉神器--1adbbba4a4.png
推拉神器,• Отдать «тяни-толкаи» Ч.А.П.у в Убежище,"Чтобы выполнить это поручение, отправляйтесь на Старую АЗС и добудьте артефакты «тяни-толкай» из УАЗа на заднем дворе. Затем отдайте их, нажав на задание в правой части экрана. Старая АЗС — аномальная зона. Если вы недавно прошли ее, придется дождаться темпорального сброса. Когда артефакты будут у вас, отдайте их Ч.А.П.у в Убежище, около системы оповещения.",assets/images/资源材料/推拉神器--1adbbba4a4.png
饮料运送,• Произвести спиртовые грибные настойки,在2级治疗师桌上生产蘑菇苦啤，做好后，将其送到要塞兵团前哨官那里以完成派系任务。,assets/images/补给消耗品/蘑菇苦啤--f48f958206.png
饮料运送,• Найти и отдать спирт. гриб. настойки офицеру «Оплота»,在2级治疗师桌上生产蘑菇苦啤，做好后，将其送到要塞兵团前哨官那里以完成派系任务。,assets/images/补给消耗品/蘑菇苦啤--f48f958206.png
饮料运送,• Произвести спиртовые грибные настойки,"Чтобы выполнить это поручение, нужно сделать спиртовые грибные настойки на столе врача 2 ур. и отдать. Когда настойки будут готовы, отдайте их Ч.А.П.у в Убежище, около системы оповещения.",assets/images/补给消耗品/蘑菇苦啤--f48f958206.png
饮料运送,• Отдать спирт. грибные настойки Ч.А.П.у в Убежище,"Чтобы выполнить это поручение, нужно сделать спиртовые грибные настойки на столе врача 2 ур. и отдать. Когда настойки будут готовы, отдайте их Ч.А.П.у в Убежище, около системы оповещения.",assets/images/补给消耗品/蘑菇苦啤--f48f958206.png
饮料运送,• Произвести спиртовые настойки шиповника,在2级治疗师桌上生产玫瑰果苦啤，做好后，将其送到要塞兵团前哨官那里以完成派系任务。,assets/images/补给消耗品/玫瑰果苦啤--056141cccc.png
饮料运送,• Отдать спирт. настойки шиповника офицеру на аванпосту «Оплота»,在2级治疗师桌上生产玫瑰果苦啤，做好后，将其送到要塞兵团前哨官那里以完成派系任务。,assets/images/补给消耗品/玫瑰果苦啤--056141cccc.png
饮料运送,• Произвести спиртовые настойки шиповника,"Чтобы выполнить это поручение, нужно сделать спиртовые настойки шиповника на столе врача 2 ур. и отдать. Когда настойки будут готовы, отдайте их Ч.А.П.у в Убежище, около системы оповещения.",assets/images/补给消耗品/玫瑰果苦啤--056141cccc.png
饮料运送,• Отдать спирт. настойки шиповника Ч.А.П.у в Убежище,"Чтобы выполнить это поручение, нужно сделать спиртовые настойки шиповника на столе врача 2 ур. и отдать. Когда настойки будут готовы, отдайте их Ч.А.П.у в Убежище, около системы оповещения.",assets/images/补给消耗品/玫瑰果苦啤--056141cccc.png
饮料运送,• Произвести спиртовые настойки на волчьих ягодах,在3级治疗师桌上制作蜀羊泉苦啤，做好后，将其送到要塞前哨官那里以完成派系任务。,assets/images/补给消耗品/蜀羊泉苦啤--2d2fcce293.png
饮料运送,• Найти и отдать спирт. наст. на в. ягодах офицеру «Оплота»,在3级治疗师桌上制作蜀羊泉苦啤，做好后，将其送到要塞前哨官那里以完成派系任务。,assets/images/补给消耗品/蜀羊泉苦啤--2d2fcce293.png
饮料运送,• Произвести спиртовые настойки на волчьих ягодах,"Чтобы выполнить это поручение, нужно сделать спиртовые настойки на волчьих ягодах на столе врача 3 ур. и отдать. Когда настойки будут готовы, отдайте их Ч.А.П.у в Убежище, около системы оповещения.",assets/images/补给消耗品/蜀羊泉苦啤--2d2fcce293.png
饮料运送,• Отдать спирт. настой. на в. ягодах Ч.А.П.у в Убежище,"Чтобы выполнить это поручение, нужно сделать спиртовые настойки на волчьих ягодах на столе врача 3 ур. и отдать. Когда настойки будут готовы, отдайте их Ч.А.П.у в Убежище, около системы оповещения.",assets/images/补给消耗品/蜀羊泉苦啤--2d2fcce293.png
货币储备,• Добыть баксы,找到钱，你可以在任何危险区找到钱，但它们经常出现在黄色和红色区。当你找到一些之后，将其交给要塞兵团的前哨官以完成派系任务。,assets/images/资源材料/钱--d012d98085.png
货币储备,• Отдать баксы Ч.А.П.у в Убежище,"Чтобы выполнить это поручение, найдите баксы. Баксы можно найти на локациях любого уровня опасности — но чаще они попадаются в «желтых» и «красных» зонах.  Когда баксы будут у вас, отдайте их Ч.А.П.у в Убежище, около системы оповещения.",assets/images/资源材料/钱--d012d98085.png
钻石和黄金,• Найти украшения,找到并运送珠宝。你可以在任何危险区找到珠宝，但它们经常出现在黄色和红色区。当你找到一些之后，将其交给要塞兵团的前哨官以完成派系任务。,assets/images/资源材料/珠宝--58d9eed214.png
钻石和黄金,• Отдать драгоценности Ч.А.П.у в Убежище,"Чтобы выполнить это поручение, найдите и отдайте драгоценности. Драгоценности можно найти на локациях любого уровня опасности — но чаще они попадаются в «желтых» и «красных» зонах. Когда драгоценности будут у вас, отдайте их Ч.А.П.у в Убежище, около системы оповещения.",assets/images/资源材料/珠宝--58d9eed214.png
海胆运输,• Найти артефакты «чертов еж»,找到魔鬼海胆爆弹神器，你可以在任意等级的危险区找到这种神器，但它们经常出现在异象区。当你找到一些之后，将其交给要塞兵团的前哨官以完成派系任务。,assets/images/补给消耗品/魔鬼海胆爆弹--856a77662f.png
海胆运输,• Отдать «чертовы ежи» Ч.А.П.у в Убежище,"Чтобы выполнить это поручение, найдите и отдайте артефакты «чертов еж». Артефакты можно найти на локациях любого уровня опасности — но чаще они попадаются в аномальных зонах.  Когда «чертовы ежи» будут у вас, отдайте их Ч.А.П.у в Убежище, около системы оповещения.",assets/images/补给消耗品/魔鬼海胆爆弹--856a77662f.png
仓库大屠杀,• Убить противников в Хозмаге,在仓库里杀死任何敌人来完成派系任务。可能需要不止一次尝试。请等待时间重置。,assets/images/任务/食尸鬼杀手--07f1dc65e0.png
刽子手的惩罚,• Убить Палача Хозмага,要完成此派系任务，请等待刽子手在仓库或监狱重生，然后击杀它。它每次复活后力量都会增强。如果你烧毁所有的血色洞穴，刽子手就无法重生。,assets/images/任务/仓库刽子手--031299efb4.png
打倒精英！,• Убить элитных противников в «красных» зонах,在荒凉山谷或防风林杀死精英敌人以完成派系任务。精英敌人的名称用橙色标明。,assets/images/任务/土匪头目--506b2950a7.png
全面消灭,• Убить любых противников в «красных» местах,在红色区、仓库或尖叫森林杀死土匪、焦尸或野生动物，以完成派系任务。,assets/images/资源材料/焦尸--a4e6e7f3d6.png
清澈透明,• Найти водку «Гарковская»,找到并运送加尔科夫伏特加。你可以在领地各处找到它，但主要是在仓库和红色区。当你找到一些之后，将其交给要塞兵团的前哨官以完成派系任务。,assets/images/补给消耗品/“Garkoff”伏特加--56bb71573d.png
清澈透明,• Отдать «Гарковскую» Ч.А.П.у в Убежище,"Чтобы выполнить это поручение, найдите и отдайте «Гарковскую». Она встречается по всем Территориям, но чаще всего — в Хозмаге и «красных» зонах. Когда «Гарковская» будет у вас, отдайте ее Ч.А.П.у в Убежище, около системы оповещения.",assets/images/补给消耗品/“Garkoff”伏特加--56bb71573d.png
啤酒花和麦芽,• Найти «Мистику-76»,找到并运送战前啤酒。你可以在领地各处找到它，但主要是在危险的红色区和异象区。当你找到一些之后，将其交给要塞兵团的前哨官以完成派系任务。,assets/images/补给消耗品/战前啤酒--3652084e5a.png
啤酒花和麦芽,• Отдать «Мистику-76» Ч.А.П.у в Убежище,"Чтобы выполнить это поручение, найдите и отдайте «Мистику-76». Она встречается по всем Территориям, но чаще всего — в опасных «красных» местах и аномальных зонах. Когда «Мистика-76» будет у вас, отдайте ее Ч.А.П.у в Убежище, около системы оповещения.",assets/images/补给消耗品/战前啤酒--3652084e5a.png
诚实的交易,• Поторговать с торговцем Союза,与贸易联盟商人交易以完成派系任务。你可能需要等待他的营地出现在全局地图上。,assets/images/地图地点/商人的营地--1a9817e7d0.png
购买装备,• Поторговать с механиком Занозой,与工程师斯普林特交易以完成派系任务。你可能需要等待她的营地出现在全局地图上。,assets/images/任务/自行车赛季--f45c38dad9.png
自然最棒,Приготовить любые настойки,要解锁药水鉴赏家技能，请在治疗师桌制备药水。,assets/images/补给消耗品/玫瑰果苦啤--056141cccc.png
自然最棒,Приготовить любые настойки,要解锁药水达人技能，请在治疗师桌制备药水。,assets/images/补给消耗品/玫瑰果苦啤--056141cccc.png
自然最棒,Убить 20 Могильщиков из пистолета в «красных» местах,要解锁药水专家技能，请在治疗师桌制备药水。,assets/images/补给消耗品/玫瑰果苦啤--056141cccc.png
Биоматериалы Хватов,• Добыть биоматериалы Хватов,"Чтобы выполнить это поручение, убивайте Хватов на Территориях, обыскивайте их, и забирайте биоматериалы. Хваты чаще встречаются не в «зеленых» местах, а в «желтых» и «красных».",assets/images/资源材料/能量块--4581a84736.png
Биоматериалы Когтей,• Добыть биоматериалы Когтей,在黄色和红色区杀死克劳怪，并夺取死灵晶体以完成剧情任务。,assets/images/资源材料/能量块--4581a84736.png
Биоматериалы Язычников,• Добыть биоматериалы Язычников,"Чтобы выполнить это поручение, убивайте Язычников на Территориях, обыскивайте их и забирайте биоматериалы. Язычники чаще встречаются в местах «красным» уровнем опасности и в Хозмаге.",assets/images/资源材料/能量块--4581a84736.png
消灭留名者,• Добыть уши Хватов,在黄色和红色区杀死留名者， 并夺取其耳朵以完成派系任务。,assets/images/资源材料/留名者耳朵--a081da9e37.png
消除克劳怪,• Добыть уши Когтей,在黄色和红色区杀死克劳怪， 并夺取其耳朵以完成派系任务。,assets/images/资源材料/克劳怪耳朵--c95d9e3878.png
消灭长舌僵尸,• Добыть уши Язычников,在黄色和红色区或仓库中杀死长舌僵尸，并夺取其耳朵以完成派系任务。,assets/images/资源材料/长舌僵尸耳朵--5f61a8b521.png
Довоенные исследования,• Найти отчеты ученого в домах на Выжженных землях,"Чтобы выполнить это поручение, отправляйтесь на Выжженные земли и обыскивайте дома. Вам может потребоваться вернуться на Выжженные земли несколько раз, чтобы найти все отчеты.",assets/images/资源材料/能量块--4581a84736.png
在家工作,• Найти рапорты офицера в домах на Опушке Леса,在森林郊区搜索房屋并收集官员的报告以完成派系任务。你可能需要多次返回此地点。,assets/images/资源材料/官员的报告--556325f1cd.png
Завалившаяся папка,• Найти записи ученого в домах на Лесополосе,"Чтобы выполнить это поручение, отправляйтесь в Лесополосу и обыскивайте дома. Вам может потребоваться вернуться туда несколько раз, чтобы найти записи.",assets/images/资源材料/能量块--4581a84736.png
未命名任务,,,assets/images/任务/商人--dfe04bbb76.png
违章停车,• Найти докладные офицера в машинах в Мертвой низине,在荒凉山谷搜索汽车以完成派系任务。你可能需要多次返回此地点。,assets/images/资源材料/机密文件--1348c408c4.png
Наэлектризованная кровь,• Добыть образец крови Мертвого сторожа на Старой АЗС,在旧加油站杀死僵尸守卫并夺取战利品以完成剧情任务。,assets/images/资源材料/能量块--4581a84736.png
消灭守卫,• Добыть ухо Мертвого сторожа на Старой АЗС,在旧加油站杀死僵尸守卫并夺取战利品以完成派系任务。这是一个异象区域。你可能需要等待时间重置。,assets/images/资源材料/僵尸守卫的耳朵--38c78c7714.png
Потерявшийся сотрудник,• Найти записи ученого в домах на Опушке Леса,"Чтобы выполнить это поручение, отправляйтесь на Опушку Леса и обыскивайте дома. Вам может потребоваться вернуться туда несколько раз, чтобы найти все записи.",assets/images/资源材料/能量块--4581a84736.png
逃兵名单,• Найти докладные офицера в домах на Выжженных землях,在焦尸土地搜索房屋以完成派系任务。你可能需要多次返回此地点。,assets/images/资源材料/机密文件--1348c408c4.png
食尸鬼纪念碑,• Достать фрагмент алтаря в Хозмаге,前往仓库，疏通通道，摧毁南侧或监狱处的食尸鬼祭坛并夺取战利品，完成派系任务。在疏通通道之前，记得先烧掉北部的所有血色洞穴。,assets/images/资源材料/血色祭坛碎片--4ce1f1af57.png
食尸鬼纪念碑,• Достать фрагмент алтаря в Хозмаге,前往仓库，疏通通道，摧毁南侧或监狱处的食尸鬼祭坛并夺取战利品，完成派系任务。在疏通通道之前，记得先烧掉北部的所有血色洞穴。,assets/images/资源材料/血色祭坛碎片--4ce1f1af57.png
Образцы «пиявочников»,• Добыть образцы из аномалий в Хозмаге,"Чтобы выполнить это поручение, убивайте аномалии в Хозмаге и собирайте с них образцы.  Когда образцы будут у вас, отдайте их Ч.А.П.у в Убежище, около системы оповещения.",assets/images/资源材料/能量块--4581a84736.png
Аномальная кора,• Добыть образцы древесной коры в Лесополосе,"Чтобы выполнить это поручение, запаситесь топорами и экипировкой, отправляйтесь в Лесополосу и рубите там деревья. Когда образцы будут у вас, отдайте их Ч.А.П.у в Убежище, около системы оповещения.",assets/images/资源材料/能量块--4581a84736.png
Робот — друг человека,• Найти фрагменты Ч.А.П.а Института в Мертвой низине,"Чтобы выполнить это поручение, обыскивайте тела бандитов и горелых в Мертвой низине, пока не найдете фрагменты Ч.А.П.а. Вам может потребоваться вернуться туда несколько раз. Когда фрагменты будут у вас, отдайте их Ч.А.П.у в Убежище, около системы оповещения.",assets/images/资源材料/能量块--4581a84736.png
冲锋枪单元,• Найти пулеметные ленты в машинах в Мертвой низине,在荒凉山谷的汽车中找到弹链。你可能需要多次返回此地点。找到弹链并将其交给要塞兵团前哨官以完成派系任务。,assets/images/资源材料/弹链--bc4028450c.png
军用无人机,• Найти фрагменты боевого дрона в Мертвой низине,在荒凉山谷搜索盒子、背包和袋子以找到要塞兵团的无人机碎片。你可能需要多次返回此地点。找到之后，将神器交给要塞兵团前哨官以完成派系任务。,assets/images/资源材料/军用无人机碎片--70df4a951a.png
Фонящий металл,• Добыть образцы металла из бочек в Мертвой низине,"Чтобы выполнить это поручение, запаситесь инструментами и экипировкой, отправляйтесь в Мертвую низину и разбивайте металлические бочки. Когда образцы будут у вас, отдайте их Ч.А.П.у в Убежище, около системы оповещения.",assets/images/资源材料/能量块--4581a84736.png
军事库存,"• Найти сухпай, разбивая киркой бочки в Мертвой низине",在荒凉山谷中仅使用镐或硬化锤子破坏桶，找到口粮以完成任务。将口粮交给要塞兵团的前哨官。,assets/images/资源材料/要塞兵团的口粮--508c139012.png
烧毁的电容器,• Найти конденсаторы в трансформаторах в Лесополосе,在防风林搜索电力变流器隔间以完成派系任务。你可能需要多次返回此地点。,assets/images/资源材料/电容器--63190efa55.png
未命名任务,"• Принести «чертовы ежи»
• Принести «лимонки»",你还有一份来自莱科维奇的订单。 这一次他想要魔鬼海胆爆弹和爆裂糖果。 你可以在黄色和红色危险区、 特殊事件期间和异常区找到它们 。,assets/images/补给消耗品/魔鬼海胆爆弹--856a77662f.png
魔鬼投弹,• Использовать артефакты «чертов еж»,在战斗中使用魔鬼海胆爆弹投掷神器以完成派系任务。你可以在异象区和其他地点找到这些神器。,assets/images/补给消耗品/魔鬼海胆爆弹--856a77662f.png
神器轰炸,• Использовать артефакты «лимонка»,在战斗中使用爆裂糖果炸药以完成派系任务。你可以在异象区和其他地点找到该神器。,assets/images/补给消耗品/爆裂糖果--925f7840ea.png
海胆运输,• Найти артефакты «чертов еж»,找到魔鬼海胆爆弹神器，你可以在任意等级的危险区找到这种神器，但它们经常出现在异象区。当你找到一些之后，将其交给要塞兵团的前哨官以完成派系任务。,assets/images/补给消耗品/魔鬼海胆爆弹--856a77662f.png
海胆运输,• Найти артефакты «чертов еж»,找到并交付魔鬼海胆爆弹。你可以在任意等级的危险区找到这种神器，但它们经常出现在异象区。当你找到一些之后，将其交给游荡者营地仓库的眼镜蛇以完成派系任务。,assets/images/补给消耗品/魔鬼海胆爆弹--856a77662f.png
未命名任务,"• Принести «чертовы ежи»
• Принести «лимонки»",你还有一份来自莱科维奇的订单。 这一次他想要魔鬼海胆爆弹和爆裂糖果。 你可以在黄色和红色危险区、 特殊事件期间和异常区找到它们 。,assets/images/补给消耗品/魔鬼海胆爆弹--856a77662f.png
未命名任务,"• Принести «чертовы ежи»
• Принести «лимонки»",你还有一份来自莱科维奇的订单。 这一次他想要魔鬼海胆爆弹和爆裂糖果。 你可以在黄色和红色危险区、 特殊事件期间和异常区找到它们 。,assets/images/补给消耗品/魔鬼海胆爆弹--856a77662f.png
猎人和皮革商,• Убить 40 волков или лосей в «желтых» местах,要解锁职业皮革商技能，在黄色和红色区杀死麋鹿或狼。,assets/images/任务/持刀狩猎--e40aea26c0.png
猎人和皮革商,• Убить 60 волков или лосей в «красных» местах,要解锁著名皮革商技能，在荒凉山谷或防风林杀死麋鹿或狼。,assets/images/任务/持刀狩猎--e40aea26c0.png
旧加油站死灵晶体,• Добыть некрокристаллы из горелых на Старой АЗС,在旧加油站杀死任何焦尸并夺取战利品，收集死灵晶体以完成派系任务。,assets/images/资源材料/死灵晶体--46eabe10a0.png
钢筋供应,• Произвести арматуру,在铁砧上生产钢筋，然后交给仓库的眼镜蛇。,assets/images/资源材料/钢筋--08db8f68c1.png
钢筋供应,• Отдать арматуру,在铁砧上生产钢筋，然后交给仓库的眼镜蛇。,assets/images/资源材料/钢筋--08db8f68c1.png
糖果爆炸,• Добыть артефакты «лимонка»,"Чтобы выполнить поручение, добудьте на Территориях артефакты «лимонка» Они чаще попадаются в аномальных зонах и наградах. Когда артефакты будут у вас, отнесите их Ч.А.П.у в Убежище, около системы оповещения.",assets/images/补给消耗品/爆裂糖果--925f7840ea.png
有铁锭吗？,• Произвести железные чушки,在2级铁砧上生产铁锭，并将其送到仓库的眼镜蛇那里。,assets/images/资源材料/铁锭--c1d90e745f.png
有铁锭吗？,• Отдать железные чушки Кобре у Хозмага,在2级铁砧上生产铁锭，并将其送到仓库的眼镜蛇那里。,assets/images/资源材料/铁锭--c1d90e745f.png
不可能的物体,• Найти невозможное оригами в Заброшенной Лачуге,搜索废弃小屋以获取不可能的折纸，并将名单交给仓库的眼镜蛇以完成派系任务。如果特殊活动处于非活动状态，则需要等待它出现在全局地图上。,assets/images/资源材料/不可能的折纸--93b558186d.png
仓库里的死灵晶体,• Добыть некрокристаллы из Туш в Хозмаге,杀死仓库中的肌肉焦尸，取得死灵晶体，并将其交给游荡者营地仓库的眼镜蛇。,assets/images/资源材料/仓库里的死灵晶体--b24f8c64f7.png
仓库造物,• Добыть «кровавые слезы» в Хозмаге,从仓库的血色洞穴里得到血泪球。将其交给眼镜蛇以完成该剧情任务。,assets/images/资源材料/血泪球--18cce58e94.png
天青石,• Добыть и отдать «лазуриты» Кобре у Хозмага,获取异象区的天青石神器和奖励，并将其交给仓库的眼镜蛇以完成派系任务。,assets/images/补给消耗品/天青石--f7f9febbf0.png
西红柿,• Приготовить тушеные помидоры,在壁炉里炖西红柿。炖好之后，将其交给仓库游荡者营地的眼镜蛇以完成派系任务。,assets/images/补给消耗品/炖西红柿--c7f160b33c.png
西红柿,• Отдать тушеные помидоры Кобре у Хозмага,在壁炉里炖西红柿。炖好之后，将其交给仓库游荡者营地的眼镜蛇以完成派系任务。,assets/images/补给消耗品/炖西红柿--c7f160b33c.png
木板,• Сделать качественные доски,在刨床上生产优质木板，并将其交给游荡者营地仓库的眼镜蛇以完成任务。,assets/images/资源材料/优质木板--1f92e23d6a.png
木板,• Отдать качественные доски Кобре у Хозмага,在刨床上生产优质木板，并将其交给游荡者营地仓库的眼镜蛇以完成任务。,assets/images/资源材料/优质木板--1f92e23d6a.png
苦工,• Обработать бетон на станке каменщика,在泥瓦匠工作台上加工并交付混凝土。处理完成后，将其交给游荡者营地仓库的眼镜蛇以完成派系任务。,assets/images/资源材料/建筑混凝土--5094079ac2.png
苦工,• Отдать обработанный бетон Кобре у Хозмага,在泥瓦匠工作台上加工并交付混凝土。处理完成后，将其交给游荡者营地仓库的眼镜蛇以完成派系任务。,assets/images/资源材料/建筑混凝土--5094079ac2.png
狂热分子的蜡封,• Добыть печати Капелланов Распада у Осажденного дома,前往被围困的房屋，消灭狂腐士的精英牧师并获取战利品。他们是狂腐士精英，在活动的一个阶段在房屋附近巡逻。如果你最近完成了被围困的房屋，则需要等待它再次出现。将蜡封交给游荡者营地仓库的眼镜蛇以完成派系任务。,assets/images/资源材料/牧师狂腐士的蜡封--e2c4abf91f.png
留名者的死灵晶体,• Добыть некрокристаллы Хватов,在黄色和红色区杀死留名者，并夺取死灵晶体以完成派系任务。有时在绿色区也能遇到留名者。,assets/images/资源材料/留名者的死灵晶体--487c514d12.png
混凝土男爵,Убить 20 Могильщиков из пистолета в «красных» местах,要解锁混凝土工人技能，在领地内花费能量值，使用工具砸毁混凝土块。,assets/images/任务/混凝土男爵--e3bc884075.png
克劳怪的死灵晶体,• Добыть некрокристаллы Когтей,在黄色和红色区杀死克劳怪，并夺取死灵晶体以完成派系任务。,assets/images/资源材料/克劳怪的死灵晶体--a2a959e45d.png
长舌僵尸的死灵晶体,• Добыть некрокристаллы Язычников,在红色区或仓库中杀死长舌僵尸，并夺取死灵晶体以完成派系任务。,assets/images/资源材料/长舌僵尸的死灵晶体--77a590bd8b.png
西图斯之石,• Найти «камни Тесея» в домах на Выжженных землях,在焦尸土地搜索房屋，收集西图斯之石以完成派系任务。你可能需要多次返回此地点。,assets/images/资源材料/西图斯之石--e8385a1ec9.png
铁皮,• Произвести железные листы,在2级铁砧上生产铁皮，做好后，将其送到游荡者营地仓库的眼镜蛇那里以完成派系任务。,assets/images/资源材料/铁皮--56e75b8da7.png
铁皮,• Отдать железные листы Кобре у Хозмага,在2级铁砧上生产铁皮，做好后，将其送到游荡者营地仓库的眼镜蛇那里以完成派系任务。,assets/images/资源材料/铁皮--56e75b8da7.png
药品供应,• Произвести перевязочные пакеты,在3级治疗师桌上制作伤口敷料以完成派系任务。,assets/images/补给消耗品/伤口敷料--2dc59680d1.png
有机棉花,• Вырастить хлопок,在3级花园土地上种植棉花，采摘后，将其交给仓库附近的游荡者营地的眼镜蛇以完成派系任务。,assets/images/资源材料/棉花--39eb74117d.png
有机棉花,• Отдать хлопок Кобре у Хозмага,在3级花园土地上种植棉花，采摘后，将其交给仓库附近的游荡者营地的眼镜蛇以完成派系任务。,assets/images/资源材料/棉花--39eb74117d.png
奇怪的信,• Найти письмо неизвестному в домах на Лесополосе,在防风林搜索房屋以完成派系任务。你可能需要多次返回此地点。,assets/images/资源材料/奇怪的信--00a626861d.png
守卫的死灵晶体,• Добыть некрокристаллы Мертвого сторожа на Старой АЗС,在旧加油站杀死僵尸守卫并夺取战利品以完成派系任务。,assets/images/资源材料/僵尸守卫的死灵晶体--ff2bd95111.png
推拉神器,• Отдать «тяни-толкаи» Кобре у Хозмага,前往旧加油站，从后院的UAZ越野车中获得推拉神器。旧加油站是一个异象区。如果你最近去过那里，可能需要等待时间重置。取得神器后，将其交给游荡者营地仓库的眼镜蛇以完成派系任务。,assets/images/资源材料/推拉神器--1adbbba4a4.png
铁管,• Произвести железные трубы,在3级铁砧上生产铁管，做好后，将其交给游荡者营地仓库的眼镜蛇那里以完成派系任务。,assets/images/资源材料/铁管--2172f8d63f.png
铁管,• Отдать железные трубы Кобре у Хозмага,在3级铁砧上生产铁管，做好后，将其交给游荡者营地仓库的眼镜蛇那里以完成派系任务。,assets/images/资源材料/铁管--2172f8d63f.png
温暖之屋,• Найти артефакты «теплушка» в домах на Опушке Леса,在森林郊区搜索房屋以完成派系任务。你可能需要多次返回此地点。,assets/images/资源材料/暖绒球--2d7c47c9d6.png
饮料运送,• Произвести спиртовые грибные настойки,在2级治疗师桌上生产蘑菇苦啤，做好后，将其送到游荡者营地仓库的眼镜蛇那里以完成派系任务。,assets/images/补给消耗品/蘑菇苦啤--f48f958206.png
饮料运送,• Отдать спирт. грибные настойки Кобре у Хозмага,在2级治疗师桌上生产蘑菇苦啤，做好后，将其送到游荡者营地仓库的眼镜蛇那里以完成派系任务。,assets/images/补给消耗品/蘑菇苦啤--f48f958206.png
饮料运送,• Произвести спиртовые настойки шиповника,在2级治疗师桌上生产玫瑰果苦啤，做好后，将其送到要塞兵团前哨官那里以完成派系任务。,assets/images/补给消耗品/玫瑰果苦啤--056141cccc.png
饮料运送,• Найти и отдать спиртовые настойки шиповника Кобре,在2级治疗师桌上生产玫瑰果苦啤，做好后，将其送到要塞兵团前哨官那里以完成派系任务。,assets/images/补给消耗品/玫瑰果苦啤--056141cccc.png
饮料运送,• Произвести спиртовые настойки на волчьих ягодах,在3级治疗师桌上生产蜀羊泉苦啤，做好后，将其送到游荡者营地仓库的眼镜蛇那里以完成派系任务。,assets/images/补给消耗品/蜀羊泉苦啤--2d2fcce293.png
饮料运送,• Найти и отдать спирт. наст. на в. ягодах Кобре,在3级治疗师桌上生产蜀羊泉苦啤，做好后，将其送到游荡者营地仓库的眼镜蛇那里以完成派系任务。,assets/images/补给消耗品/蜀羊泉苦啤--2d2fcce293.png
货币储备,• Добыть баксы,找到钱，你可以在任何危险区找到钱，但它们经常出现在黄色和红色区。当你找到一些之后，将其交给游荡者营地仓库的眼镜蛇以完成派系任务。,assets/images/资源材料/钱--d012d98085.png
钻石和黄金,• Найти украшения,找到并运送珠宝。你可以在任何危险区找到珠宝，但它们经常出现在黄色和红色区。当你找到一些之后，将其交给游荡者营地仓库的眼镜蛇以完成派系任务。,assets/images/资源材料/珠宝--58d9eed214.png
海胆运输,• Отдать «чертовы ежи» Ч.А.П.у в Убежище,"Чтобы выполнить это поручение, найдите и отдайте артефакты «чертов еж». Артефакты можно найти на локациях любого уровня опасности — но чаще они попадаются в аномальных зонах.  Когда «чертовы ежи» будут у вас, отдайте их Ч.А.П.у в Убежище, около системы оповещения.",assets/images/补给消耗品/魔鬼海胆爆弹--856a77662f.png
海胆运输,• Найти артефакты «чертов еж»,找到并交付魔鬼海胆爆弹。你可以在任意等级的危险区找到这种神器，但它们经常出现在异象区。当你找到一些之后，将其交给游荡者营地仓库的眼镜蛇以完成派系任务。,assets/images/补给消耗品/魔鬼海胆爆弹--856a77662f.png
吸血蛭的死灵晶体,• Добыть некрокристаллы из аномалий в Хозмаге,只使用手榴弹杀死仓库中的吸血蛭，从它们那里取得死灵晶体。你可能需要多次回到这个地点。将死灵晶体交给仓库的眼镜蛇。,assets/images/资源材料/吸血蛭的死灵晶体--fe6210a8a2.png
森林蝾螈,• Добыть артефакты из деревьев Лесополосы пожарным топором,囤积斧头和装备，前往防风林并砍倒树木。获得神器后，将其交给仓库的眼镜蛇以完成派系任务。,assets/images/资源材料/蝾螈--d59029937f.png
警笛之歌,• Отдать артефакты «сирена» Кобре у Хозмага,在荒凉山谷用火焰杀死土匪和焦尸，夺取警笛神器。你可能需要多次返回此地点。将警笛交给仓库的眼镜蛇。,assets/images/资源材料/警笛--27a1b9fa5d.png
清澈透明,• Найти водку «Гарковская»,找到并运送加尔科夫伏特加。你可以在各处找到它，但主要是在仓库和红色区。当你找到一些之后，将其交给游荡者营地仓库的眼镜蛇以完成派系任务。,assets/images/补给消耗品/“Garkoff”伏特加--56bb71573d.png
啤酒花和麦芽,• Найти «Мистику-76»,找到并运送战前啤酒。你可以在领地各处找到它，但主要是在危险的红色区和异象区。当你找到一些之后，将其交给游荡者营地仓库的眼镜蛇以完成派系任务。,assets/images/补给消耗品/战前啤酒--3652084e5a.png
黑色蜘蛛网,• Добыть «черный саван» из бочек в Мертвой низине,囤积工具和装备，前往荒凉山谷，并破坏金属桶。获得黑色寿衣神器后，将其交给游荡者营地仓库的眼镜蛇以完成派系任务。,assets/images/资源材料/黑色寿衣--ebf948978b.png
生存技能,掌握良好健康技能,现在可以使用新技能了！打开“技能”界面，在技能量表中投入技能点数，掌握“良好健康”技能。,assets/images/任务/生存技能--67f66c5d44.png
储料设施,• Выменять координаты «Стокера» на Стоянке механика,你需要安全路线图才能进入储料设施，并与头目战斗以获得神经质粒和其他奖励。你可以在斯普林特商人的营地用赤红丝带神器与研究所的CHAP交易路线图碎片，该神器可以在仓库的血色祭坛获得。,assets/images/资源材料/储料路线图--6803f2c73b.png
二极管设施,• Выменять координаты «Диода» на Стоянке механика,你需要安全路线图才能进入二极管设施，并与头目战斗以获得神经质粒和其他奖励。你可以在斯普林特商人的营地用加减神器与研究所的CHAP交易路线图碎片，该神器可以在旧加油站的枪手箱子里获得。,assets/images/资源材料/二极管路线图--1efe3790ca.png
双子设施,• Выменять координаты «Близнецов» на Стоянке механика,你需要安全路线图才能进入双子设施，并与头目战斗以获得神经质粒和其他奖励。你可以在斯普林特商人的营地用蛇眼神器与研究所的CHAP交易路线图碎片，该神器可以在红色危险区的空投中获得。,assets/images/资源材料/双子路线图--7f7cb8471b.png
未命名任务,,,
未命名任务,,,assets/images/任务/商人--dfe04bbb76.png
未命名任务,,,assets/images/任务/商人--dfe04bbb76.png
未命名任务,,,assets/images/任务/商人--dfe04bbb76.png
暗区中心,• Найти груз пвп лока,一架为研究所执行任务的鹰队直升机在暗区中心坠毁。残骸附近有一个暗物质探测器。搜索尸体以找到它。你需要灭绝者铠甲才能到达暗区中心。,assets/images/资源材料/暗物质探测器--8117c37bd9.png
给坪瑟的探测器,• Отдать груз пвп лока,离开暗区，把暗物质探测器交给坪瑟的CHAP。进入传送门，他正在另一边等着你。,assets/images/任务/给坪瑟的探测器--e1c9a70ed6.png
未命名任务,• технический управляющий квест пвп [y],,assets/images/资源材料/双子路线图--7f7cb8471b.png
未命名任务,,,assets/images/资源材料/焦尸--a4e6e7f3d6.png
清理寂静树丛,• Убить врагов в Тихой роще,前往寂静树丛杀死焦尸、土匪或狼以完成领地清理活动。,assets/images/资源材料/寂静树丛--c07debcca0.png
清理荒原,• Убить врагов на Железных пустошах,在铁荒原杀死土匪、焦尸或狼，以完成清理领地活动。,assets/images/资源材料/铁荒原--bd4e42442a.png
清理寂静树丛,• Убить врагов в Тихой роще дальнобойным оружием,使用弓、十字弓和枪械在寂静树丛杀死焦尸、土匪或狼。使用投掷武器杀敌不符合条件。,assets/images/资源材料/寂静树丛--c07debcca0.png
清理荒原,• Убить врагов на Железных пустошах дальнобойным оружием,使用弓、十字弓和枪械在铁荒原杀死焦尸、土匪或狼。使用投掷武器杀敌不符合条件。多次访问该地点以完成剧情任务。,assets/images/资源材料/铁荒原--bd4e42442a.png
旧加油站的守卫,• Убить Мертвого сторожа на АЗС дальнобойным оружием,使用弓、十字弓和枪械在旧加油站杀死僵尸守卫。使用投掷武器杀敌不符合条件。如果无法访问旧加油站，请完成瑞弗特的剧情任务。,assets/images/任务/旧加油站的守卫--49769b7831.png
突袭黄色区,• Убить врагов в «желтых» местах дальнобойным оружием,使用弓、十字弓和枪械在焦尸土地或森林郊区杀死焦尸、土匪或狼。使用投掷武器和破坏异象杀敌不符合条件。多次访问地点以完成剧情任务。,assets/images/任务/突袭黄色区--47850e7ab2.png
突袭红色区,• Убить врагов в «красных» местах дальнобойным оружием,使用弓、十字弓和枪械在荒凉山谷或防风林杀死焦尸、土匪或狼。使用投掷武器和破坏异象杀敌不符合条件。多次访问地点以完成剧情任务。,assets/images/任务/突袭红色区--b31ec6a8cc.png
清理狂腐士,• Убить Распадников у Осажденного дома дальнобойным оружием,使用弓、十字弓和枪械在被围困的房屋杀死狂腐士。使用投掷武器杀敌不符合条件。,assets/images/地图地点/被围困的房屋--a9dc4a2b8b.png
旧加油站的守卫,• Убить Мертвого сторожа на АЗС дальнобойным оружием,使用弓、十字弓和枪械在旧加油站杀死僵尸守卫。使用投掷武器杀敌不符合条件。如果无法访问旧加油站，请完成瑞弗特的剧情任务。,assets/images/任务/旧加油站的守卫--49769b7831.png
黑暗克隆攻击,• Подготовиться к нападению,看来坠毁的直升机吸引了黑暗克隆。准备面对攻击吧！,assets/images/任务/黑暗克隆攻击--b2e501c4ed.png
黑暗克隆攻击,• убить волну 1  пвп лока,在找到暗物质探测器之前，你需要杀死第二群黑暗克隆，以免它们杀死你。,assets/images/任务/黑暗克隆攻击--b2e501c4ed.png
黑暗克隆攻击,• убить волну 2  пвп лока,在找到暗物质探测器之前，你需要杀死第二群黑暗克隆，以免它们杀死你。,assets/images/任务/黑暗克隆攻击--b2e501c4ed.png
暗区中心,• забрать груз пвп лока,一架为研究所执行任务的鹰队直升机在暗区中心坠毁。残骸附近有一个暗物质探测器。搜索尸体以找到它。你需要灭绝者铠甲才能到达暗区中心。,assets/images/资源材料/暗物质探测器--8117c37bd9.png
未命名任务,,,assets/images/任务/商人--dfe04bbb76.png
未命名任务,,,assets/images/任务/商人--dfe04bbb76.png
幸存飞行员,• Найти пилота пвп лока,在为研究所执行任务时，一架鹰队直升机在暗区中心坠毁。坪瑟确信飞行员还活着，并且他有科学家需要的暗物质探测器。找到并保护飞行员。你需要灭绝者铠甲才能到达暗区中心。,assets/images/任务/幸存飞行员--ac9d6333c5.png
幸存飞行员,• Поговорить с пилотом пвп лока,你发现了直升机残骸和幸存的鹰队飞行员。坪瑟说，飞行员知道暗物质探测器在哪里。和飞行员交谈。,assets/images/任务/幸存飞行员--ac9d6333c5.png
黑暗克隆攻击,• Подготовиться к нападению,你不是唯一一个找到直升机的人。准备面对复制体的攻击，记住：如果鹰队飞行员死亡，你的剧情任务会失败！,assets/images/任务/黑暗克隆攻击--b2e501c4ed.png
黑暗克隆攻击,• убить волну 1  пвп лока,保护飞行员并杀死复制体。记住：如果鹰队飞行员死亡，你的剧情任务会失败！,assets/images/任务/黑暗克隆攻击--b2e501c4ed.png
黑暗克隆攻击,• убить волну 2 пвп лока,保护飞行员并杀死黑暗复制体。记住：如果鹰队飞行员死亡，该派系任务就会失败。,assets/images/任务/黑暗克隆攻击--b2e501c4ed.png
幸存飞行员,• поговорить с пилотом пвп лока,你解决了黑暗克隆。现在与鹰队飞行员交谈，并从他那里得到暗物质探测器。,assets/images/任务/幸存飞行员--ac9d6333c5.png
给坪瑟的探测器,• Отдать груз пвп лока,离开暗区，把暗物质探测器交给坪瑟的CHAP。进入传送门，他正在另一边等着你。,assets/images/任务/给坪瑟的探测器--e1c9a70ed6.png
未命名任务,,,assets/images/任务/商人--dfe04bbb76.png
未命名任务,,,assets/images/任务/商人--dfe04bbb76.png
未命名任务,,,assets/images/任务/商人--dfe04bbb76.png
暗区传送门,• Поговорить с Клешней пвп лока,坪瑟有一个在暗区的剧情任务给你。前往坪瑟的地下室，与他交谈以了解详细情况。,assets/images/任务/暗区传送门--0d33141b27.png
暗区传送门,• Зайти в портал пвп лока,要完成坪瑟的剧情任务，请通过坪瑟在地下室的传送门进入暗区。你需要暗区钥匙才能进入传送门。,assets/images/任务/暗区传送门--a64068a2fe.png
黯黑模块,• Уничтожить модуль «Tenebrae» в Темной Зоне,坪瑟要你摧毁黯黑模块，以防研究所恢复通往暗区的虫洞。请尝试从远处摧毁模块。如果你离得太近，它会对你造成伤害。请注意，你需要灭绝者铠甲套装才能到达暗区中心。,assets/images/任务/黯黑模块--ef0cd01b90.png
黯黑模块,• Рассказать Клешне об уничтожении модуля,你已经摧毁了暗区中心的黯黑模块。研究所需要花费好一番工夫才能恢复访问。现在，你需要到坪瑟的地下室向坪瑟的CHAP报告。,assets/images/任务/给坪瑟的探测器--e1c9a70ed6.png
返回坪瑟处,• Вернуться в подвал с порталом,你已完成坪瑟的剧情任务。前往传送门地下室，以退出暗区。,assets/images/任务/暗区传送门--a64068a2fe.png
返回坪瑟处,• Вернуться в подвал с порталом,你已完成坪瑟的剧情任务。前往传送门地下室，以退出暗区。,assets/images/任务/暗区传送门--a64068a2fe.png
返回坪瑟处,• Вернуться в подвал с порталом,你已完成坪瑟的剧情任务。前往传送门地下室，以退出暗区。,assets/images/任务/暗区传送门--a64068a2fe.png
远距信号,• Поговорить с Клепкой в подвале Убежища,当你收到瑞弗特的消息时，你正打算出击。前往避难所地下室，与瑞弗特交谈。,assets/images/任务/陷入困境的女孩--52b57d5c54.png
远距信号,• Уничтожить алтарь Распадников в Мертвой Низине,瑞弗特的铁匠朋友英格丽德在远处陷入了困境。RADD的功率不足以与她取得联系。瑞弗特建议你尝试从荒凉山谷联系她。你需要破坏狂腐士的祭坛以免受到干扰。完成后请返回全局地图。,assets/images/任务/邪教徒的祭坛--3a20f3adaa.png
远距信号,• Выйти из Мертвой низины на глобальную карту,瑞弗特的铁匠朋友英格丽德在远处陷入了困境。RADD的功率不足以与她取得联系。瑞弗特建议你尝试从荒凉山谷联系她。你需要破坏狂腐士的祭坛以免受到干扰。完成后请返回全局地图。,assets/images/地图地点/荒凉山谷--cd5f6f3afb.png
远距信号,• Убить Мертвого Сторожа и подняться на крышу АЗС,瑞弗特的朋友铁匠英格丽德在离这里很远的地方陷入了困境。你的RADD无法联系到她。你决定去旧加油站的屋顶看看那里的信号是不是更好。你需要杀死僵尸守卫这个头目，以消除干扰无线电的电磁场。,assets/images/怪物/僵尸守卫--49769b7831.png
另一边,• Добраться до Разрушенного моста,流浪的铁匠英格丽德需要你的帮助。她成功地击退了来自危险的尖叫森林的追兵，但那群家伙破坏了她唯一的逃生路线：桥梁。你需要一辆自行车才能去桥梁。做好准备，尖叫森林的狂热分子非常危险。,assets/images/地图地点/桥梁--abc157dbd3.png
另一边,• Убить Лесовиков у Разрушенного моста,你回应了英格丽德的求救。那位流浪的铁匠成功抵挡了森林之子的攻击，但他们一伙破坏了桥梁，她无法后退。你也无法进入尖叫森林。你到达了坍塌的桥梁，是时候面对狂热分子了。,assets/images/任务/林中战斗--7eeee866a2.png
另一边,• Подойти к краю моста и поговорить с Ингрид,你回应了英格丽德的求救。那位流浪的铁匠成功抵挡了森林之子的攻击，但他们一伙破坏了桥梁，她无法后退。你也无法进入尖叫森林。你打败了森林之子，现在可以和英格丽德交谈了。前往坍塌的桥梁。,assets/images/地图地点/桥梁--abc157dbd3.png
另一边,• Восстановить разрушенный мост (стадия 1/3),你回应了英格丽德的求救。那位流浪的铁匠成功抵挡了森林之子的攻击，但森林之子一伙破坏了桥梁。修复桥梁以帮助英格丽德，并前往尖叫森林。你可以在仓库商人的巨型箱里找到一些可用于桥梁维修的加强网。,assets/images/地图地点/桥梁--abc157dbd3.png
另一边,• Восстановить разрушенный мост (стадия 2/3),你回应了英格丽德的求救。那位流浪的铁匠成功抵挡了森林之子的攻击，但森林之子一伙破坏了桥梁。修复桥梁以帮助英格丽德，并前往尖叫森林。你可以在仓库商人的巨型箱里找到一些可用于桥梁维修的加强网。,assets/images/地图地点/桥梁--abc157dbd3.png
另一边,• Восстановить разрушенный мост (стадия 3/3),你回应了英格丽德的求救。那位流浪的铁匠成功抵挡了森林之子的攻击，但森林之子一伙破坏了桥梁。修复桥梁以帮助英格丽德，并前往尖叫森林。你可以在仓库商人的巨型箱里找到一些可用于桥梁维修的加强网。,assets/images/地图地点/桥梁--abc157dbd3.png
另一边,• Поговорить с Ингрид у моста,你回应了英格丽德的求救。那位流浪的铁匠成功抵挡了森林之子的攻击，但它们一伙破坏了桥梁。你修复了桥梁。现在你可以跟英格丽德交谈并前往尖叫森林了。,assets/images/任务/另一边--b2d343eb7b.png
失踪的铁匠,• Найти записку Богдана в доме в Кричащем Лесу,铁匠英格丽德希望你能找到她失踪的师父博格丹。他的房子消失在不断生长的尖叫森林中。英格丽德和博格丹曾经互相传递讯息。她认为如果他遇到危险，一定会给她留下讯息。英格丽德建议你到博格丹在尖叫森林中的房子里去寻找留言。,assets/images/其他物品/博格丹的第一张纸条--e10805052b.png
失踪的铁匠,• Показать Ингрид записку Богдана,铁匠英格丽德希望你能找到她失踪的师父博格丹。他的房子消失在不断生长的尖叫森林中。英格丽德和博格丹曾经互相传递讯息。你在博格丹的房子里找到了一张纸条。上面描述了他在森林中出击时遇到的奇怪事件。和英格丽德交谈并把纸条给她看。,assets/images/任务/另一边--b2d343eb7b.png
失踪的铁匠,"• Найти вторую записку Богдана, обыскивая Кричащий Лес",你在铁匠的房子里找到了第一张纸条。博格丹描述了他在一次出击中遇到的一件怪事。英格丽德确定他不管怎样还是回到了尖叫森林。这表示他可能留下了另一张纸条。多次前往尖叫森林以完成剧情任务。,assets/images/其他物品/博格丹的第二张纸条--4b1590f6c7.png
失踪的铁匠,• Показать Ингрид записку Богдана,你找到了失踪的铁匠的第二张纸条。他又看到了另一番幻象：他正在砍的那棵树突然活了过来，并且开始流血。他想给英格丽德一个警告！把这个消息告诉她。,assets/images/任务/另一边--b2d343eb7b.png
失踪的铁匠,"• Найти третью записку Богдана, обыскивая Кричащий Лес",你找到了博格丹的前两张纸条，描述了他那怪异血腥的幻象。显然，还有更多的信息留待英格丽德寻找。你应该寻找更多的纸条和图画。仔细搜索所有你能找到的物体。多次前往尖叫森林以完成剧情任务。,assets/images/其他物品/博格丹的第一张纸条--e10805052b.png
失踪的铁匠,• Показать Ингрид записку Богдана,你找到了博格丹的第三张纸条。失踪的铁匠看到了奇怪的幻象，他必须加入森林之子，进行血腥而致命的仪式。纸条上还提到了一个小女孩。英格丽德应该知道更多。把纸条给她看。,assets/images/任务/另一边--b2d343eb7b.png
失踪的铁匠,• Найти четвертую записку Богдана у противников в Кричащем Лесу,你找到了博格丹的三张纸条。失踪铁匠的养女英格丽德提到了博格丹的亲生女儿。核战期间，他在森林中失去了她。现在他听到了她的声音从尖叫森林深处传来。继续寻找他的留言。森林之子可能会有一条或多条留言。多次前往尖叫森林以完成剧情任务。,assets/images/其他物品/博格丹的第二张纸条--4b1590f6c7.png
失踪的铁匠,• Показать Ингрид записку Богдана,你找到了博格丹的第四条留言。显然，失踪的铁匠状态更糟糕了。你需要马上和英格丽德讨论一下。,assets/images/任务/另一边--b2d343eb7b.png
失踪的铁匠,"• Найти пятую записку Богдана, обыскивая Кричащий Лес",你找到了博格丹的四张纸条。失踪铁匠的养女英格丽德提到了博格丹的亲生女儿。核战期间，他在森林中失去了她。现在他听到她的声音从尖叫森林深处传来。继续寻找他的留言。多次前往尖叫森林以完成剧情任务。,assets/images/其他物品/博格丹的第二张纸条--4b1590f6c7.png
失踪的铁匠,• Показать записки Богдана Ингрид,你找到了博格丹的所有纸条。失踪铁匠的养女英格丽德提到了博格丹的亲生女儿。核战期间，他在森林中失去了她。现在他听到了她的声音从尖叫森林深处传来。是时候跟英格丽德谈谈了。,assets/images/任务/另一边--b2d343eb7b.png
失踪的铁匠,• Показать записки Богдана Юлику в Убежище,你找到了失踪的铁匠博格丹的纸条。看来他已经被尖叫森林腐蚀了。博格丹加入了森林之子。在森林里很容易迷路，也许这就是你无法独自找到他的原因。英格丽德建议你把纸条和图画给朱尔看。,assets/images/任务/新邻居--c4f87a79bc.png
失踪的铁匠,• Сжечь все идолы в Кричащем Лесу,被尖叫森林腐蚀的铁匠加入了森林之子。朱尔看到了一个幻象：烧掉森林里所有的神像后，可以找到去博格丹那里的路。神像是随机产生的。多次前往该地点以全部找到它们。如果你死亡或离开森林，进度会重置，你就必须重新开始。,assets/images/任务/失踪的铁匠--9c9c6dda32.png
失踪的铁匠,• Найти Тайную тропу в Кричащем Лесу и попасть к кузнецу,被尖叫森林腐蚀的铁匠加入了森林之子。你烧毁了森林里所有的神像，秘密通道解锁了。做好准备。你不得不面对一个强大的敌人。如果你死亡或离开森林，就会启动时间重置，你就必须重新开始。,assets/images/任务/失踪的铁匠--19697d196b.png
失踪的铁匠,• Победить Обезумевшего кузнеца,"英格丽德的师父铁匠博格丹发疯了，他不断听到尖叫森林里传来他死去的女儿的声音。最终，他的心智被尖叫森林腐蚀了，于是他加入了森林之子。英格丽德希望能把他救回来。

他是一个强大的敌人。如果你死亡或离开森林，就会启动时间重置，你就必须重新开始。",assets/images/任务/失踪的铁匠--8c3da0365a.png
失踪的铁匠,• Убить Обезумевшего кузнеца,英格丽德的师父铁匠博格丹失去了理智，他不断听到尖叫森林里传来他死去的女儿的声音。久而久之，他的心智被尖叫森林腐蚀了，于是他加入了森林之子。他是一个强大的敌人。如果你死亡或离开森林，就会启动时间重置，你就必须重新开始。,assets/images/任务/失踪的铁匠--8c3da0365a.png
失踪的铁匠,• Забрать записку с трупа Кузнеца,英格丽德的师父铁匠博格丹不断听到尖叫森林里传来他女儿的声音。久而久之，他的心智被尖叫森林腐蚀了，于是他加入了森林之子。你不得不杀了他。现在你需要搜查他的尸体。如果你死亡或离开森林，就会启动时间重置，你就必须重新开始。,assets/images/其他物品/博格丹的第一张纸条--e10805052b.png
失踪的铁匠,• Показать последнюю записку Богдана Ингрид,英格丽德的师父铁匠博格丹不断听到尖叫森林里传来他女儿的声音。久而久之，他的心智被尖叫森林腐蚀了，于是他加入了森林之子。英格丽德无法唤回他。你不得不杀了他。你搜查了他的尸体，找到了他给英格丽德的最后留言。把留言交给英格丽德。,assets/images/任务/另一边--b2d343eb7b.png
中断搜索,• Добыть артефакты «гируда» в алтаре гулей в Хозмаге,你找到了博格丹的第三张纸条，但必须暂时停止搜索。中毒的英格丽德感觉越发恶化了。你需要特殊的希鲁达神器来治疗中毒。你可以在仓库祭坛里找到它们。把希鲁达神器带给英格丽德。,assets/images/资源材料/希鲁达--3b899c6f44.png
未命名任务,,,assets/images/资源材料/焦尸--a4e6e7f3d6.png
未命名任务,• Убить босса на Стоянке бандитов,如果能消灭土匪头目， 军事组织要塞兵团愿意重金酬谢。 根据情报， 土匪已经扎营， 或很快就要扎营了 。,assets/images/任务/陷入困境的女孩--52b57d5c54.png
未命名任务,,,assets/images/任务/商人--dfe04bbb76.png
未命名任务,,,assets/images/任务/商人--dfe04bbb76.png
未命名任务,,,assets/images/任务/商人--dfe04bbb76.png
线索,• Найти и раскопать схрон Шерпа у бура в Убежище,瑞弗特想起避难所里还有一个谢尔普的藏匿处。找到避难所地下室远处的木板门后面那个有坏钻机的房间。谢尔普的藏匿处应该就在那里。,assets/images/其他物品/地窖--c71fa5ec1c.png
线索,• Прослушать аудиозапись из схрона Шерпа,避难所地下室里，谢尔普的藏匿处中有一段录音。聆听它。,assets/images/其他物品/战前录音--a930ebd544.png
谢尔普的神器,• Найти сигареты для Клима/Показать артефакт Шерпа Климу у Хозмага,你在森林郊区发现了谢尔普的塔棒，里面有一件神秘的神器。瑞弗特认为你应该把它给仓库的克里姆看看。那个游荡者愿意用他的服务来换取战前的香烟。你可以在铁荒原、寂静树丛和其他地点从土匪那里夺得香烟。,assets/images/资源材料/战前香烟--56eec776ca.png
研究焦尸区,"• Добыть биоматериалы в Хозмаге, убивая гулей кислотным оружием/Отдать биоматериалы Клешне в его Убежище",当坪瑟研究回音花探测器的时候，从仓库获得被酸消灭的食尸鬼的生物样本交给他。样本会在你摧毁目标后自动采集。你必须对所有的食尸鬼只造成酸性伤害。,assets/images/资源材料/食尸鬼组织样本--8604fad9c7.png
未命名任务,,,
仓库,• Убей 5 гулей,在仓库中杀死食尸鬼，记住：某些食尸鬼会使你减速。,assets/images/任务/仓库--07f1dc65e0.png
旧加油站,• Отдать «тяни-толкай» Стрелку,你可以在旧加油站后院的飞扬的UAZ越野车中找到推拉神器。你必须先杀死僵尸守卫。,assets/images/任务/旧加油站--651c11f4ee.png
仓库,• Убить Палача в Хозмаге,每次复活后，仓库刽子手都会变得更强大。你需要大量药品才能击败他。,assets/images/任务/仓库--031299efb4.png
红色区,• Убить язычников в «красных» местах,前往荒凉山谷或防风林，杀死长舌僵尸。注意它们的特殊攻击！,assets/images/任务/危险的物种--1ba9212a82.png
研究焦尸区,"• Добыть биоматериалы в Хозмаге, убивая язычников огненным оружием",当坪瑟研究回音花探测器的时候，从仓库获得被火焰消灭的长舌僵尸的生物样本交给他。样本会在你摧毁目标后自动采集。你必须对所有的长舌僵尸只造成火焰伤害。,assets/images/资源材料/长舌僵尸样本--71d4c9e805.png
被偷的回音花,• Спуститься в Хозмаг,探测器会引导你找到仓库里谢尔普的回音花。下到异象区去，找到它。,assets/images/地图地点/仓库--4a05d440b5.png
遭遇伏击的塞西亚人,• Добраться до Скифов в западне,其中一名塞西亚骑手迷路， 并遭遇伏击。 快点， 你还有时间拯救幸存者！,assets/images/其他物品/塞西亚人被伏击了！--5f3946bf60.png
未命名任务,• Хэллоуин 2020 управляющий [y],,assets/images/资源材料/焦尸--a4e6e7f3d6.png
蛇彭特新娘营地,• Добыть Ключ Невест из тыквоголовых и алтарей,通往蛇彭特新娘的通道锁住了，在蛇彭特新娘营地中击杀并搜索送葬者和祭坛，获得蛇彭特新娘的钥匙，打开大门。,assets/images/资源材料/新娘钥匙--061f4e2748.png
蛇彭特新娘营地,• Открыть Врата Невест Змея,你已经获得了蛇彭特新娘钥匙！在营地解锁大门，前往蛇彭特新娘那里并与他们战斗。,assets/images/资源材料/新娘钥匙--061f4e2748.png
蛇彭特新娘营地,• Победить Невест Змея,与蛇彭特新娘战斗。除非敌人和你有一方死亡，否则你不能离开这里。小心阿依达·维铎的神经毒素和有毒烟雾。,assets/images/任务/蛇彭特新娘--3ceecddf93.png
未命名任务,,,
仓库,• Убить горелых в Хозмаге,"清理仓库中的焦尸、留名者、克劳怪、长舌僵尸和肌肉焦尸。
注意：使用火焰武器杀死敌人。你可以制作火焰武器或在被围困的房屋和伏击中找到它们。",assets/images/任务/仓库--7a96a3bf8e.png
旧加油站,• Отдать «тяни-толкай» Стрелку,你可以在旧加油站后院的飞扬的UAZ越野车中找到推拉神器。你必须先杀死僵尸守卫。,assets/images/任务/旧加油站--651c11f4ee.png
仓库,• Уничтожить кровавый алтарь,血色祭坛位于一个后厅中，在仓库中被封锁的通道上方。在清除堵塞的通道前，先烧毁那些祭坛。,assets/images/建筑设施/食尸鬼祭坛--a211bda6b7.png
红色区,• Убить язычников в «красных» местах,"前往荒凉山谷或防风林，杀死长舌僵尸。注意它们的特殊攻击！
注意：使用火焰武器杀死敌人。你可以制作火焰武器或在被围困的房屋和伏击中找到它们。",assets/images/任务/危险的物种--1ba9212a82.png
未命名任务,,,
仓库,• Спасти пленников в Хозмаге,他们把俘虏关在一个后厅里，在被封锁的通道上方有血色祭坛。在清除堵塞的通道前，先烧毁那些祭坛。,assets/images/任务/仓库--dc459a7401.png
旧加油站,• Убить Мертвого сторожа АЗС,"僵尸守卫在旧加油站守卫着后院的飞扬的UAZ越野车。记住，他有双倍生命值和致命的特殊攻击。
注意：使用火焰武器杀死敌人。你可以制作火焰武器或在被围困的房屋和伏击中找到它们。",assets/images/怪物/僵尸守卫--49769b7831.png
仓库,烧毁血色洞穴,你可以在仓库里找到血色洞穴， 无论是在封锁的前方还是后方。 使用燃烧性武器来将它们烧毁。,assets/images/任务/仓库--eaab157708.png
红色区,• Убить язычников в «красных» местах,"前往荒凉山谷或防风林，杀死长舌僵尸。注意它们的特殊攻击！
注意：使用火焰武器杀死敌人。你可以制作火焰武器或在被围困的房屋和伏击中找到它们。",assets/images/任务/危险的物种--1ba9212a82.png
未命名任务,,,
仓库,• Убить Палача в Хозмаге,"每次复活后，仓库刽子手都会变得更强大。你需要大量药品才能击败他。
注意：使用火焰武器杀死敌人。你可以制作火焰武器或在被围困的房屋和伏击中找到它们。",assets/images/任务/仓库--031299efb4.png
旧加油站,• Обыскать парящий УАЗ на АЗС,有一辆UAZ越野车被困在旧加油站后院的异象区中。僵尸守卫不会让你搜索它。你必须先将他杀死。,assets/images/其他物品/升起的UAZ越野车--c5e63f1976.png
仓库,烧毁血色洞穴,你可以在仓库里找到血色洞穴， 无论是在封锁的前方还是后方。 使用燃烧性武器来将它们烧毁。,assets/images/任务/仓库--eaab157708.png
红色区,• Убить язычников в «красных» местах,"前往荒凉山谷或防风林，杀死长舌僵尸。注意它们的特殊攻击！
注意：使用火焰武器杀死敌人。你可以制作火焰武器或在被围困的房屋和伏击中找到它们。",assets/images/任务/危险的物种--1ba9212a82.png
未命名任务,,,
仓库,• Уничтожить «пиявочников»,仓库吸血蛭只能使用投掷武器才能消灭。只要吸血蛭完好无损，它们就会恢复敌人的生命值并对你造成伤害。,assets/images/任务/仓库--5123317afe.png
旧加油站,• Обыскать парящий УАЗ на АЗС,有一辆UAZ越野车被困在旧加油站后院的异象区中。僵尸守卫不会让你搜索它。你必须先将他杀死。,assets/images/其他物品/升起的UAZ越野车--c5e63f1976.png
仓库,• Убить Палача в Хозмаге,"每次复活后，仓库刽子手都会变得更强大。你需要大量药品才能击败他。
注意：使用火焰武器杀死敌人。你可以制作火焰武器或在被围困的房屋和伏击中找到它们。",assets/images/任务/仓库--031299efb4.png
储料设施,• Убить образец 1429-С 3 раза,"[1429-储]标本位于储料设施。与斯普林特的CHAP交易设施坐标，并在仓库祭坛中找到设施钥匙。
注意：使用火焰武器杀死敌人。你可以制作火焰武器或在被围困的房屋和伏击中找到它们。",assets/images/任务/储料设施--fc7a794aff.png
线索,• Найти «хлебную крошку» Шерпа на Опушке леса,你已经找到谢尔普的录音，其中提到了森林郊区中的线索。去那里找到谢尔普的另一段录音。你可能需要重新访问该地点才能找到物品。此剧情任务仅可单人完成。,assets/images/地图地点/森林郊区--66e35f39c5.png
谢尔普的神器,• Выйти на глобальную карту,你在森林郊区找到了谢尔普的塔棒和一个不明神器。现在是时候离开了。,assets/images/任务/谢尔普的神器--ff516a233d.png
谢尔普的神器,• Выменять «эхоскоп» у торговца в Хозмаге,克里姆认出了谢尔普的神器。那是一朵回音花。你需要一个回音镜来解密。从仓库里的商人那里可以得到它。你可能得等待他的商品刷新。,assets/images/资源材料/回音镜--1d85af6fea.png
谢尔普的神器,• Расшифровать «эхоцвет» на столе шифровальщика,在你的避难所地下室的译码员桌上使用回音镜，以访问谢尔普的回音花中的记录。,assets/images/建筑设施/译码员桌--8957c2c351.png
谢尔普的神器,• Использовать расшифрованный «эхоцвет»,你已经解码了谢尔普的回音花。现在你需要查看录像。在背包里找到回音花，点击使用。,assets/images/其他物品/解密回音花--525d2c6e82.png
未命名任务,,,assets/images/任务/商人--dfe04bbb76.png
裂痕,• Перебить теневых двойников в Убежище Клешни,复制体袭击了坪瑟的避难所。消灭所有敌人，与坪瑟交谈。,assets/images/任务/裂痕--1b1c68b78c.png
裂痕,• Поговорить с Клешней в его Убежище,复制体袭击了坪瑟的避难所。你已消灭所有敌人，现在可以向坪瑟询问谢尔普的回音花的事了。,assets/images/任务/暗区传送门--0d33141b27.png
裂痕,• Починить турели в Убежище Клешни,复制体袭击了坪瑟的避难所。你需要修复炮塔来保证坪瑟的安全。,assets/images/任务/裂痕--97cbd538b3.png
坪瑟,• Поговорить с Клепкой о Клешне,谢尔普的下一个提示是“坪瑟”这个奇怪的名字。瑞弗特可能知道它指的是什么。跟她谈谈吧。,assets/images/任务/陷入困境的女孩--52b57d5c54.png
蛇彭特新娘营地,• Пройти в Лагерь Невест через ворота,使用蛇彭特獠牙解锁大门，进入蛇彭特新娘营地。,assets/images/其他物品/蛇彭特獠牙--76c49c2626.png
送葬者之屋,• Убить тыквоголовых,在搜刮房子之前，先干掉所有送葬者。,assets/images/怪物/南瓜脑袋留名者--531d8e0c43.png
送葬者之屋,• Обыскать хабар в доме,所有的送葬者都死了。你可以从房子里拿走战利品。,assets/images/任务/送葬者之屋--b0848051e7.png
坪瑟,• Добраться до Убежища Клешни,谢尔普的下一个线索是一个隐士科学家坪瑟的名字。去坪瑟的避难所，他可能知道一些关于谢尔普的事情。,assets/images/任务/坪瑟--01d6527c44.png
坪瑟,• Уничтожить горелых у Убежища Клешни,在你和坪瑟交谈之前，必须消灭坪瑟避难所附近的所有焦尸。,assets/images/资源材料/焦尸--a4e6e7f3d6.png
被偷的回音花,• Расшифровать «эхоцвет» на столе шифровальщика,在你的避难所地下室的译码员桌上使用回音镜，以访问谢尔普的回音花中的记录。,assets/images/建筑设施/译码员桌--8957c2c351.png
坪瑟,• Поговорить с Клешней в подвале его Убежища,你已经消灭所有的焦尸，现在你可以去地下室和坪瑟谈谈谢尔普的事了。,assets/images/任务/暗区传送门--0d33141b27.png
坪瑟,• Опустить показатели голода и жажды до 10%,坪瑟并不完全信任你，他需要知道你的空腹肾上腺素水平，把你的饥饿和口渴量表降低到10%，然后和坪瑟交谈。,assets/images/任务/坪瑟--054b104998.png
回音花#2,• Выкупить подозрительную коробку у Левковича в Осажденном доме,在坪瑟研究你的血样时，从莱科维奇那里拿到坪瑟订购的东西。你可以在消灭所有敌人后，在被围困的房屋找到那个波兰人。你需要交易：钱(15)、电磁吸斥神器 (5)、建筑混凝土(30)。你可能得等待他的商品刷新。,assets/images/资源材料/可疑的盒子--3fce2d81f9.png
回音花#2,• Добыть артефакт «скат» из аномалий в «красных» местах,当坪瑟在寻找谢尔普的回音花时，你必须在荒凉山谷和防风林中从疯狂的萤火虫那里给他弄到一些黄貂鱼神器。,assets/images/资源材料/黄貂鱼--c74ef94a4d.png
回音花#2,• Найти медную проволоку/Найти шурупы,你得到了谢尔普的第二朵回音花。坪瑟会用它的回音镜换一些铜线和螺丝钉。,assets/images/任务/暗区传送门--0d33141b27.png
回音花#2,• Расшифровать «эхоцвет» на столе шифровальщика,在你的避难所地下室的译码员桌上使用回音镜，以访问谢尔普的回音花中的记录。,assets/images/建筑设施/译码员桌--8957c2c351.png
回音花#2,• Использовать расшифрованный «эхоцвет»,你已经解码了谢尔普的回音花。现在你需要查看录像。在背包里找到回音花，点击使用。,assets/images/其他物品/解密回音花--525d2c6e82.png
被偷的回音花,• Использовать расшифрованный «эхоцвет»,你已经解码了谢尔普的回音花。现在你需要查看录像。在背包里找到回音花，点击使用。,assets/images/其他物品/解密回音花--9288ad8e7f.png
损坏的记忆,• Вернуться в Казематы Хозмага,谢尔普的另一半回音花还在仓库监狱中。回到那里找到它。,assets/images/地图地点/仓库--4a05d440b5.png
另一个地下室,• Спуститься в подвал на Выжженных Землях,你研究了谢尔普的记忆，在焦尸土地的地下室发现了另一个线索。储备药品和装备吧，那个地下室危险重重。你可能需要重新访问该地点才能找到物品。你需要撬锁工具才能进入地下室。此剧情任务仅可单人完成。,assets/images/地图地点/焦尸土地--17ba49c425.png
陌生人,• Поговорить с Клешней в его Убежище,坪瑟告诉你，那个陌生人被称为“监督者”。他提出帮助你找到谢尔普的下一朵回音花。前往他的地下室，与他交谈。,assets/images/任务/暗区传送门--0d33141b27.png
回音花探测器,• Добыть чипы-транспондеры из машин на АЗС /Отдать чипы-транспондеры Клешне,坪瑟要组装一个设备来检测谢尔普被盗的回音花。他需要来自旧加油站的汽车警报器和UAZ越野车的微芯片。你可能需要重新访问该地点才能找到物品。,assets/images/资源材料/微芯片--057f7d1a2a.png
研究焦尸区,"• Добыть образцы кровавого мха в Хозмаге для Клешни/
Отдать образцы кровавого мха Клешне в его Убежище",当坪瑟研究回音花探测器的时候，从仓库获得血色苔藓样本交给他。样本会在你摧毁目标后自动采集。,assets/images/资源材料/血色苔藓样本--e8374600e7.png
被偷的回音花,• Добраться до Убежища Клешни,你在仓库中发现了另一朵谢尔普的回音花！去找坪瑟，获得回音镜。,assets/images/任务/裂痕--1b1c68b78c.png
裂痕,• Поговорить с Клешней в его Убежище,复制体袭击了坪瑟的避难所。你已修复了安全系统，现在可以向坪瑟询问谢尔普的回音花的事了。,assets/images/任务/暗区传送门--0d33141b27.png
损坏的记忆,• Найти вторую часть «эхоцвета» в Казематах Хозмага,谢尔普的另一半回音花还在仓库监狱中。在食尸鬼毁掉它之前回到那里找到它。你可能需要重新访问该地点才能找到该物品。,assets/images/其他物品/加密的回音花--865a3d16de.png
避难所库存,• Открыть ящик в убежище,你回到避难所，发现了一个之前没有搜索过的盒子。检查盒子，完成剧情任务。,assets/images/其他物品/秃鹫箱子--762e583d3b.png
坪瑟,"• Убить бандитов на Территориях, чтобы выделить адреналин",坪瑟并不完全信任你，他需要看到你的生物材料才能和你对话。 消灭领地上的土匪，让肾上腺素释放到你的血液中。,assets/images/任务/信仰瓦解--aecec3e08e.png
回音花探测器,"• Добыть чипы из брони Атомных Факельщиков/
Отдать чипы Факельщиков Клешне в его Убежище",坪瑟要组装一个设备来检测谢尔普被盗的回音花。他需要从被围困的房屋和伏击中的核炬士铠甲上取得的微芯片。,assets/images/资源材料/核炬士微芯片--b620623f24.png
回音花探测器,• Добыть батарейки КБС из Загадочных подвалов/Отдать батарейки КБС Клешне в его Убежище,坪瑟要组装一个设备来检测谢尔普被盗的回音花。他需要从神秘的地下室获得的提灯电池。你可能需要重新访问该地点才能找到物品。,assets/images/资源材料/提灯电池--e5db5176e8.png
回音花探测器,"• Найти спирт, Найти соленые огурцы в подвалах/Отдать спирт и огурцы Клешне в его Убежище",坪瑟要组装一个设备来检测谢尔普被盗的回音花。为此，他需要酒精和腌黄瓜。你可以在黄色和红色地点找到酒精，也可以自己制造。腌黄瓜有时可以在领地里的地下室中找到。,assets/images/资源材料/腌黄瓜--a31361d7a1.png
回音花探测器,• Перемещаться по Территориям для калибровки прибора,坪瑟已经完成了回音花探测器。 在领地内从一个地方走到另一个地方来校准它。,assets/images/资源材料/回音花探测器--f7d433b5be.png
回音花探测器,• Выйти на глобальную карту,回音花探测器已校准。等待坪瑟的呼叫。,assets/images/任务/谢尔普的神器--ff516a233d.png
被偷的回音花,• Добраться до Хозмага и подойти ко входу,探测器会引导你在仓库里找到谢尔普的回音花。去吧。你需要撬锁工具才能进入监狱。,assets/images/地图地点/仓库--4a05d440b5.png
被偷的回音花,• Найти «эхоцвет» Шерпа в Казематах Хозмага,探测器会引导你在仓库监狱里找到谢尔普的回音花。,assets/images/其他物品/加密的回音花--b2774a93a1.png
陌生人,• Выйти на глобальную карту,你还没有在地下室找到谢尔普的信息，但陌生人联系了你。是时候离开焦尸土地了。,assets/images/任务/谢尔普的神器--ff516a233d.png
陌生人,• Добраться до Убежища Клешни,坪瑟告诉你，那个陌生人被称为“监督者”。他提出帮助你找到谢尔普的下一朵回音花。前往他的避难所。,assets/images/任务/坪瑟--01d6527c44.png
1号魔茧：成熟中,• Описание кокона,,assets/images/怪物/1号魔茧--49aa3398e2.png
未命名任务,• Описание кокона,,assets/images/怪物/1号魔茧--49aa3398e2.png
损坏的记忆,• Поговорить с Клешней в его Убежище,你研究了回音花中谢尔普的记忆，但它看起来不完整。在坪瑟的避难所里和他交谈。,assets/images/任务/暗区传送门--0d33141b27.png
损坏的记忆,• Расшифровать «эхоцвет» на столе шифровальщика,在你的避难所地下室的译码员桌上使用回音镜，以访问谢尔普的回音花中的记录。,assets/images/建筑设施/译码员桌--8957c2c351.png
损坏的记忆,• Использовать расшифрованный «эхоцвет»,你已经解码了谢尔普的回音花。现在你需要查看录像。在背包里找到回音花，点击使用。,assets/images/其他物品/解密回音花--9288ad8e7f.png
克里姆的信任,• Назвать Климу пароль Шерпа,把你在谢尔普记忆中找到的密码给克里姆。在仓库附近的游荡者营地和他交谈。,assets/images/任务/新朋友--707f19e913.png
克里姆的信任,• Заслужить доверие Клима / Поговорить с Климом,谢尔普的包裹在克里姆那里。你在仓库找到团队向导卢卡后，克里姆会给你的。,assets/images/任务/新朋友--707f19e913.png
为卢卡复仇,• Спасти пленников из Казематов Хозмага / Поговорить с Климом,谢尔普的包裹在克里姆那里。你为卢卡报仇后克里姆会给你的。从把俘虏带出仓库监狱开始。,assets/images/怪物/1号魔茧--49aa3398e2.png
为卢卡复仇,• Убить Восставших Палачей в Казематах Хозмага / Поговорить с Климом,谢尔普的包裹在克里姆那里。你为卢卡报仇后克里姆会给你的。在仓库监狱多次干掉复活的刽子手。,assets/images/任务/仓库刽子手--031299efb4.png
为卢卡复仇,• Уничтожить коконы в Казематах Хозмага / Поговорить с Климом,克里姆保留着谢尔普的消息。一旦你为卢卡之死报了仇，就可以拿到它。摧毁仓库监狱中的魔茧。,assets/images/怪物/1号魔茧--49aa3398e2.png
回音花#4,• Выйти на глобальную карту,你从克里姆那里又得到了一朵谢尔普的回音花。你可以离开仓库了。,assets/images/任务/谢尔普的神器--ff516a233d.png
回音花#4,• Поговорить с Клешней в его Убежище,你从克里姆那里又得到了一朵谢尔普的回音花。在坪瑟的避难所里将它解码。,assets/images/任务/暗区传送门--0d33141b27.png
针鼹棘刺,• Добыть «темные иглы» из «ехидны» в Темной Зоне,坪瑟会用能解码另一朵回音花的回音镜交换来自暗区中针鼹异象的暗影棘刺。,assets/images/资源材料/暗影棘刺--fae06f7016.png
回音花#4,• Расшифровать «эхоцвет» на столе шифровальщика,在你的避难所地下室的译码员桌上使用回音镜，以访问谢尔普的回音花中的记录。,assets/images/建筑设施/译码员桌--8957c2c351.png
回音花#4,• Использовать расшифрованный «эхоцвет»,你已经解码了谢尔普的回音花。现在你需要查看录像。在背包里找到回音花，点击使用。,assets/images/其他物品/解密回音花--525d2c6e82.png
老朋友,• Поговорить с Климом про ходку с Шерпом,谢尔普的记忆中提到了他上次和克里姆一起去仓库的事。在仓库附近和克里姆交谈。,assets/images/任务/新朋友--707f19e913.png
老朋友,• Вернуться в Убежище,谢尔普的记忆中提到了上次和克里姆一起去仓库的事。克里姆显然什么都不记得了。离开仓库，再考虑一遍。,assets/images/地图地点/避难所--ec0397cef7.png
老朋友,• Добраться до Ингрид,和克里姆交谈后，你的脑海里只剩下一个提示：英格丽德，她是铁匠，也是谢尔普私下的朋友，你应该和她谈谈。,assets/images/地图地点/桥梁--abc157dbd3.png
老朋友,• Забрать у Ингрид «эхоцвет» Шерпа,和克里姆交谈后，你的脑海里只剩下一个提示：英格丽德，她是铁匠，也是谢尔普私下的朋友。她会给你回音花。,assets/images/任务/另一边--b2d343eb7b.png
老朋友,• Поговорить с Клешней в его Убежище,英格丽德给了你另一朵谢尔普的回音花。在坪瑟的避难所地下室跟他讨论一下。,assets/images/任务/暗区传送门--0d33141b27.png
回音花#5,• Добыть частицу «Красного Шара» из Логова Палача в Хозмаге,谢尔普的第五朵回音花与仓库的核心“红魔球”相连。得到一块红魔球碎片后交给坪瑟，换取回音镜。,assets/images/资源材料/红魔球碎片--22af896da2.png
回音花#5,• Расшифровать «эхоцвет» на столе шифровальщика,在你的避难所地下室的译码员桌上使用回音镜，以访问谢尔普的回音花中的记录。,assets/images/建筑设施/译码员桌--8957c2c351.png
回音花#5,• Использовать расшифрованный «эхоцвет»,你已经解码了谢尔普的回音花。现在你需要查看录像。在背包里找到回音花，点击使用。,assets/images/其他物品/解密回音花--66d9f872db.png
另一个地下室,• Убить гулей в подвале на Выжженных Землях,你研究了谢尔普的记忆，在焦尸土地的地下室发现了另一个线索。地下室里满是食尸鬼。此剧情任务仅可单人完成。,assets/images/任务/另一个地下室--197037da2e.png
另一个地下室,• Использовать радио в подвале на Выжженных землях,焦尸土地的旧藏匿处里没有谢尔普的信息。地下室的一台旧无线电或许值得一查。此剧情任务仅可单人完成。,assets/images/任务/另一个地下室--5ccca97c89.png
另一个地下室,• Обыскать схрон в подвале на Выжженных землях,你研究了谢尔普的记忆，在焦尸土地的地下室发现了另一个线索。找到并搜索地下室的藏匿处。此剧情任务仅可单人完成。,assets/images/其他物品/地窖--c71fa5ec1c.png
被偷的回音花,去仓库里的监狱,探测器会引导你在仓库监狱里找到谢尔普的回音花。通过卷帘门进入监狱，找到回音花。你需要撬锁工具才能进入监狱。,assets/images/地图地点/仓库--4a05d440b5.png
2号魔茧：成熟中,• Описание кокона,,assets/images/怪物/1号魔茧--49aa3398e2.png
未命名任务,• Описание кокона,,assets/images/怪物/1号魔茧--49aa3398e2.png
3号魔茧：成熟中,• Описание кокона,,assets/images/怪物/1号魔茧--49aa3398e2.png
未命名任务,• Описание кокона,,assets/images/怪物/1号魔茧--49aa3398e2.png
4号魔茧：成熟中,• Описание кокона,,assets/images/怪物/1号魔茧--49aa3398e2.png
未命名任务,• Описание кокона,,assets/images/怪物/1号魔茧--49aa3398e2.png
5号魔茧：成熟中,• Описание кокона,,assets/images/怪物/1号魔茧--49aa3398e2.png
未命名任务,• Описание кокона,,assets/images/怪物/1号魔茧--49aa3398e2.png
6号魔茧：成熟中,• Описание кокона,,assets/images/怪物/1号魔茧--49aa3398e2.png
未命名任务,• Описание кокона,,assets/images/怪物/1号魔茧--49aa3398e2.png
7号魔茧：成熟中,• Описание кокона,,assets/images/怪物/1号魔茧--49aa3398e2.png
未命名任务,• Описание кокона,,assets/images/怪物/1号魔茧--49aa3398e2.png
8号魔茧：成熟中,• Описание кокона,,assets/images/怪物/1号魔茧--49aa3398e2.png
未命名任务,• Описание кокона,,assets/images/怪物/1号魔茧--49aa3398e2.png
闯入监狱,• Сжечь все кровавые дыры в Хозмаге,游荡者菲什要你在去监狱之前，把仓库里所有的血色洞穴都烧掉。,assets/images/任务/仓库--eaab157708.png
闯入监狱,• Вернуться к Рыбе в Хозмаге,游荡者菲什要你在去监狱之前，把仓库里所有的血色洞穴都烧掉。回去向菲什报告。,assets/images/任务/闯入监狱--8a42a71ccb.png
闯入监狱,• Спуститься в генераторную со Стоянки бродяжников,据菲什说，游荡者营地的发电机坏了。进入发电机房，检查一下。,assets/images/其他物品/发电机--7e18adb198.png
闯入监狱,• Осмотреть сломанный генератор Хозмага,游荡者的发电机坏了。进行检查，找出修理它所需的东西。,assets/images/其他物品/发电机--7e18adb198.png
闯入监狱,• Спуститься в Хозмаг и поговорить с Рыбой,游荡者营地的发电机坏了。去仓库和菲什谈谈。他可能知道哪里能找到电源电缆。,assets/images/任务/闯入监狱--8a42a71ccb.png
闯入监狱,•  Найти силовой кабель в спец.грузах в «красных» местах,游荡者营地的发电机坏了。菲什告诉你，可以在防风林、荒凉山谷或尖叫森林的空投中找到电源电缆。,assets/images/资源材料/电源电缆--251f9133a1.png
闯入监狱,•  Завершить первую стадию ремонта генератора Хозмага,游荡者营地的发电机坏了。完成发电机维修的第一阶段，然后找到下一组备用零件。,assets/images/其他物品/发电机--7e18adb198.png
闯入监狱,• Поговорить со Стрелком на Старой АЗС,游荡者营地的发电机坏了。菲什告诉你去哪里找备用零件。你应该去旧加油站找枪手谈谈。,assets/images/任务/旧加油站--651c11f4ee.png
闯入监狱,•  Сделать или купить у Жилы отмычку,据枪手说，你可以在旧加油站的转换室找到修理仓库发电机的备用零件。要开锁的话，可以制作一个撬锁工具或者从维因那里买一个。,assets/images/资源材料/3级撬锁工具--5532f13852.png
闯入监狱,•  Взломать трансформаторную на АЗС,据枪手说，你可以在旧加油站的转换室找到修理仓库发电机的备用零件。使用撬锁工具打开门锁。,assets/images/地图地点/旧加油站--7f85a062d5.png
闯入监狱,•  Забрать генераторные клеммы из трансформаторной на АЗС/Забрать обломок «эбонита» из аномалии в трансформаторной,据枪手说，你可以在旧加油站的转换室找到修理仓库发电机的备用零件。在那里找到发电机夹具和硬橡胶碎片。你可能需要多次返回此地点。,assets/images/地图地点/旧加油站--7f85a062d5.png
闯入监狱,•  Выйти на глобальную карту,你找到了仓库里的发电机的备用零件。离开旧加油站，前往仓库。,assets/images/任务/谢尔普的神器--ff516a233d.png
闯入监狱,• Завершить второй и третий этап ремонта генератора Хозмага,去游荡者营地的发电机房修理发电机。你有机会获得用于此任务的独特备用零件。,assets/images/其他物品/发电机--7e18adb198.png
闯入监狱,• Спуститься в Хозмаг и поговорить с Рыбой,发电机修好了，所以你可以返回仓库。到那里去和菲什交谈。,assets/images/任务/闯入监狱--8a42a71ccb.png
闯入监狱,• Сжечь все кровавые дыры в Хозмаге управляющий [y],,
闯入监狱,• Открыть щитовую в Хозмаге,你需进入配电室才能解锁仓库监狱的门。你会在异象区的南翼找到这个房间。,assets/images/其他物品/变流器--ced07ae4a2.png
闯入监狱,• Починить проводку в электрощитовой в Хозмаге,你需要恢复仓库的供电，才能打开监狱的大门。修理配电室的线路。,assets/images/其他物品/变流器--ced07ae4a2.png
闯入监狱,• Открыть подъемную дверь в Казематы Хозмага,你恢复了仓库的供电！现在你可以解锁仓库监狱的卷帘门了。,assets/images/任务/闯入监狱--32fa8ad15b.png
闯入监狱,• Убить Тюремщика в Хозмаге,一个巨大的铠甲食尸鬼正守着仓库监狱。他对酸脆弱。,assets/images/任务/闯入监狱--d649002ae9.png
闯入监狱,• Спуститься в Казематы Хозмага,你现在可以去仓库监狱了。去吧，不过要做好万全的准备。你需要3级或4级撬锁工具才能进入监狱。,assets/images/任务/闯入监狱--94023bab08.png
刽子手巢穴,在第第一个刽子手和红魔球到来之前，击败所有敌人，烧毁血色洞穴！,在第第一个刽子手和红魔球到来之前，击败所有敌人，烧毁血色洞穴！,assets/images/任务/刽子手巢穴--64ec3466c6.png
译码员桌,• Починить стол шифровальщика в подвале Убежища,你避难所地下室中的译码员桌被弄得一团糟。解密设备的屏幕可能是被拳头砸坏了。修复该桌子，以解密回音花。,assets/images/建筑设施/译码员桌--8957c2c351.png
译码员桌,• Установить стол шифровальщика в подвале Убежища,你需要在自己的避难所地下室中安装译码员桌，才能解密回音花。你可以在仓库中找到该桌子。,assets/images/建筑设施/译码员桌--8957c2c351.png
译码员桌,• Установить стол шифровальщика в подвале Убежища,你避难所地下室中的译码员桌被弄得一团糟。解密设备的屏幕可能是被拳头砸坏了。修复该桌子，以解密回音花。,assets/images/建筑设施/译码员桌--8957c2c351.png
译码员桌,• Починить стол шифровальщика в подвале Убежища,你避难所地下室中的译码员桌被弄得一团糟。解密设备的屏幕可能是被拳头砸坏了。修复该桌子，以解密回音花。,assets/images/建筑设施/译码员桌--8957c2c351.png
在仓库监狱,• Уничтожить кокон в Казематах Хозмага,摧毁仓库监狱中的血色魔茧。在其成熟和生成变异体之前将其摧毁。魔茧容易受到重击粉碎武器的伤害。酸可以延缓魔茧的成熟速度。,assets/images/怪物/1号魔茧--49aa3398e2.png
在仓库监狱,• Поговорить с Рыбой в Казематах,跟仓库监狱里的菲什讨论你今后的行动。,assets/images/任务/闯入监狱--8a42a71ccb.png
在仓库监狱,• Сжечь все кровавые дыры в Казематах,在仓库监狱里烧毁所有血色洞穴才能继续前进。,assets/images/任务/仓库--eaab157708.png
前往刽子手巢穴,• Найти и осмотреть бур в Казематах Хозмага,通往刽子手巢穴的道路被塌方堵住了，但附近停着一个钻机。 检查钻机，找出问题所在。,assets/images/其他物品/钻机--7156aefc8a.png
线索,• Поговорить с Клепкой о записи Шерпа,你已经找到谢尔普的录音，其中提到了森林郊区中的下一个线索。向瑞弗特询问相关信息。,assets/images/任务/陷入困境的女孩--52b57d5c54.png
前往刽子手巢穴,• Завершить три стадии ремонта бура в Казематах,通往刽子手巢穴的道路被塌方堵住了，但附近停着一个钻机。 检查钻机，找出问题所在。,assets/images/其他物品/钻机--7156aefc8a.png
钻机备用零件,• Найти и осмотреть бур в подвале Убежища,你在仓库里找到了一个钻机轴。在你的避难所地下室里找到并检查钻机。你可以使用此轴修理钻机。,assets/images/其他物品/钻机--7156aefc8a.png
前往刽子手巢穴,• Запустить бур в Казематах Хозмага,通往刽子手巢穴的道路被塌方堵住了，但附近停着一个钻机。 发动它，清理出通道。,assets/images/地图地点/仓库--4a05d440b5.png
前往刽子手巢穴,• Убить Первого Палача в его Логове,你已经清出了一条进入仓库刽子手巢穴的道路！他就在那里，以原始形态出现。进入巢穴，打败该变异体。,assets/images/任务/刽子手巢穴--64ec3466c6.png
前往刽子手巢穴,• Обыскать тело в комнате Тощего,刽子手已死。进入刽子手巢穴中的斯肯尼的房间，然后在里面搜索死尸。,assets/images/其他物品/干枯的尸体--9fb44a36ea.png
菲什的人生故事,• Вернуться на Стоянку Бродяжников,你干掉了第一个刽子手，在他的巢穴里发现了一具神秘的尸体。是时候离开仓库了。,assets/images/地图地点/仓库--4a05d440b5.png
菲什的人生故事,• Ответить на звонок телефона на Стоянке бродяжников,你干掉了第一个刽子手，在他的巢穴里发现了一具神秘的尸体。游荡者营地的电话响了。你最好接听。,assets/images/任务/失踪的向导--cb8d42c6e9.png
菲什的人生故事,• Отдать жетон Рыбы Климу,你干掉了第一个刽子手，在他的巢穴里发现了菲什的尸体。菲什的幽灵希望你告诉仓库的克里姆，他是怎么死的。,assets/images/任务/新朋友--707f19e913.png
仓库配电室,• Открыть щитовую в Хозмаге,你需要前往配电室解锁通向仓库监狱的卷帘门。你会在障碍物另一边异象区的南翼找到这个房间。,assets/images/其他物品/变流器--ced07ae4a2.png
仓库配电室,• Починить проводку в электрощитовой в Хозмаге,你需要恢复仓库的供电，才能打开监狱的大门。修理配电室的线路。,assets/images/其他物品/变流器--ced07ae4a2.png
仓库监狱,• Открыть подъемную дверь в Казематы Хозмага,你恢复了仓库的供电！现在你可以解锁仓库监狱的卷帘门了。,assets/images/任务/闯入监狱--32fa8ad15b.png
狱吏,• Убить Тюремщика в Хозмаге,一个巨大的铠甲食尸鬼正守着仓库监狱。他对酸脆弱。,assets/images/任务/闯入监狱--d649002ae9.png
仓库监狱,• Спуститься в Казематы Хозмага,你现在可以去仓库监狱了。去吧，不过要做好万全的准备。,assets/images/任务/闯入监狱--94023bab08.png
未命名任务,• Управляющий квест для квестов палача,,assets/images/任务/刽子手巢穴--64ec3466c6.png
仓库监狱,• Взломать отмычкой дверь в Казематы,仓库监狱卷帘门锁住了。使用撬锁工具把锁撬开，然后进入卷帘门。你可以自己制作，或通过交易从维因那里换来撬锁工具。,assets/images/资源材料/3级撬锁工具--5532f13852.png
在仓库监狱,• Сжечь все кровавые дыры в Казематах,使用任意火焰武器烧毁血色洞穴。没有了它们，探索监狱和摧毁魔茧会更容易、更快速。,assets/images/任务/仓库--eaab157708.png
刽子手巢穴,• Войти в Логово Палача,你会在刽子手巢穴找到最佳仓库战利品。进入巢穴，准备面对头号刽子手和红魔球。,assets/images/地图地点/仓库--4a05d440b5.png
刽子手巢穴,• Убить Первого Палача в его Логове / Уничтожить Красный шар,打败头号刽子手，摧毁只会受到范围伤害的红魔球异象。,assets/images/任务/刽子手巢穴--64ec3466c6.png
未命名任务,,,
未命名任务,,,
未命名任务,,,
黑客,• Изготовить отмычки,制作撬锁工具以研究职业黑客技能。你可以通过交易从斯普林特那里换来平锉刀工具。,assets/images/资源材料/3级撬锁工具--5532f13852.png
未命名任务,,,
黑客,• Открыть отмычками двери и ящики,使用撬锁工具撬开几道上锁的门和几个上锁的盒子，以研究专家黑客技能。你可以自己制作撬锁工具，或通过交易从维因那里获得。仓库监狱拥有数量最多的上锁的门和盒子。,assets/images/资源材料/3级撬锁工具--5532f13852.png
回音花#5,• Поговорить с Клепкой в подвале Убежища,你在五朵回音花中找到了谢尔普的记忆，并通过研究这些记忆了解到了许多信息。与瑞弗特讨论你未来的行动。,assets/images/任务/陷入困境的女孩--52b57d5c54.png
清理寂静树丛,• Убить врагов в Тихой роще,要参加钢鹰行动，请前往寂静树丛消灭土匪、焦尸或狼。,assets/images/资源材料/寂静树丛--c07debcca0.png
清理荒原,• Убить врагов на Железных пустошах,在铁荒原消灭土匪、焦尸和狼，以完成钢鹰行动。,assets/images/资源材料/铁荒原--bd4e42442a.png
清理寂静树丛,• Убить врагов в Тихой роще дальнобойным оружием,使用弓、十字弓和枪械在寂静树丛杀死焦尸、土匪或狼。使用投掷武器杀敌不符合条件。,assets/images/资源材料/寂静树丛--c07debcca0.png
清理荒原,• Убить врагов на Железных пустошах дальнобойным оружием,使用弓、十字弓和枪械在铁荒原杀死焦尸、土匪或狼。使用投掷武器杀敌不符合条件。多次访问该地点以完成剧情任务。,assets/images/资源材料/铁荒原--bd4e42442a.png
旧加油站的守卫,• Убить Мертвого сторожа на АЗС дальнобойным оружием,使用弓、十字弓和枪械在旧加油站杀死僵尸守卫。使用投掷武器杀敌不符合条件。如果无法访问旧加油站，请完成瑞弗特的剧情任务。,assets/images/任务/旧加油站的守卫--49769b7831.png
突袭黄色区,• Убить врагов в «желтых» местах дальнобойным оружием,使用弓、十字弓和枪械在焦尸土地或森林郊区杀死焦尸、土匪或狼。使用投掷武器和破坏异象杀敌不符合条件。多次访问地点以完成剧情任务。,assets/images/任务/突袭黄色区--47850e7ab2.png
突袭红色区,• Убить врагов в «красных» местах дальнобойным оружием,使用弓、十字弓和枪械在荒凉山谷或防风林杀死焦尸、土匪或狼。使用投掷武器和破坏异象杀敌不符合条件。多次访问地点以完成剧情任务。,assets/images/任务/突袭红色区--b31ec6a8cc.png
清理狂腐士,• Убить Распадников у Осажденного дома дальнобойным оружием,使用弓、十字弓和枪械在被围困的房屋杀死狂腐士。使用投掷武器杀敌不符合条件。,assets/images/地图地点/被围困的房屋--a9dc4a2b8b.png
旧加油站的守卫,• Убить Мертвого сторожа на АЗС дальнобойным оружием,使用弓、十字弓和枪械在旧加油站杀死僵尸守卫。使用投掷武器杀敌不符合条件。如果无法访问旧加油站，请完成瑞弗特的剧情任务。,assets/images/任务/旧加油站的守卫--49769b7831.png
突袭黄色区,• Застрелить элит. врагов в «желтых» местах,"在焦尸土地和森林郊区射杀精英敌人。
注意：使用枪械、弓和十字弓消灭敌人。",assets/images/任务/突袭黄色区--47850e7ab2.png
突袭红色区,• Застрелить элит. врагов в «красных» местах,"在荒凉山谷和防风林射杀精英敌人。
注意：使用枪械、弓和十字弓消灭敌人。",assets/images/任务/突袭红色区--b31ec6a8cc.png
狩猎刽子手,• Убить Палачей в Хозмаге,前往仓库，在第一分区和监狱消灭刽子手。刽子手易受火焰伤害。注意：使用枪械、弓和十字弓消灭敌人。,assets/images/地图地点/仓库--4a05d440b5.png
暗区,• Спасти пилота «Ястребов» в Темной Зоне,前往坪瑟的避难所，接受CHAP的剧情任务，在暗区救出鹰队飞行员。可能需要一段时间才能接到这个剧情任务。在暗区你需要使用坪瑟的技术来对付复制体。可以通过CHAP交易这些技术。,assets/images/任务/幸存飞行员--ac9d6333c5.png
偶遇,• Поговорить с Отшельником,,assets/images/任务/偶遇--fb875d1b7d.png
狩猎焦尸,• Спуститься в подвал и убить 4 горелых,,assets/images/资源材料/焦尸--a4e6e7f3d6.png
兄弟会任务,• Поговорить с Клепкой в подвале Убежища,在你离开时，瑞弗特为你分配了新任务。去和她谈谈吧。,assets/images/任务/陷入困境的女孩--52b57d5c54.png
兄弟会任务,• Поговорить с Коброй,瑞弗特给你找了个客户：自由游荡者兄弟会。游荡者“眼镜蛇”是自由游荡者兄弟会的招募者，她在指挥地堡附近的警报系统旁等你。,assets/images/任务/兄弟会任务--d356b13f2e.png
修理,• Починить систему оповещения,要想获得新的派系任务，你需要修复信号警报系统。你可以在避难所的指挥掩体旁找到它。修复信号系统后，与瑞弗特交谈。,assets/images/资源材料/扬声器--f00eac8eeb.png
修理,• Поговорить с Клепкой в подвале Убежища,在你离开时，瑞弗特为你分配了新任务。去和她谈谈吧。,assets/images/任务/陷入困境的女孩--52b57d5c54.png
民防,• Использовать систему оповещения,你修复了信号警报系统。现在你可以用它来收听来自要塞兵团的消息，并获得新的派系任务。,assets/images/资源材料/扬声器--f00eac8eeb.png
兄弟会任务,•‎ Поговорить с Коброй у системы оповещения в Убежище,与一个名叫眼镜蛇的游荡者交谈，她是派系招募人员，跟她讨论兄弟会的事务。她在指挥地堡附近的信号警报系统旁等你。,assets/images/任务/兄弟会任务--d356b13f2e.png
野战药物,• Использовать промытые повязки,使用水洗绷带完成派系任务。你可以在治疗师桌上生产它们。,assets/images/补给消耗品/生产水洗绷带--004453e12d.png
野战药物,• Использовать бинты,使用绷带完成派系任务。你可以在2级治疗师桌上生产它们。,assets/images/补给消耗品/绷带--58b8353fe6.png
野战药物,• Использовать перевязочные пакеты,使用伤口敷料完成派系任务。你可以在3级治疗师桌上生产它们。,assets/images/补给消耗品/伤口敷料--2dc59680d1.png
活化注射,• Использовать стимулятор «Феникс»,使用在领地中发现的凤凰兴奋剂、特殊活动奖励和商人盒子以完成派系任务。,assets/images/补给消耗品/凤凰兴奋剂--cecbd5b4b8.png
快捷小吃,• Съесть тушеные помидоры,吃炖西红柿以完成派系任务。你可以在壁炉中烹饪它。,assets/images/补给消耗品/炖西红柿--c7f160b33c.png
肉类检测,• Съесть жареное мясо,吃烤肉以完成派系任务。你可以在壁炉中烹饪它。,assets/images/补给消耗品/烤肉--aed8190a0f.png
狩猎麋鹿,• Убить лосей из лука или арбалета,只使用弓或十字弓在领地狩猎麋鹿以完成派系任务。如果你没有武器，可以制作、夺取或购买武器。,assets/images/任务/血液样本--0f0069a83f.png
大灭绝,• Убить любых противников,在领地杀死土匪、焦尸或野生动物，以完成派系任务。,assets/images/资源材料/焦尸--a4e6e7f3d6.png
移动目标,• Убить бандитов метательным оружием,仅使用投掷武器，如飞刀和飞斧、手榴弹、爆裂糖果神器等杀死任何土匪，以完成派系任务。,assets/images/资源材料/狂腐士--6166b5fd12.png
游荡者的任务,• Уничтожить аномалию в Загадочном подвале,用投掷武器摧毁神秘的地下室中的异象，以完成派系任务。如果特殊活动处于非活动状态，则需要等待它出现在全局地图上。,assets/images/任务/游荡者的任务--bc24ab9621.png
袭击者狂热,• Сделать топор рейдера,在制作界面中制作袭击者之斧以完成派系任务。,assets/images/武器/袭击者之斧--4162947ac5.png
燃烧的深渊,• Убить противников в Хозмаге огненным оружием,前往仓库，仅使用火焰武器杀死任何敌人。你可以制作武器，作为奖励领取，或者从商人那里购买。,assets/images/地图地点/仓库--4a05d440b5.png
动物爱好者,• Убить Друга Зверей на Опушке Леса,前往森林郊区，杀死精英猎人森林野兽之友以完成派系任务。,assets/images/任务/森林之魂--435f2bf305.png
蘑菇苦啤,• Выпить спиртовые грибные настойки,喝蘑菇苦啤以完成派系任务。你可以在2级治疗师桌上生产它。,assets/images/补给消耗品/蘑菇苦啤--f48f958206.png
玫瑰果苦啤,• Выпить спиртовые настойки шиповника,喝玫瑰果苦啤以完成派系任务。你可以在2级治疗师桌上生产它。,assets/images/补给消耗品/玫瑰果苦啤--056141cccc.png
蜀羊泉,• Выпить спиртовые настойки на волчьих ягодах,喝蜀羊泉苦啤以完成派系任务。你可以在3级治疗师桌上生产它。,assets/images/补给消耗品/蜀羊泉苦啤--2d2fcce293.png
钢筋供应,• Произвести и отдать арматуру Кобре в Убежище,在铁砧上生产钢筋。准备好后，将其交给避难所的眼镜蛇以完成派系任务。,assets/images/资源材料/钢筋--08db8f68c1.png
钢筋供应,• Найти и отдать арматуру Кобре в Убежище,在铁砧上生产钢筋。准备好后，将其交给避难所的眼镜蛇以完成派系任务。,assets/images/资源材料/钢筋--08db8f68c1.png
旧加油站死灵晶体,• Добыть некрокристаллы из горелых на Старой АЗС,在旧加油站杀死任何焦尸并夺取战利品，收集死灵晶体以完成派系任务。,assets/images/资源材料/死灵晶体--46eabe10a0.png
糖果爆炸,• Добыть и отдать «лимонки» Кобре в Убежище,获取异象区的爆裂糖果神器和奖励，并将其交给避难所的眼镜蛇以完成派系任务。,assets/images/补给消耗品/爆裂糖果--925f7840ea.png
有铁锭吗？,• Произвести и отдать железные чушки Кобре в Убежище,在2级铁砧上生产铁锭。准备好后，将其交给避难所的眼镜蛇以完成派系任务。,assets/images/资源材料/铁锭--c1d90e745f.png
有铁锭吗？,• Найти и отдать железные чушки Кобре в Убежище,在2级铁砧上生产铁锭。准备好后，将其交给避难所的眼镜蛇以完成派系任务。,assets/images/资源材料/铁锭--c1d90e745f.png
仓库造物,• Добыть «кровавые слезы» в Хозмаге,从仓库的血色洞穴里得到血泪球。将其交给避难所的眼镜蛇以完成任务。,assets/images/资源材料/血泪球--18cce58e94.png
天青石,• Добыть и отдать артефакты «лазурит» Кобре в Убежище,获取异象区的天青石神器和奖励，并将其交给避难所的眼镜蛇以完成派系任务。,assets/images/补给消耗品/天青石--f7f9febbf0.png
西红柿,• Приготовить тушеные помидоры,在壁炉里炖西红柿。将其交给避难所的眼镜蛇以完成派系任务。,assets/images/补给消耗品/炖西红柿--c7f160b33c.png
西红柿,• Отдать тушеные помидоры Кобре в Убежище,在壁炉里炖西红柿。将其交给避难所的眼镜蛇以完成派系任务。,assets/images/补给消耗品/炖西红柿--c7f160b33c.png
木板,• Сделать качественные доски,在刨床上生产优质木板，并将其交给避难所的眼镜蛇以完成任务。,assets/images/资源材料/优质木板--1f92e23d6a.png
木板,• Отдать качественные доски Кобре в Убежище,在刨床上生产优质木板，并将其交给避难所的眼镜蛇以完成任务。,assets/images/资源材料/优质木板--1f92e23d6a.png
苦工,• Обработать бетон на станке каменщика,在泥瓦匠工作台上加工并交付混凝土。处理完成后，将其交给游荡者营地仓库的眼镜蛇以完成派系任务。,assets/images/资源材料/建筑混凝土--5094079ac2.png
苦工,• Отдать обработанный бетон Кобре в Убежище,在泥瓦匠工作台上生产建筑混凝土，并将其送到避难所的眼镜蛇以完成派系任务。,assets/images/资源材料/建筑混凝土--5094079ac2.png
狂热分子的蜡封,• Добыть печати Капелланов Распада у Осажденного дома,前往被围困的房屋，消灭狂腐士的精英牧师并获取战利品。他们是狂腐士精英，在活动的一个阶段在房屋附近巡逻。如果你最近完成了被围困的房屋，则需要等待它再次出现。将蜡封交给避难所的眼镜蛇以完成派系任务。,assets/images/资源材料/牧师狂腐士的蜡封--e2c4abf91f.png
临时凑合的药品,• Произвести бинты,在2级治疗师桌上制作绷带以完成派系任务。,assets/images/补给消耗品/绷带--58b8353fe6.png
收集亚麻,• Вырастить лен,在2级花园土地上种植亚麻以完成派系任务。你可以在领地上找到亚麻种子。,assets/images/资源材料/亚麻--11fa891b81.png
活体锯木厂,• Добыть сырые доски,在领地上用斧头获取原生木板以完成派系任务。,assets/images/资源材料/原生木板--0217e8a5b8.png
重金属,• Добыть металлолом,在领地上获取废金属并用锤子打破桶以完成派系任务。,assets/images/资源材料/废金属--41a6f0fc87.png
永动机,• Потратить энергию,有些行动会消耗能量值。比如搜索箱子、使用隐形模式，或者开采资源等。但在这个派系任务中，在全局地图上跑动的能量消耗会被忽略。,assets/images/资源材料/能量值--7ef23f1acd.png
领地的清理,• Убить любых противников в «желтых» и «красных» местах,在黄色和红色区杀死土匪、焦尸或野生动物，以完成派系任务。,assets/images/资源材料/焦尸--a4e6e7f3d6.png
魔鬼投弹,• Использовать артефакты «чертов еж»,在战斗中使用魔鬼海胆爆弹投掷神器以完成派系任务。你可以在异象区和其他地点找到这些神器。,assets/images/补给消耗品/魔鬼海胆爆弹--856a77662f.png
异教徒来了,• Убить Атомного Факельщика у Осажденного дома,杀死被围困的房屋附近的核炬士头目以完成派系任务。如果特殊活动处于非活动状态，则需要等待它出现在全局地图上。,assets/images/任务/土匪头目--9459f43b94.png
仓库之火,• Уничтожить кровавые дыры в Хозмаге,在仓库里使用火焰武器烧毁血色洞穴，以完成派系任务。,assets/images/任务/仓库--eaab157708.png
减少数量,• Убить любых горелых в «желтых» и «красных» местах,在领地上的黄色和红色区，包括异象区和特殊活动中，杀死任何焦尸以完成派系任务。,assets/images/资源材料/焦尸--a4e6e7f3d6.png
以法律的名义,• Убить любых бандитов в «желтых» и «красных» местах,在黄色和红色区，包括特殊活动中，使用手枪杀死任何土匪，以完成派系任务。,assets/images/资源材料/狂腐士--6166b5fd12.png
铁皮,• Произвести и отдать железные листы Кобре в Убежище,在2级铁砧上生产铁皮。准备好后，将其交给避难所的眼镜蛇以完成派系任务。,assets/images/资源材料/铁皮--56e75b8da7.png
未命名任务,• Хэллоуин 2020 управляющий [y],,assets/images/资源材料/焦尸--a4e6e7f3d6.png
铁皮,• Отдать железные листы Кобре в Убежище,在2级铁砧上生产铁皮。准备好后，将其交给避难所的眼镜蛇以完成派系任务。,assets/images/资源材料/铁皮--56e75b8da7.png
药品供应,• Произвести перевязочные пакеты,在3级治疗师桌上制作伤口敷料以完成派系任务。,assets/images/补给消耗品/伤口敷料--2dc59680d1.png
有机棉花,• Вырастить и отдать хлопок Кобре в Убежище,在3级花园土地上种植棉花，采摘后，将其交给避难所的眼镜蛇以完成派系任务。,assets/images/资源材料/棉花--39eb74117d.png
有机棉花,• Отдать хлопок Кобре в Убежище,在3级花园土地上种植棉花，采摘后，将其交给避难所的眼镜蛇以完成派系任务。,assets/images/资源材料/棉花--39eb74117d.png
密切接触,• Убить любых противников оружием ближнего боя,杀死领地上的任何敌人，用近战武器造成所有伤害以完成派系任务。,assets/images/资源材料/焦尸--a4e6e7f3d6.png
推拉神器,• Отдать «тяни-толкаи» Кобре в Убежище,前往旧加油站，从后院的UAZ越野车中获得推拉神器。旧加油站是一个异象区。你可能需要等待时间重置以从中获得更多神器。将它们交给避难所的眼镜蛇以完成派系任务。,assets/images/资源材料/推拉神器--1adbbba4a4.png
饮料运送,• Сделать и отдать спирт. гриб. настойки Кобре в Убежище,要完成此派系任务，请在2级治疗师桌上生产蘑菇苦啤，并将其交给避难所的眼镜蛇。,assets/images/补给消耗品/蘑菇苦啤--f48f958206.png
蛇彭特新娘营地,• Добыть Ключ Невест из тыквоголовых и алтарей,通往蛇彭特新娘的通道锁住了，在蛇彭特新娘营地中击杀并搜索送葬者和祭坛，获得蛇彭特新娘的钥匙，打开大门。,assets/images/资源材料/新娘钥匙--061f4e2748.png
饮料运送,• Отдать спирт. грибные настойки Кобре в Убежище,在2级治疗师桌上生产蘑菇苦啤，并将其交给避难所的眼镜蛇以完成派系任务。,assets/images/补给消耗品/蘑菇苦啤--f48f958206.png
饮料运送,• Произвести и отдать спирт. настойки шиповника Кобре в Убежище,在2级治疗师桌上生产玫瑰果苦啤，并将其交给避难所的眼镜蛇以完成派系任务。,assets/images/补给消耗品/玫瑰果苦啤--056141cccc.png
饮料运送,• Найти и отдать спиртовые настойки шиповника Кобре,在2级治疗师桌上生产玫瑰果苦啤，并将其交给避难所的眼镜蛇以完成派系任务。,assets/images/补给消耗品/玫瑰果苦啤--056141cccc.png
留名者的死灵晶体,• Добыть некрокристаллы Хватов,在黄色和红色区杀死留名者，并夺取死灵晶体以完成派系任务。有时在绿色区也能遇到留名者。,assets/images/资源材料/留名者的死灵晶体--487c514d12.png
克劳怪的死灵晶体,• Добыть некрокристаллы Когтей,在黄色和红色区杀死克劳怪，并夺取死灵晶体以完成派系任务。,assets/images/资源材料/克劳怪的死灵晶体--a2a959e45d.png
西图斯之石,• Найти «камни Тесея» в домах на Выжженных землях,在焦尸土地搜索房屋，收集西图斯之石以完成派系任务。你可能需要多次返回此地点。,assets/images/资源材料/西图斯之石--e8385a1ec9.png
温暖之屋,• Найти артефакты «теплушка» в домах на Опушке Леса,在森林郊区搜索房屋以完成派系任务。你可能需要多次返回此地点。,assets/images/资源材料/暖绒球--2d7c47c9d6.png
蛇彭特新娘营地,• Открыть Врата Невест Змея,你已经获得了蛇彭特新娘钥匙！在营地解锁大门，前往蛇彭特新娘那里并与他们战斗。,assets/images/资源材料/新娘钥匙--061f4e2748.png
蛇彭特新娘营地,• Победить Невест Змея,与蛇彭特新娘战斗。除非敌人和你有一方死亡，否则你不能离开这里。小心阿依达·维铎的神经毒素和有毒烟雾。,assets/images/地图地点/蛇彭特新娘营地--742bcd65c8.png
蛇彭特新娘营地,• Пройти в Лагерь Невест через ворота,使用蛇彭特獠牙解锁大门，进入蛇彭特新娘营地。,assets/images/其他物品/蛇彭特獠牙--76c49c2626.png
送葬者之屋,• Убить тыквоголовых,在搜刮房子之前，先干掉所有送葬者。,assets/images/任务/阅后即焚--5b1e0369b5.png
送葬者之屋,• Обыскать хабар в доме,所有的送葬者都死了。你可以从房子里拿走战利品。,assets/images/任务/送葬者之屋--b0848051e7.png
货币储备,• Найти и отдать баксы Кобре в Убежище,找到钱。它们可以在任何地方找到，但黄色和红色区最多。将其交给避难所的眼镜蛇以完成任务。,assets/images/资源材料/钱--d012d98085.png
钻石和黄金,• Найти и отдать украшения Кобре в Убежище,找到装饰品。它们可以在任何地方找到，但黄色和红色区最多。将其交给避难所的眼镜蛇以完成派系任务。,assets/images/资源材料/珠宝--58d9eed214.png
海胆运输,• Найти и отдать артефакты «чертов еж» Кобре в Убежище,找到魔鬼海胆爆弹神器。它们可以在任何地方找到，但异象区最多。将其交给避难所的眼镜蛇以完成派系任务。,assets/images/补给消耗品/魔鬼海胆爆弹--856a77662f.png
清澈透明,• Найти и отдать водку «Гарковская» Кобре в Убежище,找到并运送加尔科夫伏特加。你可以在各处找到它，但主要是在仓库和红色区。将其交给避难所的眼镜蛇以完成派系任务。,assets/images/补给消耗品/“Garkoff”伏特加--56bb71573d.png
啤酒花和麦芽,• Найти и отдать «Мистику-76» Кобре в Убежище,找到并运送战前啤酒。你可以在各处找到它，但主要是在红色区和异象区。将其交给避难所的眼镜蛇以完成派系任务。,assets/images/补给消耗品/战前啤酒--3652084e5a.png
吸血蛭的死灵晶体,• Добыть некрокристаллы из аномалий в Хозмаге,只使用手榴弹杀死仓库中的吸血蛭，从它们那里取得死灵晶体。你可能需要多次回到这个地点。将死灵晶体交给避难所的眼镜蛇。,assets/images/资源材料/吸血蛭的死灵晶体--fe6210a8a2.png
森林蝾螈,• Добыть артефакты «тритон» из деревьев в Лесополосе,囤积斧头和装备，前往防风林并砍倒树木。获得神器后，将其交给避难所的眼镜蛇以完成派系任务。,assets/images/资源材料/蝾螈--d59029937f.png
警笛之歌,• Отдать артефакты «сирена» Кобре в Убежище,在荒凉山谷用火焰杀死土匪和焦尸，夺取警笛神器。你可能需要多次返回此地点。将警笛交给避难所的眼镜蛇。,assets/images/资源材料/警笛--27a1b9fa5d.png
黑色蜘蛛网,• Добыть «черный саван» из бочек в Мертвой низине,囤积工具和装备，前往荒凉山谷，并破坏金属桶。将黑色寿衣神器交给避难所的眼镜蛇以完成派系任务。,assets/images/资源材料/黑色寿衣--ebf948978b.png
移动目标,• Убить любых противников оружием дальнего боя,杀死领地上的任何敌人，用远程武器造成所有伤害以完成派系任务。,assets/images/资源材料/焦尸--a4e6e7f3d6.png
密切接触,• Убить любых противников оружием ближнего боя,杀死领地上的任何敌人，用近战武器造成所有伤害以完成派系任务。,assets/images/资源材料/焦尸--a4e6e7f3d6.png
密切接触,• Убить любых противников оружием ближнего боя в «желтых» и «красных» местах,在红色和黄色危险区中杀死任何敌人，用近战武器造成所有伤害以完成派系任务。,assets/images/资源材料/焦尸--a4e6e7f3d6.png
射击场,• Убить любых противников оружием дальнего боя в «желтых» и «красных» местах,在红色和黄色危险区中杀死任何敌人，用远程武器造成所有伤害以完成派系任务。,assets/images/资源材料/焦尸--a4e6e7f3d6.png
面对面,• Убить любых противников оружием ближнего боя,在红色危险区中杀死任何敌人，用近战武器造成所有伤害以完成派系任务。,assets/images/资源材料/焦尸--a4e6e7f3d6.png
射杀,• Убить любых противников оружием дальнего боя,在红色危险区中杀死任何敌人，用远程武器造成所有伤害以完成派系任务。,assets/images/资源材料/焦尸--a4e6e7f3d6.png
正义之火,• Убить бандитов огненным оружием,仅使用火焰武器杀死任何敌人以完成派系任务。你可以制作火焰武器，作为奖励领取，或者从商人那里购买。,assets/images/武器/狂热者狂腐士AKM--4809068d63.png
死亡与激情,• Убить бандитов из пистолета,杀死领地上的任何敌人，用手枪造成所有伤害以完成派系任务。,assets/images/武器/马卡洛夫手枪--584da1b991.png
与狼共舞,• Убить волков ножами или мачете,杀死领地上的任何狼，用刀或大砍刀造成所有伤害以完成派系任务。,assets/images/任务/猎狼--b060934367.png
猎杀猎人,• Убить Лесовиков в Кричащем Лесу,在尖叫森林中杀死森林之子以完成派系任务。,assets/images/资源材料/森林之友--a7483a10bb.png
各有所爱,• Убить бандитов из автомата/ПП в «желтых» и «красных» местах,在红色和黄色危险区中杀死土匪，用突击步枪或冲锋枪造成所有伤害以完成派系任务。,assets/images/资源材料/狂腐士--6166b5fd12.png
僵尸狩猎,• Убить горелых из дробовика в «желтых» и «красных» местах,在红色和黄色危险区中杀死焦尸，用散弹枪造成所有伤害以完成派系任务。,assets/images/资源材料/焦尸--a4e6e7f3d6.png
血腥冲突,• Убить бандитов симбиотическим оружием гулей в «желтых» и «красных» местах,在红色和黄色危险区击杀土匪，用食尸鬼共生武器造成所有伤害以完成派系任务。你可以在仓库商人处找到武器。,assets/images/资源材料/森林之友--a7483a10bb.png
溶剂,• Убить горелых кислотным оружием в «желтых» и «красных» местах,在除被遗忘的墓地之外的红色和黄色区击杀焦尸，用酸性武器造成所有伤害以完成派系任务。酸性武器可在你避难所的送葬者工作台上制作。,assets/images/资源材料/焦尸--a4e6e7f3d6.png
僵尸焚化者,• Убить горелых огненным оружием в «желтых» и «красных» местах,在红色和黄色危险区域击杀焦尸，使用火焰武器造成所有伤害以完成派系任务。你可以制作火焰武器，作为奖励领取，或者从商人那里购买。,assets/images/资源材料/焦尸--a4e6e7f3d6.png
刽子手实验鼠,• Убить образец в Объекте «Стокер»,在储料设施杀死标本以完成派系任务。你需要止血剂、烧灼治疗器和输血包。,assets/images/任务/储料设施--fc7a794aff.png
新娘实验鼠,• Убить образцы в Объекте «Близнецы»,在双子设施杀死标本以完成派系任务。你需要压缩空气罐、防酸斗篷和中和喷雾。,assets/images/任务/新娘实验鼠--332bf9a955.png
守卫实验鼠,• Убить образец в Объекте «Диод»,在二极管设施杀死标本以完成派系任务。你需要绝缘体、金属箔和硬橡胶。,assets/images/任务/守卫实验鼠--686806c210.png
黑暗狩猎,• Убить теневых двойников в «красных» местах,在荒凉山谷和防风林击杀复制体以完成派系任务。它们是非常危险的对手。打开空投会吸引复制体。,assets/images/资源材料/焦尸--a4e6e7f3d6.png
密切接触,• Убить любых противников оружием ближнего боя,在红色和黄色危险区中杀死任何敌人，用近战武器造成所有伤害以完成派系任务。,assets/images/资源材料/焦尸--a4e6e7f3d6.png
射击场,• Убить любых противников оружием дальнего боя,在红色和黄色危险区中杀死任何敌人，用远程武器造成所有伤害以完成派系任务。,assets/images/资源材料/焦尸--a4e6e7f3d6.png
面对面,• Убить любых противников оружием ближнего боя,在红色危险区中杀死任何敌人，用近战武器造成所有伤害以完成派系任务。,assets/images/资源材料/焦尸--a4e6e7f3d6.png
射杀,• Убить любых противников оружием дальнего боя,在红色危险区中杀死任何敌人，用远程武器造成所有伤害以完成派系任务。,assets/images/资源材料/焦尸--a4e6e7f3d6.png
森林野兽,• Убить Зверя Леса,在尖叫森林中的森林野兽巢穴中击杀森林野兽以完成派系任务。你需要能造成重伤的武器。它们可以在仓库商人处购买。,assets/images/任务/失踪的铁匠--8c3da0365a.png
狩猎刽子手,• Убить Первого Палача,在监狱中的头号刽子手巢穴中击杀森林野兽以完成派系任务。你需要能造成毒素伤害的武器。它们可以在桥边的英格丽德那里购买。,assets/images/任务/刽子手巢穴--64ec3466c6.png
红热,摧毁仓库监狱中的魔茧,摧毁仓库监狱中的魔茧以完成派系任务。你需要粉碎武器。,assets/images/怪物/1号魔茧--49aa3398e2.png
暗影杀戮,• Убить теневых двойников в «красных» местах,在荒凉山谷和防风林击杀复制体以完成派系任务。它们是非常危险的对手。打开空投会吸引复制体。,assets/images/任务/黑暗克隆攻击--b2e501c4ed.png
狙击手,• Убить любых противников из винтовок в «красных» местах,在红色危险区中杀死任何敌人，用步枪造成所有伤害以完成派系任务。,assets/images/资源材料/焦尸--a4e6e7f3d6.png
移动目标,• Убить любых противников оружием дальнего боя,杀死领地上的任何敌人，用远程武器造成所有伤害以完成派系任务。,assets/images/资源材料/焦尸--a4e6e7f3d6.png
新的派系任务,在避难所使用信号报警系统,使用避难所掩体附近的信号报警系统接收新的派系任务。,assets/images/资源材料/扬声器--f00eac8eeb.png
新的派系任务,在避难所使用信号报警系统,使用避难所掩体附近的信号报警系统接收新的派系任务。,assets/images/资源材料/扬声器--f00eac8eeb.png
军用无人机,• Найти фрагменты боевого дрона в Мертвой низине,在荒凉山谷搜索盒子、背包和袋子以找到要塞兵团的无人机碎片。你可能需要多次返回此地点。找到之后，将神器交给要塞兵团前哨官以完成派系任务。,assets/images/资源材料/军用无人机碎片--70df4a951a.png
未命名任务,,,
未命名任务,,,
猎兔,"• Убить зайцеголовых на ""зеленых"" локациях",在寂静树丛和铁荒原击杀兔头以完成此剧情任务。,assets/images/任务/猎兔--efbbf3033c.png
猎兔,"• Убить зайцеголовых на ""желтых"" локациях",在森林郊区和焦尸土地击杀兔头以完成此剧情任务。,assets/images/任务/猎兔--efbbf3033c.png
猎兔,"• Убить зайцеголовых на ""желтых"" локациях",在森林郊区和焦尸土地击杀兔头以完成此剧情任务。,assets/images/任务/猎兔--efbbf3033c.png
猎兔,"• Убить зайцеголовых на ""красных"" локациях",在防风林和荒凉山谷击杀兔头以完成此剧情任务。,assets/images/任务/猎兔--efbbf3033c.png
猎兔,"• Убить зайцеголовых на ""желтых"" локациях",在森林郊区和焦尸土地击杀兔头以完成此剧情任务。,assets/images/任务/猎兔--efbbf3033c.png
猎兔,"• Убить зайцеголовых на ""желтых"" локациях",在森林郊区和焦尸土地击杀兔头以完成此剧情任务。,assets/images/任务/猎兔--efbbf3033c.png
燃烧的耳朵,• Убить зайцеголовых огненным оружием,在领地中击杀兔头，用火焰武器造成至少一半的伤害，以完成该剧情任务。你可以制作武器，在奖励中找到它们，或者向商人购买武器。,assets/images/任务/猎兔--efbbf3033c.png
额外酸酱,• Убить зайцеголовых кислотным оружием,在领地中击杀兔头，用酸性武器造成至少一半的伤害，以完成该剧情任务。你可以通过完成送葬者营地的特殊活动或者在送葬者工作台上制作武器来获得它们。,assets/images/任务/猎兔--efbbf3033c.png
寻找彩蛋,"• Найти неопознанные яйца на ""зеленых"" локациях",在寂静树丛和铁荒原找到密封彩蛋以完成此剧情任务。可能需要一段时间才能获得物品。,assets/images/资源材料/密封彩蛋--db791e08cd.png
两只野兔之后,• Убить зайцеголовых метательным оружием,在领地中击杀兔头，用投掷武器造成至少一半的伤害，以完成该剧情任务。你可以制作武器，或在奖励中找到它们。,assets/images/任务/猎兔--efbbf3033c.png
两只野兔之后,• Убить зайцеголовых метательным оружием,在领地中击杀兔头，用投掷武器造成至少一半的伤害，以完成该剧情任务。你可以制作武器，或在奖励中找到它们。,assets/images/任务/猎兔--efbbf3033c.png
寻找彩蛋,"• Найти неопознанные яйца на ""желтых"" локациях",在森林郊区和焦尸土地找到密封彩蛋以完成此剧情任务。可能需要一段时间才能获得物品。,assets/images/资源材料/密封彩蛋--db791e08cd.png
先要抓住野兔,• Убить зайцеголовых из пистолетов,在领地中击杀兔头，用手枪造成至少一半的伤害，以完成该剧情任务。,assets/images/任务/猎兔--efbbf3033c.png
寻找彩蛋,"• Найти неопознанные яйца на ""желтых"" локациях",在森林郊区和焦尸土地找到密封彩蛋以完成此剧情任务。可能需要一段时间才能获得物品。,assets/images/资源材料/密封彩蛋--db791e08cd.png
寻找彩蛋,"• Найти неопознанные яйца на ""красных"" локациях",在防风林和荒凉山谷找到密封彩蛋以完成此剧情任务。可能需要一段时间才能获得物品。,assets/images/资源材料/密封彩蛋--db791e08cd.png
野兔密码,"• Найти диски для опознания на ""зеленых"" локациях",在寂静树丛和铁荒原找到神器解码器以完成此剧情任务。请尝试击杀兔头并获得其战利品以找到该物品。可能需要一段时间才能获得物品。,assets/images/资源材料/神器解码器--ac7f74b4d7.png
强硬面具,"• Убить зайцеголовых на ""зеленых"" локациях мили оружием",在寂静树丛和铁荒原击杀兔头，用近战武器造成至少一半的伤害，以完成此剧情任务。用自行车改装击杀它们不符合要求。,assets/images/任务/猎兔--efbbf3033c.png
野兔密码,"• Найти диски для опознания на ""желтых"" локациях",在森林郊区和焦尸土地找到神器解码器以完成此剧情任务。请尝试击杀兔头并获得其战利品以找到该物品。可能需要一段时间才能获得物品。,assets/images/资源材料/神器解码器--ac7f74b4d7.png
强硬面具,"• Убить зайцеголовых на ""желтых"" локациях мили оружием",在森林郊区和焦尸土地击杀兔头，用近战武器造成至少一半的伤害，以完成此剧情任务。用自行车改装击杀它们不符合要求。,assets/images/任务/猎兔--efbbf3033c.png
野兔密码,"• Найти диски для опознания на ""желтых"" локациях",在森林郊区和焦尸土地找到神器解码器以完成此剧情任务。请尝试击杀兔头并获得其战利品以找到该物品。可能需要一段时间才能获得物品。,assets/images/资源材料/神器解码器--ac7f74b4d7.png
野兔密码,"• Найти диски для опознания на ""красных"" локациях",在防风林和荒凉山谷找到神器解码器以完成此剧情任务。请尝试击杀兔头并获得其战利品以找到该物品。可能需要一段时间才能获得物品。,assets/images/资源材料/神器解码器--ac7f74b4d7.png
强硬面具,"• Убить зайцеголовых на ""желтых"" локациях мили оружием",在森林郊区和焦尸土地击杀兔头，用近战武器造成至少一半的伤害，以完成此剧情任务。用自行车改装击杀它们不符合要求。,assets/images/任务/猎兔--efbbf3033c.png
强硬面具,"• Убить зайцеголовых на ""красных"" локациях мили оружием",在防风林和荒凉山谷击杀兔头，用近战武器造成至少一半的伤害，以完成此剧情任务。用自行车改装击杀它们不符合要求。,assets/images/任务/猎兔--efbbf3033c.png
春季野餐,"• Обыскать ивентовые контейнеры на ""зеленых"" локациях",在寂静树丛和铁荒原寻找彩蛋篮以完成此剧情任务。,assets/images/其他物品/一篮彩蛋--7867c28841.png
春季野餐,"• Обыскать ивентовые контейнеры на ""желтых"" локациях",在森林郊区和焦尸土地寻找彩蛋篮以完成此剧情任务。,assets/images/其他物品/一篮彩蛋--7867c28841.png
春季野餐,"• Обыскать ивентовые контейнеры на ""желтых"" локациях",在森林郊区和焦尸土地寻找彩蛋篮以完成此剧情任务。,assets/images/其他物品/一篮彩蛋--7867c28841.png
春季野餐,"• Обыскать ивентовые контейнеры на ""красных"" локациях",在防风林和荒凉山谷寻找彩蛋篮以完成此剧情任务。,assets/images/其他物品/一篮彩蛋--7867c28841.png
异常巢,• Опознать N яиц на определителе артефактов,在你的避难所地下室使用神器识别器来识别密封彩蛋，以完成此剧情任务。 你可以在领地的篮子里找到彩蛋。杀死兔头并在它们身上搜索战利品，以找到神器解码器。,assets/images/资源材料/能量块--4581a84736.png
新剧情任务,• Дождаться следующего дня,你完成了今天所有的春季节庆剧情任务。剧情任务将在明天刷新，与此同时，你可以通过寻找、识别彩蛋，并将彩蛋交给你避难所风车旁的彩蛋收集者，获得活动点数。,assets/images/任务/新剧情任务--80fda52097.png
石墙,• Убить горелых у Аванпоста Оплота оружием дальнего боя,要完成此派系任务，请在要塞兵团前哨站旁击败焦尸。所有伤害必须使用远程武器造成。继续击杀焦尸，直到要塞兵团的士兵和炮塔向变异体开火。,assets/images/地图地点/要塞兵团前哨--6799a4f0cf.png
切割波浪,• Убить горелых у Аванпоста Оплота оружием ближнего боя,要完成此派系任务，请在要塞兵团前哨站旁击败焦尸。所有伤害必须使用近战武器造成。继续击杀焦尸，直到要塞兵团的士兵和炮塔向变异体开火。,assets/images/地图地点/要塞兵团前哨--6799a4f0cf.png
未命名任务,,Splinter the engineer has stopped nearby. She wants to trade. Use the radio station in the Shelter to get his price list before you meet him in person.,assets/images/任务/贸易关系--275e503c10.png
荷官,找到扑克牌并交给仓库的眼镜蛇,要完成此派系任务，需要找到并交付扑克牌。它们可以在领地各处找到：例如，在寂静树丛、焦尸土地和其他地点。当你拿到牌后，将它们交给仓库的眼镜蛇。,assets/images/资源材料/卡牌--b41a72b516.png
荷官,找到扑克牌并将其交给要塞兵团前哨官,要完成此派系任务，需要找到并交付扑克牌。它们可以在领地各处找到：例如，在寂静树丛、焦尸土地和其他地点。当你拿到牌后，将它们交给要塞兵团前哨的军官。,assets/images/资源材料/卡牌--b41a72b516.png
新的考古学,找到平板电脑并交给仓库的眼镜蛇,要完成此派系任务，需要找到并交付平板电脑。它们可以在领地各处找到：例如，在寂静树丛、防风林和其他地点。当你拿到平板电脑后，将它们交给仓库的眼镜蛇。,assets/images/资源材料/平板电脑--db4ae351e8.png
新的考古学,找到平板电脑并将其交给要塞兵团前哨官,要完成此派系任务，需要找到并交付平板电脑。它们可以在领地各处找到：例如，在寂静树丛、防风林和其他地点。当你拿到平板电脑后，将它们交给要塞兵团前哨的军官。,assets/images/资源材料/平板电脑--db4ae351e8.png
点火钥匙,找到车钥匙并交给仓库的眼镜蛇,要完成此派系任务，需要找到并交付车钥匙。它们可以在领地各处找到：例如，在寂静树丛、焦尸土地和其他地点。当你拿到车钥匙后，将它们交给仓库的眼镜蛇。,assets/images/资源材料/汽车钥匙--a67d4f93d1.png
点火钥匙,找到车钥匙并将其交给要塞兵团前哨官,要完成此派系任务，需要找到并交付车钥匙。它们可以在领地各处找到：例如，在寂静树丛、焦尸土地和其他地点。当你拿到车钥匙后，将它们交给要塞兵团前哨的军官。,assets/images/资源材料/汽车钥匙--a67d4f93d1.png
黑市,在被烧毁的餐厅旁与商人交易,要完成此派系任务，需要在被烧毁的餐厅旁与商人进行交易，用屠夫的沸血和一把普通武器交换一把具有特殊伤害的武器，或者和他进行不同的交易。沸血可以通过在锅炉房杀死屠夫获得。,assets/images/任务/黑市--2fb74ff8b5.png
消防安全检查,• Убить огненных горелых в Сгоревшем ресторане,要完成此派系任务，需要在被烧毁的餐厅中杀死燃烧的焦尸。他们容易受到寒冷武器的伤害。,assets/images/任务/消防安全检查--2f08d7ee14.png
猎杀屠夫,•‎ Убить Мясника в Сгоревшем ресторане,要完成此派系任务，在被烧毁的餐厅里杀死屠夫。记住：火焰攻击会恢复他的生命值，但他容易受到寒冷武器伤害。,assets/images/其他物品/屠夫遗体--4cd464553b.png
旧债,• Добраться до Сгоревшего ресторана,枪手让你帮他向尼克斯讨回旧债。去被烧毁的餐厅与匪徒交谈。,assets/images/地图地点/被烧毁的餐厅码头--4e79949470.png
餐厅向导,• Установить вешки в Сгоревшем ресторане,要完成此派系任务，需要在被烧毁的餐厅放置塔棒。你可以自己制作塔棒，但是为了获得必要的资源，必须升级避难所里的工作台。被烧毁的餐厅是一个异象区，如果你最近清理过它，就必须等待时间重置。,assets/images/补给消耗品/游荡者塔棒--58b1f392e5.png
旧债,• Поговорить с рэкетирами на веранде Сгоревшего ресторана,枪手让你去找尼克斯讨回他的旧债。那个匪徒应该就在被烧毁的餐厅的门廊上。找他谈谈。被烧毁的餐厅是一个异象区，如果你最近清理过它，就必须等待时间重置。,assets/images/任务/旧债--fa4dd60c98.png
供应不足,• Найти коробку с икрой в административке ресторана,枪手让你去找尼克斯讨回他的旧债。匪徒会给你提示，作为交换，你要从餐厅员工室给他们拿一箱鱼子酱。员工室的门只能用撬锁工具打开。你可以自己制作它或者从商人那里购买。被烧毁的餐厅是一个异象区，如果你最近清理过它，就必须等待时间重置。,assets/images/资源材料/一箱鱼子酱罐头--ecd281b492.png
面包约会,• Поговорить с Клепкой в Убежище,枪手让你去找尼克斯追讨他的旧债。匪徒给了你一个关于他位置的提示，但那是用糟糕的黑话写的，你不明白。瑞弗特也许能帮你。去避难所问问她的建议。,assets/images/任务/陷入困境的女孩--52b57d5c54.png
面包约会,• Расшифровать наводку рэкетиров на столе шифровальщика,枪手让你去找尼克斯讨回他的旧债。你从匪徒那里得到了加密提示。把它和你从瑞弗特那里得到的兹纳门斯基的解码器一起放进译码员桌里，破译字条。,assets/images/建筑设施/译码员桌--8957c2c351.png
营地里的尼克斯,• Отправиться на Стоянку бандитов,枪手让你去找尼克斯讨回他的旧债。破译了提示后，你得知了他可能藏身的一个匪徒营地的坐标。前往那里。,assets/images/地图地点/匪徒营地--f688153873.png
营地里的尼克斯,• Найти следы Шухера на Стоянке бандитов,枪手让你去找尼克斯讨回他的旧债。破译了提示后，你得知了他可能藏身的一个匪徒营地的坐标。搜索该地寻找尼克斯或他的踪迹。,assets/images/地图地点/匪徒营地--f688153873.png
梅开二度,• Поговорить с Клепкой в Убежище,你发现了尼克斯在匪徒营地留下的加密字条。同样，这张字条是用匪徒的黑话写的，也就是说，没有兹纳门斯基的解码器，你无法看懂它。问问瑞弗特在哪里可以找到新的解码器。,assets/images/任务/陷入困境的女孩--52b57d5c54.png
梅开二度,• Выменять декодер Знаменского у торговца в Хозмаге,你有一张尼克斯留下的密码字条。你正在寻找尼克斯，但如果没有兹纳门斯基的解码器，你就无法看懂字条。据瑞弗特说，仓库里的商人应该有一些。记住，你可能要先等他的货物范围刷新。,assets/images/资源材料/兹纳门斯基的解码器。类型：方言--5f523e3d95.png
梅开二度,• Расшифровать записку Шухера на столе шифровальщика,你有一张尼克斯留下的密码字条。你正在寻找尼克斯。要破译字条，请把它和兹纳门斯基的解码器一起放进译码员桌里。,assets/images/建筑设施/译码员桌--8957c2c351.png
梅开二度,• Поговорить с рэкетирами на веранде Сгоревшего ресторана,你从破解的字条上得知，要找的尼克斯正前往他的“老地方”。餐厅门廊上的那些匪徒可能知道那个地点的坐标。去和他们谈谈吧。,assets/images/任务/旧债--fa4dd60c98.png
街头节奏,• Найти автомагнитолу в машинах в «желтых» и «красных» местах,匪徒同意把尼克斯地下室的坐标告诉你，条件是你要在黄色和红色区的汽车里找到一个音响系统，交给他们。要对一辆车进行全面搜索，你需要一根撬棍和一把大砍刀。,assets/images/资源材料/汽车音响系统--8a40e73a89.png
一命换一命,• Добыть наплечники Атомных Факельщиков в Осажденном доме,如果你为被杀的帮派成员报仇，并从被围困的房屋或伏击中给他们带来三套核炬士护肩，匪徒们就会同意给你尼克斯藏身处的坐标。你需要多次完成此特殊活动。,assets/images/资源材料/核炬士护肩--1b8e8bcae1.png
坑洞之内,• Выменять декодер Знаменского у торговца в Хозмаге,匪徒们给了你一个包含尼克斯地下室位置的提示。剩下的就是找到兹纳门斯基的解码器并破译字条了。前往仓库旁的游荡者营地，从商人那里得到一个解码器。,assets/images/资源材料/兹纳门斯基的解码器。类型：方言--5f523e3d95.png
坑洞之内,• Расшифровать наводку рэкетиров на столе шифровальщика,你正在追踪尼克斯，好讨要他欠枪手的旧债。在避难所地下室的译码员桌帮助下，破译包含有匪徒藏匿地点坐标的提示。为此，请将提示和兹纳门斯基的解码器插入桌中。,assets/images/建筑设施/译码员桌--8957c2c351.png
坑洞之内,• Добраться до Подвала Шухера,枪手让你去找尼克斯讨回他的旧债。破译了提示后，你得知了尼克斯藏身的地下室的坐标。前往那里。,assets/images/地图地点/尼克斯的地下室--b1de755f8a.png
干掉,• Убить охранника Шухера,你终于到达了尼克斯的地下室， 但那匪徒现在不见客。杀死他的保镖，和枪手的债务人再谈一次。,assets/images/其他物品/尸体--60a021f2ef.png
新剧情任务,• Дождаться следующего дня,你完成了今天所有的春季节庆剧情任务。剧情任务将在明天刷新，与此同时，你可以通过寻找、识别彩蛋，并将彩蛋交给你避难所风车旁的彩蛋收集者，获得活动点数。,assets/images/任务/新剧情任务--80fda52097.png
旧债,• Поговорить с Шухером в его подвале,保镖死后，尼克斯可能会更好说话一些。向他讨要枪手的债务。,assets/images/任务/旧债--8d85f1d75d.png
旧债,• Поговорить со Стрелком на Старой АЗС,尼克斯给了你一部手机，里面有一段关于枪手要找的东西的视频录像。在旧加油站找到枪手，告诉他你了解到的情况。,assets/images/任务/旧加油站--651c11f4ee.png
未命名任务,• Сделать ящик 1 уровня,制作一个1级箱子,assets/images/建筑设施/1级盒子--7bed49ff44.png
受雇佣的向导,• Установить первую вешку во дворе Сгоревшего ресторана,你需要在被烧毁的餐厅里标出一条安全的路线。在餐厅的院子里安装第一个塔棒，要做到这一点，请找到发光区，向它扔个东西，然后就可以放置塔棒了。,assets/images/补给消耗品/游荡者塔棒--58b1f392e5.png
受雇佣的向导,• Установить вторую вешку в зале Сгоревшего ресторана/Установить третью вешку в зале Сгоревшего ресторана,你需要在被烧毁的餐厅里标出一条安全的路线。要做到这一点，在餐厅的大厅里再安装两个塔棒。请找到发光区，向它扔个东西，然后就可以放置塔棒了。,assets/images/补给消耗品/游荡者塔棒--58b1f392e5.png
受雇佣的向导,• Установить четвертую вешку на кухне Сгоревшего ресторана,你需要在被烧毁的餐厅里标出一条安全的路线。要做到这一点，在餐厅的厨房里安装第四个塔棒。请找到发光区，向它扔个东西，然后就可以放置塔棒了。,assets/images/补给消耗品/游荡者塔棒--58b1f392e5.png
受雇佣的向导,• Установить пятую вешку на складе Сгоревшего ресторана,你需要标出一条穿过异象区“被烧毁的餐厅”的安全路线。要做到这一点，在餐厅的储藏室里安装第五个塔棒。请找到发光区，向它扔个东西，然后就可以放置塔棒了。,assets/images/补给消耗品/游荡者塔棒--58b1f392e5.png
受雇佣的向导,下到被烧毁的餐厅地下室里,你需要标出一条穿过异象区“被烧毁的餐厅”的安全路线。目前你已经安装了五个塔棒，并且到达了地下室的入口。打开后方办公室的盖板门，然后下去。,assets/images/任务/受雇佣的向导--7bc2b68c17.png
受雇佣的向导,• Установить шестую вешку в подвале Сгоревшего ресторана,你需要标出一条穿过异象区“被烧毁的餐厅”的安全路线。要做到这一点，在餐厅的储藏室里安装第五个塔棒。请找到发光区，向它扔个东西，然后就可以放置塔棒了。,assets/images/补给消耗品/游荡者塔棒--58b1f392e5.png
受雇佣的向导,打开通往餐厅锅炉房的门,你需要标出一条穿过异象区“被烧毁的餐厅”的安全路线。目前你已经安装了六个塔棒，现在你只需要在餐厅的锅炉房里放置第7个塔棒。打开地下室尽头的门，但要做好一切准备。,assets/images/任务/受雇佣的向导--7dc6c576b3.png
屠宰屠夫,• Убить Мясника в Сгоревшем ресторане,你在被烧毁的餐厅锅炉房里遇到了屠夫。杀了他以完成这条路线。火焰攻击会恢复他的生命值，但他容易收到寒冷伤害。,assets/images/其他物品/屠夫遗体--4cd464553b.png
受雇佣的向导,• Установить седьмую вешку в котельной Сгоревшего ресторана,你需要标出一条穿过异象区“被烧毁的餐厅”的安全路线。要做到这一点，在餐厅的储藏室里安装第五个塔棒。请找到发光区，向它扔个东西，然后就可以放置塔棒了。,assets/images/补给消耗品/游荡者塔棒--58b1f392e5.png
未命名任务,• Установить ящик в Убежище,在避难所内设置箱子,assets/images/建筑设施/1级盒子--7bed49ff44.png
未命名任务,• Сделать топор,制作斧头,assets/images/武器/斧头--8291e3a363.png
未命名任务,• Сделать самодельный молот,制作一把临时凑合的锤子,assets/images/武器/临时凑合的锤子--6ed486f0e1.png
未命名任务,• Сделать очаг 1 уровня,制作一个1级壁炉,assets/images/建筑设施/1级壁炉--b28b73a6e6.png
未命名任务,• Положить вещи в ящик в Убежище,,assets/images/建筑设施/1级盒子--7bed49ff44.png
未命名任务,• Сделать самодельные повязки,制作粗糙的绷带,assets/images/补给消耗品/粗糙的绷带--b2667f161d.png
食用任何食物,,食用任何食物,assets/images/补给消耗品/西红柿--1d009c3ee1.png
未命名任务,• Выпить воды из фляги,从水瓶里喝水,assets/images/补给消耗品/水--cee7cf4792.png
面包约会,• Изучить расшифрованную наводку рэкетиров,枪手让你去找尼克斯讨回他的旧债。你破译了包含匪徒坐标的提示。根据提示获悉下一步要去的地方。,assets/images/资源材料/加密的匪徒提示--d0dc4385ef.png
梅开二度,• Изучить расшифрованную записку Шухера,枪手让你去找尼克斯讨回他的旧债。你发现并破译了一张字条，里面可能有关于匪徒下落的信息。阅读字条以得知下一步该往哪里走。,assets/images/资源材料/加密的匪徒提示--d0dc4385ef.png
坑洞之内,• Изучить расшифрованную наводку рэкетиров,枪手让你去找尼克斯讨回旧债。你破译了匪徒的提示，里面有尼克斯地下室的坐标。剩下只需阅读它了。,assets/images/资源材料/加密的匪徒提示--d0dc4385ef.png
受雇佣的向导,在被烧毁的餐厅门廊上与匪徒交谈,工作已经完成了，你在被烧毁的餐厅里标出了一条安全的路线。回到门廊上找匪徒拿你的报酬吧。,assets/images/其他物品/尸体--60a021f2ef.png
不速之客,• Поговорить с рэкетиром у ветряка,在避难所的风车那里，有一个匪徒在等你，他看起来没有恶意，想跟你谈生意。和他谈谈吧。,assets/images/任务/旧债--8d85f1d75d.png
扎顿,前往被烧毁的餐厅,一个叫尼克斯的匪徒给你提供了一项工作：他想让你在一个异象区“被烧毁的餐厅”里标记一条路线。积累塔棒和装备并前往被烧毁的餐厅。,assets/images/地图地点/被烧毁的餐厅码头--4e79949470.png
扎顿,前往被烧毁的餐厅的门廊,匪徒尼克斯在被烧毁的餐厅门廊等着你。前往门廊的出口在写着餐厅名字的垮塌招牌左边。,assets/images/地图地点/被烧毁的餐厅码头--4e79949470.png
扎顿,在被烧毁的餐厅与尼克斯交谈,匪徒尼克斯在被烧毁的餐厅门廊等着你。跟他交谈，了解你需要做什么。,assets/images/资源材料/能量块--4581a84736.png
受雇佣的向导,• Установить первую вешку во дворе Сгоревшего ресторана,你需要在被烧毁的餐厅里标出一条安全的路线。在餐厅的院子里安装第一个塔棒，要做到这一点，请找到发光区，向它扔个东西，然后就可以放置塔棒了。,assets/images/补给消耗品/游荡者塔棒--58b1f392e5.png
受雇佣的向导,打开通往被烧毁的餐厅大厅的门,你需要在被烧毁的餐厅里标出一条安全的路线。从餐厅院子里的门进入建筑。,assets/images/任务/受雇佣的向导--2153484605.png
受雇佣的向导,"• Установить вторую вешку в зале Сгоревшего ресторана
• Установить третью вешку в зале Сгоревшего ресторана",你需要在被烧毁的餐厅里标出一条安全的路线。要做到这一点，在餐厅的大厅里再安装两个塔棒。请找到发光区，向它扔个东西，然后就可以放置塔棒了。,assets/images/补给消耗品/游荡者塔棒--58b1f392e5.png
受雇佣的向导,打开通往被烧毁的餐厅厨房的门,你需要在被烧毁的餐厅里标出一条路线。目前你已经安装了三个塔棒，现在需要找到一条穿过厨房的安全路线。打开通往厨房的门。它在吧台后面。,assets/images/任务/受雇佣的向导--28e2ada8a5.png
受雇佣的向导,• Установить четвертую вешку на кухне Сгоревшего ресторана,你需要在被烧毁的餐厅里标出一条安全的路线。要做到这一点，在餐厅的厨房里安装第四个塔棒。请找到发光区，向它扔个东西，然后就可以放置塔棒了。,assets/images/补给消耗品/游荡者塔棒--58b1f392e5.png
受雇佣的向导,打开通往餐厅储藏室的门,你需要在被烧毁的餐厅里标出一条安全的路线。目前你已经安装了四个塔棒。下一个将安装在储藏室。在厨房入口处打开通往储藏室的门。,assets/images/任务/受雇佣的向导--9479e64e8c.png
受雇佣的向导,• Установить пятую вешку на складе Сгоревшего ресторана,你需要在被烧毁的餐厅里标出一条安全的路线。要做到这一点，在餐厅的储藏室里安装第五个塔棒。请找到发光区，向它扔个东西，然后就可以放置塔棒了。,assets/images/补给消耗品/游荡者塔棒--58b1f392e5.png
受雇佣的向导,打开通往餐厅后方办公室的门,你需要在被烧毁的餐厅里标出一条路线。目前你已经安装了五个塔棒。现在要穿过后方办公室。打开通往后方办公室的门。,assets/images/任务/受雇佣的向导--fc1c63b77b.png
受雇佣的向导,,你需要在被烧毁的餐厅里标出一条路线。目前你已经安装了五个塔棒，并且到达了地下室的入口。打开后方办公室里的盖板门，然后下去。,assets/images/任务/受雇佣的向导--7bc2b68c17.png
受雇佣的向导,• Установить шестую вешку в подвале Сгоревшего ресторана,你需要在被烧毁的餐厅里标出一条安全的路线。要做到这一点，在餐厅的地下室里安装第六个塔棒。请找到发光区，向它扔个东西，然后就可以放置塔棒了。,assets/images/补给消耗品/游荡者塔棒--58b1f392e5.png
受雇佣的向导,打开通往餐厅锅炉房的门,你需要在被烧毁的餐厅里标出一条路线。目前你已经安装了六个塔棒，现在你只需要在餐厅的锅炉房里放置第7个塔棒。 打开地下室尽头的门，但要做好一切准备。,assets/images/任务/受雇佣的向导--7dc6c576b3.png
屠宰屠夫,• Убить Мясника в Сгоревшем ресторане,你在被烧毁的餐厅锅炉房里遇到了屠夫。杀了他以完成这条路线。火焰攻击会恢复他的生命值，但他容易收到寒冷伤害。,assets/images/其他物品/屠夫遗体--4cd464553b.png
受雇佣的向导,• Установить седьмую вешку в котельной Сгоревшего ресторана,你需要在被烧毁的餐厅里标出一条安全的路线。要做到这一点，在餐厅的锅炉房里安装第七个塔棒。请找到发光区，向它扔个东西，然后就可以放置塔棒了。,assets/images/补给消耗品/游荡者塔棒--58b1f392e5.png
受雇佣的向导,在被烧毁的餐厅门廊上与尼克斯交谈,工作已经完成了，你在被烧毁的餐厅里标出了一条安全的路线。回到门廊上找尼克斯拿你的报酬吧。,assets/images/任务/旧债--8d85f1d75d.png
未命名任务,• Получить доски тест пулов [y],,assets/images/任务/陷入困境的女孩--52b57d5c54.png
未命名任务,• Kill the boss in the bandit camp,,assets/images/任务/陷入困境的女孩--52b57d5c54.png
未命名任务,,,assets/images/任务/陷入困境的女孩--52b57d5c54.png
该制作塔棒了,自己制作游荡者塔棒，或从仓库中取得它们,一个叫尼克斯的匪徒给你提供了一项工作：他想让你在一个异象区“被烧毁的餐厅”里标记一条路线。你需要游荡者塔棒来完成这个任务。你可以自己制作塔棒，也可以从仓库中取得它们。,assets/images/补给消耗品/游荡者塔棒--58b1f392e5.png
面包约会,• Прочесть зашифрованную наводку рэкетиров,枪手让你去找尼克斯讨回他的旧债。你收到了包含匪徒坐标的提示。根据提示获悉下一步要去的地方。,assets/images/资源材料/加密的匪徒提示--d0dc4385ef.png
受雇佣的向导,在被烧毁的餐厅门廊上与匪徒交谈,工作已经完成了，你在被烧毁的餐厅里标出了一条安全的路线。回到门廊上找匪徒拿你的报酬吧。,assets/images/其他物品/尸体--60a021f2ef.png
公平的奖励,• Убить рэкетиров из другой банды на веранде ресторана,雇佣你的人好像不在这里，而扎顿也受到了另一伙匪徒的攻击，干掉他们就能得到你应得的奖励。,assets/images/其他物品/尸体--60a021f2ef.png
公平的奖励,搜索匪徒的尸体，然后领取你的奖励,你的路线标记工作并没有按计划完成，然而，游荡者可不会免费工作。搜索其他帮派死去的匪徒尸体，获取在被烧毁的餐厅中完成派系任务的奖励。,assets/images/其他物品/尸体--60a021f2ef.png
受雇佣的向导,在被烧毁的餐厅门廊上与匪徒交谈,工作已经完成了，你在被烧毁的餐厅里标出了一条安全的路线。回到门廊上找匪徒拿你的报酬吧。,assets/images/其他物品/尸体--60a021f2ef.png
公平的奖励,• Убить Распадников во дворе Сгоревшего ресторана,你的路线标记工作并没有按计划完成。然而，游荡者可不会免费工作。击杀狂腐士袭击者并搜索死去的匪徒尸体，获取在被烧毁的餐厅中完成派系任务的奖励。,assets/images/任务/公平的奖励--eaf00f480e.png
公平的奖励,在被烧毁的餐厅门廊上搜索匪徒的尸体,你的路线标记工作并没有按计划完成，然而，游荡者可不会免费工作。搜索其他帮派死去的匪徒尸体，获取在被烧毁的餐厅中完成派系任务的奖励。,assets/images/其他物品/尸体--60a021f2ef.png
加油站的僵尸,• Убить горелых на Старой АЗС,在旧加油站击杀焦尸，以从伏都教巫师“铸造者”那里得到你的奖励。,assets/images/资源材料/焦尸--a4e6e7f3d6.png
死亡燃烧,• Уничтожить горелых в Затоне,在被烧毁的餐厅里击杀焦尸，以从伏都教巫师“铸造者”那里得到你的奖励。请储备寒冷武器。你可以通过奖励得到它们，也可以从商人那里购买。,assets/images/资源材料/焦尸--a4e6e7f3d6.png
火热收割,• Уничтожить распадников у Осажденного дома,在被围困的房屋击杀狂腐士，以从伏都教巫师“铸造者”那里得到你的奖励。,assets/images/资源材料/狂腐士--6166b5fd12.png
死亡信使,• Убить Могильщиков в Мертвой Низине,在荒凉山谷击杀送葬者，以从伏都教巫师“铸造者”那里得到你的奖励。你可能需要多次返回此地点。,assets/images/资源材料/送葬者--872f4c28c0.png
萨梅迪的意愿,• Забрать награду у Кузнеца,你已经完成了伏都教巫师“铸造者”的要求。去送葬者营地领取你的奖励吧。,assets/images/任务/萨梅迪的意愿--f26f8be06a.png
未命名任务,• Управляющий квест 1 (не переводить),,assets/images/资源材料/焦尸--a4e6e7f3d6.png
萨梅迪的意愿,• Дождаться появления Стоянки Могильщиков,你已经完成了伏都教巫师“铸造者”的要求。请等待送葬者营地出现在全局地图上，去找伏都教巫师“铸造者”领取你的奖励。,assets/images/地图地点/送葬者之屋--c3228e8076.png
未命名任务,• Управляющий квест 1 (не переводить),,assets/images/资源材料/焦尸--a4e6e7f3d6.png
未命名任务,,,assets/images/资源材料/焦尸--a4e6e7f3d6.png
暗潮,• Убить горелых,黑暗裂痕的破坏引起了暗区焦尸的注意。消灭它们。如果你死亡或移动到全局地图的不同位置，剧情任务将被取消。,assets/images/任务/暗潮--77f1a482d0.png
暗潮,• Убить горелых,黑暗裂痕的破坏引起了暗区焦尸的注意。消灭它们。如果你死亡或移动到全局地图的不同位置，剧情任务将被取消。,assets/images/任务/暗潮--77f1a482d0.png
暗潮,• Убить горелых,黑暗裂痕的破坏引起了暗区焦尸的注意。消灭它们。如果你死亡或移动到全局地图的不同位置，剧情任务将被取消。,assets/images/任务/暗潮--77f1a482d0.png
未命名任务,,,assets/images/资源材料/焦尸--a4e6e7f3d6.png
未命名任务,,,assets/images/资源材料/焦尸--a4e6e7f3d6.png
清理入侵者,• Убить гулей из Хозмага в «зеленых» местах,要完成这个剧情任务，需要在寂静树丛和铁荒原杀死血腥食尸鬼。铠甲食尸鬼容易受到酸性武器伤害。你可以通过完成送葬者营地的特殊活动获得这些武器。此剧情任务仅可单人完成。,assets/images/任务/食尸鬼杀手--07f1dc65e0.png
清理入侵者,• Убить гулей из Хозмага в «желтых» местах,要完成这个剧情任务，需要在森林郊区和焦尸土地杀死血腥食尸鬼。铠甲食尸鬼容易受到酸性武器伤害。你可以通过完成送葬者营地的特殊活动获得这些武器。此剧情任务仅可单人完成。,assets/images/任务/食尸鬼杀手--07f1dc65e0.png
水蛭疗法,• Уничтожить «пиявочников в «зеленых» местах,要完成这个剧情任务，需要在寂静树丛和铁荒原消灭仓库吸血蛭。你需要一把投掷武器。此剧情任务仅可单人完成。,assets/images/任务/仓库--5123317afe.png
水蛭疗法,• Уничтожить «пиявочников в «желтых» местах,要完成这个剧情任务，需要在森林郊区和焦尸土地消灭仓库吸血蛭。你需要一把投掷武器。此剧情任务仅可单人完成。,assets/images/任务/仓库--5123317afe.png
清理入侵者,• Убить гулей в «желтых» местах,要完成这个剧情任务，需要在森林郊区和焦尸土地杀死血腥食尸鬼。铠甲食尸鬼容易受到酸性武器伤害。你可以通过完成送葬者营地的特殊活动获得这些武器。此剧情任务仅可单人完成。,assets/images/任务/食尸鬼杀手--07f1dc65e0.png
清理入侵者,• Убить гулей огненным оружием в «красных» местах,要完成这个剧情任务，需要在防风林和荒凉山谷杀死血腥食尸鬼。铠甲食尸鬼容易受到酸性武器伤害。你可以通过完成送葬者营地的特殊活动获得这些武器。此剧情任务仅可单人完成。,assets/images/任务/食尸鬼杀手--07f1dc65e0.png
水蛭疗法,• Уничтожить «пиявочников в «желтых» местах,要完成这个剧情任务，需要在森林郊区和焦尸土地消灭仓库吸血蛭。你需要一把投掷武器。此剧情任务仅可单人完成。,assets/images/任务/仓库--5123317afe.png
水蛭疗法,• Уничтожить «пиявочников» в «красных» местах,要完成这个剧情任务，需要在防风林和荒凉山谷消灭仓库吸血蛭。你需要一把投掷武器。此剧情任务仅可单人完成。,assets/images/任务/仓库--5123317afe.png
仓库种子,• Найти неопознанные кровавые артефакты в «зеленых» местах,要完成这个剧情任务，需要在寂静树丛或铁荒原杀死一个吸血蛭，以找到未识别的血腥神器。找到神器可能需要一些时间。此剧情任务仅可单人完成。,assets/images/资源材料/未识别的血腥神器--ad70128466.png
仓库种子,• Найти неопознанный кровавый артефакт в «желтых» местах,要完成这个剧情任务，需要在森林郊区或焦尸土地杀死一个仓库吸血蛭，以找到未识别的血腥神器。找到神器可能需要一些时间。此剧情任务仅可单人完成。,assets/images/资源材料/未识别的血腥神器--ad70128466.png
共生光盘,• Найти кровавый декодер в «зеленых» местах,要完成这个剧情任务，需要在寂静树丛或铁荒原杀死血腥食尸鬼，以找到血腥识别盘。可能需要一些时间才能获得物品。此剧情任务仅可单人完成。,assets/images/资源材料/血腥识别盘--be3c0ae5b2.png
共生光盘,• Найти кровавый декодер в «желтых» местах,要完成这个剧情任务，需要在森林郊区或焦尸土地杀死血腥食尸鬼，以找到血腥识别盘。可能需要一些时间才能获得物品。此剧情任务仅可单人完成。,assets/images/资源材料/血腥识别盘--be3c0ae5b2.png
仓库种子,• Найти неопознанный кровавый артефакт в «желтых» местах,要完成这个剧情任务，需要在森林郊区或焦尸土地杀死一个仓库吸血蛭，以找到未识别的血腥神器。找到神器可能需要一些时间。此剧情任务仅可单人完成。,assets/images/资源材料/未识别的血腥神器--ad70128466.png
仓库种子,• Найти неопознанный кровавый артефакт в «красных» местах,要完成这个剧情任务，需要在防风林或荒凉山谷杀死一个仓库吸血蛭，以找到未识别的血腥神器。找到神器可能需要一些时间。此剧情任务仅可单人完成。,assets/images/资源材料/未识别的血腥神器--ad70128466.png
共生光盘,• Найти кровавый декодер в «желтых» местах,要完成这个剧情任务，需要在森林郊区或焦尸土地杀死血腥食尸鬼，以找到血腥识别盘。可能需要一些时间才能获得物品。此剧情任务仅可单人完成。,assets/images/资源材料/血腥识别盘--be3c0ae5b2.png
共生光盘,• Найти кровавый декодер в «красных» местах,要完成这个剧情任务，需要在防风林或荒凉山谷杀死血腥食尸鬼，以找到血腥识别盘。可能需要一些时间才能获得物品。此剧情任务仅可单人完成。,assets/images/资源材料/血腥识别盘--be3c0ae5b2.png
血腥核心,• Опознать кровавый артефакт,要完成这个剧情任务，请使用位于你避难所地下室中的神器识别器来识别血腥神器。你可以在领地上击杀血腥食尸鬼和吸血蛭来找到血腥识别盘和未识别的血腥神器。此剧情任务仅可单人完成。,assets/images/资源材料/血腥种子--b171b5d9cf.png
新剧情任务,• Дождаться следующего дня,你已完成所有的仓库入侵剧情任务，请等到第二天再接受新任务。你可以通过击杀方舟中的食尸鬼头目、仓库和监狱中的敌人以及观看广告来获得点数。杀死鼠王可获得最多的积分。,assets/images/任务/新剧情任务--80fda52097.png
新剧情任务,• Дождаться следующего дня цель,你已完成所有的仓库入侵剧情任务，请等到第二天再接受新任务。你可以通过击杀方舟中的食尸鬼头目、仓库和监狱中的敌人以及观看广告来获得点数。杀死鼠王可获得最多的积分。,assets/images/任务/新剧情任务--80fda52097.png
那是谁的摩托车？,• Поговорить с незнакомкой у ветряка,一个陌生姑娘骑着摩托车来到了你的避难所。与她交谈，了解她想要什么。 她正在风车那里等你。,assets/images/任务/那是谁的摩托车？--f28b187a0f.png
预言家,• Добраться до Стоянки Могильщиков,哈莉是塞西亚人，也是原送葬者。她要你向送葬者营地的伏都教巫师“铸造者”探听她哥哥的遭遇，“铸造者”是神灵昂贡的牧师。 伏都教巫师“铸造者”会在送葬者营地等待，该营地每天会出现数次。,assets/images/地图地点/送葬者营地--07a715a02d.png
预言家,• Убить всех врагов на Стоянке Могильщиков,哈莉是塞西亚人，也是原送葬者。她要你向送葬者营地的伏都教巫师“铸造者”探听她哥哥的遭遇，“铸造者”是神灵昂贡的牧师。 你可以在送葬者营地找到伏都教巫师。击杀那里的所有敌人后，你就可以和他交谈。,assets/images/地图地点/送葬者营地--07a715a02d.png
预言家,• Спуститься в подвал на Стоянке Могильщиков,哈莉是塞西亚人，也是原送葬者。她要你向送葬者营地的伏都教巫师“铸造者”探听她哥哥的遭遇，“铸造者”是神灵昂贡的牧师。 你可以在送葬者营地的地下室里找到伏都教巫师。,assets/images/任务/预言家--079a11cfdd.png
预言家,• Поговорить с Бокором-Кователем в подвале на Стоянке Могильщиков,哈莉是塞西亚人，也是原送葬者。她要你打听她哥哥的遭遇。唯一知情的人是伏都教巫师“铸造者”，“铸造者”是神灵昂贡的牧师。在送葬者营地的地下室找到伏都教巫师并与之交谈。,assets/images/任务/萨梅迪的意愿--f26f8be06a.png
被遗忘的墓地,• Раскопать могилу на Забытом кладбище,伏都教巫师“铸造者”准备举行仪式，并告诉你哈莉哥哥的事。但仪式需要用到来自被遗忘的墓地的骨头。要获得骨头，请用铲子挖开被遗忘的墓地里的坟墓。在未来的更新中，更多的玩家将获得聊天权限。,assets/images/武器/铲子--fcb4805eae.png
被遗忘的墓地,• Достать кости из могил на Забытом кладбище,伏都教巫师“铸造者”准备举行仪式，并告诉你哈莉哥哥的事。但仪式需要用到来自被遗忘的墓地的骨头。把它们从坟墓里挖出来，带给送葬者营地的伏都教巫师“铸造者”。伏都教巫师“铸造者”会在送葬者营地等待，该营地每天会出现数次。,assets/images/资源材料/旧骨--10ab617003.png
骨头与能量流,• Добыть сломанную броню Могильщиков на Забытом Кладбище/Добыть кости Мертвого сторожа на АЗС,伏都教巫师“铸造者”需要使用被遗忘的墓地里的送葬者的损坏铠甲和旧加油站的僵尸守卫的骨头，才能继续讲述故事。多次访问这些地点以完成剧情任务。伏都教巫师“铸造者”会在送葬者营地等待，该营地每天会出现数次。,assets/images/资源材料/僵尸守卫的骨头--acaf8cb2fc.png
仪式之光,• Зажечь погребальные факелы на Забытом кладбище,为了完成这部分仪式，伏都教巫师“铸造者”要你回到被遗忘的墓地，点燃葬礼火炬。请用你自己的火炬来点燃它们。伏都教巫师“铸造者”会在送葬者营地等待，该营地每天会出现数次。,assets/images/任务/仪式之光--9523649765.png
带骨的肉,• Добыть кости из скелетов на Забытом кладбище/Добыть кости Мясника из Сгоревшего ресторана,伏都教巫师“铸造者”需要使用来自被遗忘的墓地的骷髅骨头和来自被烧毁的餐厅的屠夫骨头，才能继续讲述故事。多次访问这些地点以完成剧情任务。,assets/images/资源材料/屠夫的骨头--bbf14882ca.png
仪式之光,• Зажечь ритуальные свечи на Забытом кладбище,为了完成这部分仪式，伏都教巫师“铸造者”要你回到被遗忘的墓地，点燃仪式蜡烛。要点燃蜡烛，请在墓地里找到一个发光的地方并与之互动。你需要一个火炬。伏都教巫师“铸造者”会在送葬者营地等待，该营地每天会出现数次。,assets/images/任务/仪式之光--d255e3dbe6.png
死亡与埋葬,• Добыть кости Тюремщика из Хозмага/Добыть кости из могил на Забытом кладбище,伏都教巫师“铸造者”需要使用来自被遗忘的墓地坟墓的骨头和仓库狱吏的骨头，才能继续讲述故事。多次访问这些地点以完成剧情任务。伏都教巫师“铸造者”会在送葬者营地等待，该营地每天会出现数次。,assets/images/资源材料/狱吏的骨头--aa10243666.png
向死者致敬,• Оставить подношения на могилах на Забытом кладбище,为了完成这部分仪式，伏都教巫师“铸造者”要你回到被遗忘的墓地，在那里的坟墓上留下祭品。要留下祭品，请在墓地里找到一个发光的地方并与之互动。伏都教巫师“铸造者”会在送葬者营地等待，该营地每天会出现数次。,assets/images/资源材料/墓地祭品--8ae146d6ac.png
萨梅迪的受害者,• Добыть амулеты из ящиков на Забытом кладбище/Добыть сломанную броню Унганов на Забытом кладбище,伏都教巫师“铸造者”需要使用被遗忘的墓地里的巫师的损坏铠甲和盒子里的护身符，才能继续讲述故事。多次访问该地点以完成剧情任务。,assets/images/资源材料/送葬者护身符--c5f37a43cd.png
仪式之光,• Зажечь погребальные факелы на Забытом кладбище,为了完成这部分仪式，伏都教巫师“铸造者”要你回到被遗忘的墓地，点燃葬礼火炬。请用你自己的火炬来点燃它们。伏都教巫师“铸造者”会在送葬者营地等待，该营地每天会出现数次。,assets/images/任务/仪式之光--9523649765.png
萨梅迪伏都教巫师,• [Отряд] Убить Бокора Самеди на Забытом Кладбище,伏都教巫师“铸造者”需要来自被遗忘的墓地的萨梅迪伏都教巫师项链来继续故事。一旦你击杀了足够多的萨梅迪巫师，头目就会出现。萨梅迪伏都教巫师只能在小队行动中被召唤出来。,assets/images/任务/萨梅迪伏都教巫师--5b35ed01c4.png
萨梅迪伏都教巫师,• Добыть ожерелье у Бокора Самеди на Забытом кладбище,伏都教巫师“铸造者”需要来自被遗忘的墓地的萨梅迪伏都教巫师项链来继续故事。一旦你击杀了足够多的萨梅迪巫师，头目就会出现。萨梅迪伏都教巫师只能在小队行动中被召唤出来。,assets/images/资源材料/伏都教巫师项链--e4bec443d0.png
仪式之光,• Зажечь ритуальные свечи на Забытом кладбище/Оставить подношения на могилах на Забытом кладбище,为了完成这部分仪式，伏都教巫师“铸造者”要你回到被遗忘的墓地，点燃仪式蜡烛并在墓穴旁留下祭品。要这样做，请在墓地里找到一个发光的地方并与之互动。伏都教巫师“铸造者”会在送葬者营地等待，该营地每天会出现数次。,assets/images/地图地点/被遗忘的墓地--8e16d64025.png
苦涩的真相,• Рассказать Харли в Убежище судьбу ее брата,伏都教巫师“铸造者”把哈莉哥哥的遭遇告诉了你。他在黑色方尖碑被谢尔普杀死了。回到避难所，告诉哈莉真相。,assets/images/任务/那是谁的摩托车？--f28b187a0f.png
未命名任务,• Описание кокона,,assets/images/怪物/1号魔茧--49aa3398e2.png
号魔茧成熟中,• Описание кокона,,assets/images/怪物/1号魔茧--49aa3398e2.png
未命名任务,,,assets/images/怪物/1号魔茧--49aa3398e2.png
未命名任务,,,assets/images/怪物/1号魔茧--49aa3398e2.png
死亡信使,• Убить Могильщиков на Опушке леса,在森林郊区击杀送葬者，以从伏都教巫师“铸造者”那里得到你的奖励。你可能需要多次返回此地点。,assets/images/资源材料/送葬者--872f4c28c0.png
死亡波浪,• Убить горелых на Аванпосте Оплота,在要塞兵团前哨击杀焦尸，以从伏都教巫师“铸造者”那里得到你的奖励。 继续击杀焦尸直到要塞兵团的士兵和炮塔向变异体开火。焦尸经常攻击要塞兵团前哨，你可能需要击退几波攻击者。,assets/images/资源材料/焦尸--a4e6e7f3d6.png
别人的客人,• Убить противников у Убежища Клешни,在坪瑟的避难所附近击杀焦尸或复制体，以从伏都教巫师“铸造者”那里得到你的奖励。你可能需要多次返回此地点。,assets/images/任务/坪瑟--01d6527c44.png
家务琐事,• Убить Могильщиков в Убежище,在你的避难所附近击杀送葬者，以从伏都教巫师“铸造者”那里得到你的奖励。你可能需要等待敌人到来。,assets/images/资源材料/送葬者--872f4c28c0.png
送葬者工作台,• Осмотреть верстак могильщиков,伏都教巫师“铸造者”说用于生产武器、铠甲和其他送葬者装备的工作台坏了。它在送葬者营地的地下室里。对它进行检查，以查明如何修复。,assets/images/建筑设施/送葬者工作台--4cd52f0181.png
送葬者工作台,• Восстановить верстак могильщиков,用于生产武器、铠甲和其他送葬者装备的工作台坏了。要修复它，你需要丹巴拉之血，你可以在被遗忘的墓地的巫师宝箱里找到它们。,assets/images/建筑设施/送葬者工作台--4cd52f0181.png
死亡信使,• Убить Могильщиков в Лесополосе,在防风林击杀送葬者，以从伏都教巫师“铸造者”那里得到你的奖励。你可能需要多次返回此地点。,assets/images/资源材料/送葬者--872f4c28c0.png
死亡信使,• Убить Могильщиков в Лесополосе,在防风林击杀送葬者，以从伏都教巫师“铸造者”那里得到你的奖励。你可能需要多次返回此地点。,assets/images/资源材料/送葬者--872f4c28c0.png
死亡信使,• Убить Могильщиков в Выжженых землях,在焦尸土地击杀送葬者，以从伏都教巫师“铸造者”那里得到你的奖励。你可能需要多次返回此地点。,assets/images/资源材料/送葬者--872f4c28c0.png
死亡波浪,• Убить горелых на Аванпосте Оплота,在要塞兵团前哨击杀焦尸，以从伏都教巫师“铸造者”那里得到你的奖励。 继续击杀焦尸直到要塞兵团的士兵和炮塔向变异体开火。焦尸经常攻击要塞兵团前哨，你可能需要击退几波攻击者。,assets/images/资源材料/焦尸--a4e6e7f3d6.png
死亡波浪,• Убить горелых на Аванпосте Оплота,在要塞兵团前哨击杀焦尸，以从伏都教巫师“铸造者”那里得到你的奖励。 继续击杀焦尸直到要塞兵团的士兵和炮塔向变异体开火。焦尸经常攻击要塞兵团前哨，你可能需要击退几波攻击者。,assets/images/资源材料/焦尸--a4e6e7f3d6.png
清理寂静树丛,• Убить врагов в Тихой роще,前往寂静树丛击杀焦尸、土匪或狼以参加感恩节特殊活动。,assets/images/资源材料/寂静树丛--c07debcca0.png
清理荒原,• Убить врагов на Железных пустошах,在铁荒原击杀土匪、焦尸或狼，以完成感恩节特殊活动。,assets/images/资源材料/铁荒原--bd4e42442a.png
清理寂静树丛,• Убить врагов в Тихой роще дальнобойным оружием,在寂静树丛击杀焦尸、土匪或狼，用远程武器造成所有伤害，以参加感恩节特殊活动。,assets/images/资源材料/寂静树丛--c07debcca0.png
清理荒原,• Убить врагов на Железных пустошах дальнобойным оружием,前往铁荒原消灭焦尸、土匪或狼，用远程武器造成所有伤害。,assets/images/资源材料/铁荒原--bd4e42442a.png
旧加油站的守卫,• Убить Мертвого сторожа на АЗС дальнобойным оружием,在旧加油站杀死僵尸守卫。用远程武器造成所有伤害。如果无法访问旧加油站，请完成瑞弗特的剧情任务。,assets/images/任务/旧加油站的守卫--49769b7831.png
突袭黄色区,• Убить врагов в «желтых» местах дальнобойным оружием,前往森林郊区或焦尸土地，消灭焦尸、土匪或狼，用远程武器造成所有伤害。麋鹿和异象不符合条件。多次访问这些地点以完成剧情任务。,assets/images/任务/突袭黄色区--47850e7ab2.png
清理狂腐士,• Убить Распадников у Осажденного дома дальнобойным оружием,前往被围困的房屋，杀死狂腐士，用远程武器造成所有伤害。被围困的房屋是一个特殊活动，所以你必须等待它出现在全局地图上。,assets/images/地图地点/被围困的房屋--a9dc4a2b8b.png
旧加油站的守卫,• Убить Мертвого сторожа на АЗС дальнобойным оружием,在旧加油站杀死僵尸守卫。用远程武器造成所有伤害。如果无法访问旧加油站，请完成瑞弗特的剧情任务。,assets/images/任务/旧加油站的守卫--49769b7831.png
餐厅的屠夫,• Убить Мясника в Затоне дальнобойным оружием,前往被烧毁的餐厅并杀死屠夫，使用远程武器造成所有伤害。如果无法访问被烧毁的餐厅，请完成剧情任务。,assets/images/其他物品/屠夫遗体--4cd464553b.png
被围困的房屋,•  Поговорить с пришедшей девушкой,一个陌生人来到你的避难所。她可能需要帮助。和她谈谈，弄清楚她需要什么。你可以在风车找到她。,assets/images/其他物品/女俘虏--3fa1f7bac6.png
被围困的房屋,• Get to the besieged house,土匪正在密谋袭击幸存者的房子。你可以在其发动攻击前拯救一家人。,assets/images/其他物品/女俘虏--3fa1f7bac6.png
被围困的房屋,• Иди за девушкой в туман,一个陌生人正在你的避难所寻求帮助。她说，狂腐士即将袭击她的房屋她和她丈夫需要帮助，反击这次袭击。跟着那个女人进入雾中，来到全局地图，找到被围困的房屋。,assets/images/其他物品/女俘虏--3fa1f7bac6.png
神灵的遗言,• Поговорить с Бокором-Кователем на Стоянке Могильщиков,你有种感觉，需要再去拜访一次伏都教巫师“铸造者”。在送葬者营地的地下室与他交谈。,assets/images/任务/萨梅迪的意愿--f26f8be06a.png
火的预言,• Принести Бокору-Кователю череп Раскаленного Мясника,伏都教巫师“铸造者”已经答应告诉你神灵们对你未来的预言。但是，他需要灼热屠夫头骨来进行仪式。在被烧毁的餐厅获得它，然后把它带给送葬者营地的伏都教巫师“铸造者”。,assets/images/资源材料/灼热屠夫头骨--effdf7eb12.png
蛇彭特标志,找到平板电脑并将其交给要塞兵团前哨官,在合作模式下，在被遗忘的墓地击杀萨梅迪巫师，收集蛇彭特标志作为你给要塞兵团的努力证明。当你拿到标志后，将它们交给要塞兵团的前哨官。,assets/images/资源材料/蛇彭特标志--d646fe1075.png
蛇彭特标志,找到平板电脑并将其交给要塞兵团前哨官,在合作模式下，在被遗忘的墓地击杀萨梅迪巫师，为自由游荡者兄弟会收集蛇彭特标志。当你拿到标志后，在游荡者营地的仓库将它们交给眼镜蛇。,assets/images/资源材料/蛇彭特标志--d646fe1075.png
送葬者营地,• Добраться до Стоянки Могильщиков,你已经发现了送葬者营地的地点。 去那里消灭伏都教教徒，得到伏都教巫师“铸造者”剧情任务。,assets/images/地图地点/送葬者营地--07a715a02d.png
送葬者营地,• Убить противников на стоянке,消灭营地里的所有敌人。然后你可以去地下室与伏都教巫师“铸造者”对话，从他那里获得剧情任务。,assets/images/地图地点/送葬者营地--07a715a02d.png
送葬者营地,• Спуститься в подвал на Стоянке Могильщиков,营地里的所有敌人都死了。现在你可以去地下室与伏都教巫师“铸造者”对话，从他那里获得剧情任务。,assets/images/任务/预言家--079a11cfdd.png
送葬者营地,• Обыскать сундук с хабаром в подвале,营地里所有敌人均已死亡，在地下室里搜索战利品盒子吧。,assets/images/地图地点/送葬者营地--07a715a02d.png
伏都教宝藏,"• [Отряд] Добыть ключ, убивая Унганов Самеди",在被遗忘的墓地杀死萨梅迪巫师以获得他们的钥匙，这可以打开装有战利品的贵重宝箱。在合作模式下，只能由造成最大伤害的玩家对被杀的敌人进行搜索。,assets/images/资源材料/巫师钥匙--06fedd8937.png
伏都教宝藏,• [Отряд] Открыть сундук Унгана на Забытом Кладбище,在被遗忘的墓地，用钥匙打开一个萨梅迪巫师宝箱，拿走它的战利品。,assets/images/地图地点/被遗忘的墓地--8e16d64025.png
洛亚的神选者,"• [Отряд] Призвать Бокора Самеди, убивая Унганов",在被遗忘的墓地击杀萨梅迪巫师，以召唤他们的头目：萨梅迪伏都教巫师。此剧情任务只能在小队中完成。,assets/images/任务/萨梅迪伏都教巫师--5b35ed01c4.png
洛亚的神选者,• [Отряд] Открыть сундук Бокора Самеди,在被遗忘的墓地用钥匙打开萨梅迪伏都教巫师宝箱，拿走它的宝贵战利品。此剧情任务只能在小队中完成。,assets/images/其他物品/伏都教巫师宝箱--9b26aa820c.png
洛亚的神选者,• [Отряд] Убить Бокора Самеди и забрать его ключ,将萨梅迪伏都教巫师召唤到被遗忘的墓地后，将其击杀以获得拥有最佳战利品的宝箱的钥匙。伤害最大的玩家可以搜索他的尸体并拿走钥匙。此剧情任务只能在小队中完成。,assets/images/其他物品/萨梅迪伏都教巫师钥匙--ec14905920.png
洛亚的神选者,• Квест управляющий квесты коопа [y],在被遗忘的墓地用钥匙打开萨梅迪伏都教巫师宝箱，拿走它的宝贵战利品。此剧情任务只能在小队中完成。,assets/images/其他物品/伏都教巫师宝箱--9b26aa820c.png
洛亚的神选者,• Квест управляющий квесты соло забытое кладбище [y],在被遗忘的墓地用钥匙打开萨梅迪伏都教巫师宝箱，拿走它的宝贵战利品。此剧情任务只能在小队中完成。,assets/images/其他物品/伏都教巫师宝箱--9b26aa820c.png
伏都教宝藏,"• Добыть ключ, убивая Унганов Самеди",在被遗忘的墓地杀死萨梅迪巫师以获得他们的钥匙，这可以打开装有战利品的贵重宝箱。,assets/images/资源材料/巫师钥匙--06fedd8937.png
伏都教宝藏,• Открыть сундук Могильщиков на Забытом Кладбище,在被遗忘的墓地，用钥匙打开一个送葬者宝箱，拿走它的战利品。,assets/images/地图地点/被遗忘的墓地--8e16d64025.png
伏都教药水,• Выменять отвар вуду у Левковича в Осажденном доме,伏都教巫师“铸造者”准备举行仪式，并告诉你哈莉哥哥的事。但他需要一种伏都教药水。在被围困的房屋杀死狂腐士后与莱科维奇进行交易。被围困的房屋和送葬者营地每天会出现数次。,assets/images/资源材料/伏都教药水--8bf4cf0ce9.png
仪式之光,• Добыть факел у Могильщиков на Выжженных землях,为了完成这部分仪式，伏都教巫师“铸造者”要你从焦尸土地的伏都教教徒那里获得送葬者火炬。你可能需要多次返回此地点。,assets/images/资源材料/送葬者的火炬--1a1a0f5a20.png
向死者致敬,• Найти зеленые яблоки в Осажденном доме/Найти цветы в домах на Опушке леса,为了完成这部分仪式，伏都教巫师“铸造者”要你找到青苹果，作为完成被围困的房屋的奖励，并在森林郊区的房屋中找到枯萎的花朵。你可能需要多次返回此地点。伏都教巫师“铸造者”会在送葬者营地等待，该营地每天会出现数次。,assets/images/资源材料/墓地祭品--8ae146d6ac.png
Встречи на локациях уйти с локации [y],Встречи на локациях уйти с локации [y],,assets/images/资源材料/焦尸--a4e6e7f3d6.png
未命名任务,• Добраться до Железных пустошей или Тихой рощи,到达铁荒原,assets/images/资源材料/寂静树丛--c07debcca0.png
未命名任务,• Убить любых врагов,,assets/images/资源材料/焦尸--a4e6e7f3d6.png
未命名任务,• Добыть стебли травы,获得草茎,assets/images/补给消耗品/草茎--1ff5170f38.png
未命名任务,• Срубить деревья,砍伐树木,assets/images/武器/斧头--8291e3a363.png
未命名任务,• Получить 6 уровень,,assets/images/任务/未命名任务--00faecec69.png
未命名任务,• Разбить бочки,,assets/images/其他物品/旧桶--1fdfd3f0ca.png
未命名任务,• Разбить бетонные блоки,,assets/images/武器/临时凑合的锤子--6ed486f0e1.png
未命名任务,• Вернуться в Убежище с вылазки,,assets/images/地图地点/避难所--ec0397cef7.png
未命名任务,"• Обыскать сумку, бочку или мебель",,assets/images/资源材料/战利品袋--dc0d1a4670.png
未命名任务,• Установить пол 1 уровня в Убежище,在避难所内设置1级地板,assets/images/建筑设施/等级1地板--69b01f0170.png
未命名任务,• Установить стену 1 уровня в Убежище,在避难所内设置1级墙壁,assets/images/建筑设施/等级1墙壁--9237d05cef.png
未命名任务,• Установить ткацкий станок в Убежище,,assets/images/建筑设施/1级织布机--f51dae4faa.png
未命名任务,• Сделать качественные доски на столе плотника,,assets/images/资源材料/优质木板--1f92e23d6a.png
未命名任务,• Сделать ветошь на ткацком станке,,assets/images/资源材料/碎布--a2e2a927d2.png
未命名任务,• Установить верстак плотника в Убежище,,assets/images/建筑设施/1级刨床--677884cf67.png
未命名任务,• Вырастить помидоры на грядке,,assets/images/建筑设施/1级花园土地--60a15016f9.png
未命名任务,• Приготовить тушеные помидоры на очаге,,assets/images/建筑设施/1级壁炉--b28b73a6e6.png
节日试炼,• Освободить праздничный груз,将杂草丛生的货物从树根中解开。注意守卫它的附身者。如果你死亡或移动到全局地图上的不同地点，剧情任务将被取消。,assets/images/其他物品/杂草丛生的货物--49d6141dce.png
未命名任务,• Фарм локи ивент ДР ДОЗ 2021 Контролирующий [y],,assets/images/其他物品/秃鹫箱子--762e583d3b.png
竞技场之战,• Нужно добраться до локации Арена одержимых,你已经知道了附身者竞技场的位置。去那里挑战他们，获得大量的附身者的试炼点数。你需要变异武器，可以在被烧毁的餐厅、被围困的房屋和送葬者营地获得。,assets/images/其他物品/节日试炼如何进行--3297b77b9b.png
竞技场之战,• Поговорить с Шаманом на Арене Одержимых,在附身者竞技场上与竞技场萨满交谈以开始试炼。,assets/images/任务/竞技场之战--ec14a86e09.png
竞技场之战,• Убить Одержимых,击败竞技场中的所有敌人，完成试炼阶段并获得点数。如果你离开竞技场或死亡，则试炼失败。,assets/images/任务/竞技场之战--5a39308ed1.png
竞技场之战,• Убить Одержимых,击败竞技场中的所有敌人，完成试炼阶段并获得点数。如果你离开竞技场或死亡，则试炼失败。,assets/images/任务/竞技场之战--5d78abe50e.png
未命名任务,,,assets/images/资源材料/森林之友--a7483a10bb.png
未命名任务,,,assets/images/资源材料/森林之友--a7483a10bb.png
竞技场之战,• Убить Одержимых,击败竞技场中的所有敌人，完成试炼阶段并获得点数。如果你离开竞技场或死亡，则试炼失败。,assets/images/任务/竞技场之战--6483105385.png
未命名任务,,,
未命名任务,,,
未命名任务,,,
节日试炼,• Открыть праздничный груз,你从树根中释放了杂草丛生的货物，并杀死了附身者。打开货物来领取你的奖励。如果你死亡或移动到全局地图上的不同地点，剧情任务将被取消。,assets/images/任务/节日试炼--deaa2a061a.png
竞技场之战,• Поговорить с Шаманом на Арене Одержимых,你已经通过了第1个竞技场阶段。要继续试炼或领取奖励，请与萨满交谈。如果你离开竞技场，试炼就失败了。,assets/images/任务/竞技场之战--ec14a86e09.png
竞技场之战,• Поговорить с Шаманом на Арене Одержимых,你已经通过了第2个竞技场阶段。要继续试炼或领取奖励，请与萨满交谈。如果你离开竞技场，试炼就失败了。,assets/images/任务/竞技场之战--ec14a86e09.png
竞技场之战,• Забрать награду у Шамана Арены,你已经通过了竞技场的所有阶段。要领取奖励，请与萨满交谈。如果你离开竞技场，将无法领取奖励。,assets/images/任务/竞技场之战--ec14a86e09.png
未命名任务,• Получить 10 уровень,,assets/images/任务/未命名任务--649be941c0.png
杂务和差事,• Изучить задания на меловой доске,瑞弗特决定收留你救下的男孩。 她需要你帮忙做一些房子附近的任务。 她都列在黑板上了 。,assets/images/建筑设施/剧情任务黑板--c2d722afd6.png
瑞弗特的剧情任务,• Вернуться в Убежище,你已经完成了避难所黑板上的所有剧情任务。 回家把你的成就告诉瑞弗特。,assets/images/地图地点/避难所--ec0397cef7.png
神秘的地下室,• Добраться до Загадочного подвала и спуститься внутрь,瑞弗特给了你一个地下室的坐标，那里可能有异象。请做好面对一切的准备，并在你的背包里腾出一些空间来放战利品。前往那里。,assets/images/地图地点/地下室--2f9880bc5a.png
神秘的地下室,• Убить «светлячка» камнями в Загадочном подвале,在神秘的地下室，你注意到一个通电的萤火虫异象。通过向它投掷石块来使萤火虫无害。,assets/images/补给消耗品/飞石--07239aedbb.png
神秘的地下室,• Обыскать труп в Загадочном подвале,你在神秘的地下室发现了一具死去的游荡者的尸体。搜索它。,assets/images/其他物品/尸体--c501f2a4fe.png
神秘的地下室,• Покинуть Загадочный подвал,你已经检查过了神秘的地下室。现在你可以离开了。不要忘记战利品。在地点上方的倒计时结束后，这个地方会消失。,assets/images/地图地点/地下室--2f9880bc5a.png
狂腐士地穴,• Добраться до Тихой рощи или Железной пустоши,要参加狂腐士入侵特殊活动，请访问寂静树丛或铁荒原。你必须在那里找到狂腐士地穴。,assets/images/资源材料/寂静树丛--c07debcca0.png
狂腐士地穴,• Найти крипту Распада и войти внутрь,要参加狂腐士入侵特殊活动，请在寂静树丛或铁荒原中心的附近找到狂腐士地穴，并进入其中。,assets/images/任务/狂腐士地穴--3c441551f1.png
狂腐士地穴,• Убить всех противников в крипте Распада,你找到了狂腐士地穴。击杀里面的所有敌人，从狂腐士宝箱中获取战利品。,assets/images/任务/狂腐士地穴--3c441551f1.png
狂腐士地穴,• Обыскать сундук Распадников в крипте,你击败了狂腐士地穴中的所有敌人。装有战利品的宝箱在大厅的尽头等待。打开它并获取你的奖励。,assets/images/建筑设施/狂腐士盒子--71878b25f6.png
狂腐士地穴,• Обыскать сундук Распадников в крипте,你击败了狂腐士地穴中的所有敌人。装有战利品的宝箱在大厅的尽头等待。打开它并获取你的奖励。,assets/images/任务/狂腐士地穴--3c441551f1.png
未命名任务,• Установить очаг ур.1 в Убежище,,assets/images/建筑设施/1级壁炉--b28b73a6e6.png
神秘的地下室,• Выйти на глобальную карту,瑞弗特给了你一个地下室的坐标，那里可能有异象。请做好面对一切的准备，并在你的背包里腾出一些空间来放战利品。转到全局地图以前往地下室。,assets/images/任务/谢尔普的神器--ff516a233d.png
神秘的地下室,在神秘的地下室搜索萤火虫,你已经使神秘的地下室的萤火虫异象无害化了。搜索它的残余。,assets/images/怪物/萤火虫--2f28fb2203.png
获救的孩子,• 检查被摧毁的定居点的房屋,检查被摧毁的定居点的房屋，那里可能还有幸存者。如果你发现任何有价值的东西，可以将其据为己有。定居点的居民不再需要任何东西了。,assets/images/地图地点/被摧毁的定居点--84cb06e25f.png
杂务和差事,• Выполнить ежедневные задания,你已经查看了黑板上的剧情任务列表。都不是些困难的事。你很快就会做完的。,assets/images/建筑设施/剧情任务黑板--c2d722afd6.png
核战前的传统,• Съесть праздничные конфеты,食用节日糖果，以强化核战前的传统，并完成剧情任务。糖果可以在南瓜脑袋身上找到，也可以在领地上劈砍南瓜而获得。为此你需要一把斧头。你可以自己制作它。,assets/images/补给消耗品/节日糖果--60f2fac073.png
持久的乐趣,• Получить награду за стойкость,领取第二个坚持不懈的奖励以完成剧情任务。可以通过在游戏中花费时间得到它。你可以看到你在游戏中花费的时间，并在PDA的“挑战”分区领取奖励。,assets/images/任务/持久的乐趣--b61c72daf9.png
与新娘同行,• Посетить Лагерь Невест Змея,访问蛇彭特新娘营地以完成剧情任务。储备用于在营地战斗的电力武器和药品。,assets/images/地图地点/蛇彭特新娘营地--725f839c3e.png
猎杀南瓜脑袋,• Убить Тыквоголовых в «зеленых» местах,要完成这个剧情任务，在寂静树丛和铁荒原击杀南瓜脑袋。南瓜脑袋容易受到电力武器伤害。你可以从被烧毁的餐厅码头那里的商人处获得这些武器。,assets/images/任务/猎杀南瓜脑袋--27f44de4ce.png
万圣节小队,• [Отряд] Убить Тыквоголовых в «зеленых» местах,要完成这个剧情任务，需要在合作模式下，在寂静树丛和铁荒原击杀南瓜脑袋。在合作模式中，造成最多伤害的玩家可以获得击杀奖励。南瓜脑袋容易受到电力武器伤害。你可以从被烧毁的餐厅码头那里的商人处获得这些武器。,assets/images/任务/猎杀南瓜脑袋--27f44de4ce.png
南瓜粥,• Убить Тыквоголовых оружием ближнего боя,在通常地点击杀南瓜脑袋，用近战武器造成所有伤害以完成剧情任务。通常地点包括寂静树丛、铁荒原、焦尸土地、森林郊区、荒凉山谷和防风林。,assets/images/怪物/南瓜脑袋留名者--531d8e0c43.png
橙色目标,• Убить Тыквоголовых оружием дальнего боя,在通常地点击杀南瓜脑袋，用远程武器造成所有伤害以完成剧情任务。通常地点包括寂静树丛、铁荒原、焦尸土地、森林郊区、荒凉山谷和防风林。,assets/images/怪物/南瓜脑袋留名者--531d8e0c43.png
猎杀南瓜脑袋,• Убить Тыквоголовых в «желтых» местах,在焦尸土地和森林郊区击杀南瓜脑袋以完成这个剧情任务。南瓜脑袋容易受到电力武器伤害。你可以从被烧毁的餐厅码头那里的商人处获得这些武器。,assets/images/任务/猎杀南瓜脑袋--27f44de4ce.png
万圣节小队,• [Отряд] Убить Тыквоголовых в «желтых» местах,在合作模式下，在焦尸土地和森林郊区击杀南瓜脑袋以完成这个剧情任务。在合作模式中，造成最多伤害的玩家可以获得击杀奖励。南瓜脑袋容易受到电力武器伤害。你可以从被烧毁的餐厅码头那里的商人处获得这些武器。,assets/images/任务/猎杀南瓜脑袋--27f44de4ce.png
破坏祭坛,• Уничтожить алтарь Могильщиков в Лагере Невест Змея,前往蛇彭特新娘营地，破坏送葬者祭坛以完成剧情任务。祭坛容易受到重击粉碎武器的伤害，而保护祭坛的南瓜脑袋容易受到电力武器的伤害。你可以从被烧毁的餐厅码头那里的商人处获得电力武器。,assets/images/建筑设施/蛇灵的祭坛--2843966125.png
新娘的愤怒,•Сразиться с Невестами в Лагере Невест Змея,对至少一个蛇彭特新娘造成伤害以完成这个剧情任务。前往蛇彭特新娘营地，获取新娘的钥匙，打开营地中心的大门并进入。钥匙可以通过破坏蛇彭特新娘营地的南瓜脑袋和祭坛并取得战利品而获得。,assets/images/任务/蛇彭特新娘--3ceecddf93.png
高压电南瓜,• Убить Тыквоголовых электрооружием,在通常地点击杀南瓜脑袋，用电力武器造成所有伤害以完成剧情任务。你可以从被烧毁的餐厅码头那里的商人处获得电力武器。通常地点包括寂静树丛、铁荒原、焦尸土地、森林郊区、荒凉山谷和防风林。,assets/images/怪物/南瓜脑袋留名者--531d8e0c43.png
猎杀南瓜脑袋,• Убить Тыквоголовых в «красных» местах,在防风林和荒凉山谷击杀南瓜脑袋以完成这个剧情任务。攻击送葬者祭坛，使额外的南瓜脑袋出现在这些地点。南瓜脑袋容易受到电力武器伤害。你可以从被烧毁的餐厅码头那里的商人处获得这些武器。,assets/images/任务/猎杀南瓜脑袋--27f44de4ce.png
邪教的突击,• Уничтожить алтарь Смерти в «красных» местах,前往防风林和荒凉山谷，破坏送葬者祭坛以完成剧情任务。祭坛容易受到重击粉碎武器的伤害，而保护祭坛的南瓜脑袋容易受到电力武器的伤害。你可以从被烧毁的餐厅码头那里的商人处获得电力武器。,assets/images/建筑设施/蛇灵的祭坛--2843966125.png
巫师的和平,• Убить Унгана Самеди на Забытом Кладбище,在被遗忘的墓地击杀萨梅迪巫师以完成这个剧情任务。送葬者容易受到电力武器伤害，你可以从被烧毁的餐厅码头那里的商人处获得这些武器。,assets/images/任务/巫师的和平--8ac147f60c.png
突袭巫师,• [Отряд] Убить Унгана Самеди на Забытом Кладбище,在合作模式下，在被遗忘的墓地击杀萨梅迪巫师以完成这个剧情任务。在合作模式中，造成最多伤害的玩家可以获得击杀奖励。送葬者容易受到电力武器伤害。你可以从被烧毁的餐厅码头那里的商人处获得这些武器。,assets/images/任务/巫师的和平--8ac147f60c.png
与新娘共舞,• Убить Невест в Лагере Невест Змея,击杀两名蛇彭特新娘以完成这个剧情任务。前往蛇彭特新娘营地，获取新娘的钥匙，打开营地中心的大门并进入。钥匙可以通过破坏蛇彭特新娘营地的南瓜脑袋和祭坛并取得战利品而获得。,assets/images/任务/蛇彭特新娘--3ceecddf93.png
伏都教巫师之瓶,• Сделать бутыль Бокора Чумы,要召唤瘟疫伏都教巫师，请在制作菜单中制作瘟疫伏都教巫师之瓶。为此，你需要尔兹莉蘑菇和水。,assets/images/资源材料/瘟疫伏都教巫师之瓶--d0102663fb.png
大切片,• Убить гулей из Хозмага в «зеленых» местах,中找到并劈砍一个出现在寂静树丛和铁荒原的南瓜以完成剧情任务。为此你需要一把斧头。你可以自己制作它。,assets/images/资源材料/送葬者南瓜--71e11ff6a2.png
南瓜破坏者,• [Отряд] Разрубить тыкву в Тихой роще или на Железных пустошах,在合作模式中找到并劈砍一个出现在寂静树丛和铁荒原的南瓜以完成剧情任务。为此你需要一把斧头。你可以自己制作它。,assets/images/资源材料/送葬者南瓜--71e11ff6a2.png
大切片,• Разрубить тыквы в Выжженных землях или на Опушке леса,找到并劈砍出现在焦尸土地和森林郊区的南瓜以完成剧情任务。为此你需要一把斧头。你可以自己制作它。,assets/images/资源材料/送葬者南瓜--71e11ff6a2.png
南瓜破坏者,• [Отряд] Разрубить тыквы в Выжженных землях или на Опушке леса,在合作模式中找到并劈砍出现在焦尸土地和森林郊区的南瓜以完成剧情任务。为此你需要一把斧头。你可以自己制作它。,assets/images/资源材料/送葬者南瓜--71e11ff6a2.png
大切片,• Разрубить тыквы в Лесополосе и Мертвой низине,找到并劈砍出现在防风林和荒凉山谷的南瓜以完成剧情任务。为此你需要一把斧头。你可以自己制作它。,assets/images/资源材料/送葬者南瓜--71e11ff6a2.png
新剧情任务,• Дождаться следующего дня,你已完成所有的万圣节剧情任务，请等到第二天再接收新任务。你仍然可以通过击杀南瓜脑袋、在被遗忘的墓地和蛇彭特新娘营地里获取箱子来获得点数。,assets/images/任务/新剧情任务--80fda52097.png
未命名任务,• Убить гулей из Хозмага в «зеленых» местах,,assets/images/任务/新剧情任务--80fda52097.png
伏都教巫师之瓶,,在蛇彭特新娘营地打开伏都教巫师宝箱，取得尔兹莉蘑菇。你需要它们来制作瘟疫伏都教巫师之瓶并召唤他。,assets/images/资源材料/尔兹莉蘑菇--e00b8f2533.png
伏都教巫师之瓶,• Взаимодействовать с Пеленой Дамбалы в центре Лагеря Невест,在新娘营地中心与丹巴拉面纱互动，召唤出瘟疫伏都教巫师，并准备战斗！,assets/images/建筑设施/丹巴拉面纱--873bbe57ef.png
瘟疫伏都教巫师,,在蛇彭特新娘营地击杀瘟疫伏都教巫师，并从他的尸体上取得战利品。当心伏都教巫师的特殊攻击！,assets/images/任务/瘟疫伏都教巫师--fbd88d0cf3.png
未命名任务,,,assets/images/资源材料/送葬者南瓜--71e11ff6a2.png
谈话的地方,• Поговорить с Левковичем и отправиться на Аванпост,商人莱科维奇说他有重要信息要给你，但只能在要塞前哨告诉你。在避难所和莱科维奇交谈以前往前哨。,assets/images/任务/商人--dfe04bbb76.png
重要信息,• Поговорить с Левковичем на Аванпосте Оплота,商人莱科维奇说他有重要信息要给你，但只能在要塞前哨告诉你。在前哨和莱科维奇交谈。,assets/images/地图地点/要塞兵团前哨--6799a4f0cf.png
方舟,• Войти в «Ковчег» на Аванпосте Оплота,如果你把要塞前哨的方舟设施中的软盘带给莱科维奇，他就会给你秃鹫的坐标。进入方舟以开始寻找。,assets/images/地图地点/方舟--2cf80cd8c8.png
方舟,• Взаимодействовать с терминалом в «Ковчеге»,作为对莱科维奇的帮助的交换，他要你从要塞前哨的方舟设施中拿一张软盘出来。与方舟中的终端互动，它可能有助于你的搜索。,assets/images/任务/方舟--995a16c9f9.png
方舟,• Пройти первый этаж «Ковчега»,你要在方舟里为莱科维奇寻找一张软盘。乘电梯下去，消灭第一层的所有敌人以继续搜索。,assets/images/任务/方舟--019e8d17f9.png
方舟,• Пройти третий этаж «Ковчега»,你要寻找一张软盘。乘电梯去，消灭第三层的所有敌人以继续搜索。,assets/images/任务/方舟--019e8d17f9.png
方舟,• Пройти шестой этаж «Ковчега»,你要寻找一张软盘。乘电梯去，消灭第六层的所有敌人以继续搜索。,assets/images/任务/方舟--f842d3e743.png
方舟,• Найти дискету на шестом этаже «Ковчега»,你清除了方舟第六层的所有敌人。现在找到莱科维奇的软盘。,assets/images/资源材料/方舟软盘--cb4e48e2b7.png
伏都教巫师之瓶,• Сделать бутыль Бокора Чумы,要召唤瘟疫伏都教巫师，请在制作菜单中制作瘟疫伏都教巫师之瓶。为此，你需要尔兹莉蘑菇和水。,assets/images/资源材料/瘟疫伏都教巫师之瓶--d0102663fb.png
意外的请求,• Поговорить с Ворчуном у могилы на Стоянке бродяжников,克里姆手下的一个名叫格鲁皮的游荡者要求在仓库附近的营地与你会面。前往那里，在卢卡墓旁和格鲁皮交谈。,assets/images/任务/失踪的向导--f256e60ce5.png
纪念之地,• Поговорить с Ворчуном у схрона Луки в Лесополосе,格鲁皮让你和他一起前往卢卡在防风林的地窖。在地窖旁和游荡者交谈。,assets/images/地图地点/防风林--c799a744c6.png
纪念之地,• Защитить Ворчуна у схрона Луки в Лесополосе,应格鲁皮的要求，你去了卢卡在防风林的地窖，帮助检查死去的游荡者的物品，并唤回他的记忆。当格鲁皮忙于地窖时，掩护他。,assets/images/资源材料/焦尸--a4e6e7f3d6.png
持久的记忆,• Поговорить с Ворчуном на Стоянке бродяжников у Хозмага,格鲁皮挖出了卢卡的地窖，检查了里面的物品，希望能唤起他对卢卡的记忆。访问仓库旁的游荡者营地，与格鲁皮交谈。,assets/images/任务/失踪的向导--f256e60ce5.png
持久的记忆,• Добраться до Разоренной Общины,在检查了卢卡的地窖后，格鲁皮恢复了关于他朋友的一些记忆，并想起了卢卡的刀。根据格鲁皮的说法，卢卡可能把刀留在了被摧毁的定居点。到那里去，试着找到刀。,assets/images/地图地点/被摧毁的定居点--84cb06e25f.png
持久的记忆,• Убить горелых в Разоренной Общине,格鲁皮让你去找卢卡的刀，他可能把它留在了被摧毁的定居点。在定居点消灭焦尸以开始搜索。,assets/images/资源材料/焦尸--a4e6e7f3d6.png
持久的记忆,• Отдать Ворчуну нож на Стоянке бродяжников у Хозмага,格鲁皮让你去找卢卡的刀，卢卡可能把它留在了被摧毁的定居点。搜索定居点的房子。,assets/images/其他物品/Перочинный нож--2eec41c90d.png
持久的记忆,• Отдать «Кровавые слезы» Ворчуну на Стоянке бродяжников у Хозмага,格鲁皮意识到你拿走了卢卡地窖里的一些物品。你的行为违反了游荡者的惯例，所以你必须向克里姆的队员支付赔偿。为此，将血泪球交给格鲁皮。,assets/images/资源材料/血泪球--18cce58e94.png
获救的孩子,• Войти в туман и отправиться в Убежище,你在被摧毁的定居点救了一个小男孩朱尔。他在这里并不安全。 要把朱尔带到你的避难所，请进入迷雾中。,assets/images/地图地点/被摧毁的定居点--84cb06e25f.png
旧壁橱,• Осмотреть шкафчик в здании Хозмага на Стоянке Бродяжников,仓库入口右侧的壁橱里有一些有用的装备。请查看一下。你可以拿走里面的任何东西，然后用这个壁橱把你的物品存放在游荡者营地里。壁橱里的物品在时间重置时不会丢失。,assets/images/其他物品/储物柜--36387cf94e.png
家禽养殖场,• Добраться до Птицефермы,你已经找到了去家禽养殖场的路。去那里打火鸡、释放农夫，并获得大量的挑战点数。记得储备武器，因为在家禽养殖场你只能用部落弓或狩猎纳米机器来击杀火鸡。,assets/images/地图地点/家禽养殖场--52be04461c.png
家禽养殖场,• Найти фермера в доме на Птицеферме,你来到了家禽养殖场，但它已经被火鸡占领了。请在风车附近的房子里找到农夫。做好战斗准备！,assets/images/地图地点/家禽养殖场--52be04461c.png
致命的咯咯声,• Убить Альфа-индюка в доме на Птицеферме,你在家禽养殖场农舍找到了阿尔法火鸡。这个头目只能使用部落弓或狩猎纳米机器击杀。你可以自己制作部落战士的弓。要获得部落酋长的弓、部落萨满的弓和纳米机器，请在避难所与部落女猎手交易。,assets/images/任务/致命的咯咯声--eb49a2bb19.png
逃离火鸡棚,• Найти ключи от клетки в ящиках во дворе Птицефермы,你已经找到了家禽养殖场的主人！他被锁在农舍里的一个笼子里。搜索家禽养殖场院子里的箱子，找到钥匙，释放他。,assets/images/资源材料/地下室钥匙--4d6beeb99e.png
女猎手的避难所,• Совершить любой обмен с Охотницей племени в Убежище,用你收到的硬币跟你避难所中的部落女猎手交易礼物。你还可以通过感恩节剧情任务和参加节日挑战来获得朝圣者硬币。,assets/images/任务/女猎手的避难所--018b5ba1bf.png
Приют Пилигрима,• Совершить любой обмен с Пилигримом в Убежище,Обменяйте полученные монеты на подарок у Пилигрима в вашем Убежище. Монеты Пилигримов вы также можете получать за задания «Дня благодарения» и участие в праздничном соревновании.,
逃离火鸡棚,• Поговорить с фермером в доме на Птицеферме,你已经找到了家禽养殖场的主人！他被锁在农舍里的一个笼子里。使用在家禽养殖场找到的钥匙释放他。,assets/images/资源材料/地下室钥匙--4d6beeb99e.png
未命名任务,• Управляющий квестовой цепи Птицефермы (Невидимый),,assets/images/资源材料/能量块--4581a84736.png
火鸡之战,• Убить Мертвого сторожа на АЗС дальнобойным оружием,前往寂静树丛或铁荒原并击杀火鸡。火鸡只会受到部落弓和狩猎纳米机器的伤害。自己制作一把战士的弓，并从避难所的部落女猎手那里获得传奇弓和纳米机器。,assets/images/任务/火鸡之战--e038a0730b.png
家禽养殖场,• Узнать дорогу к Птицеферме,要找到通往家禽养殖场的安全道路，请完成感恩节剧情任务。在你为主要活动剧情任务击杀屠夫之后，家禽养殖场就会出现。,assets/images/地图地点/家禽养殖场--52be04461c.png
家禽养殖场,• Убить индеек на птицеферме (Невидимый),你来到了家禽养殖场，但它已经被火鸡占领了。请在风车附近的房子里找到农夫。做好战斗准备！,assets/images/地图地点/家禽养殖场--52be04461c.png
家禽养殖场,• Поторговать с Охотницей (Невидимый),,assets/images/地图地点/家禽养殖场--52be04461c.png
猎杀火鸡,• Сделать лук воина племени для охоты на индеек,领地上的火鸡只对部落弓和狩猎纳米机器脆弱。要猎杀火鸡，请在制作菜单中制作部落战士的弓。所需的材料可以制作或在领地上找到。,assets/images/武器/部落战士弓--a2eb2cd87d.png
新年营地,前往被烧毁的餐厅,在你的避难所附近出现了一个新年营地。前往那里探索该地区并与冬季特使见面。,assets/images/地图地点/新年营地--60b9e0b214.png
新年装饰球,前往被烧毁的餐厅,在领地上杀敌并在挑战中击败其他玩家以赢得新年装饰球。挑战每回合持续一天，只有前25名才会得到奖励。新年装饰球可以在新年营地交换礼物。,assets/images/任务/新年装饰球--b35e652401.png
新年营地,前往被烧毁的餐厅,在新年营地用在挑战中获得的新年装饰球与冬季特使交换礼物。,assets/images/任务/新年营地--4814a950c9.png
未命名任务,前往被烧毁的餐厅,,assets/images/资源材料/能量块--4581a84736.png
方舟,• Взаимодействовать с терминалом на первом этаже «Ковчега»,你清除了方舟第一层的所有敌人。使用这一层的方舟安全系统终端，获得关于这个地方的宝贵信息，并解锁下一层。,assets/images/任务/方舟--03680426a8.png
新年挑战,Убить врагов из морозного оружия,用冰霜武器击杀领地上的敌人。你可以从仓库的商人和新年营地的特使那里得到冰霜武器。她已经给了你一把冰霜AKM暴风雪，请把它带到仓库。,assets/images/任务/新年挑战--e8659044bf.png
游荡者圣诞老人,前往被烧毁的餐厅,游荡者圣诞老人与你取得了联系。他很少到领地上来。他在避难所的风车旁等着你。与他交谈，了解更多关于新年庆祝活动的信息。,assets/images/地图地点/避难所--ec0397cef7.png
新年营地,前往被烧毁的餐厅,在新年营地用新年装饰球与冬季特使交换礼物。,assets/images/任务/新年营地--4814a950c9.png
方舟,• Поговорить с офицером ГРО на Аванпосте Оплота,如果你把前哨的方舟设施中的软盘带给莱科维奇，他就会给你秃鹫的坐标。在要塞前哨与LRS工作员交谈，以进入方舟。,assets/images/其他物品/林务员的尸体--b0dd2b2de6.png
方舟,• Взаимодействовать с терминалом на третьем этаже «Ковчега»,你清除了方舟又一层的所有敌人。使用这一层的方舟安全系统终端，获得关于这个地方的宝贵信息，并解锁下一层。,assets/images/任务/方舟--03680426a8.png
贸易关系,• Поговорить с Левковичем у ветряка в Убежище,商人莱科维奇来到了避难所。跟他交谈。除非有个好理由，否则他从不会来访。莱科维奇在避难所入口旁的风车那里等你。,assets/images/任务/商人--dfe04bbb76.png
方舟,• Взаимодействовать с терминалом на 5-ом этаже «Ковчега»,你清除了方舟又一层的所有敌人。使用这一层的方舟安全系统终端，获得关于这个地方的宝贵信息，并解锁下一层。,assets/images/任务/方舟--03680426a8.png
方舟,• Взаимодействовать с терминалом на 12-ом этаже «Ковчега»,你清除了方舟又一层的所有敌人。使用这一层的方舟安全系统终端，获得关于这个地方的宝贵信息，并解锁下一层。,assets/images/任务/方舟--03680426a8.png
方舟,• Взаимодействовать с терминалом на 16-ом этаже «Ковчега»,你清除了方舟又一层的所有敌人。使用这一层的方舟安全系统终端，获得关于这个地方的宝贵信息，并解锁下一层。,assets/images/任务/方舟--03680426a8.png
方舟,• Взаимодействовать с терминалом на 18-ом этаже «Ковчега»,你清除了方舟又一层的所有敌人。使用这一层的方舟安全系统终端，获得关于这个地方的宝贵信息，并解锁下一层。,assets/images/任务/方舟--03680426a8.png
方舟,• Взаимодействовать с терминалом на 19-ом этаже «Ковчега»,你清除了方舟又一层的所有敌人。使用这一层的方舟安全系统终端，获得关于这个地方的宝贵信息，并解锁下一层。,assets/images/任务/方舟--03680426a8.png
方舟,• ВВзаимодействовать с терминалом на 25-ом этаже «Ковчега»,你清除了方舟又一层的所有敌人。使用这一层的方舟安全系统终端，获得关于这个地方的宝贵信息，并解锁下一层。,assets/images/任务/方舟--03680426a8.png
方舟,• Взаимодействовать с терминалом на 30-ом этаже «Ковчега»,你清除了方舟又一层的所有敌人。使用这一层的方舟安全系统终端，获得关于这个地方的宝贵信息，并解锁下一层。,assets/images/任务/方舟--03680426a8.png
方舟,• Взаимодействовать с терминалом на 35-ом этаже «Ковчега»,你清除了方舟又一层的所有敌人。使用这一层的方舟安全系统终端，获得关于这个地方的宝贵信息，并解锁下一层。,assets/images/任务/方舟--03680426a8.png
方舟,• Взаимодействовать с терминалом на 36-ом этаже «Ковчега»,你清除了方舟又一层的所有敌人。使用这一层的方舟安全系统终端，获得关于这个地方的宝贵信息，并解锁下一层。,assets/images/任务/方舟--03680426a8.png
未命名任务,,,assets/images/任务/陷入困境的女孩--52b57d5c54.png
未命名任务,,,assets/images/任务/陷入困境的女孩--52b57d5c54.png
谈话的地方,• Невидимый квест для ввода когорты старых игроков в Ковчег (Невидимый),,
方舟,• Спуститься на лифте на первый этаж «Ковчега»,你要在方舟里为莱科维奇寻找一张软盘。乘电梯下去，消灭第一层的所有敌人以继续搜索。,assets/images/任务/方舟--bc534cb6b8.png
方舟,• Возьмите усиление на первом этаже «Ковчега»,你已经下到了方舟的第1层。马克建议在战斗前使用一个临时的强化器。要这样做，请跑到电梯旁边的强化器全息图中。,assets/images/任务/方舟--b005094bec.png
方舟,• Взаимодействовать с дроном в «Ковчеге»,你要在方舟里为莱科维奇寻找一张软盘。乘电梯下去，消灭第一层的所有敌人以继续搜索。,assets/images/任务/方舟--019e8d17f9.png
方舟,• Пройти второй этаж «Ковчега»,你要在方舟设施里为莱科维奇寻找一张软盘。乘电梯下去，消灭第二层的所有敌人以继续搜索。,assets/images/任务/方舟--019e8d17f9.png
向下的道路,• Пройти 7-й этаж «Ковчега»,继续向方舟深处前进，击败每一层的敌人。你越是深入，奖励就越高。,assets/images/任务/方舟--019e8d17f9.png
向下的道路,• Пройти 12-й этаж «Ковчега»,继续向方舟深处前进，击败每一层的敌人。你越是深入，奖励就越高。,assets/images/任务/向下的道路--9cf723f9df.png
向下的道路,• Пройти 18-й этаж «Ковчега»,继续向方舟深处前进，击败每一层的敌人。你越是深入，奖励就越高。,assets/images/任务/向下的道路--c2c6d3543f.png
向下的道路,• Пройти 24-й этаж «Ковчега»,继续向方舟深处前进，击败每一层的敌人。你越是深入，奖励就越高。,assets/images/任务/向下的道路--ef0dfe4175.png
向下的道路,• Пройти 30-й этаж «Ковчега»,继续向方舟深处前进，击败每一层的敌人。你越是深入，奖励就越高。,assets/images/任务/向下的道路--e7477d9067.png
重要信息,• Добраться до Аванпоста «Оплота»,商人莱科维奇说他有重要信息要给你，但只能在要塞前哨告诉你。前往那里。,assets/images/地图地点/要塞兵团前哨--6799a4f0cf.png
方舟,• Пройти пятый этаж «Ковчега»,你要寻找一张软盘。乘电梯去，消灭第五层的所有敌人以继续搜索。,assets/images/任务/方舟--019e8d17f9.png
谈话的地方,• НЕВИДИМЫЙ квест прошло 24 часа с прохождения Вводной Ковчега [y],,
实验结果,• Вернуться в «Ковчег» на Аванпосте,根据莱科维奇的说法，研究所愿意收购方舟的标本标签，给予奖励作为交换。回到方舟去搞清楚怎么做吧。,assets/images/地图地点/方舟--2cf80cd8c8.png
实验结果,• Взаимодействовать с терминалом на этаже 0 «Ковчега»,根据莱科维奇的说法，研究所愿意收购来自方舟的标本标签，给予奖励作为交换。与方舟第0层的终端互动，以获得更多信息。,assets/images/任务/方舟--995a16c9f9.png
实验结果,• Убить любого босса 5 раз,你从马克那里得知，可以使用复用钥匙卡来再次完成方舟的楼层。击杀方舟中的任意6个头目，以获得足够的标签来获得奖励。,assets/images/任务/方舟--f842d3e743.png
实验结果,• Совершить обмен с Ч.А.П.ом на этаже 0 «Ковчега»,你获得了标本标签作为再次完成方舟中头目楼层的奖励。在方舟第0层与CHAP交易。CHAP在电梯的左边。,assets/images/任务/实验结果--c000d61f05.png
未命名任务,,,
C级楼层,• Пройти этаж С-1 в «Ковчеге»,你来到了方舟的秘密楼层之一。完成它可以得到特殊的标签，可以用来和方舟的CHAP交易。,assets/images/任务/C级楼层--77ac84171d.png
空气中的危险,• Осмотреть модуль очистки на этаже 0 «Ковчега»,你从马克那里得知，方舟的C级楼层出现了故障。检查设施第0层的烟雾过滤器模块，以确定如何修复故障并通过该楼层。,assets/images/任务/空气中的危险--df33dbb3a1.png
空气中的危险,• Модернизировать модуль очистки «Ковчега» до ур.2,你从马克那里得知，方舟的C级楼层出现了故障。修理方舟第0层的烟雾过滤器模块，完成C-2层。你可以在方舟CHAP用6层和12层的标本标签换取零件。,assets/images/任务/空气中的危险--df33dbb3a1.png
空气中的危险,• Модернизировать модуль очистки «Ковчега» до ур.3,你从马克那里得知，方舟的C级楼层出现了故障。修理方舟第0层的烟雾过滤器模块，完成C-3层。你可以在方舟CHAP用18层的标本标签换取零件。,assets/images/任务/空气中的危险--df33dbb3a1.png
空气中的危险,• Модернизировать модуль очистки «Ковчега» до ур.4,你从马克那里得知，方舟的C级楼层出现了故障。修理方舟第0层的烟雾过滤器模块，完成C-4层。你可以在方舟CHAP用24层的标本标签换取零件。,assets/images/任务/空气中的危险--df33dbb3a1.png
空气中的危险,• Модернизировать модуль очистки «Ковчега» до ур.5,你从马克那里得知，方舟的C级楼层出现了故障。修理方舟第0层的烟雾过滤器模块，完成C-5层。你可以在方舟CHAP用30层的标本标签换取零件。,assets/images/任务/空气中的危险--df33dbb3a1.png
空气中的危险,• Модернизировать модуль очистки «Ковчега» до ур.6,你从马克那里得知，方舟的C级楼层出现了故障。修理方舟第0层的烟雾过滤器模块，完成C-6层。你可以在方舟CHAP用36层的标本标签换取零件。,assets/images/任务/空气中的危险--df33dbb3a1.png
方舟,• Взаимодействовать с терминалом на этаже 0 «Ковчега»,你似乎逐渐了解了方舟顶层的这个设施里所发生的事情。请返回第0层，与中央终端互动，寻找更多信息。,assets/images/任务/方舟--995a16c9f9.png
未命名任务,,,
未命名任务,,,
黑帮的回归,"• Поговорить с предателем Триады в Убежище, у ветряка",黑帮叛徒联系了你。他在避难所的风车旁等你。去那里看看他想告诉你什么。,assets/images/任务/黑帮的回归--97c9e8f273.png
龙女,• Добраться до Тихой рощи,黑帮叛徒说，黑帮的一个重要人物需要你的帮助。你一到达寂静树丛，那人就会联系你。做好准备，前往那里。,assets/images/资源材料/寂静树丛--c07debcca0.png
第一件圣物,• Спуститься в подвал Триады в Тихой роще,龙女请求你的帮助。前往寂静树丛的黑帮地下室，再次与她联系，了解全部详情。地下室应该在寂静树丛中心的某个地方。,assets/images/任务/第一件圣物--a14f2da7e2.png
第一件圣物,• Убить врагов в подвале Триады в Тихой роще,龙女解释说，有五件圣物请你帮忙找回。这些圣物被金龙偷走并藏了起来。在寂静树丛的地下室击杀所有黑帮战士，找到第一件圣物：一个吊坠。,assets/images/怪物/黑帮蜘蛛--3c4bcb0448.png
第一件圣物,• Открыть сундук в подвале Триады в Тихой роще/Отдать медальон связной у цистерны в Убежище,你在寂静树丛击败了黑帮地下室中的所有战士。现在打开黑帮宝箱，取得吊坠。把它交给避难所内水池边的龙女联络人。,assets/images/资源材料/恶龙财富吊坠--d73e3122b9.png
第二件圣物,• Спуститься в подвал Триады на Выжженных землях,你从龙女那里得知了下一个圣物的位置。前往焦尸土地的黑帮地下室找到第二件圣物：一枚戒指。,assets/images/任务/第一件圣物--a14f2da7e2.png
第二件圣物,• Убить врагов в подвале Триады на Выжженных землях,你从龙女那里得知了下一个圣物的位置。在焦尸土地的地下室击杀所有黑帮战士来找到第二件圣物：一枚戒指。,assets/images/怪物/黑帮林奇--459b6ceb15.png
第二件圣物,•  Забрать кольцо из сундука Триады в Выжженных землях/Отдать кольцо связной у цистерны в Убежище,你在焦尸土地击败了黑帮地下室中的所有战士。现在打开黑帮宝箱，取得戒指。把它交给避难所内水池边的龙女联络人。,assets/images/资源材料/神龙威力戒指--0bfade5dc8.png
龙王护身符,• Спуститься в подвал Триады в Мертвой низине,你从龙女那里得知了下一个圣物的位置。前往荒凉山谷的黑帮地下室来找到它。你需要袭击者之斧以解锁地下室。,assets/images/任务/龙王护身符--a367a6c984.png
龙王护身符,• Убить врагов в подвале Триады в Мертвой низине,你从龙女那里得知了下一个圣物的位置。在荒凉山谷的地下室击杀所有黑帮战士来找到它。,assets/images/怪物/黑帮花枪--b90c6c659e.png
龙王护身符,• Открыть сундук в подвале Триады в Мертвой низине,你在荒凉山谷击败了黑帮地下室中的所有战士。现在打开黑帮宝箱，取得圣物。,assets/images/建筑设施/春节盒子--8a3c1ab72a.png
金龙,"• Призвать Золотого Дракона, ударив в гонг",你应龙女的要求寻找黑帮的圣物。敲响荒凉山谷地下室的锣，召唤出金龙，以了解圣物的位置。,assets/images/任务/金龙--98fa704c43.png
金龙,• Убить Золотого Дракона в подвале в Мертвой низине,你应龙女的要求寻找黑帮的圣物。击杀金龙来了解圣物的位置。,assets/images/任务/金龙--c07ff96d89.png
龙王护身符,• Забрать записку с трупа Золотого Дракона/Отдать записку связной у цистерны в Убежище,你应龙女的要求寻找黑帮的圣物。你已经召唤并击败了金龙。现在搜索他的尸体找到字条，了解其他圣物的位置。,assets/images/其他物品/家长来信--8ff5169e26.png
龙王护身符,• Найти оберег в северном крыле Хозмага/Отдать оберег связной у цистерны в Убежище,你了解到另一件黑帮圣物位于仓库的北侧。去那里找到龙王护身符。仓库是一个异象区。如果你最近去过那里，可能需要等待时间重置。,assets/images/资源材料/龙王护身符--7a2796d2e8.png
圣物箱,• Найти Вместилище реликвий в южном крыле Хозмага/Отдать Вместилище связной у цистерны в Убежище,你了解到圣物箱位于仓库的南侧。去那里找到它。仓库是一个异象区。如果你最近去过那里，可能需要等待时间重置。,assets/images/资源材料/圣物箱--348584dda2.png
未命名任务,• Убить гулей из Хозмага в «зеленых» местах,,assets/images/资源材料/能量块--4581a84736.png
战斗召唤铃铛,• Найти колокольчик в УАЗе на заднем дворе АЗС/Отдать колокольчик связной у цистерны в Убежище,你从龙女那里得知了下一个圣物的位置。在旧加油站后院搜索UAZ越野车，找到铃铛。旧加油站是一个异象区。如果你最近去过那里，可能需要等待时间重置。,assets/images/资源材料/战斗召唤铃铛--f6574a42bf.png
神龙不朽,• Найти кинжал в сундуке в котельной ресторана/Отдать кинжал связной у цистерны в Убежище,你从龙女那里得知了下一个圣物的位置。要找到匕首，请在被烧毁的餐厅的锅炉房搜索黑帮宝箱。锅炉房在地下室。被烧毁的餐厅是一个异象区。如果你最近去过那里，可能需要等待时间重置。,assets/images/资源材料/神龙不朽匕首--6b076ea312.png
龙王护身符,• Дождитесь начала соревнования в ближайшие дни,在接下来的几天里，龙女会宣布一个挑战。在挑战中，你会知道剩下的圣物藏在哪里。在等待期间，你可以继续从黑帮地下室里获得钥匙，并与金龙战斗。,assets/images/任务/龙王护身符--dcf685f83c.png
主动出击,• Поговорить с Клепкой в Убежище,朱尔告诉了你去哪里找秃鹫营地。你消灭了所有的敌人，并击杀了他们的头目弗莱耶。找到战利品箱子，拿走里面的任何贵重物品。,assets/images/地图地点/秃鹫营地--1eeef91afa.png
第一件圣物,• Войти в Тихую рощу,龙女请求你的帮助。进入寂静树丛，找到黑帮地下室。,assets/images/资源材料/寂静树丛--c07debcca0.png
第二件圣物,• Спуститься в подвал Триады на Выжженных землях,你从龙女那里得知，下一个圣物在焦尸土地的一个地下室里。通过击杀敌人和完成其他剧情任务达到17级，准备前往那里。,assets/images/补给消耗品/生存课程--345afa98d2.png
神龙不朽,• Найти кинжал в сундуке в котельной ресторана/Отдать кинжал связной у цистерны в Убежище,龙女答应在未来几天内打探到另一个圣物的所在地点。在她与你联系之前，继续获取黑帮货物钥匙以得到有价值的装备。,assets/images/任务/龙王护身符--dcf685f83c.png
龙王护身符,• Спуститься в подвал Триады на Выжженных землях,你从龙女那里得知，下一个圣物在荒凉山谷的一个地下室里。通过击杀敌人和完成其他剧情任务达到38级，准备前往那里。,assets/images/补给消耗品/生存课程--345afa98d2.png
Новое Убежище,• Добраться до Убежища,"Чтобы покинуть Старую остановку, выйдите за границы локации. Они обозначены туманом. Чтобы добраться до Убежища, нажмите на него на глобальной карте и выберите способ передвижения.",assets/images/地图地点/避难所--ec0397cef7.png
未命名任务,• Убить врагов в подвале Триады в Мертвой низине,,assets/images/怪物/黑帮花枪--b90c6c659e.png
血色洞穴,• Сжечь кровавые дыры Северное крыло,在清除障碍物之前， 一定要烧毁血色洞穴， 否则焦尸会爬出洞穴， 对你发起攻击。 用燃烧性武器或燃烧弹鸡尾酒点燃洞穴。,assets/images/任务/仓库--eaab157708.png
血色洞穴,• Сжечь кровавые дыры Южное крыло,只要血色洞穴还在， 仓库刽子手就会不断向你进攻。 你可以用燃烧性武器或燃烧弹鸡尾酒点燃洞穴， 消灭他们 。,assets/images/任务/仓库--eaab157708.png
焦尸科学家,• Добыть артефакты «лазурит»,要完成此派系任务，请在方舟设施的第6层击杀焦尸科学家。如果你没有方舟钥匙卡或复用钥匙卡，请等到获得新的钥匙卡。,assets/images/任务/焦尸科学家--aebf8aa738.png
克劳怪首领,• Добыть артефакты «лазурит»,要完成此派系任务，请在方舟设施的第12层击杀克劳怪首领。酸性武器会派上用场。你可以通过完成送葬者营地的特殊活动来获得这些武器。如果你没有方舟钥匙卡或复用钥匙卡，请等到获得新的钥匙卡。,assets/images/任务/向下的道路--9cf723f9df.png
惩罚者食尸鬼,• Добыть артефакты «лазурит»,要完成此派系任务，请在方舟设施的第18层击杀惩罚者食尸鬼。酸性武器会派上用场。你可以通过完成送葬者营地的特殊活动来获得这些武器。如果你没有方舟钥匙卡或复用钥匙卡，请等到获得新的钥匙卡。,assets/images/任务/向下的道路--c2c6d3543f.png
方舟中的伏都教巫师,• Добыть артефакты «лазурит»,要完成此派系任务，请在方舟设施的第24层击杀萨梅迪伏都教巫师。电力武器会派上用场。你可以在餐厅的商人那里获得它们。如果你没有方舟钥匙卡或复用钥匙卡，请等到获得新的钥匙卡。,assets/images/任务/方舟中的伏都教巫师--376f685e89.png
坏兆头,,"一名LRS工作员跟你联系，说他有一个任务给你。要了解更多信息，请到要塞前哨站与他交谈。他将在方舟的入口处等你。

该工作员的剧情任务将解锁对活动头目的访问权限。",assets/images/其他物品/林务员的尸体--b0dd2b2de6.png
狂腐士的忏悔,• Добыть артефакты «лазурит»,要完成此派系任务，请在方舟设施的第30层击杀核焚化者和狂腐士风琴师。冰霜武器会派上用场。你可以在餐厅的商人那里获得它们。如果你没有方舟钥匙卡或复用钥匙卡，请等到获得新的钥匙卡。,assets/images/任务/方舟中的伏都教巫师--376f685e89.png
转瞬即逝的快乐,• Добыть артефакты «лазурит»,要完成此派系任务，请在方舟中使用临时奖励。方法是在奖励全息图消失之前走过它们。在你杀死敌人的地方会出现一个临时奖励。如果你没有方舟钥匙卡或复用钥匙卡，请等到获得新的钥匙卡。,assets/images/任务/方舟中的伏都教巫师--376f685e89.png
强制行军,,"LRS工作员向你提供了一项在异象区的任务，要你找到他死在仓库里的战友们的物品。请前往仓库的北侧，找到物品。

该工作员的剧情任务将解锁对活动头目的访问权限。",assets/images/地图地点/仓库--4a05d440b5.png
强制行军,,"LRS工作员向你提供了一项在异象区的任务，要你找到他死在仓库里的战友们的物品。请下到仓库里，找到这些物品。

该工作员的剧情任务将解锁对活动头目的访问权限。",assets/images/地图地点/仓库--4a05d440b5.png
战友,,"LRS工作员向你提供了一项在异象区的任务，要你找到属于他死在仓库里的战友们的物品。请在仓库的北侧找到物品。

该工作员的剧情任务将解锁对活动头目的访问权限。",assets/images/任务/战友--1cd437a4a7.png
战友们的回忆,,"LRS工作员向你提供了一项在异象区的任务，要你找到属于他死在仓库里的战友们的物品。请在仓库的北侧找到物品。

该工作员的剧情任务将解锁对活动头目的访问权限。",assets/images/任务/战友--1cd437a4a7.png
记住每个人,,"在仓库北侧搜索要塞兵团战士的尸体之后，你发现了一个军队水瓶和一个臂章。将这些物品交给要塞前哨的 LRS工作员。

该工作员的剧情任务将解锁对活动头目的访问权限。",assets/images/其他物品/林务员的尸体--b0dd2b2de6.png
简单的清理,• Убить любых противников в «желтых» и «красных» местах,要完成此派系任务，请在方舟的第1-6层击杀任何敌人。如果你没有方舟钥匙卡或复用钥匙卡，请等到获得新的钥匙卡。,assets/images/地图地点/要塞兵团前哨--6799a4f0cf.png
普通的清理,• Убить любых противников в «желтых» и «красных» местах,要完成此派系任务，请在方舟的第 7-12 层击杀任何敌人。如果你没有方舟钥匙卡或复用钥匙卡，请等到获得新的钥匙卡。,assets/images/地图地点/要塞兵团前哨--6799a4f0cf.png
困难的清理,• Убить любых противников в «желтых» и «красных» местах,要完成此派系任务，请在方舟的第14-18 层击杀任何敌人。如果你没有方舟钥匙卡或复用钥匙卡，请等到获得新的钥匙卡。,assets/images/地图地点/要塞兵团前哨--6799a4f0cf.png
疯狂的清理,• Убить любых противников в «желтых» и «красных» местах,要完成此派系任务，请在方舟的第19-24 层击杀任何敌人。如果你没有方舟钥匙卡或复用钥匙卡，请等到获得新的钥匙卡。,assets/images/地图地点/要塞兵团前哨--6799a4f0cf.png
楼层清理#5,• Убить любых противников в «желтых» и «красных» местах,要完成此派系任务，请在方舟的第25-30层击杀任何敌人。如果你没有方舟钥匙卡或复用钥匙卡，请等到获得新的钥匙卡。,assets/images/地图地点/要塞兵团前哨--6799a4f0cf.png
最后的努力,• Убить любых противников в «желтых» и «красных» местах,如果你没有方舟钥匙卡或复用钥匙卡，请等到获得新的钥匙卡。,assets/images/地图地点/要塞兵团前哨--6799a4f0cf.png
准备下降,,"LRS工作员发现了另一个信号。他说信号源在仓库下面的下水道里。在进入下水道之前，你需要烧毁仓库北侧的所有血色洞穴。

该工作员的剧情任务将解锁对活动头目的访问权限。",assets/images/任务/仓库--eaab157708.png
准备下降,,"LRS工作员发现了另一个信号。他说信号源在仓库下面的下水道里。搜索仓库北侧，找到一个进入下水道的入口。

该工作员的剧情任务将解锁对活动头目的访问权限。",assets/images/任务/通道已清理完毕--8fc8e50899.png
准备下降,,"你在仓库北侧的一个房间里发现了一个障碍物，挡住了通往下水道的入口。LRS工作员联系你，说要向汉寻求帮助。他就在仓库发电机房的入口处。

该工作员的剧情任务将解锁对活动头目的访问权限。",assets/images/任务/准备下降--63df1ffe3c.png
未命名任务,,,assets/images/资源材料/能量块--4581a84736.png
征兵,,索洛波夫指挥官已与你联系。他希望你帮助对抗仓库食尸鬼。前往避难所与要塞兵团招募员交谈以了解详细信息。,assets/images/其他物品/要塞兵团战士的尸体--f45e771498.png
准备下降,,"你在仓库北侧的一个房间里发现了一个障碍物，挡住了通往下水道的入口。LRS工作员联系你，说要向汉寻求帮助。与汉交谈后，回到障碍物那里。

该工作员的剧情任务将解锁对活动头目的访问权限。",assets/images/任务/通道已清理完毕--8fc8e50899.png
准备下降,,"你在仓库北侧的一个房间里发现了一个障碍物，挡住了通往下水道的入口。用游荡者汉给你的镐将它清除。
该工作员的剧情任务将解锁对活动头目的访问权限。",assets/images/任务/通道已清理完毕--8fc8e50899.png
下降进入未知地带,,"你清除了阻止你进入下水道的障碍物。下去，但要小心！根据汉和LRS工作员的说法，一个强大的、未知的变异体居住在仓库下面的下水道里。

该工作员的剧情任务将解锁对活动头目的访问权限。",assets/images/任务/下降进入未知地带--f99874600d.png
鼠王,,你下到了仓库下面的下水道里，那里住着鼠王。击杀它，就有机会搜索它的洞穴，找到信号的来源。,assets/images/任务/鼠王--74651f4a94.png
战友们的回忆,,你击杀了鼠王。现在搜索要塞兵团战士的尸体——信号源。,assets/images/任务/战友--1cd437a4a7.png
记住每个人,,在搜查了发出信号的要塞兵团战士的尸体后，你发现了一个野战包。把它带给要塞前哨的LRS工作员。,assets/images/其他物品/林务员的尸体--b0dd2b2de6.png
南侧障碍物,,LRS工作员发现了另一个信号。他说信号源在仓库的南侧。你需要清除障碍物才能进一步前进，这需要一把镐。你可以自己制作，也可以在仓库附近的游荡者营地向维因购买一把。,assets/images/任务/通道已清理完毕--8fc8e50899.png
战友们的回忆,,LRS工作员发现了另一个信号。他说信号源在仓库的南侧。你清除了障碍物，现在你需要找到并搜查死去的要塞兵团战士的尸体。,assets/images/任务/战友--1cd437a4a7.png
记住每个人,,在搜查了发出信号的要塞兵团战士的尸体后，你发现了一个LRS剑柄。把它带给要塞前哨的LRS工作员。,assets/images/其他物品/林务员的尸体--b0dd2b2de6.png
时间重置,,仓库是一个异象区。要继续搜索，你必须等待时间重置。仓库入口处上方会显示重置倒计时。,assets/images/地图地点/仓库--4a05d440b5.png
战友们的回忆,,LRS工作员让你再次检查南侧。现在你需要找到并搜索死去的要塞兵团战士的尸体。,assets/images/任务/战友--1cd437a4a7.png
记住每个人,,在南侧搜索发出信号的要塞兵团战士的尸体后，你发现了一个压坏的头盔。把它带给要塞前哨的LRS工作员。,assets/images/其他物品/林务员的尸体--b0dd2b2de6.png
未知信号,,LRS工作员从鼠王巢穴中捕捉到了一个新的信号。你需要进入仓库北侧下面的下水道，进行查看。,assets/images/任务/下降进入未知地带--f99874600d.png
未知信号,,你下到了仓库下面的下水道里，那里住着鼠王。击杀它，就有机会搜索它的洞穴，找到信号的来源。,assets/images/任务/鼠王--74651f4a94.png
未知信号,,你击杀了鼠王。现在搜索要塞兵团战士的尸体——信号源。,assets/images/任务/战友--1cd437a4a7.png
致命吊坠,,在搜查了发出信号的要塞兵团战士的尸体后，你发现了一个标牌。把它带给要塞前哨的LRS工作员。,assets/images/其他物品/林务员的尸体--b0dd2b2de6.png
Temporal Reset,,仓库是一个异象区。要继续搜索，你必须等待时间重置。仓库入口处上方会显示重置倒计时。,assets/images/地图地点/仓库--4a05d440b5.png
方舟清理,• Убить гулей в «Ковчеге»,要完成剧情任务，请前往要塞前哨，在方舟的14-18层击杀食尸鬼。,assets/images/任务/食尸鬼杀手--07f1dc65e0.png
方舟清理,• Убить гулей в «Ковчеге» огненным оружием,要完成剧情任务，请在要塞前哨方舟的14-18层用火焰武器杀死食尸鬼。火焰武器可以自行制作、作为奖励获得，或者从商人那里购买。,assets/images/任务/食尸鬼杀手--07f1dc65e0.png
方舟清理,• Убить босса на 18 этаже «Ковчега»,要完成剧情任务，请在要塞前哨方舟的第18层多次击杀惩罚者食尸鬼。,assets/images/任务/向下的道路--c2c6d3543f.png
鼠王,• Убить Крысиного короля в канализации под Хозмагом,要完成剧情任务，请在仓库下水道中击杀鼠王。鼠王易受火焰和电力伤害。你离开下水道时，头目会重生。,assets/images/任务/鼠王--74651f4a94.png
感染病源,• Уничтожить кровавый кокон из Хозмага в «красных» местах,要完成这个剧情任务，请在防风林或荒凉山谷消灭仓库的血腥魔茧。在其成熟和生成变异体之前将其消灭。魔茧很容易被重击粉碎武器击碎。酸会延缓魔茧的成熟速度。注意看守魔茧的食尸鬼！此剧情任务仅可单人完成。,assets/images/怪物/1号魔茧--49aa3398e2.png
鼠王,• Уничтожить кровавый кокон из Хозмага в «красных» местах,要完成剧情任务，请前往仓库下水道并与鼠王战斗。对他造成1根血条的伤害。鼠王易受火焰和电力伤害。,assets/images/任务/鼠王--74651f4a94.png
巢穴清理,• Уничтожить кровавый кокон из Хозмага в «красных» местах,要完成剧情任务，请在仓库下水道中击杀鼠王召唤而来的敌人。他们会在你开始与头目战斗时出现。,assets/images/任务/仓库--07f1dc65e0.png
准备下降,,"你清除了阻止你进入下水道的障碍物。烧掉血色苔藓，打开井盖，然后下去。

该工作员的剧情任务将解锁对活动头目的访问权限。",assets/images/任务/准备下降--f0e0d35c37.png
征兵,,"根据工作员的说法，在你继续搜索之前，你需要帮助要塞兵团对抗食尸鬼。
完成活动剧情任务并识别血腥神器，来完成仓库入侵的第1阶段。",assets/images/任务/征兵--105a3b4950.png
征兵,,"根据工作员的说法，在你继续搜索之前，你需要帮助要塞兵团对抗食尸鬼。
完成活动剧情任务并识别血腥神器，来完成仓库入侵的第2阶段。",assets/images/任务/征兵--105a3b4950.png
征兵,,一名LRS工作员跟你联系，说他有一个任务给你。但首先，你需要完成仓库入侵剧情任务并证明自己。在主界面的活动标签页和PDA的活动标签页中查找任务。,assets/images/任务/征兵--105a3b4950.png
征兵,,要继续下一个剧情任务，请完成这里的所有事务，离开这个地方，到全局地图去。,assets/images/任务/谢尔普的神器--ff516a233d.png
简报,• Осмотреть инфостенд на Стоянке бродяжников,前往游荡者营地无线电报务员林克附近的信息板，与之互动，了解如何为下到仓库里做准备。,assets/images/地图地点/仓库--4a05d440b5.png
入侵开始,• Обыскать сундук Распадников в крипте,农夫的妻子与你联系，告诉你狂腐士入侵开始了。她还传来了地下团隐匿处的坐标。前往那里，与反抗狂腐士的组织交谈。,assets/images/地图地点/地下隐匿团--48438f4fbe.png
入侵开始,• Обыскать сундук Распадников в крипте,农夫的妻子与你联系，告诉你狂腐士入侵开始了。在地下团隐匿处与她交谈。,assets/images/任务/被围困的房屋--201a415617.png
狂腐士钥匙,• Обыскать сундук Распадников в крипте,地下团的成员用狂腐士在入侵时使用的装备夺取了货物。打开货物的钥匙保存在地穴中。击杀地穴中的所有敌人，才能打开装有钥匙的宝箱。,assets/images/资源材料/狂腐士--6166b5fd12.png
狂腐士钥匙,• Обыскать сундук Распадников в крипте,地下团的成员用狂腐士在入侵时使用的装备夺取了货物。打开货物的钥匙保存在地穴中。打开狂腐士宝箱获得钥匙。,assets/images/任务/狂腐士钥匙--7f8f686976.png
狂腐士货物,• Обыскать сундук Распадников в крипте,地下团的成员用狂腐士在入侵时使用的装备夺取了货物。你已经获得了足够的货物钥匙。打开限时活动窗口，选择货物，并花费钥匙。,assets/images/任务/狂腐士货物--d24d231bf8.png
狂腐士钥匙,• Обыскать сундук Распадников в крипте,在清理完第一个狂腐士地穴后，回到地下团隐匿处与农夫交谈。,assets/images/其他物品/男俘虏--04a338aa61.png
释放俘虏,• Обыскать сундук Распадников в крипте,农夫要求你释放森林郊区狂腐士地穴中的俘虏。在森林郊区的中心找到地穴的入口，然后进去。,assets/images/任务/狂腐士地穴--3c441551f1.png
释放俘虏,• Обыскать сундук Распадников в крипте,农夫要求你释放森林郊区狂腐士地穴中的俘虏。击杀地穴中所有的敌人，然后才能释放邪教受害者。,assets/images/资源材料/狂腐士--6166b5fd12.png
狂腐士钥匙,• Обыскать сундук Распадников в крипте,你进入了森林郊区地穴，击杀了所有的敌人。你现在可以从狂腐士货物中收集钥匙。,assets/images/建筑设施/狂腐士盒子--71878b25f6.png
释放俘虏,• Обыскать сундук Распадников в крипте,你进入了森林郊区地穴，击杀了所有的敌人。现在你必须释放所有的俘虏。,assets/images/任务/仓库--dc459a7401.png
被围困的房屋,• Обыскать сундук Распадников в крипте,你在帮助地下团，这是一个拯救狂腐士受害者的组织。据农夫的妻子说，他们很快就需要击退对被围困的房屋的另一次袭击。做好准备。当你进入全局地图时，可能会出现该活动。,assets/images/地图地点/Ракетная шахта--86430d6f5e.png
狂腐士钥匙,• Забрать ключи из сундука в Осажденном доме,你在帮助地下团，这是一个解救俘虏的组织。在击退了狂腐士对被围困的房屋的攻击后，你可以从他们携带的宝箱里收集狂腐士钥匙。,assets/images/建筑设施/狂腐士盒子--71878b25f6.png
释放俘虏,• Обыскать сундук Распадников в крипте,你在帮助地下团，这是一个解救俘虏的组织。你们击退了狂腐士对被围困的房屋的攻击。在房屋与农夫的妻子交谈，获得新的信息。,assets/images/其他物品/女俘虏--3fa1f7bac6.png
释放俘虏,• Обыскать сундук Распадников в крипте,你在帮助地下团，这是一个解救俘虏的组织。农夫告诉你，新的受害者被关押在防风林中心的一个地穴里。前往那里。,assets/images/任务/狂腐士地穴--3c441551f1.png
狂腐士钥匙,• Забрать ключи из сундука в крипте в Лесополосе,你在帮助地下团，这是一个解救俘虏的组织。你进入了防风林的狂腐士地穴，击杀了所有的敌人。收集地穴中的狂腐士钥匙。,assets/images/任务/狂腐士钥匙--c2ef756e9c.png
释放俘虏,• Обыскать сундук Распадников в крипте,你在帮助地下团，这是一个解救俘虏的组织。你进入了防风林的狂腐士地穴，击杀了所有的敌人。现在你必须释放地穴中的所有俘虏。,assets/images/任务/仓库--dc459a7401.png
对抗枢机主教,• Обыскать сундук Распадников в крипте,你在帮助地下团，这是一个解救俘虏的组织。你进入了防风林的狂腐士地穴，击杀了所有的敌人。使用地穴管风琴召唤出领导入侵的枢机主教。,assets/images/建筑设施/地穴管风琴--7e4dcc1aa4.png
对抗枢机主教,• Обыскать сундук Распадников в крипте,你在帮助地下团，这是一个解救俘虏的组织。你进入了防风林的狂腐士地穴，击杀了所有的敌人，并使用地穴管风琴召唤出了领导入侵的枢机主教。在地穴击杀枢机主教。,assets/images/任务/对抗枢机主教--36c75978f9.png
对抗枢机主教,• Обыскать сундук Распадников в крипте,你在帮助地下团，这是一个解救俘虏的组织。你进入了防风林的狂腐士地穴，击杀了所有的敌人，并使用地穴管风琴召唤出了领导入侵的枢机主教。在地穴击杀枢机主教。,assets/images/任务/对抗枢机主教--36c75978f9.png
地下隐匿团,• Обыскать сундук Распадников в крипте,你在帮助地下团，这是一个解救俘虏的组织。你清理了几个地穴，释放了俘虏，然后与枢机主教战斗并将其击杀。回到地下团隐匿处，与农夫和他的妻子交谈。,assets/images/其他物品/男俘虏--04a338aa61.png
地下隐匿团,• Принять радиосигнал в Укрытии «Подземки»,你在帮助地下团，这是一个解救俘虏的组织。你清理了几个地穴，释放了俘虏，然后与枢机主教战斗并将其击杀。在地下团隐匿处，一个无线电信号打断了你与农夫的对话。开启无线电。,assets/images/任务/另一个地下室--5ccca97c89.png
地下隐匿团,• Поговорить с Фермером в Укрытии «Подземки»,你在帮助地下团，这是一个解救俘虏的组织。回到地下团隐匿处，和农夫谈谈如何抵御狂腐士枢机主教。,assets/images/其他物品/男俘虏--04a338aa61.png
枢机主教铠甲,• Добыть первую часть брони Кардинала,你在帮助地下团，这是一个解救俘虏的组织。你清理了几个地穴，释放了俘虏，然后与枢机主教战斗并将其击杀。原来，枢机主教是一个逆行者，现在正在寻找地下团隐匿处。与枢机主教战斗，得到他的部分铠甲。,assets/images/资源材料/狂腐士臂套--64f02257ff.png
枢机主教铠甲,• Обыскать сундук Распадников в крипте,你在帮助地下团，这是一个解救俘虏的组织。你清理了几个地穴，释放了俘虏，然后与枢机主教战斗并将其击杀。原来，枢机主教是一个逆行者，现在正在寻找地下团隐匿处。与枢机主教战斗，得到他的部分铠甲。,assets/images/资源材料/耐热软管--b277829ea0.png
枢机主教铠甲,• Обыскать сундук Распадников в крипте,你在帮助地下团，这是一个解救俘虏的组织。你清理了几个地穴，释放了俘虏，然后与枢机主教战斗并将其击杀。原来，枢机主教是一个逆行者，现在正在寻找地下团隐匿处。与枢机主教战斗，得到他的部分铠甲。,assets/images/资源材料/狂腐士铀电池--c1dfddfce0.png
枢机主教之死,• Обыскать сундук Распадников в крипте,你正在帮助地下团，这是一个解救俘虏的组织。狂腐士正计划摧毁地下团隐匿处。他们在荒凉山谷的地穴聚集力量。和农夫一起前往荒凉山谷地穴。,assets/images/任务/狂腐士地穴--3c441551f1.png
枢机主教之死,• Обыскать сундук Распадников в крипте,你正在帮助地下团，这是一个解救俘虏的组织。狂腐士正计划摧毁地下团隐匿处。他们在荒凉山谷的地穴聚集力量。击杀地穴中的所有敌人。,assets/images/任务/狂腐士地穴--3c441551f1.png
对抗枢机主教,• Обыскать сундук Распадников в крипте,你正在帮助地下团，这是一个解救俘虏的组织。狂腐士正计划摧毁地下团隐匿处。他们在荒凉山谷的地穴聚集力量。你进入地穴并击杀了那里所有的敌人。使用地穴管风琴召唤枢机主教。,assets/images/建筑设施/地穴管风琴--7e4dcc1aa4.png
对抗枢机主教,• Обыскать сундук Распадников в крипте,你正在帮助地下团，这是一个解救俘虏的组织。狂腐士正计划摧毁地下团隐匿处。他们在荒凉山谷的地穴聚集力量。你已进入地穴击杀了那里所有的敌人，并使用地穴管风琴召唤出了枢机主教。击杀枢机主教。,assets/images/任务/对抗枢机主教--36c75978f9.png
狂腐士钥匙,• Обыскать сундук Распадников в крипте,地下团的成员用狂腐士在入侵时使用的装备夺取了货物。打开货物的钥匙保存在地穴中。进入寂静树丛中的地穴。,assets/images/任务/狂腐士地穴--3c441551f1.png
抵制扩张,• Обыскать сундук Распадников в крипте,地下团的成员用狂腐士在入侵时使用的装备夺取了货物。继续获取钥匙并打开货物。当你通过打开货物获得2000点时，就可以获得枢机主教货物中的奖励。,assets/images/任务/抵制扩张--21799b58dd.png
抵制扩张,• Открыть Груз Кардинала,地下团的成员用狂腐士在入侵时使用的装备夺取了货物。你已经获得了足够的货物钥匙。在限时活动窗口中打开枢机主教货物。,assets/images/任务/抵制扩张--8ca2d658f3.png
释放俘虏,• Обыскать сундук Распадников в крипте,你在帮助地下团，这是一个解救俘虏的组织。农夫告诉你，新的受害者被关押在防风林中心的一个地穴里。击杀地穴里的所有敌人，释放俘虏，并从宝箱里取得狂腐士钥匙。,assets/images/资源材料/狂腐士--6166b5fd12.png
医务室物资,• Обыскать сундук Распадников в крипте,你在帮助地下团，这是一个解救俘虏的组织。你释放的一些人需要治疗。收集玫瑰果根来制作他们需要的药水。你可以在领地上的玫瑰果树丛中找到玫瑰果根。,assets/images/资源材料/玫瑰果根--1e3d4af3c9.png
医务室物资,• Обыскать сундук Распадников в крипте,你在帮助地下团，这是一个解救俘虏的组织。你救出的一些人需要治疗。在治疗师桌上制备玫瑰果根药水，并把它们交给地下团隐匿处里农夫的妻子。,assets/images/补给消耗品/玫瑰果根药水--26a45850c1.png
未命名任务,,,assets/images/资源材料/能量块--4581a84736.png
地下隐匿团,• Дождаться лочки 1,你在帮助地下团，这是一个解救狂腐士受害者的组织。请等待农夫联络你，到时你们可以讨论如何抵御狂腐士枢机主教。在等待过程中，你可以在狂腐士地穴和特殊活动地点获得货物钥匙。,assets/images/任务/新剧情任务--80fda52097.png
地下隐匿团,• Дождаться лочки 2,你在帮助地下团，这是一个解救狂腐士受害者的组织。原来，枢机主教是一个逆行者，现在正在寻找地下团隐匿处。你已经获得了农夫修理铠甲所需的一些物品。请等待他联系你，给你进一步的指示。,assets/images/任务/新剧情任务--80fda52097.png
被围困的房屋,• Помочь отбить атаку на Осажденный дом,你在帮助地下团，这是一个拯救狂腐士受害者的组织。看起来该组织成员的房子被攻击了。前往被围困的房屋帮助击退攻击。,assets/images/地图地点/Ракетная шахта--86430d6f5e.png
抵制扩张,• Обыскать сундук Распадников в крипте,地下团的成员用狂腐士在入侵时使用的装备夺取了货物。继续获取钥匙并打开货物。当你通过打开货物获得2000点时，就可以获得枢机主教货物中的奖励。,assets/images/任务/抵制扩张--21799b58dd.png
抵制扩张,• Обыскать сундук Распадников в крипте,地下团的成员用狂腐士在入侵时使用的装备夺取了货物。继续获取钥匙并打开货物。当你通过打开货物获得2000点时，就可以获得枢机主教货物中的奖励。,assets/images/任务/抵制扩张--21799b58dd.png
抵制扩张,• Обыскать сундук Распадников в крипте,地下团的成员用狂腐士在入侵时使用的装备夺取了货物。继续获取钥匙并打开货物。当你通过打开货物获得2000点时，就可以获得枢机主教货物中的奖励。,assets/images/任务/抵制扩张--21799b58dd.png
击杀裂痕焦尸,• Убить Горелых Разлома,,assets/images/任务/击杀裂痕焦尸--8b51bda0a5.png
击杀裂痕焦尸,• Убить Горелых Разлома,,assets/images/任务/击杀裂痕焦尸--8b51bda0a5.png
在黄色区灭绝突破,• Exterminate the Breach in yellow zones,,assets/images/任务/击杀裂痕焦尸--8b51bda0a5.png
赢得突破点数,• Заработать очки Прорыва,,assets/images/任务/赢得突破点数--39b7ce97e7.png
在绿色区灭绝突破,• Exterminate the Breach in green zones,,assets/images/任务/击杀裂痕焦尸--8b51bda0a5.png
黑暗裂痕,• Убить горелых,鹰队正在招募经验丰富的战士来协助平息暗区突破。与避难所风车处的突破灭绝者交谈。,assets/images/任务/黑暗裂痕--7998520b69.png
黑暗裂痕,• Убить горелых,你已击杀了所有因为破坏黑暗裂痕而引来的焦尸。离开这个地方，接受突破灭绝者的无线电信号。,assets/images/任务/谢尔普的神器--ff516a233d.png
黑暗裂痕,• Убить горелых,你已经成功完成了你的第一次“黑暗裂痕”灭绝行动。花费你的突破点数，领取你的第一个奖励吧！,assets/images/补给消耗品/凤凰兴奋剂--cecbd5b4b8.png
暗潮,• Уничтожить врагов из Разлома,黑暗裂痕的破坏引起了暗区的敌人的注意。消灭它们。如果你死亡或移动到全局地图的不同地点，剧情任务将被取消。,assets/images/任务/暗潮--77f1a482d0.png
暗潮,• Уничтожить врагов из Разлома,黑暗裂痕的破坏引起了暗区的敌人的注意。消灭它们。如果你死亡或移动到全局地图的不同地点，剧情任务将被取消。,assets/images/任务/暗潮--77f1a482d0.png
暗潮,• Уничтожить врагов из Разлома,黑暗裂痕的破坏引起了暗区的敌人的注意。消灭它们。如果你死亡或移动到全局地图的不同地点，剧情任务将被取消。,assets/images/任务/暗潮--77f1a482d0.png
黑暗裂痕,• Убить горелых,鹰队正在招募有经验的战士来协助他们完成与研究所签订的合同，平息暗区突破。找到并平息寂静树丛中的黑暗裂痕黑暗断裂。,assets/images/任务/击杀裂痕焦尸--8b51bda0a5.png
未命名任务,,,assets/images/资源材料/能量块--4581a84736.png
未命名任务,• Уничтожить Темные Разломы в «зеленых» местах,,assets/images/资源材料/焦尸--a4e6e7f3d6.png
未命名任务,,,assets/images/资源材料/能量块--4581a84736.png
春季节庆,"• Убить зайцеголовых на ""желтых"" локациях",一个称为彩蛋收集者的陌生幸存者联系了你。前往你避难所的风车那里，与收集者交谈，了解他是谁、想要什么，以及他头上到底戴着什么。,assets/images/任务/春季节庆--5eceaa4630.png
春季节庆,"• Убить зайцеголовых на ""желтых"" локациях",彩蛋收集者告诉了你关于春季节庆的情况。在领地上的篮子里可以找到彩蛋，你可以用解码器来破译它们。在任何通常地点找到篮子里的彩蛋和一个兔头解码器。可能需要一段时间才能获得物品。,assets/images/任务/春季节庆--73afafacb5.png
春季节庆,"• Убить зайцеголовых на ""желтых"" локациях",你已经完成了这个地点的一切。返回到全局地图。,assets/images/任务/谢尔普的神器--ff516a233d.png
猎兔,"• Убить зайцеголовых на ""желтых"" локациях",在森林郊区和焦尸土地击杀兔头以完成此剧情任务。,assets/images/资源材料/能量块--4581a84736.png
在绿色区杀死兔头,• Exterminate the Breach in green zones,,assets/images/任务/猎兔--efbbf3033c.png
在黄色区杀死兔头,,,assets/images/任务/猎兔--efbbf3033c.png
在领地上找到篮子里的彩蛋,,,assets/images/资源材料/密封彩蛋--db791e08cd.png
在领地上找到兔头身上的解码器,,,assets/images/资源材料/神器解码器--ac7f74b4d7.png
检查避难所地下室中的识别器,,,assets/images/任务/检查避难所地下室中的识别器--f1d1e55091.png
获得春季节庆点数,,,assets/images/任务/获得春季节庆点数--f01184c393.png
Earn Spring Festival points,,,assets/images/资源材料/能量块--4581a84736.png
营救囚犯,从笼子里救出废弃避难所的主人,,assets/images/其他物品/焦尸笼子--07185c0e59.png
营救囚犯,从笼子里救出废弃避难所的主人,,assets/images/其他物品/焦尸笼子--07185c0e59.png
营救囚犯,从笼子里救出废弃避难所的主人,,assets/images/其他物品/焦尸笼子--07185c0e59.png
营救囚犯,从笼子里救出废弃避难所的主人,,assets/images/其他物品/焦尸笼子--07185c0e59.png
幸存者的朋友,在风车后面的地堡旁的避难所中抚摸狗狗,瑞弗特告诉你，一只狗跑进了避难所。它在风车后面的某个地方，请找到它，并抚摸它来驯服它。,assets/images/随从/阿河--92cabefd13.png
未命名任务,• Получить доски тест пулов [y],,assets/images/任务/陷入困境的女孩--52b57d5c54.png
检查地堡,下到避难所的地堡里去,瑞弗特叫你检查避难所中风车旁的地堡。前往那里。,assets/images/任务/检查地堡--1c17f5d394.png
战友,召唤一个新的盟友,你找到了盟友基地，并与基拉交谈过了。现在使用编码器，召唤一个新的盟友。为此，请点击右上角有多位盟友的按钮，进入召唤分区。然后召唤一个盟友。,assets/images/任务/战友--a043d9f49c.png
未命名任务,• Получить доски тест пулов [y],,assets/images/任务/陷入困境的女孩--52b57d5c54.png
战友,将盟友添加到你的团队中,你召唤了一个新的盟友。把她加入团队。为此，请进入盟友分区，然后打开导航栏的第三个标签页。你会在右边找到它。,assets/images/随从/下士简妮--73f7d0cba7.png
战斗训练,在避难所的盟友基地击杀敌人,你召唤了一个盟友并创建了一个团队。现在，基拉想评估你们的战斗潜力。在避难所的盟友基地击杀所有敌人。,assets/images/任务/仓库--7a96a3bf8e.png
Earn Spring Festival points,,,assets/images/资源材料/能量块--4581a84736.png
未命名任务,• Получить доски тест пулов [y],,assets/images/任务/陷入困境的女孩--52b57d5c54.png
战斗训练,提升盟友的等级,使用经验性补品来提升你盟友的等级。为此，请前往训练分区，选择一个盟友，然后点击升级按钮。,assets/images/随从/下士简妮--73f7d0cba7.png
战斗训练,在避难所的盟友基地击杀敌人,你提升了你的盟友的等级。基拉想评估一下你的团队战斗潜力的变化。在避难所的盟友基地击杀所有敌人。,assets/images/任务/仓库--7a96a3bf8e.png
战斗训练,从避难所地堡中的盟友储藏室领取装备,基拉告诉了你关于盟友装备的事。从避难所地堡中的盟友储藏室领取装备。,assets/images/防具装备/骑士-1A背心--be354245a3.png
战斗训练,通过给予盟友装备来装备他们,装备你的盟友。为此，请前往盟友分区，点击装备栏位，选择你想使用的物品。然后点击装备。,assets/images/随从/下士简妮--73f7d0cba7.png
战斗训练,在避难所的盟友基地击杀贪食鬼,基拉想评估你团队的战斗潜力的变化。在盟友的帮助下，在避难所的盟友基地击杀贪食鬼。,assets/images/任务/战斗训练--4567c40ffd.png
忠诚的同伴,召唤一个新的盟友,你完成了基拉的任务并获得了编码器作为奖励。用它们来召唤一个新的盟友。为此，请点击右上角的扩音器按钮进入召唤分区。然后召唤一个盟友。,assets/images/任务/战友--a043d9f49c.png
战友,在避难所的盟友基地与基拉交谈,你召唤了一个盟友并将其加入了团队。现在请在盟友基地与基拉交谈，以获得更多信息。,assets/images/任务/战友--885cc4f750.png
战斗训练,在避难所的盟友基地与基拉交谈,你提升了你的盟友的等级。现在在盟友基地与基拉交谈，以获得更多信息。,assets/images/任务/战友--885cc4f750.png
战斗训练,在避难所的盟友基地与基拉交谈,你将装备给予了盟友。现在在盟友基地与基拉交谈，以获得更多信息。,assets/images/任务/战友--885cc4f750.png
侦察时间,在避难所的盟友基地与基拉交谈,基拉联系了你。前往避难所的盟友基地看看她有什么信息给你。,assets/images/任务/战友--885cc4f750.png
侦察时间,[侦察桌] 让你的盟友对方舟头目造成伤害,"基拉要求你为她收集方舟的数据。作为交换，她将会修复盟友基地的侦察桌。前往方舟，与你的盟友一起对方舟的头目造成伤害并收集数据。

只有你的盟友造成的伤害才算在内。",assets/images/任务/向下的道路--c2c6d3543f.png
侦察时间,在避难所的盟友基地与基拉交谈,你完成了基拉的任务。现在回到避难所的盟友基地，与她交谈。,assets/images/任务/战友--885cc4f750.png
侦察时间,检查避难所中盟友基地的侦察桌,基拉修复了侦察桌，是时候检查它了。走近盟友基地的侦察桌，与它互动。,assets/images/任务/侦察时间--6f96e9d1e8.png
侦察时间,在避难所中盟友基地的侦察桌开始侦察,你检查了盟友基地的侦查桌。请开始你的第一次侦查任务。为此，请点击侦查桌打开主界面，然后点击1级废弃避难所全息图下的侦察按钮。,assets/images/任务/侦察时间--6f96e9d1e8.png
侦察时间,在避难所地堡的侦察桌完成一个侦察任务,完成对1级废弃避难所的侦察。为此，请点击侦察桌打开主界面，然后点击1级废弃避难所全息图下的加速按钮，或者等待侦察计时器倒计时。,assets/images/任务/侦察时间--6f96e9d1e8.png
侦察时间,在盟友基地的侦察桌获得坐标,你完成了对1级废弃避难所的侦察。在侦察桌获取坐标。为此，请打开侦察桌的主界面，然后点击拾取坐标按钮。,assets/images/任务/侦察时间--6f96e9d1e8.png
未命名任务,• Получить доски тест пулов [y],,assets/images/任务/陷入困境的女孩--52b57d5c54.png
持久的记忆,• Отдать Ворчуну нож на Стоянке бродяжников у Хозмага,格鲁皮让你去找卢卡的刀，卢卡可能把它留在了被摧毁的定居点。搜索定居点的房子。,assets/images/其他物品/Перочинный нож--2eec41c90d.png
Earn Spring Festival points,,,assets/images/资源材料/能量块--4581a84736.png
花费盟友的能量,• Exterminate the Breach in green zones,,assets/images/任务/战友--885cc4f750.png
让你的盟友对敌人造成伤害,• Нанести союзниками урон врагам,,assets/images/任务/让你的盟友对敌人造成伤害--cb4b5e9e3c.png
将一名盟友的等级提升到4级,• Exterminate the Breach in green zones,,assets/images/任务/战友--885cc4f750.png
获取编码器,• Exterminate the Breach in green zones,,assets/images/任务/战友--885cc4f750.png
与盟友的CHAP交易,• Exterminate the Breach in green zones,,assets/images/任务/战友--885cc4f750.png
营救囚犯,从笼子里救出废弃避难所的主人,,assets/images/其他物品/焦尸笼子--07185c0e59.png
营救囚犯,从笼子里救出废弃避难所的主人,,assets/images/其他物品/焦尸笼子--07185c0e59.png
营救囚犯,从笼子里救出废弃避难所的主人,,assets/images/其他物品/焦尸笼子--07185c0e59.png
未命名任务,• Получить доски тест пулов [y],,assets/images/任务/陷入困境的女孩--52b57d5c54.png
未命名任务,• Получить доски тест пулов [y],,assets/images/任务/陷入困境的女孩--52b57d5c54.png
未命名任务,• Получить доски тест пулов [y],,assets/images/任务/陷入困境的女孩--52b57d5c54.png
未命名任务,• Получить доски тест пулов [y],,assets/images/任务/陷入困境的女孩--52b57d5c54.png
未命名任务,• Получить доски тест пулов [y],,assets/images/任务/陷入困境的女孩--52b57d5c54.png
侦察时间,为外出前往废弃避难所做准备，然后前往全局地图,你在侦察桌上得到了1级废弃避难所的坐标。为清理做好准备。带上一个强大的盟友，别忘了你的工具：斧头和锤子。还要从仓库里取得撬锁工具。然后前往全局地图。,assets/images/任务/谢尔普的神器--ff516a233d.png
盟友外出,到达1级废弃避难所,你从侦察桌得到了1级废弃避难所的坐标。前往那里。不要忘记带上强大的盟友和以下工具：斧头、锤子、撬锁工具。,assets/images/任务/侦察时间--6f96e9d1e8.png
盟友外出,级废弃避难所中找到天空方块,你从侦察桌得到了级废弃避难所的坐标。清理那里，并在里面找到一个叫做天空方块的神器。,assets/images/资源材料/天空方块--e4436d3734.png
盟友外出,级废弃避难所继续进行清理,清理级废弃避难所时，你发现了一个天空方块。继续清理废弃的避难所。,assets/images/其他物品/秃鹫箱子--762e583d3b.png
返回基地,回到避难所的盟友基地,你清理了1级废弃避难所。返回盟友基地。,assets/images/任务/战友--885cc4f750.png
返回基地,在盟友基地与基拉交易天空方块,你清理了1级废弃避难所，并在那里发现了一个天空方块。将神器交给基拉，可以获得贵重物品。,assets/images/任务/战友--885cc4f750.png
未命名任务,• Получить доски тест пулов [y],,assets/images/任务/陷入困境的女孩--52b57d5c54.png
未命名任务,• Получить доски тест пулов [y],,assets/images/任务/陷入困境的女孩--52b57d5c54.png
未命名任务,• Получить доски тест пулов [y],,assets/images/任务/陷入困境的女孩--52b57d5c54.png
未命名任务,• Получить доски тест пулов [y],,assets/images/任务/陷入困境的女孩--52b57d5c54.png
未命名任务,• Получить доски тест пулов [y],,assets/images/任务/陷入困境的女孩--52b57d5c54.png
号魔茧成熟中,• Описание кокона,,assets/images/怪物/1号魔茧--49aa3398e2.png
未命名任务,• Описание кокона,,assets/images/怪物/1号魔茧--49aa3398e2.png
未命名任务,• Получить доски тест пулов [y],,assets/images/任务/战友--885cc4f750.png
获得经验性补品,• Exterminate the Breach in green zones,,assets/images/任务/战友--885cc4f750.png
生产优质木板,,,assets/images/资源材料/优质木板--1f92e23d6a.png
花费一些能量值,• Добыть сырые доски,,assets/images/资源材料/能量值--7ef23f1acd.png
杀死焦尸,• Уничтожить врагов на зеленых локациях,,assets/images/资源材料/焦尸--a4e6e7f3d6.png
在绿色区击杀任何敌人,• Уничтожить врагов на зеленых локациях,,assets/images/资源材料/寂静树丛--c07debcca0.png
完成每日剧情任务,• Уничтожить врагов на зеленых локациях,,assets/images/建筑设施/剧情任务黑板--c2d722afd6.png
活体锯木厂,• Уничтожить врагов на зеленых локациях,,assets/images/建筑设施/剧情任务黑板--c2d722afd6.png
营救囚犯,从笼子里救出废弃避难所的主人,,assets/images/其他物品/焦尸笼子--07185c0e59.png
未命名任务,• Получить доски тест пулов [y],,assets/images/任务/陷入困境的女孩--52b57d5c54.png
未命名任务,,,assets/images/资源材料/焦尸--a4e6e7f3d6.png
纪念之地,• Поговорить с Ворчуном у схрона Луки в Лесополосе,当格鲁皮检查卢卡的地窖时，你保护了他免受焦尸伤害。在地窖与游荡者交谈。,assets/images/地图地点/防风林--c799a744c6.png
通讯恢复,• Поговорить с Клепкой в Убежище,你把天线修好了 。 避难所的无线电站又开始运转了！ 把这个好消息告诉瑞弗特。,assets/images/任务/陷入困境的女孩--52b57d5c54.png
神秘信号,• Принять сигнал РАДД в Убежище,瑞弗特要求你接受一个RADD信号，并查明谁是试图联系你的人。,assets/images/任务/陷入困境的女孩--52b57d5c54.png
未命名任务,• Получить доски тест пулов [y],,assets/images/任务/陷入困境的女孩--52b57d5c54.png
回家,返回避难所,瑞弗特联系了你。前往避难所看看她想干什么。,assets/images/任务/陷入困境的女孩--52b57d5c54.png
敌人传送门,摧毁废弃避难所的传送门,你在清理废弃避难所时发现了一个传送门。摧毁它以阻止更多的敌人出现。,assets/images/其他物品/焦尸笼子--07185c0e59.png
敌人传送门,摧毁废弃避难所的传送门,你在清理废弃避难所时发现了一个传送门。摧毁它以阻止更多的敌人出现。,assets/images/其他物品/焦尸笼子--07185c0e59.png
营救囚犯,从笼子里救出废弃避难所的主人,,assets/images/其他物品/焦尸笼子--07185c0e59.png
未命名任务,,,assets/images/资源材料/焦尸--a4e6e7f3d6.png
将一名盟友的等级提升到4级,• Exterminate the Breach in green zones,,assets/images/任务/战友--885cc4f750.png
Earn Spring Festival points,,,assets/images/资源材料/能量块--4581a84736.png
获取清理领地点数,获取清理领地点数,,assets/images/任务/黑暗裂痕--7998520b69.png
获取清理领地点数,获取清理领地点数,,assets/images/任务/黑暗裂痕--7998520b69.png
获取鹰队挑战点数,获取鹰队挑战点数,,assets/images/任务/黑暗裂痕--7998520b69.png
获取清理领地点数,获取清理领地点数,,assets/images/任务/黑暗裂痕--7998520b69.png
获取鹰队挑战点数,获取鹰队挑战点数,,assets/images/任务/黑暗裂痕--7998520b69.png
完成每日剧情任务,完成每日剧情任务,,assets/images/任务/黑暗裂痕--7998520b69.png
与盟友的CHAP交易,与盟友的CHAP交易,,assets/images/任务/黑暗裂痕--7998520b69.png
与任何商人达成交易,与任何商人达成交易,,assets/images/任务/黑暗裂痕--7998520b69.png
召唤任何盟友,召唤任何盟友,,assets/images/任务/黑暗裂痕--7998520b69.png
登录游戏,登录游戏,,assets/images/任务/黑暗裂痕--7998520b69.png
获取鹰队挑战点数,获取鹰队挑战点数,,assets/images/任务/黑暗裂痕--7998520b69.png
获得阿尔法编码器,获得阿尔法编码器,,assets/images/任务/黑暗裂痕--7998520b69.png
获得节日试炼点数,,获得节日试炼点数,assets/images/随从/暗黑游荡者--75dda870d6.png
联络人,,鹰队的一个代表联系了你。他声称莫顿上校正在寻找志愿者。在避难所的风车处与鹰队联络人交谈。,assets/images/任务/黑暗裂痕--7998520b69.png
Earn Spring Festival points,,,assets/images/任务/陷入困境的女孩--52b57d5c54.png
获得节日试炼点数,,获得节日试炼点数,assets/images/随从/暗黑游荡者--75dda870d6.png
解锁试炼战利品,,解锁试炼战利品,assets/images/随从/暗黑游荡者--75dda870d6.png
使用阿尔法编码器召唤盟友,,使用阿尔法编码器召唤盟友,assets/images/随从/暗黑游荡者--75dda870d6.png
使用阿尔法编码器召唤盟友,,使用阿尔法编码器召唤盟友,assets/images/随从/暗黑游荡者--75dda870d6.png
将暗黑游荡者的等级提升到61级,,将暗黑游荡者的等级提升到61级,assets/images/随从/暗黑游荡者--75dda870d6.png
活体锯木厂,• Уничтожить врагов на зеленых локациях,,assets/images/建筑设施/剧情任务黑板--c2d722afd6.png
Earn Spring Festival points,,,assets/images/任务/陷入困境的女孩--52b57d5c54.png
活体锯木厂,• Уничтожить врагов на зеленых локациях,,assets/images/建筑设施/剧情任务黑板--c2d722afd6.png
营救囚犯,从笼子里救出废弃避难所的主人,,assets/images/其他物品/焦尸笼子--07185c0e59.png
制作鹰队传奇武器,制作鹰队传奇武器,,assets/images/任务/黑暗裂痕--7998520b69.png
获得第四个坚持不懈的奖励3次,获得第四个坚持不懈的奖励3次,,assets/images/任务/黑暗裂痕--7998520b69.png
用鹰队武器击杀僵尸守卫,用鹰队武器击杀僵尸守卫,,assets/images/任务/黑暗裂痕--7998520b69.png
造访废弃避难所3次,造访废弃避难所3次,,assets/images/任务/黑暗裂痕--7998520b69.png
用鹰队武器在方舟中击杀头目,用鹰队武器在方舟中击杀头目,,assets/images/任务/黑暗裂痕--7998520b69.png
使用阿尔法编码器召唤盟友,使用阿尔法编码器召唤盟友,,assets/images/任务/黑暗裂痕--7998520b69.png
活体锯木厂,• Уничтожить врагов на зеленых локациях,,assets/images/建筑设施/剧情任务黑板--c2d722afd6.png
活体锯木厂,• Уничтожить врагов на зеленых локациях,,assets/images/建筑设施/剧情任务黑板--c2d722afd6.png
活体锯木厂,• Уничтожить врагов на зеленых локациях,,assets/images/建筑设施/剧情任务黑板--c2d722afd6.png
活体锯木厂,• Уничтожить врагов на зеленых локациях,,assets/images/建筑设施/剧情任务黑板--c2d722afd6.png
营救囚犯,从笼子里救出废弃避难所的主人,,assets/images/其他物品/焦尸笼子--07185c0e59.png
节日试炼,,玛拉联系了你。她有重要信息给你。前往避难所，并在风车旁与她交谈。,assets/images/随从/森林女巫玛拉--12d3322ccd.png
森林侵袭,,玛拉告诉了你关于森林之子的攻击，并要求你检查最近的绿色区：寂静树丛和铁荒原。去那里。,assets/images/资源材料/铁荒原--bd4e42442a.png
森林侵袭,,你找到了杂草丛生的货物。现在将其从树根中解放出来。不过要小心。一旦你触摸它，附身者就会攻击。,assets/images/其他物品/杂草丛生的货物--49d6141dce.png
森林侵袭,,你已经把货物从缠绕的树根中解放出来了。现在打开它，领取你的奖励。,assets/images/任务/节日试炼--deaa2a061a.png
森林侵袭,,在玛拉的要求下，你搜索了最近的绿色区，并在那里解锁了杂草丛生的货物。现在回到避难所，与风车旁的年轻女子交谈。,assets/images/随从/森林女巫玛拉--12d3322ccd.png
试炼战利品,,收集节日试炼的奖励。为此，请点击避难所或全局地图上的横幅，打开活动窗口。,assets/images/资源材料/阿月碎片--a2287cbdb8.png
坏消息,,玛拉联系了你。她有重要信息给你。前往避难所，并在风车旁与她交谈。,assets/images/随从/森林女巫玛拉--12d3322ccd.png
Неизвестный сигнал,,"Ваш КПК принял неизвестный сигнал. Покиньте Арену и выйдите на глобальную карту, чтобы узнать, что пытается с вами связаться.",assets/images/任务/谢尔普的神器--ff516a233d.png
附身者竞技场,,你已经知道了附身者竞技场的地点。前往那里。你需要变异武器，可以在被烧毁的餐厅、被围困的房屋和送葬者营地获得。你也可以向商人购买它们。,assets/images/其他物品/节日试炼如何进行--3297b77b9b.png
附身者竞技场,,为了阻止森林的前进，你需要在附身者竞技场进行战斗。在竞技场与萨满对话，开始试炼。,assets/images/任务/竞技场之战--ec14a86e09.png
附身者竞技场,,在附身者竞技场战斗，然后与那里的萨满交谈以领取第一阶段的奖励或进入下一阶段。,assets/images/其他物品/节日试炼如何进行--3297b77b9b.png
周年纪念购买,,通过参加D.O.Z.周年挑战，获得周年纪念硬币和纪念币，与活动商人进行交易。硬币的数量取决于你在这一回合的排名。,assets/images/地图地点/节日营地--99c202eeff.png
森林侵袭,,检查最近的绿色区、寂静树丛或铁荒原，找到杂草丛生的货物。,assets/images/其他物品/杂草丛生的货物--49d6141dce.png
森林侵袭,,在所有绿色、黄色和红色区，以及尖叫森林中，消灭守卫杂草丛生的货物的附身者。,assets/images/任务/竞技场之战--5a39308ed1.png
Лес наступает,,"Мара попросила вас осмотреть Железные пустоши. Найдите там оплетенный груз и освободите его от корней. Будьте осторожны: когда вы прикоснетесь к грузу, вас атакуют Одержимые. Они уязвимы к тому же типу аномального урона, что и корни, оплетающие груз.",assets/images/资源材料/能量块--4581a84736.png
Лес наступает,,"Мара попросила вас осмотреть Железные пустоши. Найдите там оплетенный груз и освободите его от корней. Будьте осторожны: когда вы прикоснетесь к грузу, вас атакуют Одержимые. Они уязвимы к тому же типу аномального урона, что и корни, оплетающие груз.",assets/images/资源材料/能量块--4581a84736.png
Earn Spring Festival points,,,assets/images/资源材料/能量块--4581a84736.png
试炼战利品,,应玛拉的要求，你搜索了最近的绿色区并在那里解锁了杂草丛生的货物。从货物中收集节日试炼点数。,assets/images/任务/试炼战利品--a48fad8042.png
获得原生木板,• Добыть сырые доски,获得原生木板,assets/images/资源材料/原生木板--0217e8a5b8.png
与任何商人达成交易,• Добыть сырые доски,与任何商人达成交易,assets/images/资源材料/能量值--7ef23f1acd.png
杀死焦尸,• Добыть сырые доски,杀死焦尸,assets/images/资源材料/能量值--7ef23f1acd.png
在绿色区击杀任何敌人,• Добыть сырые доски,在绿色区击杀任何敌人,assets/images/资源材料/能量值--7ef23f1acd.png
完成每日剧情任务,• Добыть сырые доски,完成每日剧情任务,assets/images/资源材料/能量值--7ef23f1acd.png
让你的盟友对敌人造成伤害,• Добыть сырые доски,让你的盟友对敌人造成伤害,assets/images/资源材料/能量值--7ef23f1acd.png
召唤任何盟友,• Добыть сырые доски,召唤任何盟友,assets/images/资源材料/能量值--7ef23f1acd.png
活体锯木厂,• Уничтожить врагов на зеленых локациях,,assets/images/建筑设施/剧情任务黑板--c2d722afd6.png
森林侵袭,,"在绿色、黄色和红色区、尖叫森林和异象区打开杂草丛生的货物。在全局地图上，可以找到货物的区域都有一个特殊的图标。
 杂草丛生的货物只能在没有小队的情况下单独找到。",assets/images/任务/节日试炼--deaa2a061a.png
活体锯木厂,• Уничтожить врагов на зеленых локациях,,assets/images/建筑设施/剧情任务黑板--c2d722afd6.png
活体锯木厂,• Уничтожить врагов на зеленых локациях,,assets/images/建筑设施/剧情任务黑板--c2d722afd6.png
召唤任何盟友,• Добыть сырые доски,召唤任何盟友,assets/images/资源材料/能量值--7ef23f1acd.png
致命的弓弦,,要解锁大师射手技能，需要在任何黄色区用弓或十字弓击杀狂腐士和送葬者。,assets/images/任务/林中战斗--7eeee866a2.png
威力一击,,要解锁小型粉碎专家技能，需要在任何绿色或黄色区用小型粉碎武器击杀狂腐士和送葬者。,assets/images/任务/林中战斗--7eeee866a2.png
精准投掷,,要解锁投掷大师技能，需要在黄色和红色区使用投掷武器击杀异象。,assets/images/任务/信仰瓦解--aecec3e08e.png
精准投掷,,要解锁投掷专家技能，需要在黄色和红色区使用投掷武器击杀异象。,assets/images/任务/信仰瓦解--aecec3e08e.png
致命决斗,,要解锁手枪达人技能，需要在黄色区使用手枪击杀送葬者。,assets/images/资源材料/送葬者--872f4c28c0.png
致命决斗,,要解锁手枪大师技能，需要在黄色区使用手枪击杀送葬者。,assets/images/资源材料/送葬者--872f4c28c0.png
致命的弓弦,,要解锁专家射手技能，需要在黄色或红色区用弓或十字弓击杀森林之子或送葬者。,assets/images/任务/林中战斗--7eeee866a2.png
秘密谋杀,• Убить 20 противников из стелса,要解锁专业刺客技能，在隐形模式下杀死任何敌人。,assets/images/任务/秘密谋杀--18d945b5ad.png
绷带生产,• Произвести 20 бинтов,要解锁经验丰富的医生技能，在2级治疗师桌制作绷带。,assets/images/补给消耗品/绷带--58b8353fe6.png
主厨特餐,Приготовить 20 порций мяса с грибами,有什么能比精心制作的食物更健康呢？要解锁健康食品技能，在2级壁炉上烹调肉和蘑菇。,assets/images/补给消耗品/蘑菇炖肉--9e5ef7d249.png
黑客,• Открыть отмычками двери и ящики,使用撬锁工具撬开一些上锁的门和箱子，以学习专家黑客技能。你可以自己制作撬锁工具，或通过交易从维因那里获得。仓库监狱和废弃避难所拥有数量最多的上锁的门和箱子。,assets/images/资源材料/3级撬锁工具--5532f13852.png
猎人和皮革商,,要解锁职业皮革商技能，需要在红色区击杀狼或麋鹿。,assets/images/任务/持刀狩猎--e40aea26c0.png
猎人和皮革商,• Убить 60 волков или лосей в «красных» местах,要解锁著名皮革商技能，需要在红色区击杀狼或麋鹿。,assets/images/任务/持刀狩猎--e40aea26c0.png
收集亚麻,• Добыть 40 семян льна,要解锁亚麻收集者技能，在领地内找到亚麻种子。,assets/images/资源材料/亚麻种子--13fe7949b7.png
搜寻金属,,要解锁金工专家技能，需要在绿色和黄色区中找到废金属。,assets/images/资源材料/废金属--41a6f0fc87.png
轮胎破坏者,,要解锁硫化大师技能，需要在领地通过砸毁旧轮胎获取橡胶。,assets/images/资源材料/橡胶--7ae9e3496c.png
轮胎破坏者,• Добыть 30 резины в Мертвой Низине,要解锁硫化专家技能，在荒凉山谷通过砸毁旧轮胎获取橡胶。,assets/images/资源材料/橡胶--7ae9e3496c.png
Лес наступает,,"Мара попросила вас осмотреть Железные пустоши. Найдите там оплетенный груз и освободите его от корней. Будьте осторожны: когда вы прикоснетесь к грузу, вас атакуют Одержимые. Они уязвимы к тому же типу аномального урона, что и корни, оплетающие груз.",assets/images/资源材料/能量块--4581a84736.png
周年纪念购买,,前往活动商人的营地，与他交易周年纪念硬币和纪念币。你可以通过参加D.O.Z.周年挑战得到它们。硬币的数量取决于你在该回合中的名次。,assets/images/地图地点/节日营地--99c202eeff.png
在竞技场击杀附身者,,在竞技场击杀附身者,assets/images/资源材料/能量块--4581a84736.png
在附身者竞技场完成第一个阶段,,在附身者竞技场完成第一个阶段,assets/images/资源材料/能量块--4581a84736.png
让你的盟友对敌人造成伤害,,让你的盟友对敌人造成伤害,assets/images/资源材料/能量块--4581a84736.png
获得挑战点数,,获得挑战点数,assets/images/资源材料/能量块--4581a84736.png
使用阿尔法编码器召唤盟友,,使用阿尔法编码器召唤盟友,assets/images/资源材料/阿月碎片--a2287cbdb8.png
与活动商人进行交易,,与活动商人进行交易,assets/images/资源材料/能量块--4581a84736.png
Лес наступает,,"Мара попросила вас осмотреть Железные пустоши. Найдите там оплетенный груз и освободите его от корней. Будьте осторожны: когда вы прикоснетесь к грузу, вас атакуют Одержимые. Они уязвимы к тому же типу аномального урона, что и корни, оплетающие груз.",assets/images/资源材料/能量块--4581a84736.png
使用阿尔法编码器召唤盟友,,使用阿尔法编码器召唤盟友,assets/images/随从/暗黑游荡者--75dda870d6.png
使用阿尔法编码器召唤盟友,,使用阿尔法编码器召唤盟友,assets/images/随从/暗黑游荡者--75dda870d6.png
Лес наступает,,"Мара попросила вас осмотреть Железные пустоши. Найдите там оплетенный груз и освободите его от корней. Будьте осторожны: когда вы прикоснетесь к грузу, вас атакуют Одержимые. Они уязвимы к тому же типу аномального урона, что и корни, оплетающие груз.",assets/images/资源材料/能量块--4581a84736.png
黑帮的回归,,黑帮叛徒联系了你。他在避难所的风车旁等你。去那里看看他想告诉你什么。,assets/images/任务/黑帮的回归--97c9e8f273.png
Лес наступает,,"Мара попросила вас осмотреть Железные пустоши. Найдите там оплетенный груз и освободите его от корней. Будьте осторожны: когда вы прикоснетесь к грузу, вас атакуют Одержимые. Они уязвимы к тому же типу аномального урона, что и корни, оплетающие груз.",assets/images/资源材料/能量块--4581a84736.png
黑帮的回归,,黑帮叛徒说，部落的一位战士“冰影”正在避难所的盟友基地等你。下去和他谈谈。,assets/images/随从/冰影--74dbef5b22.png
黑帮的回归,,"要找到黑帮货物钥匙，请搜索被你击杀的敌人并完成每日剧情任务
 
 你也可以通过完成猎取钥匙剧情任务来获得钥匙。请注意，要解锁猎取钥匙剧情任务，你必须完成冰影的剧情任务并达到30级。",assets/images/任务/黑帮的回归--88d7e3c66a.png
相信强者,,冰影想测试你的力量。通过完成剧情任务和在领地击杀敌人来达到30级。然后，回到避难所中的盟友基地。,assets/images/随从/冰影--74dbef5b22.png
在绿色区清理黑帮地下室,• Убить врагов в подвале Триады на Выжженных землях,在绿色区清理黑帮地下室,assets/images/任务/第一件圣物--a14f2da7e2.png
在绿色区清理黑帮地下室,• Убить врагов в подвале Триады на Выжженных землях,在绿色区清理黑帮地下室,assets/images/任务/第一件圣物--a14f2da7e2.png
在绿色区清理黑帮地下室,• Убить врагов в подвале Триады на Выжженных землях,在绿色区清理黑帮地下室,assets/images/任务/第一件圣物--a14f2da7e2.png
在黄色区清理黑帮地下室,• Убить врагов в подвале Триады на Выжженных землях,在黄色区清理黑帮地下室,assets/images/任务/第一件圣物--a14f2da7e2.png
在黄色区清理黑帮地下室,• Убить врагов в подвале Триады на Выжженных землях,在黄色区清理黑帮地下室,assets/images/任务/第一件圣物--a14f2da7e2.png
在黄色区清理黑帮地下室,• Убить врагов в подвале Триады на Выжженных землях,在黄色区清理黑帮地下室,assets/images/任务/第一件圣物--a14f2da7e2.png
在红色区清理黑帮地下室,• Убить врагов в подвале Триады на Выжженных землях,在红色区清理黑帮地下室,assets/images/任务/龙王护身符--a367a6c984.png
在红色区清理黑帮地下室,• Убить врагов в подвале Триады на Выжженных землях,在红色区清理黑帮地下室,assets/images/任务/龙王护身符--a367a6c984.png
在红色区清理黑帮地下室,• Убить врагов в подвале Триады на Выжженных землях,在红色区清理黑帮地下室,assets/images/任务/龙王护身符--a367a6c984.png
在尖叫森林清理黑帮地下室,• Убить врагов в подвале Триады на Выжженных землях,在尖叫森林清理黑帮地下室,assets/images/任务/龙王护身符--a367a6c984.png
在尖叫森林清理黑帮地下室,• Убить врагов в подвале Триады на Выжженных землях,在尖叫森林清理黑帮地下室,assets/images/任务/龙王护身符--a367a6c984.png
在尖叫森林清理黑帮地下室,• Убить врагов в подвале Триады на Выжженных землях,在尖叫森林清理黑帮地下室,assets/images/任务/龙王护身符--a367a6c984.png
使用阿尔法编码器召唤一个盟友,• Убить врагов в подвале Триады на Выжженных землях,使用阿尔法编码器召唤一个盟友,assets/images/资源材料/阿月碎片--a2287cbdb8.png
完成每日剧情任务,• Убить врагов в подвале Триады на Выжженных землях,完成每日剧情任务,assets/images/建筑设施/剧情任务黑板--c2d722afd6.png
击杀金龙,• Убить врагов в подвале Триады на Выжженных землях,击杀金龙,assets/images/任务/金龙--c07ff96d89.png
第二件圣物,• Убить врагов в подвале Триады на Выжженных землях,你从龙女那里得知了下一个圣物的位置。在焦尸土地的地下室击杀所有黑帮战士来找到第二件圣物：一枚戒指。,assets/images/资源材料/能量块--4581a84736.png
试驾,,使用收集器无人机在寂静树丛收集物品和资源。,assets/images/任务/试驾--39e6514fcd.png
第二件圣物,• Убить врагов в подвале Триады на Выжженных землях,你从龙女那里得知了下一个圣物的位置。在焦尸土地的地下室击杀所有黑帮战士来找到第二件圣物：一枚戒指。,assets/images/资源材料/能量块--4581a84736.png
获取黑帮钥匙,• Убить врагов в подвале Триады на Выжженных землях,获取黑帮钥匙,assets/images/任务/获取黑帮钥匙--cbc3c8a51d.png
获取黑帮钥匙,• Убить врагов в подвале Триады на Выжженных землях,获取黑帮钥匙,assets/images/任务/黑帮的回归--88d7e3c66a.png
使用阿尔法编码器召唤一个盟友,• Убить врагов в подвале Триады на Выжженных землях,使用阿尔法编码器召唤一个盟友,assets/images/资源材料/阿月碎片--a2287cbdb8.png
使用阿尔法编码器召唤一个盟友,• Убить врагов в подвале Триады на Выжженных землях,使用阿尔法编码器召唤一个盟友,assets/images/任务/使用阿尔法编码器召唤一个盟友--cfb9785846.png
将冰影的等级提升到61,• Убить врагов в подвале Триады на Выжженных землях,将冰影的等级提升到61,assets/images/随从/冰影--74dbef5b22.png
击杀金龙,• Убить врагов в подвале Триады на Выжженных землях,击杀金龙,assets/images/任务/金龙--c07ff96d89.png
第二件圣物,• Убить врагов в подвале Триады на Выжженных землях,你从龙女那里得知了下一个圣物的位置。在焦尸土地的地下室击杀所有黑帮战士来找到第二件圣物：一枚戒指。,assets/images/资源材料/能量块--4581a84736.png
活体锯木厂,• Уничтожить врагов на зеленых локациях,,assets/images/建筑设施/剧情任务黑板--c2d722afd6.png
生产优质木板,,,assets/images/资源材料/优质木板--1f92e23d6a.png
花费一些能量值,• Добыть сырые доски,,assets/images/资源材料/能量值--7ef23f1acd.png
杀死焦尸,• Уничтожить врагов на зеленых локациях,,assets/images/资源材料/焦尸--a4e6e7f3d6.png
在绿色区击杀任何敌人,• Уничтожить врагов на зеленых локациях,,assets/images/资源材料/寂静树丛--c07debcca0.png
完成每日剧情任务,• Уничтожить врагов на зеленых локациях,,assets/images/建筑设施/剧情任务黑板--c2d722afd6.png
活体锯木厂,• Уничтожить врагов на зеленых локациях,,assets/images/建筑设施/剧情任务黑板--c2d722afd6.png
神经生长计划,,等到第二天以获得方舟设施钥匙卡并参加神经生长个人发展计划。,assets/images/资源材料/方舟钥匙卡--5960e7618b.png
神经生长计划,,马克联系你说，你参加实验可以得到一个奖励。要领取它，请返回要塞前哨的方舟。,assets/images/地图地点/方舟--2cf80cd8c8.png
神经生长计划,,与方舟第0层中的终端互动，与马克交谈并获得奖励。,assets/images/任务/方舟--995a16c9f9.png
神经生长计划,,你收到了你的第一针神经质粒。为了测试它的效果，请清理方舟的任意常规楼层（非秘密楼层），并获得你的奖励。,assets/images/任务/方舟--019e8d17f9.png
神经生长计划,,马克告诉你，可以从要塞军医那里得到神经质粒。返回要塞前哨找到她。,assets/images/地图地点/要塞兵团前哨--6799a4f0cf.png
将冰影的等级提升到61,• Убить врагов в подвале Триады на Выжженных землях,将冰影的等级提升到61,assets/images/随从/冰影--74dbef5b22.png
神经生长计划,,要获得神经质粒，请在前哨的野战医院找到要塞军医。,assets/images/任务/神经生长计划--18868c0aed.png
神经生长计划,,要获得神经质粒，请在前哨的野战医院找到要塞军医。,assets/images/任务/神经生长计划--18868c0aed.png
神经生长计划,,要塞军医愿意免费给你第一剂神经质粒。你需要检查她的商品范围并选择相应的选项。,assets/images/任务/神经生长计划--18868c0aed.png
搜寻金属,在绿色和黄色区内找到废金属,要解锁金工专家技能，需要在绿色和黄色区中找到废金属。,assets/images/资源材料/废金属--41a6f0fc87.png
主厨特餐,Приготовить 20 порций мяса с грибами,有什么能比精心制作的食物更健康呢？要解锁健康食品技能，在2级壁炉上烹调肉和蘑菇。,assets/images/补给消耗品/蘑菇炖肉--9e5ef7d249.png
威力一击,,要解锁小型粉碎专家技能，需要在任何绿色或黄色区用小型粉碎武器击杀狂腐士和送葬者。,assets/images/任务/信仰瓦解--aecec3e08e.png
致命的弓弦,,要解锁大师射手技能，需要在任何黄色区用弓或十字弓击杀狂腐士和送葬者。,assets/images/任务/信仰瓦解--aecec3e08e.png
致命的弓弦,,要解锁专家射手技能，需要在黄色或红色区用弓或十字弓击杀森林之子或送葬者。,assets/images/任务/林中战斗--7eeee866a2.png
精准投掷,,要解锁投掷大师技能，需要在黄色和红色区使用投掷武器击杀异象。,assets/images/任务/游荡者的任务--bc24ab9621.png
精准投掷,,要解锁投掷专家技能，需要在黄色和红色区使用投掷武器击杀异象。,assets/images/任务/游荡者的任务--bc24ab9621.png
致命决斗,在黄色区使用手枪击杀送葬者,要解锁手枪达人技能，需要在黄色区使用手枪击杀送葬者。,assets/images/资源材料/送葬者--872f4c28c0.png
致命决斗,,要解锁手枪大师技能，需要在黄色区使用手枪击杀送葬者。,assets/images/资源材料/送葬者--872f4c28c0.png
轮胎破坏者,,要解锁硫化大师技能，需要在领地通过砸毁旧轮胎获取橡胶。,assets/images/资源材料/橡胶--7ae9e3496c.png
轮胎破坏者,• Добыть 30 резины в Мертвой Низине,要解锁硫化专家技能，在荒凉山谷通过砸毁旧轮胎获取橡胶。,assets/images/资源材料/橡胶--7ae9e3496c.png
收集亚麻,• Добыть 40 семян льна,要解锁亚麻收集者技能，在领地内找到亚麻种子。,assets/images/资源材料/亚麻种子--13fe7949b7.png
绷带生产,• Произвести 20 бинтов,要解锁经验丰富的医生技能，在2级治疗师桌制作绷带。,assets/images/补给消耗品/绷带--58b8353fe6.png
秘密谋杀,• Убить 20 противников из стелса,要解锁专业刺客技能，在隐形模式下杀死任何敌人。,assets/images/任务/秘密谋杀--18d945b5ad.png
猎人和皮革商,,要解锁职业皮革商技能，需要在红色区击杀狼或麋鹿。,assets/images/任务/持刀狩猎--e40aea26c0.png
猎人和皮革商,• Убить 60 волков или лосей в «красных» местах,要解锁著名皮革商技能，在荒凉山谷或防风林杀死麋鹿或狼。,assets/images/任务/持刀狩猎--e40aea26c0.png
黑客,• Открыть отмычками двери и ящики,使用撬锁工具撬开几道上锁的门和几个上锁的盒子，以研究专家黑客技能。你可以自己制作撬锁工具，或通过交易从维因那里获得。仓库监狱拥有数量最多的上锁的门和盒子。,assets/images/资源材料/3级撬锁工具--5532f13852.png
神经生长计划,,你解锁了技能点数。学习刀法达人技能来变得更强。,assets/images/任务/神经生长计划--d476caaca1.png
燃烧的目标,,要解锁冲锋枪大师技能，在被烧毁的餐厅中，使用冲锋枪击杀焦尸。,assets/images/资源材料/焦尸--a4e6e7f3d6.png
燃烧的目标,,要解锁冲锋枪专家技能，在被烧毁的餐厅中，使用冲锋枪击杀焦尸。,assets/images/资源材料/焦尸--a4e6e7f3d6.png
未命名任务,,,assets/images/资源材料/能量块--4581a84736.png
黑暗裂痕,• Убить горелых,鹰队正在招募经验丰富的战士来协助平息暗区突破。与避难所风车处的突破灭绝者交谈。,assets/images/任务/黑暗裂痕--7998520b69.png
在绿色区灭绝突破,• Exterminate the Breach in green zones,,assets/images/任务/击杀裂痕焦尸--8b51bda0a5.png
击杀裂痕焦尸,• Убить Горелых Разлома,,assets/images/任务/击杀裂痕焦尸--8b51bda0a5.png
击杀裂痕焦尸,• Убить Горелых Разлома,,assets/images/任务/击杀裂痕焦尸--8b51bda0a5.png
在黄色区灭绝突破,• Exterminate the Breach in yellow zones,,assets/images/任务/击杀裂痕焦尸--8b51bda0a5.png
赢得突破点数,• Заработать очки Прорыва,,assets/images/任务/赢得突破点数--39b7ce97e7.png
未命名任务,• Уничтожить Темные Разломы в «зеленых» местах,,assets/images/资源材料/焦尸--a4e6e7f3d6.png
获得废金属,,,assets/images/资源材料/废金属--41a6f0fc87.png
活体锯木厂,• Уничтожить врагов на зеленых локациях,,assets/images/建筑设施/剧情任务黑板--c2d722afd6.png
[单人] 用远程武器杀死任何敌人,,,assets/images/资源材料/焦尸--a4e6e7f3d6.png
让你的盟友对敌人造成伤害,,,assets/images/任务/让你的盟友对敌人造成伤害--3afa8a2c32.png
获得第四个坚持不懈的奖励,,,assets/images/其他物品/坚韧小型箱子--3da5ef9952.png
击杀狂腐士,,,assets/images/资源材料/狂腐士--6166b5fd12.png
使用阿尔法编码器召唤盟友,,,assets/images/资源材料/阿尔法编码器--a24037987e.png
获得乐透彩票,,,assets/images/其他物品/乐透彩票--f5f4b835d6.png
黑暗裂痕,• Убить горелых,鹰队正在招募有经验的战士，以协助他们完成与研究所签订的消灭暗区突破的合同。找到并消灭寂静树丛或铁荒原中的黑暗裂痕。,assets/images/任务/击杀裂痕焦尸--8b51bda0a5.png
暗潮,• Убить горелых,黑暗裂痕的破坏引起了暗区焦尸的注意。消灭它们。如果你死亡或移动到全局地图的不同位置，剧情任务将被取消。,assets/images/任务/暗潮--77f1a482d0.png
暗潮,• Убить горелых,黑暗裂痕的破坏引起了暗区焦尸的注意。消灭它们。如果你死亡或移动到全局地图的不同位置，剧情任务将被取消。,assets/images/任务/暗潮--77f1a482d0.png
暗潮,• Убить горелых,黑暗裂痕的破坏引起了暗区焦尸的注意。消灭它们。如果你死亡或移动到全局地图的不同位置，剧情任务将被取消。,assets/images/任务/暗潮--77f1a482d0.png
黑暗裂痕,• Убить горелых,你已击杀了所有因为破坏黑暗裂痕而引来的焦尸。离开这个地方，接受突破灭绝者的无线电信号。,assets/images/任务/谢尔普的神器--ff516a233d.png
黑暗裂痕,• Убить горелых,你已经成功完成了你的第一次“黑暗裂痕”灭绝行动。花费你的突破点数，领取你的第一个奖励吧！,assets/images/任务/使用阿尔法编码器召唤一个盟友--cfb9785846.png
神经生长计划,,你从马克那里获得了一个奖励。从你的仓库中取得它，并使用神经质粒来学习技能。,assets/images/任务/神经生长计划--5378e67a4a.png
装战利品的麻袋,• Craft a sack,一个可以让你携带更多战利品和其他物品的麻袋。,assets/images/防具装备/麻袋--4ca32381dd.png
装战利品的麻袋,• Craft a sack,一个可以让你携带更多战利品和其他物品的麻袋。,assets/images/防具装备/麻袋--4ca32381dd.png
Лес наступает,,"Мара попросила вас осмотреть Железные пустоши. Найдите там оплетенный груз и освободите его от корней. Будьте осторожны: когда вы прикоснетесь к грузу, вас атакуют Одержимые. Они уязвимы к тому же типу аномального урона, что и корни, оплетающие груз.",assets/images/资源材料/能量块--4581a84736.png
黑暗裂痕,,灭绝者有关于鹰队的额外剧情任务的信息给你。在避难所的风车处与他交谈。,assets/images/任务/黑暗裂痕--7998520b69.png
Лес наступает,,"Мара попросила вас осмотреть Железные пустоши. Найдите там оплетенный груз и освободите его от корней. Будьте осторожны: когда вы прикоснетесь к грузу, вас атакуют Одержимые. Они уязвимы к тому же типу аномального урона, что и корни, оплетающие груз.",assets/images/资源材料/能量块--4581a84736.png
神经生长计划,,你得到了方舟设施钥匙卡，现在可以参加神经生长个人发展计划。前往全局地图联系马克。,assets/images/任务/谢尔普的神器--ff516a233d.png
被摧毁的定居点,,,assets/images/地图地点/被摧毁的定居点--84cb06e25f.png
被摧毁的定居点,,,assets/images/地图地点/被摧毁的定居点--84cb06e25f.png
被摧毁的定居点,,,assets/images/地图地点/被摧毁的定居点--84cb06e25f.png
被摧毁的定居点,,,assets/images/地图地点/被摧毁的定居点--84cb06e25f.png
被摧毁的定居点,,,assets/images/地图地点/被摧毁的定居点--84cb06e25f.png
获救的孩子,,你在被摧毁的定居点救了一个小男孩朱尔。他在这里并不安全。 要把朱尔带到你的避难所，请进入迷雾中。,assets/images/地图地点/被摧毁的定居点--84cb06e25f.png
被摧毁的定居点,,,assets/images/地图地点/被摧毁的定居点--84cb06e25f.png
电源,• Найти водку «Гарковская»,组装柴油发电机并将其交给要塞前哨官来完成这项派系任务。你可以自己组装它。,assets/images/其他物品/柴油发电机--9d9799a0be.png
主动出击,,商人莱科维奇说，秃鹫在离你的避难所不远处扎了营。你把软盘给了莱科维奇，现在他准备把土匪的坐标发给你。回到避难所，做好和他们进行战斗的准备。,assets/images/地图地点/被摧毁的定居点--84cb06e25f.png
被摧毁的定居点,,,assets/images/地图地点/被摧毁的定居点--84cb06e25f.png
第二件圣物,• Убить врагов в подвале Триады на Выжженных землях,你从龙女那里得知了下一个圣物的位置。在焦尸土地的地下室击杀所有黑帮战士来找到第二件圣物：一枚戒指。,assets/images/资源材料/能量块--4581a84736.png
生产缝线,生产缝线,生产缝线,assets/images/任务/生产缝线--c6f08988d7.png
让你的盟友对敌人造成伤害,,让你的盟友对敌人造成伤害,assets/images/任务/生产缝线--c6f08988d7.png
用任何武器击杀焦尸,用任何武器击杀焦尸,用任何武器击杀焦尸,assets/images/任务/生产缝线--c6f08988d7.png
召唤一个盟友,,召唤一个盟友,assets/images/任务/生产缝线--c6f08988d7.png
获得经验性补品,,获得经验性补品,assets/images/任务/生产缝线--c6f08988d7.png
杀死旧加油站的僵尸守卫,,杀死旧加油站的僵尸守卫,assets/images/任务/生产缝线--c6f08988d7.png
让你的盟友对敌人造成伤害,,让你的盟友对敌人造成伤害,assets/images/任务/生产缝线--c6f08988d7.png
第二件圣物,• Убить врагов в подвале Триады на Выжженных землях,你从龙女那里得知了下一个圣物的位置。在焦尸土地的地下室击杀所有黑帮战士来找到第二件圣物：一枚戒指。,assets/images/资源材料/能量块--4581a84736.png
兄弟会剧情任务,在避难所的风车旁和兄弟会联络人交谈,兄弟会联络人联系了你。她在避难所的风车旁等你。去那里与她交谈。,assets/images/任务/兄弟会剧情任务--0faf5aa9c0.png
活体锯木厂,• Уничтожить врагов на зеленых локациях,,assets/images/建筑设施/剧情任务黑板--c2d722afd6.png
在绿色区击杀任何敌人,• Добыть сырые доски,在绿色区击杀任何敌人,assets/images/资源材料/能量值--7ef23f1acd.png
打开乐透卡,• Добыть сырые доски,打开乐透卡,assets/images/资源材料/能量值--7ef23f1acd.png
花费一些能量值,• Добыть сырые доски,,assets/images/资源材料/能量值--7ef23f1acd.png
让你的盟友对敌人造成伤害,,,assets/images/任务/让你的盟友对敌人造成伤害--3afa8a2c32.png
完成每日剧情任务,• Уничтожить врагов на зеленых локациях,,assets/images/建筑设施/剧情任务黑板--c2d722afd6.png
获得冬季钥匙,,,assets/images/任务/获得冬季钥匙--2858fa7465.png
活体锯木厂,• Уничтожить врагов на зеленых локациях,,assets/images/建筑设施/剧情任务黑板--c2d722afd6.png
击杀寒冰敌人,,,assets/images/资源材料/焦尸--a4e6e7f3d6.png
搜索寒冰货物,,,assets/images/任务/搜索寒冰货物--819353dc11.png
获得节日挑战点数,,,assets/images/其他物品/新年挑战点数--5459efae1f.png
与冬季特使进行交易,,,assets/images/任务/新年营地--4814a950c9.png
在方舟里击杀头目,,,assets/images/任务/在方舟里击杀头目--86b828c520.png
被摧毁的定居点,,,assets/images/地图地点/被摧毁的定居点--84cb06e25f.png
被摧毁的定居点,,,assets/images/地图地点/被摧毁的定居点--84cb06e25f.png
被摧毁的定居点,,,assets/images/地图地点/被摧毁的定居点--84cb06e25f.png
谈话的地方,• Поговорить с Левковичем и отправиться на Аванпост,商人莱科维奇说他有重要信息要给你，但只能在要塞前哨告诉你。穿过浓雾离开，前往那里。,assets/images/任务/商人--dfe04bbb76.png
被摧毁的定居点,,,assets/images/地图地点/被摧毁的定居点--84cb06e25f.png
第二件圣物,• Убить врагов в подвале Триады на Выжженных землях,你从龙女那里得知了下一个圣物的位置。在焦尸土地的地下室击杀所有黑帮战士来找到第二件圣物：一枚戒指。,assets/images/资源材料/能量块--4581a84736.png
生产钢筋,,生产钢筋,assets/images/任务/兄弟会剧情任务--0faf5aa9c0.png
用远程武器杀死任何敌人,,用远程武器杀死任何敌人,assets/images/任务/兄弟会剧情任务--0faf5aa9c0.png
用任何武器击杀狂腐士,,用任何武器击杀狂腐士,assets/images/任务/兄弟会剧情任务--0faf5aa9c0.png
获得第四个坚持不懈的奖励,,获得第四个坚持不懈的奖励,assets/images/任务/兄弟会剧情任务--0faf5aa9c0.png
获取编码器,,获取编码器,assets/images/任务/兄弟会剧情任务--0faf5aa9c0.png
在被烧毁的餐厅里杀死屠夫,,在被烧毁的餐厅里杀死屠夫,assets/images/任务/兄弟会剧情任务--0faf5aa9c0.png
用冰霜武器击杀任何敌人,,用冰霜武器击杀任何敌人,assets/images/任务/兄弟会剧情任务--0faf5aa9c0.png
第二件圣物,• Убить врагов в подвале Триады на Выжженных землях,你从龙女那里得知了下一个圣物的位置。在焦尸土地的地下室击杀所有黑帮战士来找到第二件圣物：一枚戒指。,assets/images/资源材料/能量块--4581a84736.png
生产优质木板,生产优质木板,生产优质木板,assets/images/任务/兄弟会剧情任务--0faf5aa9c0.png
用远程武器杀死任何敌人,用远程武器杀死任何敌人,用远程武器杀死任何敌人,assets/images/任务/兄弟会剧情任务--0faf5aa9c0.png
用任何武器击杀送葬者,用任何武器击杀送葬者,用任何武器击杀送葬者,assets/images/任务/兄弟会剧情任务--0faf5aa9c0.png
完成每日剧情任务,完成每日剧情任务,完成每日剧情任务,assets/images/任务/兄弟会剧情任务--0faf5aa9c0.png
与盟友的CHAP交易,与盟友的CHAP交易,与盟友的CHAP交易,assets/images/任务/兄弟会剧情任务--0faf5aa9c0.png
在方舟第12层击杀克劳怪首领,在方舟第12层击杀克劳怪首领,在方舟第12层击杀克劳怪首领,assets/images/任务/兄弟会剧情任务--0faf5aa9c0.png
在黄色和红色区击杀任何异象,在黄色和红色区击杀任何异象,在黄色和红色区击杀任何异象,assets/images/任务/兄弟会剧情任务--0faf5aa9c0.png
第二件圣物,• Убить врагов в подвале Триады на Выжженных землях,你从龙女那里得知了下一个圣物的位置。在焦尸土地的地下室击杀所有黑帮战士来找到第二件圣物：一枚戒指。,assets/images/资源材料/能量块--4581a84736.png
游荡者圣诞老人,,游荡者圣诞老人与你取得了联系。他很少到领地上来。他在避难所的风车旁等着你。与他交谈，了解更多关于新年庆祝活动的信息。,assets/images/其他物品/蓝图部分--f3de66d179.png
第二件圣物,• Убить врагов в подвале Триады на Выжженных землях,你从龙女那里得知了下一个圣物的位置。在焦尸土地的地下室击杀所有黑帮战士来找到第二件圣物：一枚戒指。,assets/images/资源材料/能量块--4581a84736.png
在绿色区击杀南瓜脑袋,• Убить врагов в подвале Триады на Выжженных землях,,assets/images/任务/猎杀南瓜脑袋--27f44de4ce.png
在绿色区击杀送葬者,• Убить врагов в подвале Триады на Выжженных землях,,assets/images/任务/在绿色区击杀送葬者--fc5740f16f.png
在绿色区劈砍南瓜,• Убить врагов в подвале Триады на Выжженных землях,,assets/images/补给消耗品/南瓜--38fdebc8f5.png
获取“领地的万圣节”点数,• Убить врагов в подвале Триады на Выжженных землях,,assets/images/任务/获取“领地的万圣节”点数--174c41cbbc.png
与新娘同行,• Убить врагов в подвале Триады на Выжженных землях,要完成剧情任务，请前往蛇彭特新娘营地。储备用于在营地战斗的电力武器和药品。,assets/images/地图地点/蛇彭特新娘营地--725f839c3e.png
新娘的恐惧,• Убить врагов в подвале Триады на Выжженных землях,与丹巴拉的信使交谈。你可以在蛇彭特新娘营地的入口处找到他。,assets/images/地图地点/蛇彭特新娘营地--725f839c3e.png
新娘营地,• Убить врагов в подвале Триады на Выжженных землях,进入蛇彭特新娘营地。为战斗储备电力武器和药品。,assets/images/地图地点/蛇彭特新娘营地--725f839c3e.png
新娘的力量,• Убить врагов в подвале Триады на Выжженных землях,在蛇彭特新娘营地摧毁送葬者祭坛。祭坛和保护祭坛的南瓜脑袋容易受到电力武器的伤害。你可以从被烧毁的餐厅码头那里的商人处获得电力武器。,assets/images/地图地点/蛇彭特新娘营地--725f839c3e.png
新娘的愤怒,• Убить врагов в подвале Триады на Выжженных землях,在蛇彭特新娘营地击杀蛇彭特新娘。别忘了储备电力武器和药品。,assets/images/地图地点/蛇彭特新娘营地--725f839c3e.png
伏都教巫师之瓶,• Убить врагов в подвале Триады на Выжженных землях,在蛇彭特新娘营地打开伏都教巫师宝箱，取得尔兹莉蘑菇。你需要它们来制作瘟疫伏都教巫师之瓶并召唤他。,assets/images/资源材料/尔兹莉蘑菇--e00b8f2533.png
活体锯木厂,• Уничтожить врагов на зеленых локациях,,assets/images/建筑设施/剧情任务黑板--c2d722afd6.png
使用阿尔法编码器召唤盟友,,使用阿尔法编码器召唤盟友,assets/images/资源材料/阿尔法编码器--a24037987e.png
将弗罗斯特中尉的等级提升至21级,将弗罗斯特中尉的等级提升至21级,将弗罗斯特中尉的等级提升至21级,assets/images/随从/弗罗斯特中尉--c6a90b2b62.png
使用阿尔法编码器召唤盟友,,使用阿尔法编码器召唤盟友,assets/images/资源材料/阿尔法编码器--a24037987e.png
使用阿尔法编码器召唤盟友,,使用阿尔法编码器召唤盟友,assets/images/资源材料/阿尔法编码器--a24037987e.png
将弗罗斯特中尉的等级提升至81级,,将弗罗斯特中尉的等级提升至81级,assets/images/随从/弗罗斯特中尉--c6a90b2b62.png
[单人]在被遗忘的墓地击杀萨梅迪伏都教巫师,[单人]在被遗忘的墓地击杀萨梅迪伏都教巫师,[单人]在被遗忘的墓地击杀萨梅迪伏都教巫师,assets/images/任务/向下的道路--ef0dfe4175.png
未命名任务,• Убить врагов в подвале Триады на Выжженных землях,,assets/images/任务/第一件圣物--a14f2da7e2.png
杀死南瓜脑袋,,,assets/images/任务/猎杀南瓜脑袋--27f44de4ce.png
击杀送葬者,,,assets/images/任务/在绿色区击杀送葬者--fc5740f16f.png
劈砍巨型南瓜,劈砍巨型南瓜,,assets/images/资源材料/送葬者南瓜--71e11ff6a2.png
获取“领地的万圣节”点数,获取“领地的万圣节”点数,,assets/images/任务/获取“领地的万圣节”点数--174c41cbbc.png
在蛇彭特新娘营地中击杀新娘,,,assets/images/地图地点/蛇彭特新娘营地--725f839c3e.png
用远程武器击杀南瓜脑袋,用远程武器击杀南瓜脑袋,,assets/images/任务/猎杀南瓜脑袋--27f44de4ce.png
用近战武器击杀送葬者,用近战武器击杀送葬者,,assets/images/任务/在绿色区击杀送葬者--fc5740f16f.png
获得万圣节狩猎点数,获得万圣节狩猎点数,,assets/images/任务/获得万圣节狩猎点数--7d47990d47.png
获取“领地的万圣节”点数,获取“领地的万圣节”点数,,assets/images/任务/获取“领地的万圣节”点数--174c41cbbc.png
击杀瘟疫伏都教巫师,击杀瘟疫伏都教巫师,,assets/images/任务/瘟疫伏都教巫师--fbd88d0cf3.png
用电力武器击杀南瓜脑袋,用电力武器击杀南瓜脑袋,,assets/images/任务/猎杀南瓜脑袋--27f44de4ce.png
用电力武器击杀送葬者,用电力武器击杀送葬者,,assets/images/任务/在绿色区击杀送葬者--fc5740f16f.png
获取万圣节挑战点数,获取万圣节挑战点数,,assets/images/任务/获取万圣节挑战点数--4d6c44248d.png
获取“领地的万圣节”点数,获取“领地的万圣节”点数,,assets/images/资源材料/能量块--4581a84736.png
击杀瘟疫伏都教巫师,击杀瘟疫伏都教巫师,,assets/images/任务/瘟疫伏都教巫师--fbd88d0cf3.png
活体锯木厂,• Уничтожить врагов на зеленых локациях,,assets/images/建筑设施/剧情任务黑板--c2d722afd6.png
完成每日剧情任务,• Уничтожить Темные Разломы в «зеленых» местах,完成每日剧情任务,assets/images/建筑设施/剧情任务黑板--c2d722afd6.png
使用阿尔法编码器召唤盟友,• Уничтожить Темные Разломы в «зеленых» местах,使用阿尔法编码器召唤盟友,assets/images/资源材料/阿尔法编码器--a24037987e.png
在节日乐透抽奖中翻开卡片,• Уничтожить Темные Разломы в «зеленых» местах,在节日乐透抽奖中翻开卡片,assets/images/任务/在节日乐透抽奖中翻开卡片--94c6f5889a.png
获取盟友挑战点数,• Уничтожить Темные Разломы в «зеленых» местах,获取盟友挑战点数,assets/images/任务/获取盟友挑战点数--1a2bae7c77.png
在坎卜斯设施中击杀标本,• Уничтожить Темные Разломы в «зеленых» местах,在坎卜斯设施中击杀标本,assets/images/资源材料/焦尸--a4e6e7f3d6.png
在节日乐透抽奖中翻开卡片,• Уничтожить Темные Разломы в «зеленых» местах,在节日乐透抽奖中翻开卡片,assets/images/任务/在节日乐透抽奖中翻开卡片--94c6f5889a.png
获取节日乐透彩票,• Уничтожить Темные Разломы в «зеленых» местах,获取节日乐透彩票,assets/images/任务/在节日乐透抽奖中翻开卡片--94c6f5889a.png
活体锯木厂,• Уничтожить врагов на зеленых локациях,,assets/images/建筑设施/剧情任务黑板--c2d722afd6.png
未命名任务,,,assets/images/地图地点/蛇彭特新娘营地--725f839c3e.png
主动出击,• Kill Flayer in the camp,朱尔将你带到了秃鹫营地 。 你杀死了所有秃鹫， 并听到了远处的战斗呐喊。 战斗声引来了秃鹫的头儿弗莱耶。,assets/images/任务/主动出击--4af41a0800.png
冬季特使,,游荡者圣诞老人派你去找他的助手冬季特使。她在新年营地等着你。离开避难所以了解到达她那里的路线。,assets/images/任务/谢尔普的神器--ff516a233d.png
冬季特使,,游荡者圣诞老人派你去找他的助手冬季特使。她在新年营地等着你。,assets/images/任务/冬季特使--60b9e0b214.png
闯入监狱,• Осмотреть сломанный генератор Хозмага,游荡者的发电机坏了。进行检查，找出修理它所需的东西。,assets/images/其他物品/发电机--7e18adb198.png
未命名任务,• Получить доски тест пулов [y],,assets/images/任务/战友--885cc4f750.png
活体锯木厂,• Уничтожить врагов на зеленых локациях,,assets/images/建筑设施/剧情任务黑板--c2d722afd6.png
完成每日剧情任务,• Уничтожить врагов на зеленых локациях,,assets/images/建筑设施/剧情任务黑板--c2d722afd6.png
让你的盟友对敌人造成伤害,,,assets/images/任务/让你的盟友对敌人造成伤害--3afa8a2c32.png
花费一些能量值,• Добыть сырые доски,,assets/images/资源材料/能量值--7ef23f1acd.png
打开乐透卡,• Добыть сырые доски,打开乐透卡,assets/images/资源材料/能量值--7ef23f1acd.png
观看任意广告,• Добыть сырые доски,观看任意广告,assets/images/资源材料/能量值--7ef23f1acd.png
与任何商人达成交易,• Добыть сырые доски,与任何商人达成交易,assets/images/资源材料/能量值--7ef23f1acd.png
冬季特使,,游荡者圣诞老人派你去找他的助手冬季特使。在新年营地与她交谈。,assets/images/任务/新年营地--4814a950c9.png
冬季特使,,冬季特使为你准备了礼物。要得到它，请检查她的商品范围并选择相应的选项。,assets/images/任务/新年营地--4814a950c9.png
冬季特使,,冬季特使有关于新年庆祝活动的消息给你。在新年营地与她交谈。,assets/images/任务/新年营地--4814a950c9.png
第二件圣物,• Убить врагов в подвале Триады на Выжженных землях,你从龙女那里得知了下一个圣物的位置。在焦尸土地的地下室击杀所有黑帮战士来找到第二件圣物：一枚戒指。,assets/images/资源材料/能量块--4581a84736.png
第二件圣物,• Убить врагов в подвале Триады на Выжженных землях,你从龙女那里得知了下一个圣物的位置。在焦尸土地的地下室击杀所有黑帮战士来找到第二件圣物：一枚戒指。,assets/images/资源材料/能量块--4581a84736.png
冬季战斗,,要获得“领地上的新年”活动点数，请用冰霜武器或使用造成寒冷伤害的盟友来击杀敌人。,assets/images/其他物品/新年点数--76fa03e9b0.png
冬季战斗,,要完成剧情任务，请前往“领地上的新年”活动窗口，点击领取奖励按钮。,assets/images/其他物品/新年箱子--12c0be7ca1.png
第二件圣物,• Убить врагов в подвале Триады на Выжженных землях,你从龙女那里得知了下一个圣物的位置。在焦尸土地的地下室击杀所有黑帮战士来找到第二件圣物：一枚戒指。,assets/images/资源材料/能量块--4581a84736.png
第二件圣物,• Убить врагов в подвале Триады на Выжженных землях,你从龙女那里得知了下一个圣物的位置。在焦尸土地的地下室击杀所有黑帮战士来找到第二件圣物：一枚戒指。,assets/images/资源材料/能量块--4581a84736.png
冬季特使,,冬季特使有关于新年庆祝活动的消息给你。在新年营地与她交谈。,assets/images/任务/新年营地--4814a950c9.png
特殊差事,• Убить врагов в подвале Триады на Выжженных землях,冬季特使有关于新年庆祝活动的消息给你。在新年营地与她交谈。,assets/images/任务/新年营地--4814a950c9.png
制作部落战士的弓,,,assets/images/武器/部落战士弓--a2eb2cd87d.png
击杀火鸡,,,assets/images/任务/火鸡之战--e038a0730b.png
劈砍巨型南瓜,,,assets/images/资源材料/送葬者南瓜--71e11ff6a2.png
种植南瓜种子,,,assets/images/资源材料/南瓜种子--57b1a13797.png
获取领地狩猎点数,,,assets/images/其他物品/领地狩猎点数--d9177af350.png
完成每日剧情任务,,,assets/images/建筑设施/剧情任务黑板--c2d722afd6.png
击杀火鸡,,,assets/images/任务/火鸡之战--e038a0730b.png
在花园土地里种植南瓜,,,assets/images/补给消耗品/南瓜--38fdebc8f5.png
烤南瓜派,,,assets/images/补给消耗品/南瓜派--666bff339f.png
获取领地狩猎点数,,,assets/images/其他物品/领地狩猎点数--d9177af350.png
完成每日剧情任务,,,assets/images/建筑设施/剧情任务黑板--c2d722afd6.png
击杀火鸡,,,assets/images/任务/火鸡之战--e038a0730b.png
完成“被围困的房屋”活动,,,assets/images/地图地点/Ракетная шахта--86430d6f5e.png
烹饪烤火鸡,,,assets/images/补给消耗品/烤火鸡--ecc5440dc4.png
击杀大火鸡,,,assets/images/任务/火鸡之战--e038a0730b.png
完成每日剧情任务,,,assets/images/建筑设施/剧情任务黑板--c2d722afd6.png
击杀火鸡,,,assets/images/任务/火鸡之战--e038a0730b.png
用飞斧击杀敌人,,,assets/images/补给消耗品/战斧--5b263ae815.png
烹饪烤玉米,,,assets/images/补给消耗品/烤玉米--3421065024.png
击杀大火鸡,,,assets/images/任务/火鸡之战--e038a0730b.png
活体锯木厂,• Уничтожить врагов на зеленых локациях,,assets/images/建筑设施/剧情任务黑板--c2d722afd6.png
第二件圣物,• Убить врагов в подвале Триады на Выжженных землях,你从龙女那里得知了下一个圣物的位置。在焦尸土地的地下室击杀所有黑帮战士来找到第二件圣物：一枚戒指。,assets/images/资源材料/能量块--4581a84736.png
第二件圣物,• Убить врагов в подвале Триады на Выжженных землях,你从龙女那里得知了下一个圣物的位置。在焦尸土地的地下室击杀所有黑帮战士来找到第二件圣物：一枚戒指。,assets/images/资源材料/能量块--4581a84736.png
装战利品的麻袋,• Craft a sack,一个可以让你携带更多战利品和其他物品的麻袋。,assets/images/防具装备/麻袋--4ca32381dd.png
冰霜宝箱钥匙,,"在通常地点、异象区和特殊活动中搜寻寒冰货物，以及击杀敌人来获得冬季钥匙。
 作为完成剧情任务的奖励而得到的游荡者通行证点数不包括在每周通行证限额内。",assets/images/任务/获得冬季钥匙--2858fa7465.png
新年战斗,,"要获得“领地上的新年”活动点数，请用冰霜武器或使用造成寒冷伤害的盟友来击杀敌人。
作为完成剧情任务的奖励而得到的游荡者通行证点数不包括在每周通行证限额内。",assets/images/其他物品/新年点数--76fa03e9b0.png
活体锯木厂,• Уничтожить врагов на зеленых локациях,,assets/images/建筑设施/剧情任务黑板--c2d722afd6.png
黑色星期五点数,• Уничтожить врагов на зеленых локациях,,assets/images/补给消耗品/贸易联盟集市点数--dc2cfae104.png
黑色星期五点数,• Уничтожить врагов на зеленых локациях,,assets/images/补给消耗品/贸易联盟集市点数--dc2cfae104.png
黑色星期五点数,• Уничтожить врагов на зеленых локациях,,assets/images/补给消耗品/贸易联盟集市点数--dc2cfae104.png
黑色星期五点数,• Уничтожить врагов на зеленых локациях,,assets/images/补给消耗品/贸易联盟集市点数--dc2cfae104.png
黑色星期五点数,• Уничтожить врагов на зеленых локациях,,assets/images/补给消耗品/贸易联盟集市点数--dc2cfae104.png
黑色星期五点数,• Уничтожить врагов на зеленых локациях,,assets/images/补给消耗品/贸易联盟集市点数--dc2cfae104.png
黑色星期五点数,• Уничтожить врагов на зеленых локациях,,assets/images/补给消耗品/贸易联盟集市点数--dc2cfae104.png
第二件圣物,• Убить врагов в подвале Триады на Выжженных землях,你从龙女那里得知了下一个圣物的位置。在焦尸土地的地下室击杀所有黑帮战士来找到第二件圣物：一枚戒指。,assets/images/资源材料/能量块--4581a84736.png
Лес наступает,,"Мара попросила вас осмотреть Железные пустоши. Найдите там оплетенный груз и освободите его от корней. Будьте осторожны: когда вы прикоснетесь к грузу, вас атакуют Одержимые. Они уязвимы к тому же типу аномального урона, что и корни, оплетающие груз.",assets/images/资源材料/能量块--4581a84736.png
春节,,黑帮叛徒联系了你。他在避难所的风车旁等你。去那里看看他想告诉你什么。,assets/images/任务/黑帮的回归--97c9e8f273.png
黑帮恶龙,在盟友基地与龙女交谈,黑帮逆徒说，部落的首领龙女正在避难所的盟友基地等你。下去和她谈谈。,assets/images/其他物品/限时活动结束--790731dff4.png
黑帮挑战,把密码交给避难所里的黑帮逆徒,龙女邀请你参加挑战。想要参与的话，请将密码给黑帮逆徒。他在避难所的风车那里等待。,assets/images/任务/黑帮的回归--97c9e8f273.png
与黑帮战斗,清理任何黑帮地下室,找到黑帮地下室，干掉里面的所有敌人。从寂静树丛到防风林和尖叫森林，你可以在任何地方找到地下室。,assets/images/随从/冰影--74dbef5b22.png
Вернувшийся. Убить врагов [y],• Убить любых врагов,,assets/images/资源材料/焦尸--a4e6e7f3d6.png
Вернувшийся. Посетить зеленую или желтую локацию[y],• Посетить зеленую или желтую локацию[y],,assets/images/资源材料/焦尸--a4e6e7f3d6.png
睡觉地点,• Craft a sack,在物品创建窗口中制作睡袋以完成任务。,assets/images/建筑设施/睡袋--58d3a9da77.png
Вернувшийся. Добыть сырые доски [y],,,assets/images/资源材料/原生木板--0217e8a5b8.png
Вернувшийся. Добыть сырые доски [y],,,assets/images/资源材料/废金属--41a6f0fc87.png
睡觉地点,• Craft a sack,要设置睡袋，请点击屏幕底部的房子按钮，打开建造菜单。,assets/images/建筑设施/睡袋--58d3a9da77.png
Вернувшийся. Добыть сырые доски [y],,,assets/images/资源材料/废金属--41a6f0fc87.png
第二件圣物,• Убить врагов в подвале Триады на Выжженных землях,你从龙女那里得知了下一个圣物的位置。在焦尸土地的地下室击杀所有黑帮战士来找到第二件圣物：一枚戒指。,assets/images/资源材料/能量块--4581a84736.png
第二件圣物,• Убить врагов в подвале Триады на Выжженных землях,你从龙女那里得知了下一个圣物的位置。在焦尸土地的地下室击杀所有黑帮战士来找到第二件圣物：一枚戒指。,assets/images/资源材料/能量块--4581a84736.png
Вернувшийся. Выполнить ежедневные задания[y],• Выполнить ежедневные задания[y],,assets/images/建筑设施/剧情任务黑板--c2d722afd6.png
Вернувшийся. Пройти обучение на базе союзников[y],• Пройти обучение на базе союзников[y],,assets/images/建筑设施/剧情任务黑板--c2d722afd6.png
Вернувшийся. Пройти обучение на базе союзников[y],• Пройти обучение на базе союзников[y],,assets/images/建筑设施/剧情任务黑板--c2d722afd6.png
第二件圣物,• Убить врагов в подвале Триады на Выжженных землях,你从龙女那里得知了下一个圣物的位置。在焦尸土地的地下室击杀所有黑帮战士来找到第二件圣物：一枚戒指。,assets/images/资源材料/能量块--4581a84736.png
让你的盟友对方舟中的敌人造成伤害,让你的盟友对方舟中的敌人造成伤害,让你的盟友对方舟中的敌人造成伤害,assets/images/任务/神经生长计划--18868c0aed.png
Вернувшийся. Выменять инъекторы у военврача Оплота[y],• Выменять инъекторы у военврача Оплота[y],,assets/images/建筑设施/剧情任务黑板--c2d722afd6.png
击杀方舟中的敌人,击杀方舟中的敌人,击杀方舟中的敌人,assets/images/任务/神经生长计划--18868c0aed.png
击杀方舟中的头目,击杀方舟中的头目,击杀方舟中的头目,assets/images/任务/神经生长计划--18868c0aed.png
与要塞军医进行交易,与要塞军医进行交易,与要塞军医进行交易,assets/images/任务/神经生长计划--18868c0aed.png
使用战斗神经质粒,使用战斗神经质粒,使用战斗神经质粒,assets/images/任务/神经生长计划--18868c0aed.png
使用生存神经质粒,使用生存神经质粒,使用生存神经质粒,assets/images/任务/神经生长计划--18868c0aed.png
使用资源神经质粒,使用资源神经质粒,使用资源神经质粒,assets/images/任务/神经生长计划--18868c0aed.png
未命名任务,• Войти в Убежище[y],,assets/images/地图地点/避难所--ec0397cef7.png
未命名任务,• Выйти на ГК[y],,assets/images/地图地点/避难所--ec0397cef7.png
在绿色区清理黑帮地下室,• Убить врагов в подвале Триады на Выжженных землях,在绿色区清理黑帮地下室,assets/images/任务/第一件圣物--a14f2da7e2.png
在黄色区清理黑帮地下室,• Убить врагов в подвале Триады на Выжженных землях,在黄色区清理黑帮地下室,assets/images/任务/第一件圣物--a14f2da7e2.png
在红色区清理黑帮地下室,• Убить врагов в подвале Триады на Выжженных землях,在红色区清理黑帮地下室,assets/images/任务/龙王护身符--a367a6c984.png
在尖叫森林清理黑帮地下室,• Убить врагов в подвале Триады на Выжженных землях,在尖叫森林清理黑帮地下室,assets/images/任务/龙王护身符--a367a6c984.png
使用阿尔法编码器召唤一个盟友,• Убить врагов в подвале Триады на Выжженных землях,使用阿尔法编码器召唤一个盟友,assets/images/资源材料/阿月碎片--a2287cbdb8.png
在绿色区清理黑帮地下室,• Убить врагов в подвале Триады на Выжженных землях,在绿色区清理黑帮地下室,assets/images/任务/第一件圣物--a14f2da7e2.png
在黄色区清理黑帮地下室,• Убить врагов в подвале Триады на Выжженных землях,在黄色区清理黑帮地下室,assets/images/任务/第一件圣物--a14f2da7e2.png
在红色区清理黑帮地下室,• Убить врагов в подвале Триады на Выжженных землях,在红色区清理黑帮地下室,assets/images/任务/龙王护身符--a367a6c984.png
在尖叫森林清理黑帮地下室,• Убить врагов в подвале Триады на Выжженных землях,在尖叫森林清理黑帮地下室,assets/images/任务/龙王护身符--a367a6c984.png
完成每日剧情任务,• Убить врагов в подвале Триады на Выжженных землях,完成每日剧情任务,assets/images/建筑设施/剧情任务黑板--c2d722afd6.png
在绿色区清理黑帮地下室,• Убить врагов в подвале Триады на Выжженных землях,在绿色区清理黑帮地下室,assets/images/任务/第一件圣物--a14f2da7e2.png
在黄色区清理黑帮地下室,• Убить врагов в подвале Триады на Выжженных землях,在黄色区清理黑帮地下室,assets/images/任务/第一件圣物--a14f2da7e2.png
在红色区清理黑帮地下室,• Убить врагов в подвале Триады на Выжженных землях,在红色区清理黑帮地下室,assets/images/任务/龙王护身符--a367a6c984.png
在尖叫森林清理黑帮地下室,• Убить врагов в подвале Триады на Выжженных землях,在尖叫森林清理黑帮地下室,assets/images/任务/龙王护身符--a367a6c984.png
击杀金龙,• Убить врагов в подвале Триады на Выжженных землях,击杀金龙,assets/images/任务/金龙--c07ff96d89.png
第二件圣物,• Убить врагов в подвале Триады на Выжженных землях,你从龙女那里得知了下一个圣物的位置。在焦尸土地的地下室击杀所有黑帮战士来找到第二件圣物：一枚戒指。,assets/images/资源材料/能量块--4581a84736.png
第二件圣物,• Убить врагов в подвале Триады на Выжженных землях,你从龙女那里得知了下一个圣物的位置。在焦尸土地的地下室击杀所有黑帮战士来找到第二件圣物：一枚戒指。,assets/images/资源材料/能量块--4581a84736.png
获取黑帮钥匙,,获取黑帮钥匙,assets/images/任务/获取黑帮钥匙--cbc3c8a51d.png
获取黑帮钥匙,,获取黑帮钥匙,assets/images/任务/获取黑帮钥匙--cbc3c8a51d.png
获取黑帮钥匙,,获取黑帮钥匙,assets/images/任务/获取黑帮钥匙--cbc3c8a51d.png
使用阿尔法编码器召唤盟友,,使用阿尔法编码器召唤盟友,assets/images/任务/获取黑帮钥匙--cbc3c8a51d.png
使用阿尔法编码器召唤盟友,,使用阿尔法编码器召唤盟友,assets/images/任务/获取黑帮钥匙--cbc3c8a51d.png
使用碎片获得龙女,,使用碎片获得龙女,assets/images/任务/获取黑帮钥匙--cbc3c8a51d.png
击杀金龙,,击杀金龙,assets/images/任务/获取黑帮钥匙--cbc3c8a51d.png
Лес наступает,,"Мара попросила вас осмотреть Железные пустоши. Найдите там оплетенный груз и освободите его от корней. Будьте осторожны: когда вы прикоснетесь к грузу, вас атакуют Одержимые. Они уязвимы к тому же типу аномального урона, что и корни, оплетающие груз.",assets/images/资源材料/能量块--4581a84736.png
Лес наступает,,"Мара попросила вас осмотреть Железные пустоши. Найдите там оплетенный груз и освободите его от корней. Будьте осторожны: когда вы прикоснетесь к грузу, вас атакуют Одержимые. Они уязвимы к тому же типу аномального урона, что и корни, оплетающие груз.",assets/images/资源材料/能量块--4581a84736.png
Лес наступает,,"Мара попросила вас осмотреть Железные пустоши. Найдите там оплетенный груз и освободите его от корней. Будьте осторожны: когда вы прикоснетесь к грузу, вас атакуют Одержимые. Они уязвимы к тому же типу аномального урона, что и корни, оплетающие груз.",assets/images/资源材料/能量块--4581a84736.png
军医的差事,在前哨与要塞军医见面,要塞军医联系了你。到前哨去，从她那里获取剧情任务清单。,assets/images/地图地点/要塞兵团前哨--6799a4f0cf.png
未命名任务,,,
黑帮货物钥匙,,"通过搜索你击杀的敌人或者完成每日剧情任务和猎取钥匙任务，获得黑帮钥匙。
 作为完成任务的奖励，你获得的游荡者通行证点数不受每周通行证限制。",assets/images/任务/黑帮的回归--88d7e3c66a.png
第二件圣物,• Убить врагов в подвале Триады на Выжженных землях,你从龙女那里得知了下一个圣物的位置。在焦尸土地的地下室击杀所有黑帮战士来找到第二件圣物：一枚戒指。,assets/images/资源材料/能量块--4581a84736.png
生产细麻绳,,,assets/images/任务/兄弟会剧情任务--0faf5aa9c0.png
第二件圣物,• Убить врагов в подвале Триады на Выжженных землях,你从龙女那里得知了下一个圣物的位置。在焦尸土地的地下室击杀所有黑帮战士来找到第二件圣物：一枚戒指。,assets/images/资源材料/能量块--4581a84736.png
第二件圣物,• Убить врагов в подвале Триады на Выжженных землях,你从龙女那里得知了下一个圣物的位置。在焦尸土地的地下室击杀所有黑帮战士来找到第二件圣物：一枚戒指。,assets/images/资源材料/能量块--4581a84736.png
生产橡胶软管,,,assets/images/任务/兄弟会剧情任务--0faf5aa9c0.png
生产皮革,,,assets/images/任务/兄弟会剧情任务--0faf5aa9c0.png
使用弓或十字弓击杀敌人,,,assets/images/任务/兄弟会剧情任务--0faf5aa9c0.png
用任何武器击杀焦尸,,,assets/images/任务/兄弟会剧情任务--0faf5aa9c0.png
在方舟与CHAP交易,,,assets/images/任务/兄弟会剧情任务--0faf5aa9c0.png
获得能量强化器,,,assets/images/任务/兄弟会剧情任务--0faf5aa9c0.png
在方舟第12层击杀克劳怪首领,,,assets/images/任务/兄弟会剧情任务--0faf5aa9c0.png
使用酸性武器击杀任何敌人,,,assets/images/任务/兄弟会剧情任务--0faf5aa9c0.png
让你的盟友对敌人造成伤害,,,assets/images/任务/兄弟会剧情任务--0faf5aa9c0.png
击杀狼或麋鹿,,,assets/images/任务/兄弟会剧情任务--0faf5aa9c0.png
与要塞军医进行交易,,,assets/images/任务/兄弟会剧情任务--0faf5aa9c0.png
召唤一个盟友,,,assets/images/任务/兄弟会剧情任务--0faf5aa9c0.png
在黄色区搜索袋子,,,assets/images/任务/兄弟会剧情任务--0faf5aa9c0.png
击杀异象,,,assets/images/任务/兄弟会剧情任务--0faf5aa9c0.png
用近战武器杀死任何敌人,,,assets/images/任务/兄弟会剧情任务--0faf5aa9c0.png
用任何武器击杀食尸鬼,,,assets/images/任务/兄弟会剧情任务--0faf5aa9c0.png
与仓库商人进行交易,,,assets/images/任务/兄弟会剧情任务--0faf5aa9c0.png
获得经验性补品,,,assets/images/任务/兄弟会剧情任务--0faf5aa9c0.png
杀死仓库刽子手,,杀死仓库刽子手,assets/images/任务/兄弟会剧情任务--0faf5aa9c0.png
用火焰武器击杀任何敌人,,,assets/images/任务/兄弟会剧情任务--0faf5aa9c0.png
被围困的房屋,•  Поговорить с пришедшей девушкой,一个陌生人来到你的避难所。她可能需要帮助。和她谈谈，弄清楚她需要什么。你可以在风车找到她。,assets/images/其他物品/女俘虏--3fa1f7bac6.png
洛亚神的旨意,• Поговорить с Бокором-Кователем в подвале на Стоянке Могильщиков,伏都教巫师“铸造者”给了你蓝图，让你建造一个送葬者工作台。把它建在你的避难所里。要完成建造，你需要丹巴拉之血。你可以在被遗忘的墓地的巫师宝箱里找到它。建好工作台后，回到送葬者营地，与伏都教巫师交谈。,assets/images/建筑设施/送葬者工作台--4cd52f0181.png
预言家,• Поговорить с Бокором-Кователем в подвале на Стоянке Могильщиков,哈莉是塞西亚人，也是原送葬者。她要你打听她哥哥的遭遇。唯一知情的人是伏都教巫师“铸造者”，“铸造者”是神灵昂贡的牧师。在送葬者营地的地下室找到伏都教巫师并与之交谈。,assets/images/资源材料/能量块--4581a84736.png
购买1000点暗区突破点数,购买1000点暗区突破点数,购买1000点暗区突破点数,assets/images/任务/获取黑帮钥匙--cbc3c8a51d.png
购买2000点暗区突破点数,购买2000点暗区突破点数,购买2000点暗区突破点数,assets/images/任务/获取黑帮钥匙--cbc3c8a51d.png
使用碎片获得风暴游荡者,• Собрать бродяжника из фрагментов,,assets/images/任务/使用碎片获得风暴游荡者--b404d57c85.png
游荡者通行证达到35级,• Получить 35 уровень Пропуска бродяжника,Получить 35 уровень Пропуска бродяжника  [y],assets/images/其他物品/游荡者通行证点数--fef04b006d.png
获得游荡者通行证点数,• Получить 50000 очков Пропуска бродяжника,Получить 35 уровень Пропуска бродяжника  [y],assets/images/其他物品/游荡者通行证点数--fef04b006d.png
游荡者通行证达到60级,,,assets/images/其他物品/游荡者通行证点数--fef04b006d.png
让风暴游荡者对敌人造成伤害,• Нанести урон союзником бродяжником 50к,Нанести 50к урона союзником бродяжником [y],assets/images/任务/使用碎片获得风暴游荡者--b404d57c85.png
Управляющий квест - элитный пропуск бродяжника [y],• Управляющий квест - элитный пропуск бродяжника [y],Управляющий квест - элитный пропуск бродяжника [y],assets/images/资源材料/能量块--4581a84736.png
主动出击,• Get to the Vultures' camp,商人莱科维奇说，秃鹫在离你的避难所不远处扎了营。他们可能想袭击避难所。你决定袭击秃鹫营地，打他们个措手不及。要小心。储备药品和武器。,assets/images/地图地点/秃鹫营地--1eeef91afa.png
建筑师桌,• Get to the Vultures' camp,瑞弗特联系了你。根据她的提示，在神秘的地下室检查建筑师桌，完成任务。,assets/images/建筑设施/建筑师桌--723aa6d482.png
建筑师桌,• Get to the Vultures' camp,根据瑞弗特的提示，你检查了神秘的地下室里的建筑师桌。收集零件来完成任务。,assets/images/资源材料/建筑师桌零件--4d7b7fa881.png
建筑师桌,• Get to the Vultures' camp,为了完成任务，请找到所有必要的零件，并使用它们来恢复避难所中的建筑师桌。,assets/images/建筑设施/建筑师桌--723aa6d482.png
避难所建筑师,• Get to the Vultures' camp,要完成剧情任务，请使用避难所里的建筑师桌来组合“忠诚的朋友”装饰。你应该拥有所有必要的资源来这样做。,assets/images/建筑设施/忠诚的朋友--8849f1c600.png
避难所建筑师,• Get to the Vultures' camp,要完成任务，请点击屏幕底部的房子按钮，进入建筑标签页。选择你想要的装饰，把它安放在避难所中的任何空地上。,assets/images/建筑设施/忠诚的朋友--8849f1c600.png
避难所建筑师,• Get to the Vultures' camp,要获得一个强化器，请点击“忠诚的朋友”装饰。在指定区域放置1个狗粮，然后点击“获取强化器”按钮。,assets/images/建筑设施/忠诚的朋友--8849f1c600.png
野战药物,• Использовать промытые повязки,使用水洗绷带完成派系任务。你可以在治疗师桌上生产它们。,assets/images/补给消耗品/生产水洗绷带--004453e12d.png
野战药物,• Использовать бинты,使用绷带完成派系任务。你可以在2级治疗师桌上生产它们。,assets/images/补给消耗品/绷带--58b8353fe6.png
野战药物,• Использовать перевязочные пакеты,使用伤口敷料完成派系任务。你可以在3级治疗师桌上生产它们。,assets/images/补给消耗品/伤口敷料--2dc59680d1.png
活化注射,• Использовать стимулятор «Феникс»,使用在领地中发现的凤凰兴奋剂、特殊活动奖励和商人盒子以完成派系任务。,assets/images/补给消耗品/凤凰兴奋剂--cecbd5b4b8.png
快捷小吃,• Съесть тушеные помидоры,吃炖西红柿以完成派系任务。你可以在壁炉中烹饪它。,assets/images/补给消耗品/炖西红柿--c7f160b33c.png
肉类检测,• Съесть жареное мясо,吃烤肉以完成派系任务。你可以在壁炉中烹饪它。,assets/images/补给消耗品/烤肉--aed8190a0f.png
狩猎麋鹿,• Убить лосей из лука или арбалета,只使用弓或十字弓在领地狩猎麋鹿以完成派系任务。如果你没有武器，可以制作、夺取或购买武器。如果你得到盟友的帮助，盟友应该有相同的伤害类型。,assets/images/任务/血液样本--0f0069a83f.png
大灭绝,• Убить любых противников,在领地杀死土匪、焦尸或野生动物，以完成派系任务。,assets/images/资源材料/焦尸--a4e6e7f3d6.png
移动目标,• Убить бандитов метательным оружием,要完成此派系任务，请击杀任何土匪，并使用任何投掷武器造成至少一半的伤害。如果你得到盟友的帮助，盟友应该有相同的伤害类型。,assets/images/资源材料/狂腐士--6166b5fd12.png
无人认领的行李,• Обыскать чемодан на Опушке Леса,在森林郊区搜索公文包以完成派系任务。你可能需要多次返回此地点。,assets/images/资源材料/旧手提箱--95e7df2b59.png
袭击者狂热,• Сделать топор рейдера,在制作界面中制作袭击者之斧以完成派系任务。,assets/images/武器/袭击者之斧--4162947ac5.png
蘑菇苦啤,• Выпить спиртовые грибные настойки,喝蘑菇苦啤以完成派系任务。你可以在2级治疗师桌上生产它。,assets/images/补给消耗品/蘑菇苦啤--f48f958206.png
玫瑰果苦啤,• Выпить спиртовые настойки шиповника,喝玫瑰果苦啤以完成派系任务。你可以在2级治疗师桌上制作它。,assets/images/补给消耗品/玫瑰果苦啤--056141cccc.png
蜀羊泉,• Выпить спиртовые настойки на волчьих ягодах,喝蜀羊泉苦啤以完成派系任务。你可以在3级治疗师桌上制作它。,assets/images/补给消耗品/蜀羊泉苦啤--2d2fcce293.png
雷击,• Уничтожить «светлячков» на Старой АЗС,在旧加油站用投掷武器摧毁一只萤火虫以完成派系任务。,assets/images/任务/游荡者的任务--bc24ab9621.png
动物爱好者,• Убить Друга Зверей на Опушке Леса,前往森林郊区，杀死精英猎人森林野兽之友以完成派系任务。,assets/images/任务/森林之魂--435f2bf305.png
钢筋供应,• Произвести арматуру,在铁砧上生产钢筋，然后交给要塞兵团的前哨官。,assets/images/资源材料/钢筋--08db8f68c1.png
钢筋供应,• Отдать арматуру,在铁砧上生产钢筋，然后交给要塞兵团的前哨官。,assets/images/资源材料/钢筋--08db8f68c1.png
灭杀的证据,• Добыть уши горелых на Старой АЗС,前往旧加油站，杀死焦尸，夺取其耳朵作为证明，并将其拿给要塞兵团前哨官。,assets/images/资源材料/焦尸耳朵--bc1dd4362c.png
糖果爆炸,• Добыть артефакты «лимонка»,在领地获得爆裂糖果神器。它们经常出现在异象区，也可作为奖励获得。拿到神器后，把它交给要塞兵团前哨官，即可完成派系任务。,assets/images/补给消耗品/爆裂糖果--925f7840ea.png
糖果爆炸,• Добыть артефакты «лимонка»,在领地获得爆裂糖果神器。它们经常出现在异象区，也可作为奖励获得。拿到神器后，把它交给游荡者营地仓库的眼镜蛇，即可完成派系任务。,assets/images/补给消耗品/爆裂糖果--925f7840ea.png
有铁锭吗？,• Произвести железные чушки,在2级铁砧上生产铁锭，并将其送到仓库的眼镜蛇那里。,assets/images/资源材料/铁锭--c1d90e745f.png
有铁锭吗？,• Отдать железные чушки Кобре у Хозмага,在2级铁砧上生产铁锭，并将其送到仓库的眼镜蛇那里。,assets/images/资源材料/铁锭--c1d90e745f.png
有铁锭吗？,• Произвести железные чушки,在2级铁砧上生产铁锭，并将其送到避难所警报系统附近的要塞兵团前哨官那里。,assets/images/资源材料/铁锭--c1d90e745f.png
有铁锭吗？,• Отдать железные чушки офицеру на аванпосту «Оплота»,在2级铁砧上生产铁锭，并将其送到避难所警报系统附近的要塞兵团前哨官那里。,assets/images/资源材料/铁锭--c1d90e745f.png
天青石,• Добыть артефакты «лазурит»,在领地获得天青石神器。它们经常出现在异象区，也可作为奖励获得。拿到神器后，把它交给要塞兵团前哨官，即可完成派系任务。,assets/images/补给消耗品/天青石--f7f9febbf0.png
西红柿,• Приготовить тушеные помидоры,在壁炉里炖西红柿。炖好之后，将其交给要塞兵团的前哨官以完成派系任务。,assets/images/补给消耗品/炖西红柿--c7f160b33c.png
西红柿,• Отдать тушеные помидоры оплотовцу в Убежище,在壁炉里炖西红柿。炖好之后，将其交给要塞兵团的前哨官以完成派系任务。,assets/images/补给消耗品/炖西红柿--c7f160b33c.png
西红柿,• Приготовить тушеные помидоры,在壁炉里炖西红柿。炖好之后，将其交给仓库游荡者营地的眼镜蛇以完成派系任务。,assets/images/补给消耗品/炖西红柿--c7f160b33c.png
西红柿,• Отдать тушеные помидоры Кобре у Хозмага,在壁炉里炖西红柿。炖好之后，将其交给仓库游荡者营地的眼镜蛇以完成派系任务。,assets/images/补给消耗品/炖西红柿--c7f160b33c.png
木板,• Сделать качественные доски,在刨床上生产优质木板，并将其交给要塞兵团的前哨官以完成任务。,assets/images/资源材料/优质木板--1f92e23d6a.png
木板,• Отдать качественные доски оплотовцу в Убежище,在刨床上生产优质木板，并将其交给要塞兵团的前哨官以完成任务。,assets/images/资源材料/优质木板--1f92e23d6a.png
木板,• Сделать качественные доски,在刨床上生产优质木板，并将其交给游荡者营地仓库的眼镜蛇以完成任务。,assets/images/资源材料/优质木板--1f92e23d6a.png
木板,• Отдать качественные доски Кобре у Хозмага,在刨床上生产优质木板，并将其交给游荡者营地仓库的眼镜蛇以完成任务。,assets/images/资源材料/优质木板--1f92e23d6a.png
苦工,• Обработать бетон на станке каменщика,在泥瓦匠工作台上加工并交付混凝土。处理完成后，将其交给要塞兵团的前哨官以完成派系任务。,assets/images/资源材料/建筑混凝土--5094079ac2.png
苦工,• Отдать обработанный бетон офицеру на аванпосту «Оплота»,在泥瓦匠工作台上加工并交付混凝土。处理完成后，将其交给要塞兵团的前哨官以完成派系任务。,assets/images/资源材料/建筑混凝土--5094079ac2.png
苦工,• Обработать бетон на станке каменщика,在泥瓦匠工作台上加工并交付混凝土。处理完成后，将其交给游荡者营地仓库的眼镜蛇以完成派系任务。,assets/images/资源材料/建筑混凝土--5094079ac2.png
苦工,• Отдать обработанный бетон Кобре у Хозмага,在泥瓦匠工作台上加工并交付混凝土。处理完成后，将其交给游荡者营地仓库的眼镜蛇以完成派系任务。,assets/images/资源材料/建筑混凝土--5094079ac2.png
失物招领,• Обыскать спортивную сумку в Тихой роще,在寂静树丛搜索运动包以完成派系任务。可能需要一段时间才能找到。,assets/images/资源材料/战利品袋--dc0d1a4670.png
旧加油站死灵晶体,• Добыть некрокристаллы из горелых на Старой АЗС,在旧加油站杀死任何焦尸并夺取战利品，收集死灵晶体以完成派系任务。,assets/images/资源材料/死灵晶体--46eabe10a0.png
钢筋供应,• Произвести арматуру,在铁砧上生产钢筋，然后交给仓库的眼镜蛇。,assets/images/资源材料/钢筋--08db8f68c1.png
钢筋供应,• Отдать арматуру,在铁砧上生产钢筋，然后交给仓库的眼镜蛇。,assets/images/资源材料/钢筋--08db8f68c1.png
天青石,• Добыть и отдать «лазуриты» Кобре у Хозмага,在领地获得天青石神器。它们经常出现在异象区，也可作为奖励获得。拿到神器后，把它交给游荡者营地仓库的眼镜蛇，即可完成派系任务。,assets/images/补给消耗品/天青石--f7f9febbf0.png
密切接触,• Убить любых противников оружием ближнего боя,杀死领地上的任何敌人，用近战武器造成所有伤害以完成派系任务。如果你得到盟友的帮助，盟友应该有相同的伤害类型。,assets/images/资源材料/焦尸--a4e6e7f3d6.png
正义之火,• Убить бандитов огненным оружием,仅使用火焰武器杀死任何敌人以完成派系任务。你可以制作火焰武器，作为奖励领取，或者从商人那里购买。如果你得到盟友的帮助，盟友应该有相同的伤害类型。,assets/images/武器/狂热者狂腐士AKM--4809068d63.png
死亡与激情,• Убить бандитов из пистолета,杀死领地上的任何敌人，用手枪造成所有伤害以完成派系任务。如果你得到盟友的帮助，盟友应该有相同的伤害类型。,assets/images/武器/马卡洛夫手枪--584da1b991.png
与狼共舞,• Убить волков ножами или мачете,杀死领地上的任何狼，用刀或大砍刀造成所有伤害以完成派系任务。如果你得到盟友的帮助，盟友应该有相同的伤害类型。,assets/images/任务/猎狼--b060934367.png
移动目标,• Убить любых противников оружием дальнего боя,杀死领地上的任何敌人，用远程武器造成所有伤害以完成派系任务。如果你得到盟友的帮助，盟友应该有相同的伤害类型。,assets/images/资源材料/焦尸--a4e6e7f3d6.png
石墙,• Убить горелых у Аванпоста Оплота оружием дальнего боя,要完成此派系任务，请在要塞兵团前哨站旁击败焦尸。所有伤害必须使用远程武器造成。继续击杀焦尸，直到要塞兵团的士兵和炮塔向变异体开火。如果你得到盟友的帮助，盟友应该有相同的伤害类型。,assets/images/地图地点/要塞兵团前哨--6799a4f0cf.png
切割波浪,• Убить горелых у Аванпоста Оплота оружием ближнего боя,要完成此派系任务，请在要塞兵团前哨站旁击败焦尸。所有伤害必须使用近战武器造成。继续击杀焦尸，直到要塞兵团的士兵和炮塔向变异体开火。如果你得到盟友的帮助，盟友应该有相同的伤害类型。,assets/images/地图地点/要塞兵团前哨--6799a4f0cf.png
消防安全检查,• Убить огненных горелых в Сгоревшем ресторане,要完成此派系任务，需要在被烧毁的餐厅中杀死燃烧的焦尸。他们容易受到寒冷武器的伤害。,assets/images/任务/消防安全检查--2f08d7ee14.png
焦尸科学家,• Добыть артефакты «лазурит»,要完成此派系任务，请在方舟设施的第6层击杀焦尸科学家。如果你没有方舟钥匙卡或复用钥匙卡，请等到获得新的钥匙卡。,assets/images/任务/焦尸科学家--aebf8aa738.png
克劳怪首领,• Добыть артефакты «лазурит»,要完成此派系任务，请在方舟设施的第12层击杀克劳怪首领。酸性武器会派上用场。你可以通过完成送葬者营地的特殊活动来获得这些武器。如果你没有方舟钥匙卡或复用钥匙卡，请等到获得新的钥匙卡。,assets/images/任务/向下的道路--9cf723f9df.png
转瞬即逝的快乐,• Добыть артефакты «лазурит»,要完成此派系任务，请在方舟中使用临时奖励。方法是在奖励全息图消失之前走过它们。在你杀死敌人的地方会出现一个临时奖励。如果你没有方舟钥匙卡或复用钥匙卡，请等到获得新的钥匙卡。,assets/images/任务/方舟--b005094bec.png
简单的清理,• Убить любых противников в «желтых» и «красных» местах,要完成此派系任务，请在方舟的第1-6层击杀任何敌人。如果你没有方舟钥匙卡或复用钥匙卡，请等到获得新的钥匙卡。,assets/images/地图地点/要塞兵团前哨--6799a4f0cf.png
普通的清理,• Убить любых противников в «желтых» и «красных» местах,要完成此派系任务，请在方舟的第 7-12 层击杀任何敌人。如果你没有方舟钥匙卡或复用钥匙卡，请等到获得新的钥匙卡。,assets/images/地图地点/要塞兵团前哨--6799a4f0cf.png
魔鬼投弹,• Использовать артефакты «чертов еж»,在战斗中使用魔鬼海胆爆弹投掷神器以完成派系任务。你可以在异象区和其他地点找到这些神器。,assets/images/补给消耗品/魔鬼海胆爆弹--856a77662f.png
彻底治疗,• Использовать артефакты «лазурит»,使用天青石恢复生命值以完成派系任务。你可以在异象区和其他地点找到该神器。,assets/images/补给消耗品/天青石--f7f9febbf0.png
神器轰炸,• Использовать артефакты «лимонка»,在战斗中使用爆裂糖果炸药以完成派系任务。你可以在异象区和其他地点找到该神器。,assets/images/补给消耗品/爆裂糖果--925f7840ea.png
惩罚者食尸鬼,• Добыть артефакты «лазурит»,要完成此派系任务，请在方舟设施的第18层击杀惩罚者食尸鬼。酸性武器会派上用场。你可以通过完成送葬者营地的特殊活动来获得这些武器。如果你没有方舟钥匙卡或复用钥匙卡，请等到获得新的钥匙卡。,assets/images/任务/向下的道路--c2c6d3543f.png
仓库造物,• Добыть «кровавые слезы» в Хозмаге,在仓库中获得血泪球神器。它们通常可在烧毁的血色洞穴中找到。,assets/images/资源材料/血泪球--18cce58e94.png
仓库里的死灵晶体,• Добыть некрокристаллы из Туш в Хозмаге,杀死仓库中的肌肉焦尸，取得死灵晶体，并将其交给游荡者营地仓库的眼镜蛇。,assets/images/资源材料/仓库里的死灵晶体--b24f8c64f7.png
徽章,• Добыть знаки Капелланов Распада у Осажденного дома,前往被围困的房屋，消灭狂腐士的精英牧师并获取战利品。他们是狂腐士精英，在活动的一个阶段在房屋附近巡逻。如果你最近完成了被围困的房屋，则需要等待它再次出现。将狗牌交给前哨官以完成派系任务。,assets/images/资源材料/牧师狂腐士狗牌--750286d773.png
狂热分子的蜡封,• Добыть печати Капелланов Распада у Осажденного дома,前往被围困的房屋，消灭狂腐士的精英牧师并获取战利品。他们是狂腐士精英，在活动的一个阶段在房屋附近巡逻。如果你最近完成了被围困的房屋，则需要等待它再次出现。将蜡封交给游荡者营地仓库的眼镜蛇以完成派系任务。,assets/images/资源材料/牧师狂腐士的蜡封--e2c4abf91f.png
南侧,• Разобрать заваленный проход в Хозмаге,找到合适的工具并清除仓库中的障碍物以完成派系任务。别忘了先清除北部的所有血色洞穴。,assets/images/武器/镐--f973130c47.png
熔融铠甲,• Убить гуля-бригадира в Хозмаге кислотным оружием,前往仓库，仅使用酸性武器击杀酋长食尸鬼。酸性武器可在你避难所里的送葬者工作台上制作。,assets/images/任务/熔融铠甲--e73ca3b64a.png
燃烧的深渊,• Убить противников в Хозмаге огненным оружием,前往仓库，仅使用火焰武器杀死任何敌人。你可以制作武器，作为奖励领取，或者从商人那里购买。如果你得到盟友的帮助，盟友应该有相同的伤害类型。,assets/images/地图地点/仓库--4a05d440b5.png
一些证明,• Добыть уши Туш в Хозмаге,前往仓库杀死肌肉焦尸，夺取其耳朵，并将其拿给要塞兵团作为证明。,assets/images/资源材料/从仓库获得的肌肉焦尸耳朵--019fd54fb0.png
雷击,• Уничтожить «светлячков» на Старой АЗС,在旧加油站用投掷武器消灭萤火虫以完成派系任务。,assets/images/任务/游荡者的任务--bc24ab9621.png
临时凑合的药品,• Произвести бинты,在2级治疗师桌上制作绷带以完成派系任务。,assets/images/补给消耗品/绷带--58b8353fe6.png
收集亚麻,• Вырастить лен,在2级花园土地上种植亚麻以完成派系任务。你可以在领地上找到亚麻种子。,assets/images/资源材料/亚麻--11fa891b81.png
两节电池,• Использовать «энерджайзеры»,在领地中找到并使用能补充能量值的神器“能量激发器”以完成派系任务。,assets/images/补给消耗品/能量激发器--6ba4915bcb.png
活体锯木厂,• Добыть сырые доски,在领地上用斧头获取原生木板以完成派系任务。,assets/images/资源材料/原生木板--0217e8a5b8.png
重金属,• Добыть металлолом,在领地上获取废金属并用锤子打破桶以完成派系任务。,assets/images/资源材料/废金属--41a6f0fc87.png
领地的清理,• Убить любых противников в «желтых» и «красных» местах,在黄色和红色区杀死土匪、焦尸或野生动物，以完成派系任务。,assets/images/资源材料/焦尸--a4e6e7f3d6.png
异教徒来了,• Убить Атомного Факельщика у Осажденного дома,杀死被围困的房屋附近的核炬士头目以完成派系任务。如果特殊活动处于非活动状态，则需要等待它出现在全局地图上。,assets/images/任务/土匪头目--9459f43b94.png
仓库之火,• Уничтожить кровавые дыры в Хозмаге,在仓库里使用火焰武器烧毁血色洞穴，以完成派系任务。,assets/images/任务/仓库--eaab157708.png
减少数量,• Убить любых горелых в «желтых» и «красных» местах,在领地上的黄色和红色区，包括异象区和特殊活动中，杀死任何焦尸以完成派系任务。,assets/images/资源材料/焦尸--a4e6e7f3d6.png
以法律的名义,• Убить любых бандитов в «желтых» и «красных» местах,在黄色和红色区，包括特殊活动中，使用手枪杀死任何土匪，以完成派系任务。,assets/images/资源材料/狂腐士--6166b5fd12.png
铁皮,• Произвести и отдать железные листы офицеру на аванпосте,在2级铁砧上生产铁皮，做好后，将其送到要塞兵团前哨官那里以完成派系任务。,assets/images/资源材料/铁皮--56e75b8da7.png
铁皮,• Отдать железные листы офицеру на аванпосту «Оплота»,在2级铁砧上生产铁皮，做好后，将其送到要塞兵团前哨官那里以完成派系任务。,assets/images/资源材料/铁皮--56e75b8da7.png
药品供应,• Произвести перевязочные пакеты,在3级治疗师桌上制作伤口敷料以完成派系任务。,assets/images/补给消耗品/伤口敷料--2dc59680d1.png
有机棉花,• Вырастить хлопок,在3级花园土地上种植棉花，采摘后，将其送到要塞兵团前哨官那里以完成派系任务。,assets/images/资源材料/棉花--39eb74117d.png
有机棉花,• Отдать хлопок офицеру на аванпосту «Оплота»,在3级花园土地上种植棉花，采摘后，将其送到要塞兵团前哨官那里以完成派系任务。,assets/images/资源材料/棉花--39eb74117d.png
铁管,• Произвести железные трубы,在3级铁砧上生产一根铁管，并将其交给要塞兵团前哨官以完成派系任务。,assets/images/资源材料/铁管--2172f8d63f.png
铁管,• Найти и отдать железные трубы офицеру на аванпосту «Оплота»,在3级铁砧上生产一根铁管，并将其交给要塞兵团前哨官以完成派系任务。,assets/images/资源材料/铁管--2172f8d63f.png
推拉神器,• Отдать «тяни-толкаи» офицеру на аванпосту «Оплота»,前往旧加油站，从后院的UAZ越野车中得到推拉神器。旧加油站是一个异象区。如果你最近去过那里，可能需要等待时间重置。取得神器后，将其交给前哨的军官以完成派系任务。,assets/images/资源材料/推拉神器--1adbbba4a4.png
推拉神器,• Отдать «тяни-толкаи» Кобре у Хозмага,前往旧加油站，从后院的UAZ越野车中获得推拉神器。旧加油站是一个异象区。如果你最近去过那里，可能需要等待时间重置。取得神器后，将其交给游荡者营地仓库的眼镜蛇以完成派系任务。,assets/images/资源材料/推拉神器--1adbbba4a4.png
铁皮,• Произвести железные листы,在2级铁砧上生产铁皮，做好后，将其送到游荡者营地仓库的眼镜蛇那里以完成派系任务。,assets/images/资源材料/铁皮--56e75b8da7.png
铁皮,• Отдать железные листы Кобре у Хозмага,在2级铁砧上生产铁皮，做好后，将其送到游荡者营地仓库的眼镜蛇那里以完成派系任务。,assets/images/资源材料/铁皮--56e75b8da7.png
药品供应,• Произвести перевязочные пакеты,在3级治疗师桌上制作伤口敷料以完成派系任务。,assets/images/补给消耗品/伤口敷料--2dc59680d1.png
有机棉花,• Вырастить хлопок,在3级花园土地上种植棉花，采摘后，将其交给仓库附近的游荡者营地的眼镜蛇以完成派系任务。,assets/images/资源材料/棉花--39eb74117d.png
有机棉花,• Отдать хлопок Кобре у Хозмага,在3级花园土地上种植棉花，采摘后，将其交给仓库附近的游荡者营地的眼镜蛇以完成派系任务。,assets/images/资源材料/棉花--39eb74117d.png
铁管,• Произвести железные трубы,在3级铁砧上生产一根铁管，并将其交给游荡者营地仓库的眼镜蛇以完成派系任务。,assets/images/资源材料/铁管--2172f8d63f.png
铁管,• Отдать железные трубы Кобре у Хозмага,在3级铁砧上生产一根铁管，并将其交给游荡者营地仓库的眼镜蛇以完成派系任务。,assets/images/资源材料/铁管--2172f8d63f.png
消灭留名者,• Добыть уши Хватов,在黄色和红色区杀死留名者， 并夺取其耳朵以完成派系任务。,assets/images/资源材料/留名者耳朵--a081da9e37.png
消除克劳怪,• Добыть уши Когтей,在黄色和红色区杀死克劳怪， 并夺取其耳朵以完成派系任务。,assets/images/资源材料/克劳怪耳朵--c95d9e3878.png
消灭长舌僵尸,• Добыть уши Язычников,在黄色和红色区或仓库中杀死长舌僵尸，并夺取其耳朵以完成派系任务。,assets/images/资源材料/长舌僵尸耳朵--5f61a8b521.png
留名者的死灵晶体,• Добыть некрокристаллы Хватов,在黄色和红色区杀死留名者，并夺取死灵晶体以完成派系任务。有时在绿色区也能遇到留名者。,assets/images/资源材料/留名者的死灵晶体--487c514d12.png
克劳怪的死灵晶体,• Добыть некрокристаллы Когтей,在黄色和红色区杀死克劳怪，并夺取死灵晶体以完成派系任务。,assets/images/资源材料/克劳怪的死灵晶体--a2a959e45d.png
长舌僵尸的死灵晶体,• Добыть некрокристаллы Язычников,在红色区或仓库中杀死长舌僵尸，并夺取死灵晶体以完成派系任务。,assets/images/资源材料/长舌僵尸的死灵晶体--77a590bd8b.png
在家工作,• Найти рапорты офицера в домах на Опушке Леса,在森林郊区搜索房屋，并收集一份官员的报告以完成派系任务。你可能需要多次返回此地点。,assets/images/资源材料/官员的报告--556325f1cd.png
违章停车,• Найти докладные офицера в машинах в Мертвой низине,在荒凉山谷搜索汽车，并收集一份机密文件以完成派系任务。你可能需要多次返回此地点。,assets/images/资源材料/机密文件--1348c408c4.png
消灭守卫,• Добыть ухо Мертвого сторожа на Старой АЗС,在旧加油站杀死僵尸守卫并夺取战利品以完成派系任务。这是一个异象区域。你可能需要等待时间重置。,assets/images/资源材料/僵尸守卫的耳朵--38c78c7714.png
逃兵名单,• Найти докладные офицера в домах на Выжженных землях,在焦尸土地搜索房屋，并收集一份机密文件以完成派系任务。你可能需要多次返回此地点。,assets/images/资源材料/机密文件--1348c408c4.png
食尸鬼纪念碑,• Достать фрагмент алтаря в Хозмаге,前往仓库，疏通通道，摧毁南侧或监狱处的食尸鬼祭坛并夺取战利品，完成派系任务。在疏通通道之前，记得先烧掉北部的所有血色洞穴。,assets/images/资源材料/血色祭坛碎片--4ce1f1af57.png
西图斯之石,• Найти «камни Тесея» в домах на Выжженных землях,在焦尸土地搜索房屋，并收集一块西图斯之石以完成派系任务。你可能需要多次返回此地点。,assets/images/资源材料/西图斯之石--e8385a1ec9.png
奇怪的信,• Найти письмо неизвестному в домах на Лесополосе,在防风林搜索房屋以完成派系任务。你可能需要多次返回此地点。,assets/images/资源材料/奇怪的信--00a626861d.png
守卫的死灵晶体,• Добыть некрокристаллы Мертвого сторожа на Старой АЗС,在旧加油站杀死僵尸守卫并夺取战利品以完成派系任务。,assets/images/资源材料/僵尸守卫的死灵晶体--ff2bd95111.png
温暖之屋,• Найти артефакты «теплушка» в домах на Опушке Леса,在森林郊区搜索房屋，并收集该神器以完成派系任务。你可能需要多次返回此地点。,assets/images/资源材料/暖绒球--2d7c47c9d6.png
各有所爱,• Убить бандитов из автомата/ПП в «желтых» и «красных» местах,在红色和黄色危险区中杀死土匪，用突击步枪或冲锋枪造成所有伤害以完成派系任务。如果你得到盟友的帮助，盟友应该有相同的伤害类型。,assets/images/资源材料/狂腐士--6166b5fd12.png
僵尸狩猎,• Убить горелых из дробовика в «желтых» и «красных» местах,在红色和黄色危险区中杀死焦尸，用散弹枪造成所有伤害以完成派系任务。如果你得到盟友的帮助，盟友应该有相同的伤害类型。,assets/images/资源材料/焦尸--a4e6e7f3d6.png
血腥冲突,• Убить бандитов симбиотическим оружием гулей в «желтых» и «красных» местах,在红色和黄色危险区击杀土匪，用食尸鬼共生武器造成所有伤害以完成派系任务。你可以在仓库商人处找到武器。如果你得到盟友的帮助，盟友应该有相同的伤害类型。,assets/images/资源材料/森林之友--a7483a10bb.png
溶剂,• Убить горелых кислотным оружием в «желтых» и «красных» местах,在除被遗忘的墓地之外的红色和黄色区击杀焦尸，用酸性武器造成所有伤害以完成派系任务。酸性武器可在你避难所的送葬者工作台上制作。如果你得到盟友的帮助，盟友应该有相同的伤害类型。,assets/images/资源材料/焦尸--a4e6e7f3d6.png
僵尸焚化者,• Убить горелых огненным оружием в «желтых» и «красных» местах,在红色和黄色危险区域击杀焦尸，使用火焰武器造成所有伤害以完成派系任务。你可以制作火焰武器，作为奖励领取，或者从商人那里购买。如果你得到盟友的帮助，盟友应该有相同的伤害类型。,assets/images/资源材料/焦尸--a4e6e7f3d6.png
密切接触,• Убить любых противников оружием ближнего боя,在红色和黄色危险区中杀死任何敌人，用近战武器造成所有伤害以完成派系任务。如果你得到盟友的帮助，盟友应该有相同的伤害类型。,assets/images/武器/大砍刀--f94e6eae78.png
射击场,• Убить любых противников оружием дальнего боя,在红色和黄色危险区中杀死任何敌人，用远程武器造成所有伤害以完成派系任务。如果你得到盟友的帮助，盟友应该有相同的伤害类型。,assets/images/武器/AKM--ec1a9c7219.png
荷官,找到扑克牌并交给仓库的眼镜蛇,要完成此派系任务，需要找到并交付扑克牌。它们可以在领地各处找到：例如，在寂静树丛、焦尸土地和其他地点。当你拿到牌后，将它们交给仓库的眼镜蛇。,assets/images/资源材料/卡牌--b41a72b516.png
荷官,找到扑克牌并将其交给要塞兵团前哨官,要完成此派系任务，需要找到并交付扑克牌。它们可以在领地各处找到：例如，在寂静树丛、焦尸土地和其他地点。当你拿到牌后，将它们交给要塞兵团前哨的军官。,assets/images/资源材料/卡牌--b41a72b516.png
点火钥匙,找到车钥匙并交给仓库的眼镜蛇,要完成此派系任务，需要找到并交付车钥匙。它们可以在领地各处找到：例如，在寂静树丛、焦尸土地和其他地点。当你拿到车钥匙后，将它们交给仓库的眼镜蛇。,assets/images/资源材料/汽车钥匙--a67d4f93d1.png
点火钥匙,找到车钥匙并将其交给要塞兵团前哨官,要完成此派系任务，需要找到并交付车钥匙。它们可以在领地各处找到：例如，在寂静树丛、焦尸土地和其他地点。当你拿到车钥匙后，将它们交给要塞兵团前哨的军官。,assets/images/资源材料/汽车钥匙--a67d4f93d1.png
猎杀屠夫,•‎ Убить Мясника в Сгоревшем ресторане,要完成此派系任务，在被烧毁的餐厅里杀死屠夫。记住：火焰攻击会恢复他的生命值，但他容易受到寒冷武器伤害。,assets/images/其他物品/屠夫遗体--4cd464553b.png
餐厅向导,• Установить вешки в Сгоревшем ресторане,要完成此派系任务，需要在被烧毁的餐厅放置塔棒。你可以自己制作塔棒，但是为了获得必要的资源，必须升级避难所里的工作台。被烧毁的餐厅是一个异象区，如果你最近清理过它，就必须等待时间重置。,assets/images/补给消耗品/游荡者塔棒--58b1f392e5.png
困难的清理,• Убить любых противников в «желтых» и «красных» местах,要完成此派系任务，请在方舟的第14-18 层击杀任何敌人。如果你没有方舟钥匙卡或复用钥匙卡，请等到获得新的钥匙卡。,assets/images/地图地点/要塞兵团前哨--6799a4f0cf.png
疯狂的清理,• Убить любых противников в «желтых» и «красных» местах,要完成此派系任务，请在方舟的第19-24 层击杀任何敌人。如果你没有方舟钥匙卡或复用钥匙卡，请等到获得新的钥匙卡。,assets/images/地图地点/要塞兵团前哨--6799a4f0cf.png
最后的努力,• Убить любых противников в «желтых» и «красных» местах,如果你没有方舟钥匙卡或复用钥匙卡，请等到获得新的钥匙卡。,assets/images/地图地点/要塞兵团前哨--6799a4f0cf.png
永动机,• Потратить энергию,有些行动会消耗能量值。比如搜索箱子、使用隐形模式，或者开采资源等。但在这个派系任务中，在全局地图上跑动的能量消耗会被忽略。,assets/images/资源材料/能量值--7ef23f1acd.png
诚实的交易,• Поторговать с торговцем Союза,与贸易联盟商人交易以完成派系任务。你可能需要等待他的营地出现在全局地图上。,assets/images/地图地点/商人的营地--1a9817e7d0.png
购买装备,• Поторговать с механиком Занозой,与工程师斯普林特交易以完成派系任务。你可能需要等待她的营地出现在全局地图上。,assets/images/任务/自行车赛季--f45c38dad9.png
黑市,在被烧毁的餐厅旁与商人交易,要完成此派系任务，需要在被烧毁的餐厅旁与商人进行交易，用屠夫的沸血和一把普通武器交换一把具有特殊伤害的武器，或者和他进行不同的交易。沸血可以通过在锅炉房杀死屠夫获得。,assets/images/任务/黑市--2fb74ff8b5.png
货币储备,• Добыть баксы,找到钱，你可以在任何危险区找到钱，但它们经常出现在黄色和红色区。当你找到一些之后，将其交给要塞兵团的前哨官以完成派系任务。,assets/images/资源材料/钱--d012d98085.png
钻石和黄金,• Найти украшения,找到并运送珠宝。你可以在任何危险区找到珠宝，但它们经常出现在黄色和红色区。当你找到一些之后，将其交给要塞兵团的前哨官以完成派系任务。,assets/images/资源材料/珠宝--58d9eed214.png
货币储备,• Добыть баксы,找到钱，你可以在任何危险区找到钱，但它们经常出现在黄色和红色区。当你找到一些之后，将其交给游荡者营地仓库的眼镜蛇以完成派系任务。,assets/images/资源材料/钱--d012d98085.png
钻石和黄金,• Найти украшения,找到并运送珠宝。你可以在任何危险区找到珠宝，但它们经常出现在黄色和红色区。当你找到一些之后，将其交给游荡者营地仓库的眼镜蛇以完成派系任务。,assets/images/资源材料/珠宝--58d9eed214.png
清澈透明,• Найти водку «Гарковская»,找到并运送加尔科夫伏特加。你可以在领地各处找到它，但主要是在仓库和红色区。当你找到一些之后，将其交给要塞兵团的前哨官以完成派系任务。,assets/images/补给消耗品/“Garkoff”伏特加--56bb71573d.png
啤酒花和麦芽,• Найти «Мистику-76»,找到并运送战前啤酒。你可以在领地各处找到它，但主要是在危险的红色区和异象区。当你找到一些之后，将其交给要塞兵团的前哨官以完成派系任务。,assets/images/补给消耗品/战前啤酒--3652084e5a.png
清澈透明,• Найти водку «Гарковская»,找到并运送加尔科夫伏特加。你可以在各处找到它，但主要是在仓库和红色区。当你找到一些之后，将其交给游荡者营地仓库的眼镜蛇以完成派系任务。,assets/images/补给消耗品/“Garkoff”伏特加--56bb71573d.png
啤酒花和麦芽,• Найти «Мистику-76»,找到并运送战前啤酒。你可以在领地各处找到它，但主要是在危险的红色区和异象区。当你找到一些之后，将其交给游荡者营地仓库的眼镜蛇以完成派系任务。,assets/images/补给消耗品/战前啤酒--3652084e5a.png
方舟中的伏都教巫师,• Добыть артефакты «лазурит»,要完成此派系任务，请在方舟设施的第24层击杀萨梅迪伏都教巫师。电力武器会派上用场。你可以在餐厅的商人那里获得它们。如果你没有方舟钥匙卡或复用钥匙卡，请等到获得新的钥匙卡。,assets/images/任务/方舟中的伏都教巫师--376f685e89.png
萨梅迪男仆,• Убить Слугу Самеди в Мертвой низине,前往荒凉山谷，杀死精英送葬者萨梅迪男仆以完成派系任务。,assets/images/任务/萨梅迪男仆--46727283f1.png
森林之魂,• Убить Хранителя Леса на Лесополосе,前往防风林，消灭精英森林管理员以完成派系任务。,assets/images/任务/森林之魂--435f2bf305.png
楼层清理#5,• Убить любых противников в «желтых» и «красных» местах,要完成此派系任务，请在方舟的第25-30层击杀任何敌人。如果你没有方舟钥匙卡或复用钥匙卡，请等到获得新的钥匙卡。,assets/images/地图地点/要塞兵团前哨--6799a4f0cf.png
仓库大屠杀,• Убить противников в Хозмаге,在仓库里杀死任何敌人来完成派系任务。可能需要不止一次尝试。请等待时间重置。,assets/images/任务/食尸鬼杀手--07f1dc65e0.png
刽子手的惩罚,• Убить Палача Хозмага,要完成此派系任务，请等待刽子手在仓库或监狱重生，然后击杀它。它每次复活后力量都会增强。如果你烧毁所有的血色洞穴，刽子手就无法重生。,assets/images/任务/仓库刽子手--031299efb4.png
打倒精英！,• Убить элитных противников в «красных» зонах,在荒凉山谷或防风林杀死精英敌人以完成派系任务。精英敌人的名称用橙色标明。,assets/images/任务/土匪头目--506b2950a7.png
全面消灭,• Убить любых противников в «красных» местах,在红色区、仓库或尖叫森林杀死土匪、焦尸或野生动物，以完成派系任务。,assets/images/资源材料/焦尸--a4e6e7f3d6.png
冲锋枪单元,• Найти пулеметные ленты в машинах в Мертвой низине,在荒凉山谷的汽车中找到弹链。你可能需要多次返回此地点。找到弹链并将其交给要塞兵团前哨官以完成派系任务。,assets/images/资源材料/弹链--bc4028450c.png
军用无人机,• Найти фрагменты боевого дрона в Мертвой низине,在荒凉山谷搜索盒子、背包和袋子以找到要塞兵团的无人机碎片。你可能需要多次返回此地点。找到之后，将神器交给要塞兵团前哨官以完成派系任务。,assets/images/资源材料/军用无人机碎片--70df4a951a.png
军事库存,"• Найти сухпай, разбивая киркой бочки в Мертвой низине",在荒凉山谷中仅使用镐或硬化锤子破坏桶，找到口粮以完成任务。将口粮交给要塞兵团的前哨官。,assets/images/资源材料/要塞兵团的口粮--508c139012.png
烧毁的电容器,• Найти конденсаторы в трансформаторах в Лесополосе,在防风林搜索电力变流器隔间以完成派系任务。你可能需要多次返回此地点。,assets/images/资源材料/电容器--63190efa55.png
吸血蛭的死灵晶体,• Добыть некрокристаллы из аномалий в Хозмаге,只使用手榴弹杀死仓库中的吸血蛭，从它们那里取得死灵晶体。你可能需要多次回到这个地点。将死灵晶体交给仓库的眼镜蛇。,assets/images/资源材料/吸血蛭的死灵晶体--fe6210a8a2.png
森林蝾螈,• Добыть артефакты из деревьев Лесополосы пожарным топором,囤积斧头和装备，前往防风林并砍倒树木。获得神器后，将其交给仓库的眼镜蛇以完成派系任务。,assets/images/资源材料/蝾螈--d59029937f.png
警笛之歌,• Отдать артефакты «сирена» Кобре у Хозмага,在荒凉山谷用火焰杀死土匪和焦尸，夺取警笛神器。你可能需要多次返回此地点。将警笛交给仓库的眼镜蛇。,assets/images/资源材料/警笛--27a1b9fa5d.png
黑色蜘蛛网,• Добыть «черный саван» из бочек в Мертвой низине,囤积工具和装备，前往荒凉山谷，并破坏金属桶。获得黑色寿衣神器后，将其交给游荡者营地仓库的眼镜蛇以完成派系任务。,assets/images/资源材料/黑色寿衣--ebf948978b.png
面对面,• Убить любых противников оружием ближнего боя,在红色危险区中杀死任何敌人，用近战武器造成所有伤害以完成派系任务。如果你得到盟友的帮助，盟友应该有相同的伤害类型。,assets/images/资源材料/焦尸--a4e6e7f3d6.png
射杀,• Убить любых противников оружием дальнего боя,在红色危险区中杀死任何敌人，用远程武器造成所有伤害以完成派系任务。如果你得到盟友的帮助，盟友应该有相同的伤害类型。,assets/images/资源材料/焦尸--a4e6e7f3d6.png
红热,摧毁仓库监狱中的魔茧,摧毁仓库监狱中的魔茧以完成派系任务。你需要粉碎武器。,assets/images/怪物/1号魔茧--49aa3398e2.png
暗影杀戮,• Убить теневых двойников в «красных» местах,在荒凉山谷和防风林击杀复制体以完成派系任务。它们是非常危险的对手。打开空投会吸引复制体。,assets/images/任务/黑暗克隆攻击--b2e501c4ed.png
狙击手,• Убить любых противников из винтовок в «красных» местах,在红色危险区中杀死任何敌人，用步枪造成所有伤害以完成派系任务。如果你得到盟友的帮助，盟友应该有相同的伤害类型。,assets/images/资源材料/焦尸--a4e6e7f3d6.png
新的考古学,找到平板电脑并交给仓库的眼镜蛇,要完成此派系任务，需要找到并交付平板电脑。它们可以在领地各处找到：例如，在寂静树丛、防风林和其他地点。当你拿到平板电脑后，将它们交给仓库的眼镜蛇。,assets/images/资源材料/平板电脑--db4ae351e8.png
新的考古学,找到平板电脑并将其交给要塞兵团前哨官,要完成此派系任务，需要找到并交付平板电脑。它们可以在领地各处找到：例如，在寂静树丛、防风林和其他地点。当你拿到平板电脑后，将它们交给要塞兵团前哨的军官。,assets/images/资源材料/平板电脑--db4ae351e8.png
蛇彭特标志,找到平板电脑并将其交给要塞兵团前哨官,在合作模式下，在被遗忘的墓地击杀萨梅迪巫师，收集蛇彭特标志作为你给要塞兵团的努力证明。当你拿到标志后，将它们交给要塞兵团的前哨官。,assets/images/资源材料/蛇彭特标志--d646fe1075.png
蛇彭特标志,找到平板电脑并将其交给要塞兵团前哨官,在合作模式下，在被遗忘的墓地击杀萨梅迪巫师，为自由游荡者兄弟会收集蛇彭特标志。当你拿到标志后，在游荡者营地的仓库将它们交给眼镜蛇。,assets/images/资源材料/蛇彭特标志--d646fe1075.png
刽子手实验鼠,• Убить образец в Объекте «Стокер»,在储料设施杀死标本以完成派系任务。你需要止血剂、烧灼治疗器和输血包。,assets/images/任务/储料设施--fc7a794aff.png
新娘实验鼠,• Убить образцы в Объекте «Близнецы»,在双子设施杀死标本以完成派系任务。你需要压缩空气罐、防酸斗篷和中和喷雾。,assets/images/任务/新娘实验鼠--332bf9a955.png
守卫实验鼠,• Убить образец в Объекте «Диод»,在二极管设施杀死标本以完成派系任务。你需要绝缘体、金属箔和硬橡胶。,assets/images/任务/守卫实验鼠--686806c210.png
猎杀猎人,• Убить Лесовиков в Кричащем Лесу,在尖叫森林中杀死森林之子以完成派系任务。,assets/images/资源材料/森林之友--a7483a10bb.png
狂腐士的忏悔,• Добыть артефакты «лазурит»,要完成此派系任务，请在方舟设施的第30层击杀核焚化者和狂腐士风琴师。冰霜武器会派上用场。你可以在餐厅的商人那里获得它们。如果你没有方舟钥匙卡或复用钥匙卡，请等到获得新的钥匙卡。,assets/images/任务/狂腐士的忏悔--bddcc2ce9e.png
森林野兽,• Убить Зверя Леса,在尖叫森林中的森林野兽巢穴中击杀森林野兽以完成派系任务。你需要能造成重伤的武器。它们可以在仓库商人处购买。,assets/images/任务/失踪的铁匠--8c3da0365a.png
新的同伴,召唤一个新的盟友,通过使用编码器或阿尔法编码器完成派系任务，来召唤任何盟友。,assets/images/任务/新的同伴--66f1a122fa.png
近战,• Нанести урон союзником ближнего боя 10к [y],你的盟友必须造成近战伤害才能完成派系任务。合适的盟友包括阿河、焚烧者或助猎者赛勒斯。,assets/images/随从/阿河--92cabefd13.png
远程打击,• Нанести урон союзником ближнего боя 10к [y],你的盟友必须造成远程伤害才能完成派系任务。合适的盟友包括侦察员格蕾丝、缠结异象或蝰蛇玛蒂亚。,assets/images/随从/侦察员格蕾丝--8783862fa1.png
每日进度,• Выполнить ежедневные задания[y],每天都有6个每日剧情任务供你完成。如果你全部完成了，请等待第二天出现新的剧情任务。,assets/images/建筑设施/剧情任务黑板--c2d722afd6.png
坟墓的召唤,• Убить противников на Забытом кладбище [y],前往被遗忘的墓地，击杀防御那里的敌人，以完成派系任务。摧毁异象不算在内！,assets/images/地图地点/被遗忘的墓地--8e16d64025.png
机械交换,• 与盟友的CHAP交易,在避难所的盟友基地与CHAP交易，以完成派系任务。盟友的CHAP接受其他商人认为有价值的物品。在领地上和异象区寻找它们。,assets/images/任务/实验结果--c000d61f05.png
有吸引力的交易,• Совершить сделки с ЧАПом союзников [y],在避难所的盟友基地与基拉交易，以完成派系任务。基拉接受来自废弃避难所的神器、黄金或你在完成方舟中的头目楼层时获得的狗牌。,assets/images/任务/战友--885cc4f750.png
黑客工具,• Совершить сделки с ЧАПом союзников [y],自己制作2级撬锁工具，或与盟友基地的基拉等商人交易得到它，以完成派系任务。,assets/images/资源材料/2级撬锁工具--a3350c2c07.png
经验丰富的黑客,• Сделать или выменять отмычки 3 уровня [y],自己制作3级撬锁工具，或与盟友基地的基拉等商人交易得到它，以完成派系任务。,assets/images/资源材料/3级撬锁工具--5532f13852.png
方舟中的支援,• Нанести урон союзником в Ковчеге [y],与你的盟友一起前往方舟并消灭敌人，以完成派系任务。只有你的盟友造成的伤害才算数！,assets/images/地图地点/方舟--2cf80cd8c8.png
防风林中的支援,• Нанести урон союзником в Ковчеге [y],与你的盟友一起前往防风林并消灭敌人，以完成派系任务。只有你的盟友造成的伤害才算数！,assets/images/地图地点/防风林--c799a744c6.png
荒凉山谷中的支援,• Нанести урон союзником в Мертвой низине [y],与你的盟友一起前往荒凉山谷并消灭敌人，以完成派系任务。只有你的盟友造成的伤害才算数！,assets/images/地图地点/荒凉山谷--cd5f6f3afb.png
坟墓狂热,• [Без отряда] Добыть ключи элиток на Забытом кладбище [y],前往被遗忘的墓地，击杀萨梅迪巫师，并获得送葬者钥匙以完成派系任务。,assets/images/地图地点/被遗忘的墓地--8e16d64025.png
萨梅迪的惩罚,• Призвать и убить босса на Забытом кладбище,前往被遗忘的墓地并击杀萨梅迪伏都教巫师以完成派系任务。此头目会在你击杀两名萨梅迪巫师后出现。,assets/images/任务/萨梅迪伏都教巫师--5b35ed01c4.png
异象祸害,• Уничтожить бешеных светлячков на красных локациях,前往防风林或荒凉山谷，消灭摧毁疯狂萤火虫异象以完成派系任务。你需要一件具有常规或酸性伤害的投掷武器。,assets/images/任务/突袭红色区--b31ec6a8cc.png
未命名任务,• Уничтожить Темные Разломы в «зеленых» местах,,assets/images/资源材料/焦尸--a4e6e7f3d6.png
未命名任务,,,assets/images/资源材料/能量块--4581a84736.png
新的派系任务,在避难所使用信号报警系统,使用避难所掩体附近的信号报警系统接收新的派系任务。,assets/images/资源材料/扬声器--f00eac8eeb.png
新的派系任务,在避难所使用信号报警系统,使用避难所掩体附近的信号报警系统接收新的派系任务。,assets/images/资源材料/扬声器--f00eac8eeb.png
猎兔,"• Убить зайцеголовых на ""желтых"" локациях",在森林郊区和焦尸土地击杀兔头以完成此剧情任务。,assets/images/资源材料/能量块--4581a84736.png
春季节庆,"• Убить зайцеголовых на ""желтых"" локациях",一个称为彩蛋收集者的陌生幸存者联系了你。前往你避难所的风车那里，与收集者交谈，了解他是谁、想要什么，以及他头上到底戴着什么。,assets/images/任务/春季节庆--5eceaa4630.png
春季节庆,"• Убить зайцеголовых на ""желтых"" локациях",彩蛋收集者告诉了你关于春季节庆的情况。在领地上的篮子里可以找到彩蛋，你可以用解码器来破译它们。在任何通常地点找到篮子里的彩蛋和一个兔头解码器。可能需要一段时间才能获得物品。,assets/images/任务/春季节庆--73afafacb5.png
春季节庆,"• Убить зайцеголовых на ""желтых"" локациях",你已经完成了这个地点的一切。返回到全局地图。,assets/images/任务/谢尔普的神器--ff516a233d.png
贸易关系,Поговорить с Кирой описание [y],基拉联系了你。在避难所的盟友基地与她交谈，了解详情。,assets/images/任务/战友--885cc4f750.png
贸易关系,Поторговать с ЧАПом описание [y],你听了基拉的信息，了解了与盟友CHAP的交易。要领回你的装备，你需要检查其商品范围，并选择相应的选项。,assets/images/任务/实验结果--c000d61f05.png
在绿色区杀死兔头,• Exterminate the Breach in green zones,,assets/images/任务/猎兔--efbbf3033c.png
Earn Spring Festival points,,,assets/images/资源材料/能量块--4581a84736.png
在黄色区杀死兔头,,,assets/images/任务/猎兔--efbbf3033c.png
在领地上找到篮子里的彩蛋,,,assets/images/资源材料/密封彩蛋--db791e08cd.png
在领地上找到兔头身上的解码器,,,assets/images/资源材料/神器解码器--ac7f74b4d7.png
获得春季节庆点数,,,assets/images/任务/获得春季节庆点数--f01184c393.png
新剧情任务,等到第二天,你完成了今天所有的春季节庆剧情任务。剧情任务将在明天刷新，与此同时，你可以通过寻找、识别彩蛋，并将彩蛋交给你避难所风车旁的彩蛋收集者，获得活动点数。,assets/images/任务/新剧情任务--80fda52097.png
Управляющий квест - элитный пропуск бродяжника [y],• Управляющий квест - элитный пропуск бродяжника [y],Управляющий квест - элитный пропуск бродяжника [y],assets/images/资源材料/能量块--4581a84736.png
召唤一个盟友,• Собрать бродяжника из фрагментов,,assets/images/资源材料/独特盟友--6727e0e2b2.png
游荡者通行证达到35级,• Получить 35 уровень Пропуска бродяжника,Получить 35 уровень Пропуска бродяжника  [y],assets/images/其他物品/游荡者通行证点数--fef04b006d.png
获得游荡者通行证点数,• Получить 50000 очков Пропуска бродяжника,Получить 35 уровень Пропуска бродяжника  [y],assets/images/其他物品/游荡者通行证点数--fef04b006d.png
游荡者通行证达到50级,,,assets/images/其他物品/游荡者通行证点数--fef04b006d.png
让你的盟友对敌人造成伤害,• Нанести урон союзником бродяжником 50к,Нанести 50к урона союзником бродяжником [y],assets/images/资源材料/独特盟友--6727e0e2b2.png
未命名任务,• Убить гулей из Хозмага в «зеленых» местах,,assets/images/任务/新剧情任务--80fda52097.png
求救信号,,你收到了一个来自希望农场的求救信号。去那里看看谁攻击了它。你需要一辆自行车才能到达农场。要小心。储备武器和药品。,assets/images/地图地点/希望农场--aa4c9ec955.png
匪徒攻击,,你到达了希望农场。从幸存者那里了解发生了什么。,assets/images/任务/匪徒攻击--75e7943aec.png
农场对决,,匪徒攻击了希望农场。攻击是由该黑帮的执法者领导的。可能有低级别的匪徒保护他。在农场西北部的夏季厨房附近击杀执法者和他的保镖，完成剧情任务。,assets/images/任务/旧债--fa4dd60c98.png
营救幸存者,,当匪徒攻击农场时，其中一个农场工人没能藏起来。拯救她以完成剧情任务。她很可能在菜园田地附近。,assets/images/其他物品/女俘虏--3fa1f7bac6.png
火力侦察,,你救了那个农场工人，并解决了攻击农场的匪徒。进入房子，看看是否有其他幸存者。,assets/images/任务/火力侦察--df87d23e09.png
火力侦察,,进入房子后，你发现复活的农夫在里面。这个头目对酸性武器的攻击脆弱，并会用特殊攻击造成大量的伤害。击杀他以完成剧情任务。,assets/images/怪物/复活的农夫--f4cc398f0f.png
禁闭,,你已击杀复活的农夫。搜索匪徒的尸体，拿取囚徒笼子的钥匙，完成剧情任务。,assets/images/资源材料/地下室钥匙--4d6beeb99e.png
禁闭,,你搜索了匪徒的尸体，找到了笼子的钥匙。打开它，完成剧情任务。,assets/images/任务/拯救塞西亚人--dc459a7401.png
禁闭,,你找到了笼子的钥匙，救出了囚犯。与他交谈以完成剧情任务。,assets/images/任务/禁闭--2ed4e491ac.png
未命名任务,,,assets/images/资源材料/能量块--4581a84736.png
未命名任务,,,assets/images/资源材料/能量块--4581a84736.png
农场的故事,• Обыскать труп в Загадочном подвале,击杀复活的农夫后，你注意到他的工作服口袋里露出一张纸。你直觉应该检查这具尸体。,assets/images/其他物品/尸体--c501f2a4fe.png
农场的故事,• Дождаться темпорального сброса Старой АЗС,在农场，你发现了一页私人日记，是阿尔乔姆和尼克的父亲写的。希望农场是一个异象区。你需要等待时间重置才能找到日记中的另一页或其他笔记。在全局地图上，倒计时会显示在希望农场的上方。,assets/images/地图地点/希望农场--aa4c9ec955.png
农场的故事,• Найти вторую запись Насти на Старой АЗС,在农场，你发现了一页私人日记，是阿尔乔姆和尼克的父亲写的。希望农场应该有更多的日记页面或其他笔记。收集它们以了解更多关于异象区和领地的信息。你可以在PDA的笔记部分找到这些笔记。,assets/images/其他物品/家长来信--8ff5169e26.png
农场的故事,• Дождаться темпорального сброса Старой АЗС,在农场，你发现了一页私人日记，是阿尔乔姆和尼克的父亲写的。希望农场是一个异象区。你需要等待时间重置才能找到日记中的另一页或其他笔记。在全局地图上，倒计时会显示在希望农场的上方。,assets/images/地图地点/希望农场--aa4c9ec955.png
农场的故事,• Найти вторую запись Насти на Старой АЗС,在农场，你发现了一页私人日记，是阿尔乔姆和尼克的父亲写的。希望农场应该有更多的日记页面或其他笔记。收集它们以了解更多关于异象区和领地的信息。你可以在PDA的笔记部分找到这些笔记。,assets/images/其他物品/家长来信--8ff5169e26.png
农场的故事,• Дождаться темпорального сброса Старой АЗС,在农场，你发现了一页私人日记，是阿尔乔姆和尼克的父亲写的。希望农场是一个异象区。你需要等待时间重置才能找到日记中的另一页或其他笔记。在全局地图上，倒计时会显示在希望农场的上方。,assets/images/地图地点/希望农场--aa4c9ec955.png
农场的故事,• Найти вторую запись Насти на Старой АЗС,在农场，你发现了一页私人日记，是阿尔乔姆和尼克的父亲写的。希望农场应该有更多的日记页面或其他笔记。收集它们以了解更多关于异象区和领地的信息。你可以在PDA的笔记部分找到这些笔记。,assets/images/其他物品/语音消息--27563b81ca.png
农场的故事,• Дождаться темпорального сброса Старой АЗС,在农场，你发现了一段录音，是阿尔乔姆和尼克的父亲录的。希望农场是一个异象区。你需要等待时间重置才能找到日记中的另一页或其他笔记。在全局地图上，倒计时会显示在希望农场的上方。,assets/images/地图地点/希望农场--aa4c9ec955.png
农场的故事,• Найти вторую запись Насти на Старой АЗС,在农场，你发现了一段录音，是阿尔乔姆和尼克的父亲录的。希望农场应该有更多的日记页面或其他笔记。收集它们以了解更多关于异象区和领地的信息。你可以在PDA的笔记部分找到这些笔记。,assets/images/其他物品/家长来信--8ff5169e26.png
农场的故事,• Дождаться темпорального сброса Старой АЗС,在农场，你发现了一页私人日记，是阿尔乔姆和尼克的父亲写的。希望农场是一个异象区。你需要等待时间重置才能找到日记中的另一页或其他笔记。在全局地图上，倒计时会显示在希望农场的上方。,assets/images/地图地点/希望农场--aa4c9ec955.png
农场的故事,• Найти вторую запись Насти на Старой АЗС,在农场，你发现了一页私人日记，是阿尔乔姆和尼克的父亲写的。希望农场应该有更多的日记页面或其他笔记。收集它们以了解更多关于异象区和领地的信息。你可以在PDA的笔记部分找到这些笔记。,assets/images/其他物品/家长来信--8ff5169e26.png
农场的故事,• Дождаться темпорального сброса Старой АЗС,在农场，你发现了一页私人日记，是阿尔乔姆和尼克的父亲写的。希望农场是一个异象区。你需要等待时间重置才能找到日记中的另一页或其他笔记。在全局地图上，倒计时会显示在希望农场的上方。,assets/images/地图地点/希望农场--aa4c9ec955.png
农场的故事,• Найти вторую запись Насти на Старой АЗС,在农场，你发现了一页私人日记，是阿尔乔姆和尼克的父亲写的。文中暗示还有一张全家福。你必须在困难战斗模式中与复活的农夫战斗，才能获得它。,assets/images/怪物/复活的农夫--f4cc398f0f.png
战斗训练,在避难所的盟友基地击杀敌人,,assets/images/任务/仓库--7a96a3bf8e.png
战斗训练,在避难所的盟友基地击杀敌人,,
战斗训练,在避难所的盟友基地击杀贪食鬼,,
未命名任务,,,assets/images/地图地点/蛇彭特新娘营地--725f839c3e.png
更高，更强,• Убить врагов в подвале Триады на Выжженных землях,在出发前往蛇彭特新娘营地之前，你需要积累经验。达到25级才能完成这个剧情任务。,assets/images/任务/更高，更强--dbf32b77c9.png
萨梅迪收割,• Убить врагов в подвале Триады на Выжженных землях,"丹巴拉的使者联系了你。他在避难所等着你。
和他谈谈，看看他想要什么。",assets/images/任务/萨梅迪收割--e0c8e287b8.png
与新娘同行,• Убить врагов в подвале Триады на Выжженных землях,要完成剧情任务，请前往蛇彭特新娘营地。储备用于在营地战斗的电力武器和药品。,assets/images/地图地点/蛇彭特新娘营地--f9758a25c7.png
蛇彭特新娘营地,• Убить врагов в подвале Триады на Выжженных землях,进入蛇彭特新娘营地。为战斗储备电力武器和药品。,assets/images/地图地点/蛇彭特新娘营地--f9758a25c7.png
新娘的力量,• Убить врагов в подвале Триады на Выжженных землях,在蛇彭特新娘营地摧毁送葬者祭坛。祭坛和保护祭坛的南瓜脑袋容易受到电力武器的伤害。你可以从被烧毁的餐厅码头那里的商人处获得电力武器。,assets/images/任务/Voodoo Rituals--20b64e3195.png
新娘的愤怒,• Убить врагов в подвале Триады на Выжженных землях,在蛇彭特新娘营地击杀蛇彭特新娘。别忘了储备电力武器和药品。,assets/images/地图地点/蛇彭特新娘营地--f9758a25c7.png
伏都教巫师之瓶,• Убить врагов в подвале Триады на Выжженных землях,在蛇彭特新娘营地打开伏都教巫师宝箱，取得尔兹莉蘑菇。你需要它们来制作瘟疫伏都教巫师之瓶并召唤他。,assets/images/资源材料/尔兹莉蘑菇--e00b8f2533.png
获得萨梅迪收割活动点数,,,assets/images/任务/获得萨梅迪收割活动点数--0ecf8cb68e.png
击杀送葬者,,,assets/images/任务/阅后即焚--5b1e0369b5.png
获得送葬者挑战点数,,,assets/images/任务/获得送葬者挑战点数--92f81a2ba1.png
使用阿尔法编码器召唤一个盟友,,,assets/images/任务/使用阿尔法编码器召唤一个盟友--cfb9785846.png
未命名任务,• Уничтожить Темные Разломы в «зеленых» местах,,assets/images/资源材料/焦尸--a4e6e7f3d6.png
新娘的恐惧,• Убить врагов в подвале Триады на Выжженных землях,与洛亚的神选者交谈。你可以在蛇彭特新娘营地的入口处找到她。,assets/images/地图地点/蛇彭特新娘营地--f9758a25c7.png
购买200个阿尔法编码器,购买200个阿尔法编码器,购买200个阿尔法编码器,assets/images/任务/获取黑帮钥匙--cbc3c8a51d.png
购买400个阿尔法编码器,购买400个阿尔法编码器,购买400个阿尔法编码器,assets/images/任务/获取黑帮钥匙--cbc3c8a51d.png
有利的联盟,,只有你团队中的一名级别合适的盟友才能打开特殊货物。如要知道需要什么盟友，请接近特殊货物。,assets/images/其他物品/特殊货物--287fb736c1.png
更高，更强,• Убить врагов в подвале Триады на Выжженных землях,,assets/images/资源材料/能量块--4581a84736.png
机密对话,,一位要塞兵团军官联系上了你，说他有一个任务给你。在前哨与他交谈，了解详细情况。,assets/images/地图地点/要塞兵团前哨--6799a4f0cf.png
军事侦察,• Убить врагов в подвале Триады на Выжженных землях,要塞兵团军官指示你去寻找在小树林中消失的侦察员。要到那里去，你需要一辆自行车。多加小心，并储备好武器和药品。,assets/images/地图地点/小树林--08d193e917.png
森林对峙,• Убить врагов в подвале Триады на Выжженных землях,你在小树林里发现了森林之子的神像。摧毁它们，打乱邪教徒的计划，阻止动植物从尖叫森林蔓延。,assets/images/任务/失踪的铁匠--9c9c6dda32.png
军事侦察,• Убить врагов в подвале Триады на Выжженных землях,你在小树林中遇到了一个叫格伦的游荡者。他暗示军方可能去林务员的小屋里找过他了。为了找到侦察兵的踪迹，你需要搞定森林之子，到达小屋。,assets/images/其他物品/要塞兵团战士的尸体--f50d6403ca.png
森林里的尖叫,• Убить врагов в подвале Триады на Выжженных землях,你在小树林里焚烧了神像，并听到了呼救声。看来邪教徒想举行祭祀仪式。要完成剧情任务，请在林务员的小屋里救出俘虏。关押俘虏的树根只能用大砍刀砍断。,assets/images/任务/森林里的尖叫--a41af60071.png
森林对峙,• Убить врагов в подвале Триады на Выжженных землях,"你从尖叫森林的邪教徒手中救出了游荡者。
救了他之后，他告诉你，森林之子把战利品藏在了林务员的小屋中。检查箱子，拿取战利品。",assets/images/其他物品/仓库箱子--92a2639095.png
军事侦察,• Убить врагов в подвале Триады на Выжженных землях,你发现了一名侦察员的尸体。他很可能在与森林之子的战斗中丧生。所有要塞兵团的士兵都必须佩戴狗牌，以备受伤或死亡时识别。检查尸体，取下狗牌。,assets/images/其他物品/尸体--c501f2a4fe.png
军事侦察,• Убить врагов в подвале Триады на Выжженных землях,你在其中一个侦察员的尸体上发现了一块要塞兵团狗牌。很有可能，第二个侦察员也死了。找到他的尸体并把狗牌带回前哨。继续在小树林中心的林务员小屋进行搜索。,assets/images/其他物品/尸体--c501f2a4fe.png
军事侦察,• Убить врагов в подвале Триады на Выжженных землях,你在其中一个侦察员的尸体上发现了一块要塞兵团的狗牌。也许第二个侦察员还活着，并需要帮助。继续在小树林中心的林务员小屋进行搜索。,assets/images/其他物品/要塞兵团战士的尸体--f50d6403ca.png
军事侦察,• Убить врагов в подвале Триады на Выжженных землях,"你发现了死在小树林里的两个侦察员的尸体。
要完成这个剧情任务，请把他们的名字狗牌交给要塞前哨的军官。",assets/images/任务/军事侦察--35b95ee3f7.png
Управляющий квест - элитный пропуск бродяжника [y],• Управляющий квест - элитный пропуск бродяжника [y],Управляющий квест - элитный пропуск бродяжника [y],assets/images/资源材料/能量块--4581a84736.png
使用碎片获得金丝桃,• Собрать бродяжника из фрагментов,,assets/images/任务/使用碎片获得金丝桃--7e5c8cd797.png
游荡者通行证达到35级,• Получить 35 уровень Пропуска бродяжника,Получить 35 уровень Пропуска бродяжника  [y],assets/images/其他物品/游荡者通行证点数--fef04b006d.png
获得游荡者通行证点数,• Получить 50000 очков Пропуска бродяжника,Получить 35 уровень Пропуска бродяжника  [y],assets/images/其他物品/游荡者通行证点数--fef04b006d.png
游荡者通行证达到50级,,,assets/images/其他物品/游荡者通行证点数--fef04b006d.png
让你的盟友对敌人造成伤害,• Нанести урон союзником бродяжником 50к,Нанести 50к урона союзником бродяжником [y],assets/images/资源材料/独特盟友--6727e0e2b2.png
未命名任务,,,assets/images/资源材料/能量块--4581a84736.png
系统故障,,鹰队正在招募经验丰富的战士来寻找处理不当的货物。在避难所的风车处与寒冰灭绝者交谈。,assets/images/随从/弗罗斯特中尉--c6a90b2b62.png
获得200把研究所钥匙,获得200把研究所钥匙,获得200把研究所钥匙,assets/images/任务/获取黑帮钥匙--cbc3c8a51d.png
寒冰货物,,你接到了一名鹰队队员给你的剧情任务，要你在铁荒原或寂静树丛打开寒冰货物。据他说，这批货物免疫冰霜武器，而且打开它就会引来寒冰焦尸。,assets/images/任务/搜索寒冰货物--819353dc11.png
获得500把研究所钥匙,获得500把研究所钥匙,获得500把研究所钥匙,assets/images/任务/获取黑帮钥匙--cbc3c8a51d.png
寒冰货物,,你已经搜索过货物了。离开这个区域，接收寒冰灭绝者的无线电信号。,assets/images/任务/寒冰货物--5505fbf531.png
用冰霜武器击杀任何敌人,,用冰霜武器击杀任何敌人,assets/images/任务/兄弟会剧情任务--0faf5aa9c0.png
在方舟里击杀头目,,,assets/images/任务/在方舟里击杀头目--86b828c520.png
搜索寒冰货物,,,assets/images/任务/搜索寒冰货物--819353dc11.png
击杀寒冰敌人,,,assets/images/资源材料/焦尸--a4e6e7f3d6.png
获得冬季钥匙,,,assets/images/任务/获得冬季钥匙--2858fa7465.png
活体锯木厂,• Уничтожить врагов на зеленых локациях,,assets/images/建筑设施/剧情任务黑板--c2d722afd6.png
Управляющий квест - элитный пропуск бродяжника [y],• Управляющий квест - элитный пропуск бродяжника [y],Управляющий квест - элитный пропуск бродяжника [y],assets/images/资源材料/能量块--4581a84736.png
使用碎片获得黑暗守护者伊瓦尔,• Собрать бродяжника из фрагментов,,assets/images/任务/使用碎片获得黑暗守护者伊瓦尔--bba1a9935e.png
游荡者通行证达到35级,• Получить 35 уровень Пропуска бродяжника,Получить 35 уровень Пропуска бродяжника  [y],assets/images/其他物品/游荡者通行证点数--fef04b006d.png
获得游荡者通行证点数,• Получить 50000 очков Пропуска бродяжника,Получить 35 уровень Пропуска бродяжника  [y],assets/images/其他物品/游荡者通行证点数--fef04b006d.png
游荡者通行证达到50级,,,assets/images/其他物品/游荡者通行证点数--fef04b006d.png
让你的盟友对敌人造成伤害,• Нанести урон союзником бродяжником 50к,Нанести 50к урона союзником бродяжником [y],assets/images/资源材料/独特盟友--6727e0e2b2.png
获得200个编码器,获得200个编码器,获得200把研究所钥匙,assets/images/任务/获取黑帮钥匙--cbc3c8a51d.png
购买400个阿尔法编码器,购买400个阿尔法编码器,获得500把研究所钥匙,assets/images/任务/获取黑帮钥匙--cbc3c8a51d.png
联络人,,鹰队的一个代表联系了你。他声称莫顿上校正在寻找志愿者。在避难所的风车处与鹰队联络人交谈。,assets/images/任务/黑暗裂痕--7998520b69.png
获得游荡者通行证点数,• Получить 50000 очков Пропуска бродяжника,Получить 35 уровень Пропуска бродяжника  [y],assets/images/其他物品/游荡者通行证点数--fef04b006d.png
未命名任务,,,assets/images/资源材料/能量块--4581a84736.png
未命名任务,,,assets/images/任务/黑暗裂痕--7998520b69.png
未命名任务,,,assets/images/任务/黑暗裂痕--7998520b69.png
未命名任务,,,assets/images/任务/黑暗裂痕--7998520b69.png
获取灭绝者先锋点数,• Получить 50000 очков Пропуска бродяжника,Получить 35 уровень Пропуска бродяжника  [y],assets/images/其他物品/游荡者通行证点数--fef04b006d.png
雇佣侦探,,杀死刀屠者后，你发现了一名保安的尸体。搜索尸体以完成剧情任务。,assets/images/其他物品/尸体--c501f2a4fe.png
雇佣侦探,,你找到了贸易联盟的一份文件。离开秃鹫巢穴，通过无线电联系莱科维奇。,assets/images/任务/商人--dfe04bbb76.png
雇佣侦探,,在秃鹫巢穴，你找到了贸易联盟的一份文件。秃鹫巢穴是一个异象区。你需要等待时间重置才能找到另一份文件或其他笔记。在全局地图上，离重置的倒计时会显示在秃鹫巢穴的上方。,assets/images/地图地点/秃鹫营地--1eeef91afa.png
实战测试,在方舟里击杀任何头目,鹰队联络人想确保他给你的扫描仪-追踪器配置正确。要完成剧情任务并检查设备，你需要在方舟中击杀任何一个头目。,assets/images/地图地点/方舟--2cf80cd8c8.png
实战测试,转到全局地图,你在方舟中击杀了一个头目。请离开前哨以接收鹰队联络人的无线电信号。,assets/images/任务/黑暗裂痕--7998520b69.png
"获得3,000点清理领地点数","获得3,000点清理领地点数","获得3,000点清理领地点数",assets/images/任务/获取黑帮钥匙--cbc3c8a51d.png
"获得6,000点清理领地点数","获得6,000点清理领地点数","获得6,000点清理领地点数",assets/images/任务/获取黑帮钥匙--cbc3c8a51d.png
雇佣侦探,,在秃鹫巢穴，你找到了贸易联盟的一份文件，但这不是莱科维奇需要的信息。秃鹫巢穴里应该还有其他文件或笔记。搜索它们，找到正确的信息。你可以在PDA的“笔记”分区找到这些笔记。,assets/images/地图地点/秃鹫营地--1eeef91afa.png
雇佣侦探,,你找到了贸易联盟的一份文件。离开秃鹫巢穴，通过无线电联系莱科维奇。,assets/images/任务/商人--dfe04bbb76.png
雇佣侦探,,在秃鹫巢穴，你找到了贸易联盟的一份文件。秃鹫巢穴是一个异象区。你需要等待时间重置才能找到另一份文件或其他笔记。在全局地图上，离重置的倒计时会显示在秃鹫巢穴的上方。,assets/images/地图地点/秃鹫营地--1eeef91afa.png
雇佣侦探,,在秃鹫巢穴，你找到了贸易联盟的一份文件，但这不是莱科维奇需要的信息。秃鹫巢穴里应该还有其他文件或笔记。搜索它们，找到正确的信息。你可以在PDA的“笔记”分区找到这些笔记。,assets/images/地图地点/秃鹫营地--1eeef91afa.png
雇佣侦探,,你找到了保安的录音。离开秃鹫巢穴，通过无线电联系莱科维奇。,assets/images/任务/商人--dfe04bbb76.png
雇佣侦探,,你发现了保安的录音，并告诉了莱科维奇。他建议你们在商人营地见面谈谈。这是一个限时活动。如果它已经出现，请等待下一次。,assets/images/地图地点/商人的营地--1a9817e7d0.png
雇佣侦探,,你发现了保安的录音，并告诉了莱科维奇。要完成剧情任务，请前往商人营地并与他交谈。,assets/images/任务/商人--dfe04bbb76.png
雇佣侦探,,你发现了保安的录音，并告诉了莱科维奇。要完成剧情任务，请前往商人营地并与他交谈。,assets/images/任务/商人--dfe04bbb76.png
雇佣侦探,,你发现了保安的录音，并告诉了莱科维奇。要完成剧情任务，请前往商人营地并与他交谈。,assets/images/任务/商人--dfe04bbb76.png
雇佣侦探,,在秃鹫巢穴，你找到了保安的录音。秃鹫巢穴是一个异象区。你需要等待时间重置才能找到其他文件或笔记。在全局地图上，离重置的倒计时会显示在秃鹫巢穴的上方。,assets/images/地图地点/秃鹫营地--1eeef91afa.png
雇佣侦探,,在秃鹫巢穴，你找到了保安的录音。秃鹫巢穴里应该还有其他文件或笔记。搜索它们，找到正确的信息。你可以在PDA的“笔记”分区找到这些笔记。,assets/images/地图地点/秃鹫营地--1eeef91afa.png
雇佣侦探,,你找到了贸易联盟的一份文件。离开秃鹫巢穴，通过无线电联系莱科维奇。,assets/images/任务/商人--dfe04bbb76.png
雇佣侦探,,在秃鹫巢穴，你找到了贸易联盟的一份文件。秃鹫巢穴是一个异象区。你需要等待时间重置才能找到另一份文件或其他笔记。在全局地图上，离重置的倒计时会显示在秃鹫巢穴的上方。,assets/images/地图地点/秃鹫营地--1eeef91afa.png
雇佣侦探,,在秃鹫巢穴，你找到了贸易联盟的一份文件，但这不是莱科维奇需要的信息。秃鹫巢穴里应该还有其他文件或笔记。搜索它们，找到正确的信息。你可以在PDA的“笔记”分区找到这些笔记。,assets/images/地图地点/秃鹫营地--1eeef91afa.png
雇佣侦探,,你找到了保安的录音。离开秃鹫巢穴，通过无线电联系莱科维奇。,assets/images/任务/商人--dfe04bbb76.png
雇佣侦探,,你发现了保安的录音，并告诉了莱科维奇。他建议你们在商人营地见面谈谈。这是一个限时活动。如果它已经出现，请等待下一次。,assets/images/地图地点/商人的营地--1a9817e7d0.png
雇佣侦探,,你发现了保安的录音，并告诉了莱科维奇。要完成剧情任务，请前往商人营地并与他交谈。,assets/images/任务/商人--dfe04bbb76.png
雇佣侦探,,你发现了保安的录音，并告诉了莱科维奇。要完成剧情任务，请前往商人营地并与他交谈。,assets/images/任务/商人--dfe04bbb76.png
雇佣侦探,,你发现了保安的录音，并告诉了莱科维奇。要完成剧情任务，请前往商人营地并与他交谈。,assets/images/任务/商人--dfe04bbb76.png
雇佣侦探,,莱科维奇给了你一张照片，你需要把它带给工程师营地的斯普林特。这是一个限时活动。如果它已经出现，请等待下一次。,assets/images/地图地点/工程师的营地--2ad117576f.png
和平协议,,莱科维奇给了你一张照片，你需要把它带给工程师营地的斯普林特。这是一个限时活动。如果它已经出现，请等待下一次。,assets/images/任务/自行车赛季--f45c38dad9.png
和平协议,,莱科维奇给了你一张照片，你需要把它带给工程师营地的斯普林特。这是一个限时活动。如果它已经出现，请等待下一次。,assets/images/任务/自行车赛季--f45c38dad9.png
和平协议,,莱科维奇给了你一张照片，你需要把它带给工程师营地的斯普林特。这是一个限时活动。如果它已经出现，请等待下一次。,assets/images/任务/自行车赛季--f45c38dad9.png
和平协议,,你把照片给了斯普林特，解决了她和保安之间的冲突。离开工程师营地，通过无线电联系莱科维奇。,assets/images/任务/商人--dfe04bbb76.png
获取鹰队挑战点数,获取鹰队挑战点数,,assets/images/任务/黑暗裂痕--7998520b69.png
贸易风险,,莱科维奇联系了你，让你找出贸易联盟和斯普林特之间冲突的起因。储备好武器和药品，前往秃鹫巢穴寻找你需要的信息。,assets/images/地图地点/秃鹫营地--1eeef91afa.png
笼中肉,,你遇到了一个秃鹫成员，他告诉你俘虏被关在笼子里，看守有他们的钥匙。杀了他才能得到钥匙。,assets/images/任务/笼中肉--0aa7e9642a.png
笼中肉,,你已击杀看守。取得钥匙，到关着俘虏的笼子那里去。,assets/images/资源材料/笼子钥匙--933bbcd53b.png
笼中肉,,你击杀了看守，拿走了笼子的钥匙。打开笼子的锁并释放俘虏。,assets/images/其他物品/焦尸笼子--07185c0e59.png
未命名任务,,,assets/images/其他物品/柴油发电机--9d9799a0be.png
意想不到的盟友,,那个秃鹫成员没有骗你，看守真的有笼子的钥匙。和他谈谈，也许他还知道些什么。,assets/images/任务/意想不到的盟友--12b75d27b3.png
越野赛车的燃料,,螺丝要你烧掉他的东西。为此，你需要找到一个汽油罐。检查遮阳篷下秃鹫存放燃料的箱子。,assets/images/资源材料/气罐--b4c484fb3f.png
未命名任务,,,assets/images/资源材料/气罐--b4c484fb3f.png
与过去决裂,,你找到了汽油，并把它倒在了螺丝存放东西的帐篷上。点燃帐篷即可完成剧情任务。,assets/images/资源材料/气罐--b4c484fb3f.png
新生活,,你烧毁了螺丝存放东西的帐篷。在房子的废墟中找到他，和他交谈，看看还有谁被秃鹫囚禁。,assets/images/任务/意想不到的盟友--12b75d27b3.png
笼中肉,,螺丝告诉你，地下室里有一个被俘虏的商人。到地下室去救他。,assets/images/任务/受雇佣的向导--7bc2b68c17.png
笼中肉,,你下到地下室，发现了装有被囚禁商人的笼子。要完成剧情任务，请打开笼子并释放商人。,assets/images/其他物品/焦尸笼子--07185c0e59.png
巢穴之战,,你救了商人，但没有找到任何可以帮助莱科维奇找出保安和斯普林特冲突原因的信息。击杀刀屠者，暂时保护贸易联盟免受攻击，并获得贵重的战利品。,assets/images/任务/巢穴之战--91c671387d.png
贸易风险,,你杀死了刀屠者，但没有找到任何关于保安和斯普林特冲突原因的信息。离开秃鹫巢穴，通过无线电联系莱科维奇。,assets/images/任务/商人--dfe04bbb76.png
笼中肉,,你回到了秃鹫巢穴，发现了食人秃鹫要杀死的新俘虏。看守有笼子的钥匙。击杀他以完成剧情任务。,assets/images/任务/笼中肉--0aa7e9642a.png
笼中肉,,你已击杀看守。取得钥匙，到关着俘虏的笼子那里去。,assets/images/资源材料/笼子钥匙--933bbcd53b.png
笼中肉,,你击杀了看守，拿走了笼子的钥匙。打开笼子的锁并释放俘虏。,assets/images/其他物品/焦尸笼子--07185c0e59.png
未命名任务,,,assets/images/其他物品/柴油发电机--9d9799a0be.png
笼中肉,,去地下室看看。秃鹫在那里可能还关着另一个俘虏。,assets/images/任务/受雇佣的向导--7bc2b68c17.png
笼中肉,,你下到地下室，发现了装有被囚禁商人的笼子。要完成剧情任务，请打开笼子并释放商人。,assets/images/其他物品/焦尸笼子--07185c0e59.png
巢穴之战,,你救出了最后一名俘虏，但秃鹫的头目之一刀屠者还活着。杀死他可以暂时保护贸易联盟免受攻击，并获得贵重的战利品。,assets/images/任务/巢穴之战--91c671387d.png
Лес наступает,,"Мара попросила вас осмотреть Железные пустоши. Найдите там оплетенный груз и освободите его от корней. Будьте осторожны: когда вы прикоснетесь к грузу, вас атакуют Одержимые. Они уязвимы к тому же типу аномального урона, что и корни, оплетающие груз.",assets/images/资源材料/能量块--4581a84736.png
购买200个阿尔法编码器,购买200个阿尔法编码器,购买200个阿尔法编码器,assets/images/任务/获取黑帮钥匙--cbc3c8a51d.png
购买400个阿尔法编码器,购买400个阿尔法编码器,购买400个阿尔法编码器,assets/images/任务/获取黑帮钥匙--cbc3c8a51d.png
活体锯木厂,• Уничтожить врагов на зеленых локациях,,assets/images/建筑设施/剧情任务黑板--c2d722afd6.png
使用阿尔法编码器召唤盟友,,使用阿尔法编码器召唤盟友,assets/images/随从/暗黑游荡者--75dda870d6.png
让你的暗黑游荡者盟友造成伤害,• Нанести урон союзником бродяжником 50к,Нанести 50к урона союзником бродяжником [y],assets/images/任务/使用碎片获得风暴游荡者--b404d57c85.png
Лес наступает,,"Мара попросила вас осмотреть Железные пустоши. Найдите там оплетенный груз и освободите его от корней. Будьте осторожны: когда вы прикоснетесь к грузу, вас атакуют Одержимые. Они уязвимы к тому же типу аномального урона, что и корни, оплетающие груз.",assets/images/资源材料/能量块--4581a84736.png
节日试炼,,玛拉联系了你。她有重要信息给你。前往避难所，并在风车旁与她交谈。,assets/images/随从/森林女巫玛拉--12d3322ccd.png
森林侵袭,,在玛拉的要求下，你搜索了最近的绿色区，并在那里解锁了杂草丛生的货物。现在回到避难所，与风车旁的年轻女子交谈。,assets/images/随从/森林女巫玛拉--12d3322ccd.png
森林之魂,• Убить Хранителя Леса на Лесополосе,前往防风林，消灭精英森林管理员以完成派系任务。,assets/images/任务/森林之魂--435f2bf305.png
坏消息,,玛拉联系了你。她有重要信息给你。前往避难所，并在风车旁与她交谈。,assets/images/随从/森林女巫玛拉--12d3322ccd.png
获得节日试炼点数,,获得节日试炼点数,assets/images/随从/暗黑游荡者--75dda870d6.png
获得节日试炼点数,,获得节日试炼点数,assets/images/随从/暗黑游荡者--75dda870d6.png
解锁试炼战利品,,解锁试炼战利品,assets/images/随从/暗黑游荡者--75dda870d6.png
使用阿尔法编码器召唤盟友,,使用阿尔法编码器召唤盟友,assets/images/随从/暗黑游荡者--75dda870d6.png
使用阿尔法编码器召唤盟友,,使用阿尔法编码器召唤盟友,assets/images/随从/暗黑游荡者--75dda870d6.png
使用阿尔法编码器召唤盟友,,使用阿尔法编码器召唤盟友,assets/images/随从/暗黑游荡者--75dda870d6.png
使用阿尔法编码器召唤盟友,,使用阿尔法编码器召唤盟友,assets/images/随从/暗黑游荡者--75dda870d6.png
Лес наступает,,"Мара попросила вас осмотреть Железные пустоши. Найдите там оплетенный груз и освободите его от корней. Будьте осторожны: когда вы прикоснетесь к грузу, вас атакуют Одержимые. Они уязвимы к тому же типу аномального урона, что и корни, оплетающие груз.",assets/images/资源材料/能量块--4581a84736.png
Лес наступает,,"Мара попросила вас осмотреть Железные пустоши. Найдите там оплетенный груз и освободите его от корней. Будьте осторожны: когда вы прикоснетесь к грузу, вас атакуют Одержимые. Они уязвимы к тому же типу аномального урона, что и корни, оплетающие груз.",assets/images/资源材料/能量块--4581a84736.png
在竞技场击杀附身者,,在竞技场击杀附身者,assets/images/资源材料/能量块--4581a84736.png
在附身者竞技场完成第一个阶段,,在附身者竞技场完成第一个阶段,assets/images/资源材料/能量块--4581a84736.png
让你的盟友对敌人造成伤害,,让你的盟友对敌人造成伤害,assets/images/资源材料/能量块--4581a84736.png
获得挑战点数,,获得挑战点数,assets/images/资源材料/能量块--4581a84736.png
使用阿尔法编码器召唤盟友,,使用阿尔法编码器召唤盟友,assets/images/资源材料/阿月碎片--a2287cbdb8.png
与活动商人进行交易,,与活动商人进行交易,assets/images/资源材料/能量块--4581a84736.png
森林之魂,• Убить Хранителя Леса на Лесополосе,前往防风林，消灭精英森林管理员以完成派系任务。,assets/images/任务/森林之魂--435f2bf305.png
附身者竞技场,,你已经知道了附身者竞技场的地点。前往那里。你需要变异武器，可以在被烧毁的餐厅、被围困的房屋和送葬者营地获得。你也可以向商人购买它们。,assets/images/其他物品/节日试炼如何进行--3297b77b9b.png
Лес наступает,,"Мара попросила вас осмотреть Железные пустоши. Найдите там оплетенный груз и освободите его от корней. Будьте осторожны: когда вы прикоснетесь к грузу, вас атакуют Одержимые. Они уязвимы к тому же типу аномального урона, что и корни, оплетающие груз.",assets/images/资源材料/能量块--4581a84736.png
黑帮的回归,,黑帮叛徒联系了你。他在避难所的风车旁等你。去那里看看他想告诉你什么。,assets/images/任务/黑帮的回归--97c9e8f273.png
黑帮恶龙,在盟友基地与龙女交谈,黑帮逆徒说，部落的首领龙女正在避难所的盟友基地等你。下去和她谈谈。,assets/images/其他物品/限时活动结束--790731dff4.png
黑帮挑战,把密码交给避难所里的黑帮逆徒,龙女邀请你参加挑战。想要参与的话，请将密码给黑帮逆徒。他在避难所的风车那里等待。,assets/images/任务/黑帮的回归--97c9e8f273.png
与黑帮战斗,清理任何黑帮地下室,找到黑帮地下室，干掉里面的所有敌人。从寂静树丛到防风林和尖叫森林，你可以在任何地方找到地下室。,assets/images/任务/第一件圣物--a14f2da7e2.png
未命名任务,,,assets/images/资源材料/能量块--4581a84736.png
获取黑帮钥匙,,获取黑帮钥匙,assets/images/任务/获取黑帮钥匙--cbc3c8a51d.png
获取黑帮钥匙,,获取黑帮钥匙,assets/images/任务/获取黑帮钥匙--cbc3c8a51d.png
获取黑帮钥匙,,获取黑帮钥匙,assets/images/任务/获取黑帮钥匙--cbc3c8a51d.png
使用阿尔法编码器召唤盟友,,使用阿尔法编码器召唤盟友,assets/images/资源材料/阿尔法编码器--a24037987e.png
使用阿尔法编码器召唤盟友,,使用阿尔法编码器召唤盟友,assets/images/资源材料/阿尔法编码器--a24037987e.png
使用碎片获得龙女,,使用碎片获得龙女,assets/images/任务/使用碎片获得龙女--c825592a99.png
击杀金龙,,击杀金龙,assets/images/任务/金龙--c07ff96d89.png
将龙爪的等级提升至61级,• Убить врагов в подвале Триады на Выжженных землях,将龙爪的等级提升至61级,assets/images/随从/龙爪--58f5a31c30.png
将龙爪的等级提升至61级,• Убить врагов в подвале Триады на Выжженных землях,将龙爪的等级提升至61级,assets/images/随从/龙爪--58f5a31c30.png
第二件圣物,• Убить врагов в подвале Триады на Выжженных землях,你从龙女那里得知了下一个圣物的位置。在焦尸土地的地下室击杀所有黑帮战士来找到第二件圣物：一枚戒指。,assets/images/资源材料/能量块--4581a84736.png
在绿色区清理黑帮地下室,• Убить врагов в подвале Триады на Выжженных землях,在绿色区清理黑帮地下室,assets/images/任务/第一件圣物--a14f2da7e2.png
在黄色区清理黑帮地下室,• Убить врагов в подвале Триады на Выжженных землях,在黄色区清理黑帮地下室,assets/images/任务/第一件圣物--a14f2da7e2.png
在红色区清理黑帮地下室,• Убить врагов в подвале Триады на Выжженных землях,在红色区清理黑帮地下室,assets/images/任务/龙王护身符--a367a6c984.png
在尖叫森林清理黑帮地下室,• Убить врагов в подвале Триады на Выжженных землях,在尖叫森林清理黑帮地下室,assets/images/任务/龙王护身符--a367a6c984.png
使用阿尔法编码器召唤一个盟友,• Убить врагов в подвале Триады на Выжженных землях,使用阿尔法编码器召唤一个盟友,assets/images/资源材料/阿月碎片--a2287cbdb8.png
在绿色区清理黑帮地下室,• Убить врагов в подвале Триады на Выжженных землях,在绿色区清理黑帮地下室,assets/images/任务/第一件圣物--a14f2da7e2.png
在黄色区清理黑帮地下室,• Убить врагов в подвале Триады на Выжженных землях,在黄色区清理黑帮地下室,assets/images/任务/第一件圣物--a14f2da7e2.png
在红色区清理黑帮地下室,• Убить врагов в подвале Триады на Выжженных землях,在红色区清理黑帮地下室,assets/images/任务/龙王护身符--a367a6c984.png
在尖叫森林清理黑帮地下室,• Убить врагов в подвале Триады на Выжженных землях,在尖叫森林清理黑帮地下室,assets/images/任务/龙王护身符--a367a6c984.png
完成每日剧情任务,• Убить врагов в подвале Триады на Выжженных землях,完成每日剧情任务,assets/images/建筑设施/剧情任务黑板--c2d722afd6.png
在绿色区清理黑帮地下室,• Убить врагов в подвале Триады на Выжженных землях,在绿色区清理黑帮地下室,assets/images/任务/第一件圣物--a14f2da7e2.png
在黄色区清理黑帮地下室,• Убить врагов в подвале Триады на Выжженных землях,在黄色区清理黑帮地下室,assets/images/任务/第一件圣物--a14f2da7e2.png
在红色区清理黑帮地下室,• Убить врагов в подвале Триады на Выжженных землях,在红色区清理黑帮地下室,assets/images/任务/龙王护身符--a367a6c984.png
在尖叫森林清理黑帮地下室,• Убить врагов в подвале Триады на Выжженных землях,在尖叫森林清理黑帮地下室,assets/images/任务/龙王护身符--a367a6c984.png
击杀金龙,• Убить врагов в подвале Триады на Выжженных землях,击杀金龙,assets/images/任务/金龙--c07ff96d89.png
机密对话,• Убить врагов в подвале Триады на Выжженных землях,一位要塞兵团军官联系上了你，说他有一个任务给你。在前哨与他交谈，了解详细情况。,assets/images/地图地点/要塞兵团前哨--6799a4f0cf.png
未命名任务,,,assets/images/资源材料/能量块--4581a84736.png
Управляющий квест - элитный пропуск бродяжника [y],• Управляющий квест - элитный пропуск бродяжника [y],Управляющий квест - элитный пропуск бродяжника [y],assets/images/资源材料/能量块--4581a84736.png
使用碎片获得黑暗守护者伊瓦尔,• Собрать бродяжника из фрагментов,,assets/images/任务/使用碎片获得黑暗守护者伊瓦尔--bba1a9935e.png
游荡者通行证达到35级,• Получить 35 уровень Пропуска бродяжника,Получить 35 уровень Пропуска бродяжника  [y],assets/images/其他物品/游荡者通行证点数--fef04b006d.png
获得游荡者通行证点数,• Получить 50000 очков Пропуска бродяжника,Получить 35 уровень Пропуска бродяжника  [y],assets/images/其他物品/游荡者通行证点数--fef04b006d.png
游荡者通行证达到50级,,,assets/images/其他物品/游荡者通行证点数--fef04b006d.png
让你的盟友对敌人造成伤害,• Нанести урон союзником бродяжником 50к,Нанести 50к урона союзником бродяжником [y],assets/images/资源材料/独特盟友--6727e0e2b2.png
购买2000点暗区突破点数,购买2000点暗区突破点数,"获得6,000点清理领地点数",assets/images/任务/获取黑帮钥匙--cbc3c8a51d.png
未命名任务,,,
狂腐士入侵,,狂腐分裂者联系了你。他在避难所的风车旁等你。去那里看看他想告诉你什么。,assets/images/任务/狂腐士入侵--2ebe28da42.png
狂腐士钥匙,,要打开狂腐士为入侵领地使用的货物，其钥匙保存在地穴中。在铁荒原或寂静树丛的地穴中打开狂腐士宝箱，从里面取出钥匙。,assets/images/任务/狂腐士钥匙--81bb9587a7.png
狂腐士钥匙,,你击杀了地穴中的所有狂腐士，并拿走了货物钥匙。离开此地点以接收狂腐分裂者的无线电信号。,assets/images/任务/寒冰货物--5505fbf531.png
未命名任务,,,
在绿色区打开宝箱,,,assets/images/建筑设施/狂腐士盒子--71878b25f6.png
在黄色区打开宝箱,,,assets/images/建筑设施/狂腐士盒子--71878b25f6.png
在红色区打开宝箱,,,assets/images/建筑设施/狂腐士盒子--71878b25f6.png
获取狂腐士钥匙,,,assets/images/任务/狂腐士钥匙--81bb9587a7.png
在红色区击杀狂腐士枢机主教,,,assets/images/任务/对抗枢机主教--36c75978f9.png
在尖叫森林击杀狂腐士枢机主教,,,assets/images/任务/对抗枢机主教--36c75978f9.png
未命名任务,,,
狂腐士地穴,,你找到了狂腐士地穴。击杀里面的所有敌人，从狂腐士宝箱中获取战利品。,assets/images/任务/狂腐士地穴--3c441551f1.png
狂腐士地穴,,你击败了狂腐士地穴中的所有敌人。装有战利品的宝箱在大厅的尽头等待。打开它并获取你的奖励。,assets/images/建筑设施/狂腐士盒子--71878b25f6.png
未命名任务,,,
未命名任务,,,
对抗枢机主教,,你进入了的狂腐士地穴，击杀了所有的敌人，并使用地穴管风琴召唤出了领导入侵的枢机主教。在地穴击杀枢机主教。,assets/images/任务/对抗枢机主教--36c75978f9.png
Управляющий квест - элитный пропуск бродяжника [y],• Управляющий квест - элитный пропуск бродяжника [y],Управляющий квест - элитный пропуск бродяжника [y],assets/images/资源材料/能量块--4581a84736.png
使用碎片获得丹巴拉龙卷风,• Собрать бродяжника из фрагментов,,assets/images/任务/使用碎片获得丹巴拉龙卷风--68b4b38fae.png
游荡者通行证达到35级,• Получить 35 уровень Пропуска бродяжника,Получить 35 уровень Пропуска бродяжника  [y],assets/images/其他物品/游荡者通行证点数--fef04b006d.png
获得游荡者通行证点数,• Получить 50000 очков Пропуска бродяжника,Получить 35 уровень Пропуска бродяжника  [y],assets/images/其他物品/游荡者通行证点数--fef04b006d.png
游荡者通行证达到50级,,,assets/images/其他物品/游荡者通行证点数--fef04b006d.png
让你的盟友对敌人造成伤害,• Нанести урон союзником бродяжником 50к,Нанести 50к урона союзником бродяжником [y],assets/images/资源材料/独特盟友--6727e0e2b2.png
未命名任务,,,assets/images/地图地点/蛇彭特新娘营地--725f839c3e.png
领地的万圣节,• Убить врагов в подвале Триады на Выжженных землях,丹巴拉的使者联系了你。他在避难所等着你。和他谈谈，看看南瓜脑袋在领地上想要什么。,assets/images/任务/萨梅迪收割--e0c8e287b8.png
领地的万圣节,,在寂静树丛或铁荒原击杀南瓜脑袋。,assets/images/任务/猎杀南瓜脑袋--27f44de4ce.png
与新娘同行,• Убить врагов в подвале Триады на Выжженных землях,要完成剧情任务，请前往蛇彭特新娘营地。储备用于在营地战斗的电力武器和药品。,assets/images/地图地点/蛇彭特新娘营地--725f839c3e.png
新娘的恐惧,• Убить врагов в подвале Триады на Выжженных землях,与洛亚的神选者交谈。你可以在蛇彭特新娘营地的入口处找到她。,assets/images/地图地点/蛇彭特新娘营地--725f839c3e.png
蛇彭特新娘营地,• Убить врагов в подвале Триады на Выжженных землях,进入蛇彭特新娘营地。为战斗储备电力武器和药品。,assets/images/地图地点/蛇彭特新娘营地--725f839c3e.png
新娘的力量,• Убить врагов в подвале Триады на Выжженных землях,在蛇彭特新娘营地摧毁送葬者祭坛。祭坛和保护祭坛的南瓜脑袋容易受到电力武器的伤害。你可以从被烧毁的餐厅码头那里的商人处获得电力武器。,assets/images/任务/Voodoo Rituals--20b64e3195.png
新娘的愤怒,• Убить врагов в подвале Триады на Выжженных землях,在蛇彭特新娘营地击杀蛇彭特新娘。别忘了储备电力武器和药品。,assets/images/地图地点/蛇彭特新娘营地--725f839c3e.png
伏都教巫师之瓶,• Убить врагов в подвале Триады на Выжженных землях,在蛇彭特新娘营地打开伏都教巫师宝箱，取得尔兹莉蘑菇。你需要它们来制作瘟疫伏都教巫师之瓶并召唤他。,assets/images/资源材料/尔兹莉蘑菇--e00b8f2533.png
领地的万圣节,,你击杀了南瓜脑袋。离开这个地点以接收丹巴拉的使者的无线电信号。,assets/images/任务/谢尔普的神器--ff516a233d.png
"购买3,000点萨梅迪收割点数","购买3,000点萨梅迪收割点数","购买3,000点万圣节点数",assets/images/任务/获取黑帮钥匙--cbc3c8a51d.png
Управляющий квест - элитный пропуск бродяжника [y],• Управляющий квест - элитный пропуск бродяжника [y],Управляющий квест - элитный пропуск бродяжника [y],assets/images/资源材料/能量块--4581a84736.png
使用碎片获得A.I.S.T.型阿瑞斯,• 使用碎片获得A.I.S.T.型阿瑞斯,,assets/images/任务/使用碎片获得A.I.S.T.型阿瑞斯--2906986649.png
游荡者通行证达到35级,• Получить 35 уровень Пропуска бродяжника,Получить 35 уровень Пропуска бродяжника  [y],assets/images/其他物品/游荡者通行证点数--fef04b006d.png
获得游荡者通行证点数,• Получить 50000 очков Пропуска бродяжника,Получить 35 уровень Пропуска бродяжника  [y],assets/images/其他物品/游荡者通行证点数--fef04b006d.png
游荡者通行证达到50级,,,assets/images/其他物品/游荡者通行证点数--fef04b006d.png
让你的盟友对敌人造成伤害,• Нанести урон союзником бродяжником 50к,Нанести 50к урона союзником бродяжником [y],assets/images/资源材料/独特盟友--6727e0e2b2.png
活体锯木厂,• Уничтожить врагов на зеленых локациях,,assets/images/建筑设施/剧情任务黑板--c2d722afd6.png
第二件圣物,• Убить врагов в подвале Триады на Выжженных землях,你从龙女那里得知了下一个圣物的位置。在焦尸土地的地下室击杀所有黑帮战士来找到第二件圣物：一枚戒指。,assets/images/资源材料/能量块--4581a84736.png
在绿色区击杀送葬者,• Убить врагов в подвале Триады на Выжженных землях,,assets/images/任务/在绿色区击杀送葬者--fc5740f16f.png
在绿色区击杀南瓜脑袋,• Убить врагов в подвале Триады на Выжженных землях,,assets/images/任务/猎杀南瓜脑袋--27f44de4ce.png
在绿色区劈砍南瓜,• Убить врагов в подвале Триады на Выжженных землях,,assets/images/补给消耗品/南瓜--38fdebc8f5.png
获取“领地的万圣节”点数,• Убить врагов в подвале Триады на Выжженных землях,,assets/images/任务/获取“领地的万圣节”点数--174c41cbbc.png
完成每日剧情任务,• Убить врагов в подвале Триады на Выжженных землях,完成每日剧情任务,assets/images/建筑设施/剧情任务黑板--c2d722afd6.png
求救信号,,你得知克里姆的队员之一福克西联系了避难所。在地下室与瑞弗特交谈以了解更多信息。,assets/images/任务/陷入困境的女孩--52b57d5c54.png
求救信号,,在仓库的游荡者营地与福克西交谈，了解有关水泵站的更多信息。瑞弗特说你应该骑摩托车去仓库。,assets/images/地图地点/仓库--4a05d440b5.png
求救信号,在仓库与福克西交谈,在仓库的游荡者营地与福克西交谈，了解有关水泵站的更多信息。,assets/images/任务/失踪的向导--f1e5fed3c4.png
帮福克西一个忙,,游荡者福克西请你去水泵站侦察情况。她是克里姆的队员。那里是一个危险的异象区，所以你应该储备好武器和药品。,assets/images/地图地点/下水道--521a85278a.png
迷失的队伍,,你应福克西的要求来到了水泵站，但发现的不是黑鸟的队伍中的游荡者，而是要塞兵团的士兵。与LRS工作员交谈，找出游荡者的去向。,assets/images/其他物品/林务员的尸体--b0dd2b2de6.png
下降进入未知地带,,在水泵站，你发现的不是黑鸟队伍中的游荡者，而是要塞兵团的士兵。LRS工作员同意让你通过，条件是你必须找到他们失联的先锋队士兵。探索水泵站下方的下水道，找到黑鸟的队伍或要塞兵团士兵。,assets/images/任务/下降进入未知地带--f99874600d.png
地下搜索,• Убить врагов в подвале Триады на Выжженных землях,探索水泵站下方的下水道，找到黑鸟队伍中的游荡者或要塞兵团士兵。,assets/images/其他物品/要塞兵团战士的尸体--f45e771498.png
地下搜索,,穿过下水道，你发现了要塞兵团小队。与他们的指挥官交谈，完成剧情任务。,assets/images/其他物品/要塞兵团战士的尸体--f45e771498.png
地下搜索,• Убить врагов в подвале Триады на Выжженных землях,你找到了要塞兵团的小队，但他们的指挥官告诉你，还有一队战士可能需要帮助。打开通往旁边收集器的栅栏，继续在下水道中前进。你需要转动墙上的阀门才能做到。,assets/images/任务/地下搜索--5a2072e6f1.png
再次战斗,• Убить врагов в подвале Триады на Выжженных землях,你找到了要塞兵团的小队，但他们的指挥官告诉你，还有一队战士可能需要帮助。当你开始打开收集器栅栏时，焦尸攻击了你。击退焦尸的攻击，继续搜索。,assets/images/任务/仓库--7a96a3bf8e.png
军事侦察,• Убить врагов в подвале Триады на Выжженных землях,你在小树林中遇到了一个叫格伦的游荡者。他暗示军方可能去林务员的小屋里找过他了。为了找到侦察兵的踪迹，你需要搞定森林之子，到达小屋。,assets/images/任务/仓库--7a96a3bf8e.png
地下搜索,• Убить врагов в подвале Триады на Выжженных землях,你找到了要塞兵团的小队，但他们的指挥官告诉你，还有一队战士可能需要帮助。打开盖板门，向下走，继续搜索。,assets/images/任务/下降进入未知地带--f99874600d.png
地下搜索,• Убить врагов в подвале Триады на Выжженных землях,你下到下水道的底层，看到了一名要塞兵团战士的尸体。穿过隧道，了解雷兹诺夫小队其他战士的情况。,assets/images/其他物品/要塞兵团战士的尸体--f45e771498.png
下水道之战,• Убить врагов в подвале Триады на Выжженных землях,你来到下水道的底层，发现了被鼠王杀死的要塞兵团战士的尸体。击杀变异体，这样你就可以查看它的巢穴。,assets/images/任务/鼠王--74651f4a94.png
地下搜索,• Убить врагов в подвале Триады на Выжженных землях,杀死鼠王后，你环顾下水道，但你没有找到任何属于黑鸟团队的游荡者的踪迹。在巢穴里，你发现了一个通往下水道外的梯子。爬上它，告诉LRS工作员雷兹诺夫小队中死去战士的事。,assets/images/任务/下降进入未知地带--f99874600d.png
地下搜索,,你离开了下水道。告诉LRS工作员雷兹诺夫小队中死去战士的事，完成剧情任务。,assets/images/其他物品/林务员的尸体--b0dd2b2de6.png
迷失的队伍,在仓库与福克西交谈,你在下水道里遇到的那些穿戴兄弟会装备的焦尸很有可能是黑鸟团队的前游荡者。向福克西报告，告诉她你看到了什么。,assets/images/任务/失踪的向导--f1e5fed3c4.png
迷失的队伍,,福克西让你把在水泵站看到的一切都告诉克里姆。在仓库与他交谈，完成剧情任务。,assets/images/任务/新朋友--707f19e913.png
危险的旅程,,要塞兵团士兵目前正在黑鸟的团队所在的位置执勤。为了感谢你的帮助，他们允许你进入水泵站下面的下水道。到下面去探索异象区。,assets/images/任务/下降进入未知地带--f99874600d.png
危险的旅程,,要塞兵团士兵目前正在黑鸟的团队所在的位置执勤。为了感谢你的帮助，他们允许你进入水泵站下面的下水道。到下面去探索异象区。,assets/images/任务/危险的旅程--c87cbfc3ee.png
危险的旅程,• Убить врагов в подвале Триады на Выжженных землях,你需要转动阀门并打开栏杆才能继续前进。请提高警惕：这可能会引起焦尸的注意。,assets/images/任务/地下搜索--5a2072e6f1.png
危险的旅程,• Убить врагов в подвале Триады на Выжженных землях,当你打开栅栏时，焦尸会攻击你。击杀它们以完成剧情任务。,assets/images/任务/仓库--7a96a3bf8e.png
危险的旅程,• Убить врагов в подвале Триады на Выжженных землях,你需要打开盖板门，下到下层，进一步探索异象区。,assets/images/任务/下降进入未知地带--f99874600d.png
下水道之战,• Убить врагов в подвале Триады на Выжженных землях,你来到下水道的底层，发现了鼠王的位置。击杀变异体，这样你就可以查看它的巢穴并获得奖励。,assets/images/任务/鼠王--74651f4a94.png
军事侦察,• Убить врагов в подвале Триады на Выжженных землях,你在小树林中遇到了一个叫格伦的游荡者。他暗示军方可能去林务员的小屋里找过他了。为了找到侦察兵的踪迹，你需要搞定森林之子，到达小屋。,assets/images/任务/仓库--7a96a3bf8e.png
未命名任务,,,
未命名任务,,,
购买200把钥匙,购买200把冬季钥匙,"获得3,000点清理领地点数",assets/images/任务/获取黑帮钥匙--cbc3c8a51d.png
购买400把钥匙,购买400把冬季钥匙,"获得6,000点清理领地点数",assets/images/任务/获取黑帮钥匙--cbc3c8a51d.png
让你的盟友对敌人造成伤害,• Нанести урон союзником бродяжником 50к,Нанести 50к урона союзником бродяжником [y],assets/images/资源材料/独特盟友--6727e0e2b2.png
游荡者通行证达到50级,,,assets/images/其他物品/游荡者通行证点数--fef04b006d.png
获得游荡者通行证点数,• Получить 50000 очков Пропуска бродяжника,Получить 35 уровень Пропуска бродяжника  [y],assets/images/其他物品/游荡者通行证点数--fef04b006d.png
游荡者通行证达到35级,• Получить 35 уровень Пропуска бродяжника,Получить 35 уровень Пропуска бродяжника  [y],assets/images/其他物品/游荡者通行证点数--fef04b006d.png
使用碎片获得斗牛犬迈克中士,• 使用碎片获得A.I.S.T.型阿瑞斯,,assets/images/任务/使用碎片获得斗牛犬迈克中士--407a9d9ef5.png
Управляющий квест - элитный пропуск бродяжника [y],• Управляющий квест - элитный пропуск бродяжника [y],Управляющий квест - элитный пропуск бродяжника [y],assets/images/资源材料/能量块--4581a84736.png
一位新朋友,,瑞弗特联系了你，告诉你尤里·格奥尔基耶维奇（绰号老头子）正在避难所的风车旁等着你。和他谈谈，看看他需要什么。,assets/images/任务/一位新朋友--44da8df0ed.png
协助长者,在焦尸土地的地下室找到减气装置,老头子让你给他带一个减气装置。据他说，这个装置可以在焦尸土地的一个地下室里找到。前往那里，但要小心：地下室里经常住着焦尸。,assets/images/地图地点/焦尸土地--17ba49c425.png
协助长者,,你找到了一个减气装置。将它交给避难所的老头子以完成剧情任务。,assets/images/资源材料/减气装置--96cc17b66d.png
回收利用,,要安装工作台，请点击屏幕底部的房子按钮，打开建造菜单。,assets/images/建筑设施/1级拆解工作台--a4e209281c.png
回收利用,,你设置好了拆解工作台。现在与老头子交谈，完成剧情任务。,assets/images/任务/一位新朋友--44da8df0ed.png
回收利用,,使用工作台拆解老头子给你的临时玩具枪或其他级别4或以下的常规物品。拆解时需要普通工具或普通武器箱子。要完成剧情任务，请从拆解工作台上取得备用零件。,assets/images/武器/便利安迪手枪--fdd790b017.png
回收利用,,你拆解了一件常规物品以获取备用零件。现在与老头子交谈，完成剧情任务。,assets/images/任务/一位新朋友--44da8df0ed.png
以物易物,,前往仓库中的游荡者营地，用备用零件从维因处换取实用的战利品。,assets/images/任务/失踪的向导--3969758a3b.png
与冬季特使进行交易,,,assets/images/任务/新年营地--4814a950c9.png
使用碎片获得黑暗幽灵,• 使用碎片获得A.I.S.T.型阿瑞斯,,assets/images/任务/使用碎片获得黑暗幽灵--18667c26b8.png
将炎龙的等级提高至61级,,将炎龙的等级提高至61级,assets/images/随从/炎龙--4ddb86ae0b.png
获得第四个坚持不懈的奖励,,获得第四个坚持不懈的奖励,assets/images/任务/兄弟会剧情任务--0faf5aa9c0.png
Earn Spring Festival points,,,assets/images/资源材料/能量块--4581a84736.png
在绿色区杀死兔头,• Exterminate the Breach in green zones,,assets/images/任务/猎兔--efbbf3033c.png
在黄色区杀死兔头,,,assets/images/任务/猎兔--efbbf3033c.png
在领地上找到篮子里的彩蛋,,,assets/images/资源材料/密封彩蛋--db791e08cd.png
在领地上找到兔头身上的解码器,,,assets/images/资源材料/神器解码器--ac7f74b4d7.png
获得春季节庆点数,,,assets/images/任务/获得春季节庆点数--f01184c393.png
猎兔,"• Убить зайцеголовых на ""желтых"" локациях",在森林郊区和焦尸土地击杀兔头以完成此剧情任务。,assets/images/资源材料/能量块--4581a84736.png
春季节庆,"• Убить зайцеголовых на ""желтых"" локациях",一个称为彩蛋收集者的陌生幸存者联系了你。前往你避难所的风车那里，与收集者交谈，了解他是谁、想要什么，以及他头上到底戴着什么。,assets/images/任务/春季节庆--5eceaa4630.png
春季节庆,"• Убить зайцеголовых на ""желтых"" локациях",彩蛋收集者告诉了你关于春季节庆的情况。在领地上的篮子里可以找到彩蛋，你可以用解码器来破译它们。在任何通常地点找到篮子里的彩蛋和一个兔头解码器。可能需要一段时间才能获得物品。,assets/images/任务/春季节庆--73afafacb5.png
春季节庆,"• Убить зайцеголовых на ""желтых"" локациях",你已经完成了这个地点的一切。返回到全局地图。,assets/images/任务/谢尔普的神器--ff516a233d.png
用碎片获得昂贡伏都教巫师,• 使用碎片获得A.I.S.T.型阿瑞斯,,assets/images/任务/用碎片获得昂贡伏都教巫师--2fa4539293.png
购买3000点春季节庆点数,购买3000点春季节庆点数,"获得3,000点清理领地点数",assets/images/任务/获取黑帮钥匙--cbc3c8a51d.png
购买6000点春季节庆点数,"Get 6,000 Clean-up of the Territories points","获得6,000点清理领地点数",assets/images/任务/获取黑帮钥匙--cbc3c8a51d.png
未命名任务,,,assets/images/地图地点/蛇彭特新娘营地--725f839c3e.png
更高，更强,• Убить врагов в подвале Триады на Выжженных землях,在出发前往蛇彭特新娘营地之前，你需要积累经验。达到25级才能完成这个剧情任务。,assets/images/任务/更高，更强--dbf32b77c9.png
萨梅迪收割,• Убить врагов в подвале Триады на Выжженных землях,"丹巴拉的使者联系了你。他在避难所等着你。
和他谈谈，看看他想要什么。",assets/images/任务/萨梅迪收割--e0c8e287b8.png
与新娘同行,• Убить врагов в подвале Триады на Выжженных землях,要完成剧情任务，请前往蛇彭特新娘营地。储备用于在营地战斗的电力武器和药品。,assets/images/地图地点/蛇彭特新娘营地--f9758a25c7.png
新娘的恐惧,• Убить врагов в подвале Триады на Выжженных землях,与洛亚的神选者交谈。你可以在蛇彭特新娘营地的入口处找到她。,assets/images/地图地点/蛇彭特新娘营地--f9758a25c7.png
蛇彭特新娘营地,• Убить врагов в подвале Триады на Выжженных землях,进入蛇彭特新娘营地。为战斗储备电力武器和药品。,assets/images/地图地点/蛇彭特新娘营地--f9758a25c7.png
新娘的力量,• Убить врагов в подвале Триады на Выжженных землях,在蛇彭特新娘营地摧毁送葬者祭坛。祭坛和保护祭坛的送葬者对电力武器脆弱。你可以从被烧毁的餐厅码头那里的商人处获得电力武器。,assets/images/任务/Voodoo Rituals--20b64e3195.png
新娘的愤怒,• Убить врагов в подвале Триады на Выжженных землях,在蛇彭特新娘营地击杀蛇彭特新娘。别忘了储备电力武器和药品。,assets/images/地图地点/蛇彭特新娘营地--f9758a25c7.png
伏都教巫师之瓶,• Убить врагов в подвале Триады на Выжженных землях,在蛇彭特新娘营地打开伏都教巫师宝箱，取得尔兹莉蘑菇。你需要它们来制作瘟疫伏都教巫师之瓶并召唤他。,assets/images/资源材料/尔兹莉蘑菇--e00b8f2533.png
使用碎片获得格罗莫夫上士,• 使用碎片获得A.I.S.T.型阿瑞斯,,assets/images/任务/使用碎片获得格罗莫夫上士--84af82a201.png
购买400个阿尔法编码器,购买400个阿尔法编码器,购买400个阿尔法编码器,assets/images/任务/获取黑帮钥匙--cbc3c8a51d.png
使用碎片获得血球异象,• 使用碎片获得A.I.S.T.型阿瑞斯,,assets/images/任务/使用碎片获得血球异象--2f814e4983.png
未命名任务,,,
狂腐士入侵,,狂腐分裂者联系了你。他在避难所的风车旁等你。去那里看看他想告诉你什么。,assets/images/任务/狂腐士入侵--2ebe28da42.png
狂腐士钥匙,,要打开狂腐士为入侵领地使用的货物，其钥匙保存在地穴中。在铁荒原或寂静树丛的地穴中打开狂腐士宝箱，从里面取出钥匙。,assets/images/任务/狂腐士钥匙--81bb9587a7.png
狂腐士钥匙,,你击杀了地穴中的所有狂腐士，并拿走了货物钥匙。离开此地点以接收狂腐分裂者的无线电信号。,assets/images/任务/寒冰货物--5505fbf531.png
购买200把狂腐士钥匙,购买200把狂腐士钥匙,"获得3,000点清理领地点数",assets/images/任务/获取黑帮钥匙--cbc3c8a51d.png
购买400把狂腐士钥匙,购买400把狂腐士钥匙,"获得6,000点清理领地点数",assets/images/任务/获取黑帮钥匙--cbc3c8a51d.png
未命名任务,,,assets/images/资源材料/能量块--4581a84736.png
系统故障,,鹰队正在招募经验丰富的战士来寻找处理不当的货物。在避难所的风车处与寒冰灭绝者交谈。,assets/images/随从/弗罗斯特中尉--c6a90b2b62.png
寒冰货物,,你接到了一名鹰队队员给你的剧情任务，要你在铁荒原或寂静树丛打开寒冰货物。据他说，这批货物免疫冰霜武器，而且打开它就会引来寒冰焦尸。,assets/images/任务/搜索寒冰货物--819353dc11.png
寒冰货物,,你已经搜索过货物了。离开这个区域，接收寒冰灭绝者的无线电信号。,assets/images/任务/寒冰货物--5505fbf531.png
活体锯木厂,• Уничтожить врагов на зеленых локациях,,assets/images/建筑设施/剧情任务黑板--c2d722afd6.png
获得研究所钥匙,,,assets/images/任务/获得冬季钥匙--2858fa7465.png
击杀寒冰敌人,,,assets/images/资源材料/焦尸--a4e6e7f3d6.png
搜索寒冰货物,,,assets/images/任务/搜索寒冰货物--819353dc11.png
在方舟里击杀头目,,,assets/images/任务/在方舟里击杀头目--86b828c520.png
用冰霜武器击杀任何敌人,,用冰霜武器击杀任何敌人,assets/images/任务/兄弟会剧情任务--0faf5aa9c0.png
Управляющий квест - элитный пропуск бродяжника [y],• Управляющий квест - элитный пропуск бродяжника [y],Управляющий квест - элитный пропуск бродяжника [y],assets/images/资源材料/能量块--4581a84736.png
获得坪瑟作为盟友,• 使用碎片获得A.I.S.T.型阿瑞斯,,assets/images/随从/坪瑟--3082629338.png
游荡者通行证达到35级,• Получить 35 уровень Пропуска бродяжника,Получить 35 уровень Пропуска бродяжника  [y],assets/images/其他物品/游荡者通行证点数--fef04b006d.png
获得游荡者通行证点数,• Получить 50000 очков Пропуска бродяжника,Получить 35 уровень Пропуска бродяжника  [y],assets/images/其他物品/游荡者通行证点数--fef04b006d.png
游荡者通行证达到50级,,,assets/images/其他物品/游荡者通行证点数--fef04b006d.png
让你的盟友对敌人造成伤害,• Нанести урон союзником бродяжником 50к,Нанести 50к урона союзником бродяжником [y],assets/images/资源材料/独特盟友--6727e0e2b2.png
获得200把研究所钥匙,获得200把研究所钥匙,获得200把研究所钥匙,assets/images/任务/获取黑帮钥匙--cbc3c8a51d.png
获得500把研究所钥匙,获得500把研究所钥匙,获得500把研究所钥匙,assets/images/任务/获取黑帮钥匙--cbc3c8a51d.png
未命名任务,,"Мара попросила вас осмотреть Железные пустоши. Найдите там оплетенный груз и освободите его от корней. Будьте осторожны: когда вы прикоснетесь к грузу, вас атакуют Одержимые. Они уязвимы к тому же типу аномального урона, что и корни, оплетающие груз.",assets/images/资源材料/能量块--4581a84736.png
节日试炼,,玛拉联系了你。她有重要信息给你。前往避难所，并在风车旁与她交谈。,assets/images/随从/森林女巫玛拉--12d3322ccd.png
森林侵袭,,检查最近的绿色区、寂静树丛或铁荒原，找到杂草丛生的货物。,assets/images/其他物品/杂草丛生的货物--49d6141dce.png
森林侵袭,,你找到了杂草丛生的货物。现在将其从树根中解放出来。不过要小心。一旦你触摸它，附身者就会攻击。,assets/images/其他物品/杂草丛生的货物--49d6141dce.png
森林侵袭,,你已经把货物从缠绕的树根中解放出来了。现在打开它，领取你的奖励。,assets/images/任务/节日试炼--deaa2a061a.png
试炼战利品,,应玛拉的要求，你搜索了最近的绿色区并在那里解锁了杂草丛生的货物。从货物中收集节日试炼点数。,assets/images/任务/试炼战利品--a48fad8042.png
森林侵袭,,在玛拉的要求下，你搜索了最近的绿色区，并在那里解锁了杂草丛生的货物。现在回到避难所，与风车旁的年轻女子交谈。,assets/images/随从/森林女巫玛拉--12d3322ccd.png
未命名任务,,"Мара попросила вас осмотреть Железные пустоши. Найдите там оплетенный груз и освободите его от корней. Будьте осторожны: когда вы прикоснетесь к грузу, вас атакуют Одержимые. Они уязвимы к тому же типу аномального урона, что и корни, оплетающие груз.",assets/images/资源材料/能量块--4581a84736.png
坏消息,,玛拉联系了你。她有重要信息给你。前往避难所，并在风车旁与她交谈。,assets/images/随从/森林女巫玛拉--12d3322ccd.png
附身者竞技场,,你已经知道了附身者竞技场的地点。前往那里。你需要变异武器，可以在被烧毁的餐厅、被围困的房屋和送葬者营地获得。你也可以向商人购买它们。,assets/images/其他物品/节日试炼如何进行--3297b77b9b.png
附身者竞技场,,为了阻止森林的前进，你需要在附身者竞技场进行战斗。在竞技场与萨满对话，开始试炼。,assets/images/任务/竞技场之战--ec14a86e09.png
附身者竞技场,,在附身者竞技场战斗，然后与那里的萨满交谈以领取第一阶段的奖励或进入下一阶段。,assets/images/其他物品/节日试炼如何进行--3297b77b9b.png
周年纪念购买,,通过参加D.O.Z.周年挑战，获得周年纪念硬币和纪念币，与活动商人进行交易。硬币的数量取决于你在这一回合的排名。,assets/images/地图地点/节日营地--99c202eeff.png
周年纪念购买,,前往活动商人的营地，与他交易周年纪念硬币和纪念币。你可以通过参加D.O.Z.周年挑战得到它们。硬币的数量取决于你在该回合中的名次。,assets/images/地图地点/节日营地--99c202eeff.png
试炼战利品,,收集节日试炼的奖励。为此，请点击避难所或全局地图上的横幅，打开活动窗口。,assets/images/资源材料/阿月碎片--a2287cbdb8.png
"获得3,000点清理领地点数","获得3,000点清理领地点数","获得3,000点清理领地点数",assets/images/任务/获取黑帮钥匙--cbc3c8a51d.png
"获得6,000点清理领地点数","获得6,000点清理领地点数","获得6,000点清理领地点数",assets/images/任务/获取黑帮钥匙--cbc3c8a51d.png
使用碎片获得A.I.S.T.型防御者,• 使用碎片获得A.I.S.T.型阿瑞斯,,assets/images/任务/使用碎片获得A.I.S.T.型防御者--0ef6bd41c3.png
活体锯木厂,• Уничтожить врагов на зеленых локациях,,assets/images/建筑设施/剧情任务黑板--c2d722afd6.png
获得节日试炼点数,,获得节日试炼点数,assets/images/随从/暗黑游荡者--75dda870d6.png
获得节日试炼点数,,获得节日试炼点数,assets/images/随从/暗黑游荡者--75dda870d6.png
解锁试炼战利品,,解锁试炼战利品,assets/images/随从/暗黑游荡者--75dda870d6.png
使用阿尔法编码器召唤盟友,,使用阿尔法编码器召唤盟友,assets/images/随从/暗黑游荡者--75dda870d6.png
让你的暗黑游荡者盟友造成伤害,• Нанести урон союзником бродяжником 50к,Нанести 50к урона союзником бродяжником [y],assets/images/任务/使用碎片获得风暴游荡者--b404d57c85.png
使用阿尔法编码器召唤盟友,,使用阿尔法编码器召唤盟友,assets/images/随从/暗黑游荡者--75dda870d6.png
使用阿尔法编码器召唤盟友,,使用阿尔法编码器召唤盟友,assets/images/随从/暗黑游荡者--75dda870d6.png
使用阿尔法编码器召唤盟友,,使用阿尔法编码器召唤盟友,assets/images/随从/暗黑游荡者--75dda870d6.png
未命名任务,,使用阿尔法编码器召唤盟友,assets/images/随从/暗黑游荡者--75dda870d6.png
未命名任务,,,assets/images/资源材料/能量块--4581a84736.png
在竞技场击杀附身者,,在竞技场击杀附身者,assets/images/资源材料/能量块--4581a84736.png
与活动商人进行交易,,与活动商人进行交易,assets/images/资源材料/能量块--4581a84736.png
在附身者竞技场完成第一个阶段,,在附身者竞技场完成第一个阶段,assets/images/资源材料/能量块--4581a84736.png
让你的盟友对敌人造成伤害,,让你的盟友对敌人造成伤害,assets/images/资源材料/能量块--4581a84736.png
获得挑战点数,,获得挑战点数,assets/images/资源材料/能量块--4581a84736.png
森林之魂,• Убить Хранителя Леса на Лесополосе,前往防风林，消灭精英森林管理员以完成派系任务。,assets/images/任务/森林之魂--435f2bf305.png
未命名任务,• Фарм локи ивент ДР ДОЗ 2021 Контролирующий [y],,assets/images/其他物品/秃鹫箱子--762e583d3b.png
未命名任务,,,assets/images/随从/暗黑游荡者--75dda870d6.png
让你的炎龙盟友造成伤害,,让你的炎龙盟友造成伤害,assets/images/随从/炎龙--4ddb86ae0b.png
使用碎片获得黑暗守护者伊瓦尔,• 使用碎片获得A.I.S.T.型阿瑞斯,,assets/images/随从/黑暗守护者伊瓦尔--aa86f7199b.png
扎顿,,一个名叫尼克斯的匪徒约你在被烧毁的餐厅门廊见面，讨论对老头子的袭击事件。积累塔棒和装备并前往该异象区。,assets/images/任务/旧债--8d85f1d75d.png
手稿不会烧毁,在焦尸土地的地下室找到减气装置,找到匪徒从老头子那里偷走的蓝图。积累塔棒和装备，然后去异象区寻找它们。,assets/images/资源材料/老头子的蓝图--2961448163.png
手稿不会烧毁,,"你找到了老头子的蓝图。返回尼克斯那里领取奖励，
并了解下一步要做什么。",assets/images/任务/旧债--8d85f1d75d.png
手稿不会烧毁,,你找到了匪徒偷走的蓝图。离开被烧毁的餐厅，通过无线电联系老头子，了解下一步该怎么做。,assets/images/任务/寒冰货物--5505fbf531.png
武器训练,,要设置训练木偶，请点击屏幕底部的房子按钮，打开建造菜单。,assets/images/建筑设施/训练木偶--07f97f691e.png
未命名任务,,,assets/images/建筑设施/剧情任务黑板--c2d722afd6.png
获取万圣节挑战点数,获取万圣节挑战点数,,assets/images/任务/获取万圣节挑战点数--4d6c44248d.png
获得阿尔法编码器,获得阿尔法编码器,,assets/images/任务/黑暗裂痕--7998520b69.png
第二件圣物,• Убить врагов в подвале Триады на Выжженных землях,你从龙女那里得知了下一个圣物的位置。在焦尸土地的地下室击杀所有黑帮战士来找到第二件圣物：一枚戒指。,assets/images/资源材料/能量块--4581a84736.png
游荡者圣诞老人,,游荡者圣诞老人与你取得了联系。他很少到领地上来。他在避难所的风车旁等着你。与他交谈，了解更多关于新年庆祝活动的信息。,assets/images/其他物品/蓝图部分--f3de66d179.png
冬季特使,,游荡者圣诞老人派你去找他的助手冬季特使。她在新年营地等着你。,assets/images/任务/冬季特使--60b9e0b214.png
冬季特使,,游荡者圣诞老人派你去找他的助手冬季特使。在新年营地与她交谈。,assets/images/任务/新年营地--4814a950c9.png
冬季特使,,冬季特使为你准备了礼物。要得到它，请检查她的商品范围并选择相应的选项。,assets/images/任务/新年营地--4814a950c9.png
第二件圣物,• Убить врагов в подвале Триады на Выжженных землях,你从龙女那里得知了下一个圣物的位置。在焦尸土地的地下室击杀所有黑帮战士来找到第二件圣物：一枚戒指。,assets/images/资源材料/能量块--4581a84736.png
第二件圣物,• Убить врагов в подвале Триады на Выжженных землях,你从龙女那里得知了下一个圣物的位置。在焦尸土地的地下室击杀所有黑帮战士来找到第二件圣物：一枚戒指。,assets/images/资源材料/能量块--4581a84736.png
冬季特使,,冬季特使有关于新年庆祝活动的消息给你。在新年营地与她交谈。,assets/images/任务/新年营地--4814a950c9.png
第二件圣物,• Убить врагов в подвале Триады на Выжженных землях,你从龙女那里得知了下一个圣物的位置。在焦尸土地的地下室击杀所有黑帮战士来找到第二件圣物：一枚戒指。,assets/images/资源材料/能量块--4581a84736.png
冬季战斗,,要获得“领地上的新年”活动点数，请用冰霜武器或使用造成寒冷伤害的盟友来击杀敌人。,assets/images/其他物品/新年点数--76fa03e9b0.png
冬季战斗,,要完成剧情任务，请前往“领地上的新年”活动窗口，点击领取奖励按钮。,assets/images/其他物品/新年箱子--12c0be7ca1.png
第二件圣物,• Убить врагов в подвале Триады на Выжженных землях,你从龙女那里得知了下一个圣物的位置。在焦尸土地的地下室击杀所有黑帮战士来找到第二件圣物：一枚戒指。,assets/images/资源材料/能量块--4581a84736.png
特殊差事,• Убить врагов в подвале Триады на Выжженных землях,冬季特使有关于新年庆祝活动的消息给你。在新年营地与她交谈。,assets/images/任务/新年营地--4814a950c9.png
第二件圣物,• Убить врагов в подвале Триады на Выжженных землях,你从龙女那里得知了下一个圣物的位置。在焦尸土地的地下室击杀所有黑帮战士来找到第二件圣物：一枚戒指。,assets/images/资源材料/能量块--4581a84736.png
未命名任务,,,assets/images/资源材料/能量块--4581a84736.png
冬季特使,,冬季特使有关于新年庆祝活动的消息给你。在新年营地与她交谈。,assets/images/任务/新年营地--4814a950c9.png
未命名任务,,,assets/images/建筑设施/剧情任务黑板--c2d722afd6.png
让你的弗罗斯特中尉盟友造成伤害,,让你的弗罗斯特中尉盟友造成伤害,assets/images/随从/炎龙--4ddb86ae0b.png
让你的弗罗斯特中尉盟友造成伤害,让你的弗罗斯特中尉盟友造成伤害,让你的弗罗斯特中尉盟友造成伤害,assets/images/随从/炎龙--4ddb86ae0b.png
猎兔,"• Убить зайцеголовых на ""желтых"" локациях",在森林郊区和焦尸土地击杀兔头以完成此剧情任务。,assets/images/资源材料/能量块--4581a84736.png
Управляющий квест - элитный пропуск бродяжника [y],• Управляющий квест - элитный пропуск бродяжника [y],Управляющий квест - элитный пропуск бродяжника [y],assets/images/资源材料/能量块--4581a84736.png
使用碎片获得火龙卷异象,• 使用碎片获得A.I.S.T.型阿瑞斯,,assets/images/任务/使用碎片获得火龙卷异象--14d602d6ac.png
游荡者通行证达到35级,• Получить 35 уровень Пропуска бродяжника,Получить 35 уровень Пропуска бродяжника  [y],assets/images/其他物品/游荡者通行证点数--fef04b006d.png
获得游荡者通行证点数,• Получить 50000 очков Пропуска бродяжника,Получить 35 уровень Пропуска бродяжника  [y],assets/images/其他物品/游荡者通行证点数--fef04b006d.png
游荡者通行证达到50级,,,assets/images/其他物品/游荡者通行证点数--fef04b006d.png
让你的盟友对敌人造成伤害,• Нанести урон союзником бродяжником 50к,Нанести 50к урона союзником бродяжником [y],assets/images/资源材料/独特盟友--6727e0e2b2.png
使用酸性武器击杀任何敌人,,使用酸性武器击杀任何敌人,assets/images/任务/兄弟会剧情任务--0faf5aa9c0.png
完成每日剧情任务,• Убить врагов в подвале Триады на Выжженных землях,完成每日剧情任务,assets/images/建筑设施/剧情任务黑板--c2d722afd6.png
Управляющий квест - элитный пропуск бродяжника [y],• Управляющий квест - элитный пропуск бродяжника [y],Управляющий квест - элитный пропуск бродяжника [y],assets/images/资源材料/能量块--4581a84736.png
使用碎片获得风暴游荡者,• 使用碎片获得A.I.S.T.型阿瑞斯,,assets/images/任务/使用碎片获得风暴游荡者--b404d57c85.png
游荡者通行证达到35级,• Получить 35 уровень Пропуска бродяжника,Получить 35 уровень Пропуска бродяжника  [y],assets/images/其他物品/游荡者通行证点数--fef04b006d.png
获得游荡者通行证点数,• Получить 50000 очков Пропуска бродяжника,Получить 35 уровень Пропуска бродяжника  [y],assets/images/其他物品/游荡者通行证点数--fef04b006d.png
游荡者通行证达到50级,,,assets/images/其他物品/游荡者通行证点数--fef04b006d.png
让你的盟友对敌人造成伤害,• Нанести урон союзником бродяжником 50к,Нанести 50к урона союзником бродяжником [y],assets/images/资源材料/独特盟友--6727e0e2b2.png
Управляющий квест - элитный пропуск бродяжника [y],• Управляющий квест - элитный пропуск бродяжника [y],Управляющий квест - элитный пропуск бродяжника [y],assets/images/资源材料/能量块--4581a84736.png
使用碎片获得斗牛犬迈克中士,• 使用碎片获得A.I.S.T.型阿瑞斯,,assets/images/任务/使用碎片获得斗牛犬迈克中士--407a9d9ef5.png
游荡者通行证达到35级,• Получить 35 уровень Пропуска бродяжника,Получить 35 уровень Пропуска бродяжника  [y],assets/images/其他物品/游荡者通行证点数--fef04b006d.png
获得游荡者通行证点数,• Получить 50000 очков Пропуска бродяжника,Получить 35 уровень Пропуска бродяжника  [y],assets/images/其他物品/游荡者通行证点数--fef04b006d.png
游荡者通行证达到50级,,,assets/images/其他物品/游荡者通行证点数--fef04b006d.png
让你的盟友对敌人造成伤害,• Нанести урон союзником бродяжником 50к,Нанести 50к урона союзником бродяжником [y],assets/images/资源材料/独特盟友--6727e0e2b2.png
Управляющий квест - элитный пропуск бродяжника [y],• Управляющий квест - элитный пропуск бродяжника [y],Управляющий квест - элитный пропуск бродяжника [y],assets/images/资源材料/能量块--4581a84736.png
"使用碎片获得丹巴拉
龙卷风",• 使用碎片获得A.I.S.T.型阿瑞斯,,assets/images/任务/使用碎片获得丹巴拉龙卷风--68b4b38fae.png
游荡者通行证达到35级,• Получить 35 уровень Пропуска бродяжника,Получить 35 уровень Пропуска бродяжника  [y],assets/images/其他物品/游荡者通行证点数--fef04b006d.png
获得游荡者通行证点数,• Получить 50000 очков Пропуска бродяжника,Получить 35 уровень Пропуска бродяжника  [y],assets/images/其他物品/游荡者通行证点数--fef04b006d.png
游荡者通行证达到50级,,,assets/images/其他物品/游荡者通行证点数--fef04b006d.png
让你的盟友对敌人造成伤害,• Нанести урон союзником бродяжником 50к,Нанести 50к урона союзником бродяжником [y],assets/images/资源材料/独特盟友--6727e0e2b2.png
Управляющий квест - элитный пропуск бродяжника [y],• Управляющий квест - элитный пропуск бродяжника [y],Управляющий квест - элитный пропуск бродяжника [y],assets/images/资源材料/能量块--4581a84736.png
使用碎片获得A.I.S.T.型阿瑞斯,,,assets/images/任务/使用碎片获得A.I.S.T.型阿瑞斯--2906986649.png
游荡者通行证达到35级,• Получить 35 уровень Пропуска бродяжника,Получить 35 уровень Пропуска бродяжника  [y],assets/images/其他物品/游荡者通行证点数--fef04b006d.png
获得游荡者通行证点数,• Получить 50000 очков Пропуска бродяжника,Получить 35 уровень Пропуска бродяжника  [y],assets/images/其他物品/游荡者通行证点数--fef04b006d.png
游荡者通行证达到50级,,,assets/images/其他物品/游荡者通行证点数--fef04b006d.png
让你的盟友对敌人造成伤害,• Нанести урон союзником бродяжником 50к,Нанести 50к урона союзником бродяжником [y],assets/images/资源材料/独特盟友--6727e0e2b2.png
Управляющий квест - элитный пропуск бродяжника [y],• Управляющий квест - элитный пропуск бродяжника [y],Управляющий квест - элитный пропуск бродяжника [y],assets/images/资源材料/能量块--4581a84736.png
使用碎片获得血球异象,• 使用碎片获得A.I.S.T.型阿瑞斯,,assets/images/任务/使用碎片获得A.I.S.T.型阿瑞斯--2906986649.png
游荡者通行证达到35级,• Получить 35 уровень Пропуска бродяжника,Получить 35 уровень Пропуска бродяжника  [y],assets/images/其他物品/游荡者通行证点数--fef04b006d.png
获得游荡者通行证点数,• Получить 50000 очков Пропуска бродяжника,Получить 35 уровень Пропуска бродяжника  [y],assets/images/其他物品/游荡者通行证点数--fef04b006d.png
游荡者通行证达到50级,,,assets/images/其他物品/游荡者通行证点数--fef04b006d.png
让你的盟友对敌人造成伤害,• Нанести урон союзником бродяжником 50к,Нанести 50к урона союзником бродяжником [y],assets/images/资源材料/独特盟友--6727e0e2b2.png
使用碎片获得黑暗幽灵,• 使用碎片获得A.I.S.T.型阿瑞斯,,assets/images/任务/使用碎片获得黑暗幽灵--18667c26b8.png
游荡者通行证达到35级,• Получить 35 уровень Пропуска бродяжника,Получить 35 уровень Пропуска бродяжника  [y],assets/images/其他物品/游荡者通行证点数--fef04b006d.png
获得游荡者通行证点数,• Получить 50000 очков Пропуска бродяжника,Получить 35 уровень Пропуска бродяжника  [y],assets/images/其他物品/游荡者通行证点数--fef04b006d.png
游荡者通行证达到50级,,,assets/images/其他物品/游荡者通行证点数--fef04b006d.png
让你的盟友对敌人造成伤害,• Нанести урон союзником бродяжником 50к,Нанести 50к урона союзником бродяжником [y],assets/images/资源材料/独特盟友--6727e0e2b2.png
Управляющий квест - элитный пропуск бродяжника [y],• Управляющий квест - элитный пропуск бродяжника [y],Управляющий квест - элитный пропуск бродяжника [y],assets/images/资源材料/能量块--4581a84736.png
Управляющий квест - элитный пропуск бродяжника [y],• Управляющий квест - элитный пропуск бродяжника [y],Управляющий квест - элитный пропуск бродяжника [y],assets/images/资源材料/能量块--4581a84736.png
使用碎片获得A.I.S.T.型拦截者,• 使用碎片获得A.I.S.T.型阿瑞斯,,assets/images/任务/使用碎片获得A.I.S.T.型拦截者--a3babe8213.png
游荡者通行证达到35级,• Получить 35 уровень Пропуска бродяжника,Получить 35 уровень Пропуска бродяжника  [y],assets/images/其他物品/游荡者通行证点数--fef04b006d.png
获得游荡者通行证点数,• Получить 50000 очков Пропуска бродяжника,Получить 35 уровень Пропуска бродяжника  [y],assets/images/其他物品/游荡者通行证点数--fef04b006d.png
游荡者通行证达到50级,,,assets/images/其他物品/游荡者通行证点数--fef04b006d.png
让你的盟友对敌人造成伤害,• Нанести урон союзником бродяжником 50к,Нанести 50к урона союзником бродяжником [y],assets/images/资源材料/独特盟友--6727e0e2b2.png
Управляющий квест - элитный пропуск бродяжника [y],• Управляющий квест - элитный пропуск бродяжника [y],Управляющий квест - элитный пропуск бродяжника [y],assets/images/资源材料/能量块--4581a84736.png
使用碎片获得黑暗幽灵,• 使用碎片获得A.I.S.T.型阿瑞斯,,assets/images/任务/使用碎片获得黑暗守护者伊瓦尔--bba1a9935e.png
游荡者通行证达到35级,• Получить 35 уровень Пропуска бродяжника,Получить 35 уровень Пропуска бродяжника  [y],assets/images/其他物品/游荡者通行证点数--fef04b006d.png
获得游荡者通行证点数,• Получить 50000 очков Пропуска бродяжника,Получить 35 уровень Пропуска бродяжника  [y],assets/images/其他物品/游荡者通行证点数--fef04b006d.png
游荡者通行证达到50级,,,assets/images/其他物品/游荡者通行证点数--fef04b006d.png
让你的盟友对敌人造成伤害,• Нанести урон союзником бродяжником 50к,Нанести 50к урона союзником бродяжником [y],assets/images/资源材料/独特盟友--6727e0e2b2.png
