名称,类型,说明,解锁等级,制作秒数,投入装备与材料,结果,设施,解锁说明
大砍刀,制作配方,核战前的俗语怎么说来着， “大砍刀永不失败。 ”,85,1,抛光木板 × 3；螺丝钉 × 4；鞣制皮革 × 3；铁锭 × 4；牛皮胶布 × 5,大砍刀 × 1,,
板,制作配方,领地上经验丰富的战士将这种武器称为“最后的机会”。,1,1,原生木板 × 1；碎布 × 1,板 × 1,,
无业游民头巾,制作配方,为脑袋提供轻微防护， 以免受到打击。,10,1,碎布 × 2,无业游民头巾 × 1,,
无业游民T恤,制作配方,不大可能抵御任何比老鼠大的东西。,10,1,缝线 × 2；碎布 × 4,无业游民T恤 × 1,,
无业游民裤子,制作配方,匆忙缝制的破布裤子。,10,1,缝线 × 1；碎布 × 3,无业游民裤子 × 1,,
无业游民靴子,制作配方,很轻， 用碎布和毛皮制成。 约为脚踝的高度。,10,1,兽皮 × 1；缝线 × 1；碎布 × 2,无业游民靴子 × 1,,
麻袋,制作配方,用碎布缝成的袋子。 适用于携带不太大的物品。,1,1,碎布 × 5,麻袋 × 1,,
无业游民上衣,制作配方,帆布拼凑， 麻线缝制而成。,10,1,兽皮 × 2；细麻绳 × 1；缝线 × 6；碎布 × 10,无业游民上衣 × 1,,
幸存者衬衫,制作配方,纯手工亚麻布。 很适合露面或者藏身灌木丛。,32,1,亚麻布 × 4；缝线 × 2,幸存者衬衫 × 1,,
幸存者牛仔裤,制作配方,这里的饮食糟糕极了，你都无法找到尺寸合适的衣服。,32,1,亚麻布 × 2；皮革 × 2；细麻绳 × 3,幸存者牛仔裤 × 1,,
幸存者鞋子,制作配方,饰有兽皮的实用靴子。,32,1,皮革 × 2；细麻绳 × 2；钉子 × 2,幸存者鞋子 × 1,,
旅行背包,制作配方,特别大， 可以往里面装口粮和战利品。,62,1,棉布 × 6；鞣制皮革 × 3；橡胶 × 10；细麻绳 × 10；牛皮胶布 × 5,旅行背包 × 1,,
1级盒子,制作配方,小型木箱可存放少量物品。它令人感觉“这里没什么好偷的”。,2,1,废金属 × 2；原生木板 × 5,1级盒子 × 1,,
睡袋,制作配方,毛毯和兽皮拼成， 塞满碎布。 总比睡在地上好。,4,1,碎布 × 20；兽皮 × 2,睡袋 × 1,,
2级盒子,制作配方,用优质木板做成的箱子。 足够大， 可以储存你获得或窃得的物品。,14,1,优质木板 × 7；钉子 × 4；钢筋 × 2；兽皮 × 3；1级盒子 × 1,2级盒子 × 1,,
木床,制作配方,可供你枕着枪睡上几小时的舒适场所。,32,1,优质木板 × 10；钉子 × 6；亚麻布 × 8；睡袋 × 1；细麻绳 × 6；皮革 × 6,木床 × 1,,
临时凑合的锤子,制作配方,绑有混凝土的木条。,1,1,混凝土 × 3；原生木板 × 3,临时凑合的锤子 × 1,,
劈刀,制作配方,技能娴熟的厨师的武器。,38,1,铁锭 × 4；优质木板 × 3；皮革 × 2,劈刀 × 1,,
撬棍,制作配方,传奇科学家的武器， 这位科学家研究半生物产品对异象区的影响。,32,1,铁锭 × 2；牛皮胶布 × 5；钢筋 × 3,撬棍 × 1,,
刀,制作配方,年轻游荡者争夺战利品的王牌武器。,22,1,钢筋 × 4；混凝土 × 2；皮革 × 2,刀 × 1,,
斧头,制作配方,可以砍削木材并阻挡过度好奇的动物。 也能阻挡其他 “访客”。,1,1,废金属 × 4；原生木板 × 2,斧头 × 1,,
镐,制作配方,结实握柄的双面镐。,52,1,铁管 × 1；铅 × 2；抛光木板 × 6；人造革 × 2,镐 × 1,,
铲子,制作配方,只要挖得深， 甘泉润人心。 游荡者是这么说的 。,22,1,废金属 × 10；优质木板 × 3；钉子 × 1,铲子 × 1,,
临时凑合的弓,制作配方,临时代用的复合弓。它是伏击者和猎人最好的朋友。,12,1,石刀 × 5；鹿角 × 2；优质木板 × 3；细麻绳 × 1,临时凑合的弓 × 1,,
火枪,制作配方,经典的十二口径， 带发扳机。 基本上就是把锯开的管道粘在胡桃木上。,45,1,铁皮 × 3；优质木板 × 10；螺丝钉 × 4；黑火药 × 2；牛皮胶布 × 2,火枪 × 1,,
充铅铁管,制作配方,底座上刻着“马里奥的欢呼”。,60,1,铁管 × 2；铅 × 5；牛皮胶布 × 3,充铅铁管 × 1,,
焦尸杀手,制作配方,一种锋利的金属棒， 带有一个安全防护装置， 以防止在第一次刺伤后焦尸金属棒接触到你 。,45,1,铁管 × 1；钢筋 × 3；铁锭 × 2；优质木板 × 4,焦尸杀手 × 1,,
复合弓,制作配方,根据战前蓝图制作。 狩猎动物和焦尸的完美武器。,74,1,铁管 × 4；橡胶 × 5；铁锭 × 4；塑料 × 3；细麻绳 × 6,复合弓 × 1,,
十字弓,制作配方,著名的焦尸猎人凡赫尔和达尔迪克斯兄弟尤其青睐这种十字弓。,38,1,铁皮 × 4；优质木板 × 8；细麻绳 × 5；牛皮胶布 × 3,十字弓 × 1,,
Гвоздомет,制作配方,"Стреляет девятидюймовыми гвоздями, пока не закончится заряд батареи.",59,1,铜线 × 1；钉子 × 1；铁管 × 1,Гвоздомет × 1,,
扳手,制作配方,“哦， 这个扳手！ 它带给我太多快乐， 我把它叫做“狂喜”。 就像我小时候， 和爸爸玩的水下射击游戏一样。 ” 工程师斯普林特。,85,1,螺纹 × 1；铁管 × 4；铁锭 × 5；牛皮胶布 × 3,扳手 × 1,,
Обрез,制作配方,“好的， 坏的 ……拿枪的那个是头儿。 ”,85,1,坏了的散弹枪 × 2；铁管 × 3；弹簧 × 4；铅 × 5；黑火药 × 4；松木原木 × 4,Sawn-Off Gun × 1,,
马卡洛夫手枪,制作配方,老式， 但可靠。,85,1,毁坏的马卡洛夫手枪 × 4；铁管 × 4；弹簧 × 3；铅 × 3；黑火药 × 3；铁锭 × 4,马卡洛夫手枪 × 1,,
AKM,制作配方,一种传说中的武器， 在各地都能找到不同的版本。,94,1,坏了的 AKM × 6；铁管 × 2；弹簧 × 3；铅 × 12；黑火药 × 6；抛光木板 × 8,AKM × 1,,
格洛克手枪,制作配方,可靠的枪支，由鹰队兵工厂制作。,92,1,坏了的格洛克手枪 × 4；铁管 × 4；弹簧 × 5；铅 × 4；黑火药 × 5；塑料 × 12,格洛克手枪 × 1,,
«Кольт»,制作配方,Делает людей равными с 1911 года.,71,1,牛皮胶布 × 1,«Кольт» [y] × 1,,
Багор,制作配方,Длинный острый шест с металлическим крюком. Противника лучше держать на расстоянии.,51,1,牛皮胶布 × 1,Harpoon × 1,,
消防斧头,制作配方,被称为“核战信徒”的狂腐士精英拥有这些装备。 他们曾是 45-1消防和救援站的消防员。,68,1,铁管 × 2；铁锭 × 2；抛光木板 × 4；鞣制皮革 × 2；牛皮胶布 × 2,消防斧头 × 1,,
锋利钢筋,制作配方,锋利金属棒。 一种粗糙而有效的武器。,14,1,钢筋 × 1；混凝土 × 2,锋利钢筋 × 1,,
铁砧,制作配方,用于冶炼废金属和其他资源。,14,1,废金属 × 10；混凝土 × 10；优质木板 × 10；兽皮 × 5,1级铁砧 × 1,,
钢筋,制作配方,钢棒总是能派上用场。,0,240,废金属 × 2；水 × 1,钢筋 × 1,1级铁砧；2级铁砧；3级铁砧；4级铁砧,
铁锭,制作配方,边缘粗糙的铁锭： 显然是在野外铸造的 。,0,600,钢筋 × 2；水 × 2,铁锭 × 1,1级铁砧；2级铁砧；3级铁砧；4级铁砧,
粗糙的绷带,制作配方,绑扎碎布可以让伤口更快愈合。,6,1,碎布 × 1,粗糙的绷带 × 1,,
壁炉,制作配方,熟食比生食更健康， 也更富含营养。,2,1,混凝土 × 2；废金属 × 3；原生木板 × 1,1级壁炉 × 1,,
花园土地,制作配方,一块耕种土地， 用于种植作物。,2,1,原生木板 × 5；废金属 × 2,1级花园土地 × 1,,
水井,制作配方,水涓涓流出， 但总比没水要好。,6,1,混凝土 × 10；废金属 × 5；原生木板 × 5；细麻绳 × 2,水井 × 1,,
凳子,制作配方,实木凳子。,10,1,原生木板 × 8；钉子 × 2,凳子 × 1,,
生产水洗绷带,制作配方,水洗碎布可以用来包扎伤口。,1,60,粗糙的绷带 × 1；水 × 1,生产水洗绷带 × 1,1级治疗师桌；2级治疗师桌；3级治疗师桌,
绷带,制作配方,一块结实布料， 几乎可以用来包扎所有伤口。,1,180,亚麻布 × 1,绷带 × 1,1级治疗师桌；2级治疗师桌；3级治疗师桌,
幸存者头巾,制作配方,领地的典型头饰。,32,1,亚麻布 × 2；缝线 × 2,幸存者头巾 × 1,,
刨床,制作配方,用于烘干和抛光木材的工具套装。,3,1,原生木板 × 10；废金属 × 5,1级刨床 × 1,,
伤口敷料,制作配方,用酒精消毒的应急棉花伤口敷料， 可以保护伤口并帮助伤口愈合。,1,300,棉布 × 1；酒精 × 1,伤口敷料 × 1,1级治疗师桌；2级治疗师桌；3级治疗师桌,
实验台,制作配方,化学设备桌。,30,1,铁管 × 4；铜 × 2；铁锭 × 2；玻璃 × 2,1级实验台 × 1,,
袭击者毛衣,制作配方,人们说， 在核战之前， 猎人会将鹿缝在毛衣上以引诱猎物。,52,1,棉布 × 4；细麻绳 × 4；缝线 × 4,袭击者毛衣 × 1,,
袭击者裤子,制作配方,厚实且相对耐用的棉质牛仔裤。,52,1,棉布 × 3；人造革 × 2；细麻绳 × 4；缝线 × 3,袭击者裤子 × 1,,
袭击者靴子,制作配方,缝得很好的靴子， 鞋跟钉得很牢。,52,1,人造革 × 3；细麻绳 × 3；缝线 × 4；钉子 × 2,袭击者靴子 × 1,,
袭击者便帽,制作配方,高密度针织头饰。,52,1,棉布 × 2；细麻绳 × 3；缝线 × 4,袭击者便帽 × 1,,
烤马铃薯,制作配方,简单的食物， 可在任务期间作为快餐。,0,300,马铃薯 × 1,烤马铃薯 × 1,,
Отвар шиповника,制作配方,"Народное лечебное средство. Восстанавливает здоровье, помогает при болезни.

Увеличивает максимальный урон.",1,300,水 × 1；玫瑰果 × 5,Отвар шиповника × 1,,
开水,制作配方,把水烧开， 以杀灭细菌。 煮沸不能消除辐射。,0,60,水 × 1,开水 × 1,,
炸蘑菇,制作配方,明火炸蘑菇。,0,120,蘑菇 × 1,炸蘑菇 × 1,1级壁炉；2级壁炉；3级壁炉,
热茶,制作配方,传统浓红茶。,0,600,水 × 2；红茶 × 1；阿糖 × 1,热茶 × 1,,
马铃薯,制作配方,一种营养丰富的常见食品。 把它加到炖肉里。,32,3600,块茎 × 1,马铃薯 × 1,1级花园土地；2级花园土地；3级花园土地,
亚麻,制作配方,用2级织布机把亚麻织成轻薄结实的布料。,0,480,亚麻种子 × 1；废料 × 1,亚麻 × 1,1级花园土地；2级花园土地；3级花园土地,
棉花,制作配方,豆荚含有耐热植物的纤维和种子。,0,600,棉花种子 × 1；硝石 × 1,棉花 × 1,1级花园土地；2级花园土地；3级花园土地,
优质木板,制作配方,光滑干燥的木板。,0,240,原生木板 × 1,优质木板 × 1,1级刨床；2级刨床；3级刨床,
铁皮,制作配方,金属片。 用点力， 你可以把它变成几乎任何你喜欢的形状。,0,1200,铁锭 × 2；水 × 2,铁皮 × 1,1级铁砧；2级铁砧；3级铁砧；4级铁砧,
铁管,制作配方,在经验丰富的战士手中， 它可以用作危险的武器或轻武器。,0,3600,铁皮 × 1；水 × 2,铁管 × 1,1级铁砧；2级铁砧；3级铁砧；4级铁砧,
皮革,制作配方,保存兽皮最简单的方法是制成皮革。,0,240,兽皮 × 1,皮革 × 1,1级皮革商工作台；2级皮革商工作台；3级皮革商工作台,
水,制作配方,用于烹饪、 洗涤和生产。,0,600,空水瓶 × 1,水 × 1,水井；毛骨悚然喷泉,
水,制作配方,用于烹饪、 洗涤和生产。,0,300,空水瓶 × 1,水 × 1,,
水,制作配方,用于烹饪、 洗涤和生产。,0,120,空水瓶 × 1,水 × 1,,
缝线,制作配方,一对线轴： 用来编线。,0,120,碎布 × 2,缝线 × 1,1级织布机；2级织布机；3级织布机,
缝线,制作配方,一对线轴： 用来编线。,0,120,亚麻布 × 1,缝线 × 1,,
缝线,制作配方,一对线轴： 用来编线。,0,120,棉布 × 1,缝线 × 1,,
亚麻布,制作配方,亚麻布衣服比碎布衣服坚韧耐穿。,0,300,亚麻 × 1,亚麻布 × 1,1级织布机；2级织布机；3级织布机,
细麻绳,制作配方,细绳。,0,600,缝线 × 2,细麻绳 × 1,1级织布机；2级织布机；3级织布机,
棉布,制作配方,密棉布比亚麻布坚韧。,0,480,棉花 × 1,棉布 × 1,1级织布机；2级织布机；3级织布机,
硝石,制作配方,一种能制造烈性炸药的原料。,0,600,废料 × 1,硝石 × 1,1级实验台；2级实验台；3级实验台,
酒精,制作配方,蒸馏和提纯的小麦酿造物。 最好别喝。 用它来生产医疗用品。,0,600,小麦 × 5；水 × 3；阿糖 × 1,酒精 × 1,1级实验台；2级实验台；3级实验台,
黑火药,制作配方,经典的炸药原料。,0,2400,硫磺 × 1；灰烬 × 10；硝石 × 1,黑火药 × 1,1级实验台；2级实验台；3级实验台,
侦察员风衣,制作配方,嵌有防护物的迷彩夹克。 适合侦察和战斗任务。,74,1,防水布 × 3；棉布 × 10；橡胶 × 6,侦察员风衣 × 1,,
侦察员裤子,制作配方,特殊迷彩色可选， 专为领地设计。,72,1,棉布 × 6；鞣制皮革 × 1；橡胶 × 5,侦察员裤子 × 1,,
侦察员条纹背心,制作配方,核战前， 海军陆战队和空降部队常穿条纹背心。,72,1,棉布 × 10；细麻绳 × 10；缝线 × 15,侦察员条纹背心 × 1,,
侦察员靴子,制作配方,结实的靴子， 适合前往异象区的长途跋涉。,72,1,鞣制皮革 × 3；橡胶 × 4；铁管 × 2；细麻绳 × 4；钉子 × 2,侦察员靴子 × 1,,
防毒面具,制作配方,在领地的某些区域， 没有防毒面具， 每口呼吸都可能致命。,92,1,橡胶 × 10；鞣制皮革 × 2；玻璃 × 2；铁管 × 1；橡胶软管 × 4；过滤器 × 2,防毒面具 × 1,,
游荡者战术背心,制作配方,结实的背心， 搭配腰带和腰包。,94,1,防水布 × 6；凯芙拉 × 4；鞣制皮革 × 4；橡胶 × 20；钢锭 × 2,游荡者战术背心 × 1,,
游荡者裤子,制作配方,带护膝的缝合裤子。 穿上它们， 你就能很好融入游荡者灾难酒吧。,92,1,防水布 × 4；凯芙拉 × 2；鞣制皮革 × 2；橡胶 × 15；钢锭 × 2,游荡者裤子 × 1,,
游荡者靴子,制作配方,领地征服者靴子。 镶嵌金属的厚重军靴。,92,1,防水布 × 4；凯芙拉 × 3；鞣制皮革 × 2；橡胶 × 7；钢锭 × 1,游荡者靴子 × 1,,
洗脸盆,制作配方,梳洗干净的幸存者不太容易被察觉到气味。 他们生病的几率也较小。,3,1,原生木板 × 8；废金属 × 8；混凝土 × 4,洗脸盆 × 1,,
木槌,制作配方,在核战发生后的早期， 许多普通物品被变成了武器。,13,1,原生木板 × 2；铁锭 × 1,木槌 × 1,,
钉板,制作配方,一块结实的木板， 上面有突出的钉子。 要是你在领地找到一块， 那可幸运极了 。,10,1,优质木板 × 1；钉子 × 1,钉板 × 1,,
M16,制作配方,一把著名的突击步枪， 在核战前身经百战。,100,1,坏了的 M16 × 4；铁管 × 4；弹簧 × 6；铅 × 16；黑火药 × 8；塑料 × 10,M16 × 1,,
织布机,制作配方,简易织机， 适合手工加工天然纤维。,3,1,优质木板 × 5；废金属 × 5；钉子 × 1,1级织布机 × 1,,
手榴弹,制作配方,消灭敌人的方式， 无论死活。,60,1,空罐头 × 1；黑火药 × 2；铁管 × 2；TNT炸药 × 1；钉子 × 5,手榴弹 × 1,,
烤肉,制作配方,一块熟透的肉。,0,240,生肉 × 1,烤肉 × 1,1级壁炉；2级壁炉；3级壁炉,
"Ключ карта
(для плейтеста)",制作配方,Ключ карта для открытия закрытых сундуков в пвп плейтесте,99,1,违规者令牌 × 1；废金属 × 10；原生木板 × 30,PDA для взлома × 1,,
飞石,制作配方,你可以从远处投掷并造成伤害。,6,1,混凝土 × 1,飞石 × 4,,
飞刀,制作配方,厚刃由废金属熔化而成的飞刀。,8,1,废金属 × 3,飞刀 × 5,,
纳塔刀,制作配方,一把好刀， 适合熟练的厨师或战士。,50,1,铁皮 × 2；优质木板 × 4；建筑混凝土 × 2,纳塔刀 × 1,,
皮革商工作台,制作配方,在领地内， 就算生牛皮也极具价值。,20,1,优质木板 × 10；钉子 × 5；细麻绳 × 5；碎布 × 15；牛皮胶布 × 5,1级皮革商工作台 × 1,,
袭击者连帽衫,制作配方,一件带帽的棉质运动衫， 可以保护你免遭雨水和烈日的伤害。,54,1,棉布 × 4；聚乙烯塑料 × 1；细麻绳 × 4；缝线 × 5,袭击者连帽衫 × 1,,
大锤,制作配方,“锤子可用于锻造金属和砸碎脑袋。 ”铁匠英格丽德。,38,1,铁皮 × 2；铁锭 × 3；优质木板 × 12；钉子 × 4；皮革 × 6,大锤 × 1,,
飞刀,制作配方,,60,1,钢锭 × 1,飞刀 × 1,,
烈性炸药地雷,制作配方,当它被触发时会发出很小的咔哒声， 但人们通常无法活着讲述这段经历。,106,1,硝酸甘油 × 2；钢锭 × 2；铜线 × 6；空罐头 × 4,烈性炸药地雷 × 1,,
睡袋,制作配方,毛毯和兽皮拼成， 塞满碎布。 总比睡在地上好。,16,1,兽皮 × 6；碎布 × 20；草茎 × 10；缝线 × 6,睡袋 × 1,,
MON-50,制作配方,多名鹰队成员在游荡者仓库引爆自尽。,100,1,硝酸甘油 × 2；铁管 × 3；黑火药 × 4,MON-50 × 1,,
自制炸药,制作配方,临时凑合的爆炸材料。,32,1,硫磺 × 1；硝石 × 2；聚乙烯塑料 × 1；牛皮胶布 × 1；橡胶 × 2,自制炸药 × 1,,
游荡者运动衫,制作配方,带衬里的优质运动衫。 它还附有一个空狗牌， 以填写游荡者队员的姓名。,92,1,防水布 × 4；凯芙拉 × 2；鞣制皮革 × 4；橡胶 × 10,游荡者运动衫 × 1,,
Две картошки,制作配方,"Универсальный и питательный продукт — можно запечь, сварить или пожарить.",0,2400,马铃薯 × 1,马铃薯 × 2,,
猎人陷阱,制作配方,猎人陷阱锋利的金属牙齿会造成严重伤害。,16,1,钢筋 × 3；弹簧 × 2；废金属 × 10；弹簧片 × 1；混凝土 × 3；草茎 × 5,猎人陷阱 × 1,,
烟雾弹,制作配方,让你逃避责任的一件设备。,58,1,硫磺 × 1；硝石 × 1；橡胶 × 1；空罐头 × 1,烟雾弹 × 4,,
焦尸笼子,制作配方,有时焦尸被关在避难所的笼子里。 如果小偷碰到了绊线， 笼门就会打开。,100,1,弹簧片 × 3；铁管 × 12；鞣制皮革 × 5；细麻绳 × 10,焦尸笼子 × 1,,
CHAP,制作配方,"网络助手自动宠物。 
由高强度金属制造， 但它对主人的忠诚更强。",113,1,坏了的 CHAP × 2；铁管 × 10；松木板材 × 20；主板 × 10；钢锭 × 8；铜锭 × 15,CHAP × 1,,
UAZ越野车,制作配方,经历核战后， 全地形车状况比其他车辆要好。 UAZ越野车可以运输大量战利品。 你甚至可以驾驶它穿过泥点怪异象区。,54,1,损坏的 UAZ越野车 × 1；铁皮 × 15；铁管 × 20；抛光木板 × 20；橡胶 × 20；建筑混凝土 × 15,UAZ越野车 × 1,,
抗辐射药物,制作配方,抗辐射病的药片。,1,300,战前药片 × 2；酒精 × 1,抗辐射药物 × 1,1级治疗师桌；2级治疗师桌；3级治疗师桌,
T-16U阿玛塔主战坦克,制作配方,无坚不摧的高科技僵尸车辆。 要塞兵团的工程师针对僵尸大灾变改装了该坦克。,120,1,坏了的 T-16U阿玛塔主战坦克 × 10；铁管 × 20；铁皮 × 20；钢锭 × 20；橡胶 × 20；建筑花岗岩 × 20,T-16U阿玛塔主战坦克 × 1,,
空水瓶,制作配方,你可靠的水壶里一滴水都没了 。 它是空的 。,6,1,废金属 × 2；碎布 × 1,空水瓶 × 1,,
废料,制作配方,即使化粪池的残渣也能得到很好的利用。,0,120,聚乙烯塑料 × 1,废料 × 1,厕所,
厕所,制作配方,一间厕所， 废料的来源。 别忘了买些塑料来清理粪便。,32,1,优质木板 × 25；钢筋 × 5；废金属 × 10；钉子 × 10；建筑混凝土 × 15,厕所 × 1,,
实验台,制作配方,化学设备桌。,16,1,优质木板 × 15；钢筋 × 5；铜线 × 5；橡胶 × 5；空瓶 × 5；牛皮胶布 × 5,1级实验台 × 1,,
集水器,制作配方,用于收集水的自制设备。,38,1,铁皮 × 2；橡胶软管 × 4；聚乙烯塑料 × 10；优质木板 × 20；建筑混凝土 × 15,集水器 × 1,,
敌方活动守望者,制作配方,敌对活动勘察者。,38,1,敌方活动守望者零件 × 5；主板 × 8；钢筋 × 20；优质木板 × 20；钉子 × 15,敌方活动守望者 × 1,,
2级壁炉,制作配方,一个坚固的壁炉。 多大的风都不会熄灭。,12,1,混凝土 × 15；优质木板 × 10；废金属 × 10；1级壁炉 × 1,2级壁炉 × 1,,
2级花园土地,制作配方,一块封闭的耕地， 不受来自领地的放射性尘埃和风的影响。,32,1,优质木板 × 10；钢筋 × 5；聚乙烯塑料 × 2；橡胶软管 × 3；空罐头 × 5；1级花园土地 × 1,2级花园土地 × 1,,
3级花园土地,制作配方,这个大农场有很多花园土地。 农民们甚至成功种植了喜热植物。,52,1,抛光木板 × 20；铁管 × 10；橡胶 × 20；聚乙烯塑料 × 4；钉子 × 4；2级花园土地 × 1,3级花园土地 × 1,,
2级织布机,制作配方,升级版织布机。,32,1,优质木板 × 10；铁锭 × 2；螺丝钉 × 4；钉子 × 6；橡胶软管 × 3；1级织布机 × 1,2级织布机 × 1,,
2级铁砧,制作配方,带有大型高炉的金属加工台。,28,1,钢筋 × 10；建筑混凝土 × 10；橡胶软管 × 8；自行车链轮 × 3；链节 × 8；1级铁砧 × 1,2级铁砧 × 1,,
3级铁砧,制作配方,冶炼金属的炉子。,50,1,建筑混凝土 × 15；发动机零件 × 5；铁皮 × 10；铁锭 × 10；橡胶 × 20；2级铁砧 × 1,3级铁砧 × 1,,
Отвар коры,制作配方,Отвар коры,1,600,开水 × 3；Древесная кора × 2,Отвар коры × 1,,
等级1地板,制作配方,有明显缝隙的粗糙木地板。,1,1,原生木板 × 1；混凝土 × 4,等级1地板 × 1,,
等级2地板,制作配方,平坦的地板， 可以承受重箱子或坚实工作台的重量。,1,1,建筑混凝土 × 10；优质木板 × 10；钢筋 × 10,等级2地板 × 1,,
等级3地板,制作配方,结实的地板， 适合设备齐全的避难所。,1,1,建筑混凝土 × 10；抛光木板 × 10；铁皮 × 10,等级3地板 × 1,,
等级1墙壁,制作配方,你可以躲在它后面， 躲避狂风和随机出现的焦尸。,1,1,原生木板 × 1,等级1墙壁 × 1,,
等级2墙壁,制作配方,从这堵墙的坚固程度来判断， 房主的砌墙技术很出色。,1,1,建筑混凝土 × 10；优质木板 × 10；钢筋 × 10,等级2墙壁 × 1,,
等级3墙壁,制作配方,一堵可靠的厚实墙壁。 围攻者必须将它炸毁才能突围。,1,1,建筑混凝土 × 10；抛光木板 × 10；铁皮 × 10,等级3墙壁 × 1,,
等级1门,制作配方,一扇普通的门。 几斧头就能破门而入。,1,1,原生木板 × 1,等级1门 × 1,,
等级2门,制作配方,一扇厚重的门， 可以保护你免受袭击。,1,1,建筑混凝土 × 10；优质木板 × 10；钢筋 × 10,等级2门 × 1,,
等级3门,制作配方,一扇带坚固门闩的安全门。 能够阻挡普通窃贼团体。,1,1,建筑混凝土 × 10；抛光木板 × 10；铁皮 × 10,等级3门 × 1,,
等级1窗户,制作配方,一堵带有窗户的简易墙。 下雨时， 你可以穿着无业游民上衣靠在窗前， 喝上一杯玫瑰果茶。,1,1,原生木板 × 1,等级1窗户 × 1,,
等级2窗户,制作配方,一堵带窗子的坚固墙， 可以看到最后领地内的放射性荒地的迷人景色。,1,1,建筑混凝土 × 10；优质木板 × 10；钢筋 × 10,等级2窗户 × 1,,
等级3窗户,制作配方,一堵带窗子的厚重墙， 可以欣赏黄昏、 黎明和远处的工厂亮光。,1,1,建筑混凝土 × 10；抛光木板 × 10；铁皮 × 10,等级3窗户 × 1,,
碎布,制作配方,破旧的天然材质布料。,0,120,草茎 × 2,碎布 × 1,1级织布机；2级织布机；3级织布机,
衣柜,制作配方,这个衣柜适合放置你的服装！,24,1,优质木板 × 20；钉子 × 10；皮革 × 5；牛皮胶布 × 10,衣柜 × 1,,
自行车,制作配方,这个工作台可以用来修理自行车。 安装好它， 继续修复工作。,6,1,坏了的自行车 × 1；废金属 × 7；优质木板 × 5；混凝土 × 5；碎布 × 5,自行车 × 1,,你已经拥有一辆自行车了。
房屋植物,制作配方,放射性领地的花朵很好种植， 它们不需要照料， 还能为你的住所增添舒适感。 它们还能捕食苍蝇。,6,1,水 × 1；空罐头 × 1；草茎 × 2,房屋植物 × 1,,
射箭护腕,制作配方,娴熟弓箭手的护腕。,20,1,皮革 × 3；细麻绳 × 3；鹿角 × 1,射箭护腕 × 1,,
泥瓦匠工作台,制作配方,一个粗糙工作台， 用来制作混凝土砖。,20,1,混凝土 × 20；钢筋 × 15；优质木板 × 20,1级泥瓦匠工作台 × 1,,
建筑混凝土,制作配方,用混凝土砖砌成的墙壁更加光滑和坚固。,0,240,混凝土 × 2,建筑混凝土 × 1,1级泥瓦匠工作台；2级泥瓦匠工作台；3级泥瓦匠工作台,
柴油发电机,制作配方,修复过的战前设备。 你需要它来启动一些工作台。,52,1,坏了的发电机 × 3；铁管 × 3；橡胶软管 × 15；自行车链轮 × 20；铅 × 15,柴油发电机 × 1,,
车辆维修台,制作配方,用来升级车辆的工作台。 用它来升级你的自行车。,16,1,建筑混凝土 × 15；钢筋 × 10；优质木板 × 15；兽皮 × 10；钉子 × 3；牛皮胶布 × 7,车辆维修台 × 1,,
修理工作台,制作配方,一个重要的工作台， 安装在你的避难所内。 快速修复你的武器和铠甲。,14,1,混凝土 × 15；钢筋 × 15；优质木板 × 20；废金属 × 20；钉子 × 8；细麻绳 × 12,损坏的修理工作台 × 1,,
隔板,制作配方,领地上经验丰富的战士将这种武器称为“最后的机会”。,1,60,等级1武器盒 × 1；板 × 1,隔板 × 1,,
锋利斧头,制作配方,升级版斧头。,1,60,等级1武器盒 × 1；斧头 × 1,锋利斧头 × 1,,
Подъемник ур 2 [y],制作配方,Подъемник ур 2 описание [y],38,1,细麻绳 × 10；优质木板 × 20；铁皮 × 10；鞣制皮革 × 10；建筑混凝土 × 10,Подъемник ур 2 [y] × 1,,
粉碎锤,制作配方,绑有混凝土的木条。,1,60,等级1武器盒 × 1；临时凑合的锤子 × 1,粉碎锤 × 1,,
带钉子的加固板,制作配方,一块结实的木板， 上面有突出的钉子。 要是你在领地找到一块， 那可幸运极了 。,1,60,等级1武器盒 × 1；钉板 × 1,带钉子的加固板 × 1,,
游荡者的摩托车,制作配方,一辆轻快的越野摩托车，可以携带大量的战利品。,28,1,橡胶软管 × 40；辐条 × 40；铁管 × 20；人造革 × 40；螺栓 × 20；钢板 × 20,游荡者的摩托车 × 1,,你已经拥有一辆摩托车了。
临时凑合的矛,制作配方,锋利金属棒。 一种粗糙而有效的武器。,1,60,等级1武器盒 × 1；锋利钢筋 × 1,临时凑合的矛 × 1,,
优质弓,制作配方,临时代用的复合弓。它是伏击者和猎人最好的朋友。,1,60,等级1武器盒 × 1；临时凑合的弓 × 1,优质弓 × 1,,
3级壁炉,制作配方,用来烹饪烧烤的食物。 你也需要它来参加聚会。,32,1,优质木板 × 15；建筑混凝土 × 8；铁皮 × 2；皮革 × 10；2级壁炉 × 1,3级壁炉 × 1,,
锋利铲子,制作配方,只要挖得深， 甘泉润人心。 游荡者是这么说的 。,1,60,等级1武器盒 × 1；铲子 × 1,爱尔兰人铲子 × 1,,
炸土豆,制作配方,这位爱尔兰人是当地的一名酒商， 提及了他的传统食物煎土豆。,34,360,马铃薯 × 1,炸土豆 × 1,1级壁炉；2级壁炉；3级壁炉,
独行者头巾,制作配方,升级版无业游民头巾。,1,60,等级1工具盒 × 1；无业游民头巾 × 1,独行者头巾 × 1,,
Fried Fish,制作配方,Great taste with a shade of phenol.,34,300,Рыба × 1；盐 × 1；Перец × 1,Жареная рыба × 1,,
炖鱼,制作配方,炖鱼， 游荡者食谱。,34,120,Рыба × 3；盐 × 2；Перец × 1；Морковь × 2；马铃薯 × 2；水 × 2,炖鱼 × 1,,
独行者裤子,制作配方,匆忙缝制的破布裤子。,1,60,等级1工具盒 × 1；无业游民裤子 × 1,独行者裤子 × 1,,
独行者靴子,制作配方,很轻， 用碎布和毛皮制成。 约为脚踝的高度。,1,60,等级1工具盒 × 1；无业游民靴子 × 1,独行者靴子 × 1,,
独行者运动衫,制作配方,不大可能抵御任何比老鼠大的东西。,1,60,等级1工具盒 × 1；无业游民T恤 × 1,独行者运动衫 × 1,,
独行者上衣,制作配方,帆布拼凑， 麻线缝制而成。,1,60,等级1工具盒 × 1；无业游民上衣 × 1,独行者上衣 × 1,,
铁锤,制作配方,这把锤子既适用于工作， 也适用于自卫。,14,1,混凝土 × 4；钢筋 × 3；细麻绳 × 2,铁锤 × 1,,
火炬,制作配方,微弱的光源。 无论如何， 习惯于生活在黑暗中的人害怕火焰。,16,1,优质木板 × 3；碎布 × 5；酒精 × 1；细麻绳 × 1,火炬 × 1,,
钓竿,制作配方,用你手边的任何材料做的临时钓竿。,16,1,钢筋 × 3；优质木板 × 5；细麻绳 × 5；兽皮 × 2；废金属 × 10,钓竿 × 1,,
肥皂,制作配方,自制肥皂可能不太好看， 但它能很好地去除异味和一周的污垢。 可在水槽中使用。,22,600,灰烬 × 1；动物脂肪 × 2,肥皂 × 1,1级实验台；2级实验台；3级实验台,
Садовое кресло [y],制作配方,Садовое кресло описание [y],28,1,优质木板 × 5；钉子 × 2,Садовое кресло [y] × 1,,
Стол [y],制作配方,Стол описание [y],28,1,钉子 × 4；优质木板 × 10,Стол [y] × 1,,
鹿角,制作配方,狩猎的战利品， 澎湃的自豪之源。,28,1,细麻绳 × 10；优质木板 × 5；鹿角 × 2,鹿角 × 1,,
落地灯,制作配方,你得用粗蜡烛来代替落地灯里的灯泡。,28,1,优质木板 × 5；钢筋 × 2；牛皮胶布 × 2,落地灯 × 1,,
躺椅,制作配方,野外考察后， 能舒适地蜷缩在躺椅上真好。 当然， 前提是不下酸雨。,16,1,优质木板 × 5；钉子 × 2,躺椅 × 1,,
Штаб палатка [y],制作配方,Штаб палатка описание [y],28,1,优质木板 × 20；建筑混凝土 × 15；碎布 × 20；细麻绳 × 10；Военная рация [y] × 1；Эмблема клана [y] × 1,Штаб палатка [y] × 1,,
ловушка рембо [y],制作配方,ловушка рембо описание [y],22,1,刀 × 1；优质木板 × 3；细麻绳 × 5；钉子 × 2,凳子 × 1,,
Тренировочный зал [y],制作配方,Тренировочный зал описание [y],28,1,优质木板 × 10；建筑混凝土 × 20；牛皮胶布 × 15；细麻绳 × 7；Мишень для стрельбы [y] × 1,Тренировочный зал [y] × 1,,
淋浴,制作配方,野外考察结束后， 用淋浴洗去污垢和放射性尘埃。,16,1,优质木板 × 5；废金属 × 10；橡胶软管 × 2；钢筋 × 5；螺丝钉 × 5；洗脸盆 × 1,淋浴 × 1,,
酒精湿巾,制作配方,野外条件下必不可少的清洁材料。,32,1,亚麻布 × 1；酒精 × 1,酒精湿巾 × 1,,
等级1围栏,制作配方,不牢固的木板， 勉强钉在木头上。,1,1,原生木板 × 2,等级1围栏 × 1,,
等级2围栏,制作配方,结实的木板， 牢固地钉在混凝土电杆上。,1,1,钢筋 × 10；优质木板 × 10；建筑混凝土 × 5,等级2围栏 × 1,,
洗漱,制作配方,用冷水洗澡， 去除可能向敌人暴露行踪的气味。,1,1,水 × 2,空水瓶 × 2,,
长时间淋浴,制作配方,它能洗去污垢和放射性尘埃。 小幅提升你的能量值上限。,1,1,水 × 5；肥皂 × 1,空水瓶 × 5,,
洗个澡,制作配方,洗去污垢、 显著减轻辐射中毒、 提升能量值上限。,1,1,水 × 10；肥皂 × 2,空水瓶 × 10,,
浴室,制作配方,浪费这么多水给自己洗漱， 没有多少人能够负担得起这种奢侈。,38,1,建筑混凝土 × 7；铁皮 × 10；优质木板 × 15；橡胶软管 × 5；螺丝钉 × 10,浴室 × 1,,
等级1大门,制作配方,原木板门。 防止狼和焦尸游荡入你的避难所。,1,1,原生木板 × 2,等级1大门 × 1,,
等级2大门,制作配方,这扇门可以阻挡部分焦尸， 但是抵挡不住意志坚定的袭击者。,1,1,建筑混凝土 × 5；钢筋 × 10；优质木板 × 10,等级2大门 × 1,,
3级刨床,制作配方,用来处理变异木材的工作台。,72,1,抛光木板 × 40；建筑混凝土 × 30；滚珠轴承 × 20；发动机零件 × 20；2级刨床 × 1,3级刨床 × 1,,
抛光木板,制作配方,精抛光木板。,0,1800,优质木板 × 1；砂纸 × 1,抛光木板 × 1,1级刨床；2级刨床；3级刨床,
2级皮革商工作台,制作配方,进一步处理皮革的工作台。,45,1,铁皮 × 10；发动机零件 × 7；优质木板 × 20；钉子 × 20,2级皮革商工作台 × 1,,
人造革,制作配方,结实耐用的人造革材料。,42,600,皮革 × 1；酸 × 1,人造革 × 1,1级皮革商工作台；2级皮革商工作台；3级皮革商工作台,
2级泥瓦匠工作台,制作配方,用来抛光混凝土的工作台。,50,1,建筑混凝土 × 20；铁皮 × 10；凿子 × 3；优质木板 × 15；1级泥瓦匠工作台 × 1,2级泥瓦匠工作台 × 1,,
建筑混凝土,制作配方,普通形状的坚硬混凝土块。,0,1800,建筑混凝土 × 1；金属屑 × 1,建筑混凝土 × 1,1级泥瓦匠工作台；2级泥瓦匠工作台；3级泥瓦匠工作台,
2级刨床,制作配方,用这个工作台来加工木材和做木工活。,50,1,铁管 × 5；人造革 × 10；优质木板 × 20；橡胶软管 × 8；螺丝钉 × 5；1级刨床 × 1,2级刨床 × 1,,
松木板材,制作配方,非常坚硬的木板， 由变异树木制成。,78,1800,松木原木 × 3；刨刀 × 1,松木板材 × 1,1级刨床；2级刨床；3级刨床,
3级泥瓦匠工作台,制作配方,石材加工工作台。,72,1,金刚石切割片 × 20；建筑混凝土 × 30；铁皮 × 20；发动机零件 × 20；2级泥瓦匠工作台 × 1,3级泥瓦匠工作台 × 1,,
建筑花岗岩,制作配方,切割和抛光花岗岩非常困难， 但这种材料极其坚硬， 辛苦是值得的 。,78,1800,花岗岩 × 3；砂盘 × 1,建筑花岗岩 × 1,1级泥瓦匠工作台；2级泥瓦匠工作台；3级泥瓦匠工作台,
3级皮革商工作台,制作配方,酸性鞣制的皮革结实耐用。,62,1,铁管 × 15；发动机零件 × 7；铁皮 × 20；抛光木板 × 10；钉子 × 20,3级皮革商工作台 × 1,,
鞣制皮革,制作配方,由鞣制皮革制成的衣服一次又一次地挽救了主人的生命。,68,1800,人造革 × 1；酸 × 2,鞣制皮革 × 1,1级皮革商工作台；2级皮革商工作台；3级皮革商工作台,
漫游者头巾,制作配方,领地的典型头饰。,1,60,等级2工具盒 × 1；幸存者头巾 × 1,漫游者头巾 × 1,,
漫游者鞋子,制作配方,饰有兽皮的实用靴子。,1,60,等级2工具盒 × 1；幸存者鞋子 × 1,漫游者鞋子 × 1,,
修理：漫游者衬衫,修理配方,纯手工亚麻布。 很适合露面或者藏身灌木丛。,1,60,等级2工具盒 × 1；幸存者衬衫 × 1,漫游者衬衫 × 1,3级修理工作台；4级修理工作台,
漫游者牛仔裤,制作配方,这里的饮食糟糕极了，你都无法找到尺寸合适的衣服。,1,60,等级2工具盒 × 1；幸存者牛仔裤 × 1,漫游者牛仔裤 × 1,,
钢刀,制作配方,年轻游荡者争夺战利品的王牌武器。,1,60,等级1武器盒 × 1；刀 × 1,钢刀 × 1,,
强力锤,制作配方,这把锤子既适用于工作， 也适用于自卫。,1,60,等级1武器盒 × 1；铁锤 × 1,强力锤 × 1,,
升级版撬棍,制作配方,传奇科学家的武器， 这位科学家研究半生物产品对异象区的影响。,1,60,等级2武器盒子 × 1；撬棍 × 1,升级版撬棍 × 1,,
厨师的劈刀,制作配方,技能娴熟的厨师的武器。,1,60,等级2武器盒子 × 1；劈刀 × 1,厨师的劈刀 × 1,,
掠夺者靴子,制作配方,缝得很好的靴子， 鞋跟钉得很牢。,1,60,等级3工具盒 × 1；袭击者靴子 × 1,掠夺者靴子 × 1,,
掠夺者裤子,制作配方,厚实且相对耐用的棉质牛仔裤。,1,60,等级3工具盒 × 1；袭击者裤子 × 1,掠夺者裤子 × 1,,
掠夺者便帽,制作配方,高密度针织头饰。,1,60,等级3工具盒 × 1；袭击者便帽 × 1,掠夺者便帽 × 1,,
掠夺者毛衣,制作配方,人们说， 在核战之前， 猎人会将鹿缝在毛衣上以引诱猎物。,1,60,等级3工具盒 × 1；袭击者毛衣 × 1,掠夺者毛衣 × 1,,
掠夺者连帽衫,制作配方,一件带帽的棉质运动衫， 可以保护你免遭雨水和烈日的伤害。,1,60,等级3工具盒 × 1；袭击者连帽衫 × 1,掠夺者连帽衫 × 1,,
重管,制作配方,底座上刻着“马里奥的欢呼”。,1,60,等级3武器盒子 × 1；充铅铁管 × 1,重管 × 1,,
追踪者条纹背心,制作配方,核战前， 海军陆战队和空降部队常穿条纹背心。,1,60,等级4工具盒 × 1；侦察员条纹背心 × 1,追踪者条纹背心 × 1,,
追踪者靴子,制作配方,结实的靴子， 适合前往异象区的长途跋涉。,1,60,等级4工具盒 × 1；侦察员靴子 × 1,追踪者靴子 × 1,,
追踪者裤子,制作配方,特殊迷彩色可选， 专为领地设计。,1,60,等级4工具盒 × 1；侦察员裤子 × 1,追踪者裤子 × 1,,
追踪者风衣,制作配方,嵌有防护物的迷彩夹克。 适合侦察和战斗任务。,1,60,等级4工具盒 × 1；侦察员风衣 × 1,追踪者风衣 × 1,,
铸造大锤,制作配方,“锤子可用于锻造金属和砸碎脑袋。 ”铁匠英格丽德。,1,60,等级2武器盒子 × 1；大锤 × 1,铸造大锤 × 1,,
猎人复合弓,制作配方,根据战前蓝图制作。 狩猎动物和焦尸的完美武器。,1,60,等级4武器盒子 × 1；复合弓 × 1,猎人复合弓 × 1,,
野外防毒面具,制作配方,在普通防毒面具无效的区域， 战前防毒面具可以帮助你存活下来。,1,60,等级5工具盒 × 1；防毒面具 × 1,野外防毒面具 × 1,,
向导裤子,制作配方,带护膝的缝合裤子。 穿上它们， 你就能很好融入游荡者灾难酒吧。,1,60,等级5工具盒 × 1；游荡者裤子 × 1,向导裤子 × 1,,
向导靴子,制作配方,领地征服者靴子。 镶嵌金属的厚重军靴。,1,60,等级5工具盒 × 1；游荡者靴子 × 1,向导靴子 × 1,,
向导运动衫,制作配方,带衬里的优质运动衫。 它还附有一个空狗牌， 以填写游荡者队员的姓名。,1,60,等级5工具盒 × 1；游荡者运动衫 × 1,向导运动衫 × 1,,
向导战术背心,制作配方,结实的背心， 搭配腰带和腰包。,1,60,等级5工具盒 × 1；游荡者战术背心 × 1,向导战术背心 × 1,,
格洛克 18C,制作配方,可靠的枪支，由鹰队兵工厂制作。,1,60,等级5武器盒子 × 1；格洛克手枪 × 1,格洛克 18C × 1,,
升级版AKM,制作配方,一种传说中的武器， 在各地都能找到不同的版本。,1,60,等级5武器盒子 × 1；AKM × 1,升级版AKM × 1,,
3级盒子,制作配方,这个盒子里可以容纳很多贵重物品， 还能有剩余空间！,45,1,铁皮 × 17；人造革 × 10；亚麻布 × 10；钉子 × 10；牛皮胶布 × 10；2级盒子 × 1,3级盒子 × 1,,
2级实验台,制作配方,高级化学设备。,32,1,铁皮 × 5；优质木板 × 20；铜线 × 5；空瓶 × 10；橡胶软管 × 4；1级实验台 × 1,2级实验台 × 1,,
散弹枪,制作配方,一种可靠的光膛步枪。 在近距离战斗中非常有效。,85,1,坏了的散弹枪 × 2；铁管 × 3；弹簧 × 4；铅 × 5；黑火药 × 4；抛光木板 × 4,散弹枪 × 1,,
3级织布机,制作配方,用来生产强力织物。,52,1,铁管 × 10；抛光木板 × 10；钉子 × 10；缝线 × 20；2级织布机 × 1,3级织布机 × 1,,
等级3围栏,制作配方,用金属棒加固的坚固栅栏。 只有爆炸才能把它炸掉。,1,1,建筑混凝土 × 5；铁皮 × 7；抛光木板 × 7,等级3围栏 × 1,,
等级3大门,制作配方,"混凝土柱上的金属门。 

你的敌人很难把它们击倒。",1,1,建筑混凝土 × 5；铁皮 × 7；抛光木板 × 7,等级3大门 × 1,,
水,制作配方,用于烹饪、 洗涤和生产。,0,300,空水瓶 × 1,水 × 1,集水器,
升级版火枪,制作配方,经典的十二口径， 带发扳机。 基本上就是把锯开的管道粘在胡桃木上。,1,60,等级2武器盒子 × 1；火枪 × 1,升级版火枪 × 1,,
Восстановление энергии на гк,设施操作,'+100,1,1,金条 × 249,,,
攻击斧,制作配方,被称为“核战信徒”的狂腐士精英拥有这些装备。 他们曾是 45-1消防和救援站的消防员。,1,60,等级3武器盒子 × 1；消防斧头 × 1,攻击斧 × 1,,
修理：升级版镐,修理配方,结实握柄的双面镐。,1,60,等级3武器盒子 × 1；镐 × 1,升级版镐 × 1,2级修理工作台；2级修理工作台,
钉子,制作配方,一把铁钉。,0,480,钢筋 × 1,钉子 × 2,1级铁砧；2级铁砧；3级铁砧；4级铁砧,
石刀,制作配方,由混凝土制成的临时刀具， 一端用碎布包裹作为刀把。,1,1,混凝土 × 2；碎布 × 1,石刀 × 1,,
锋利石刀,制作配方,由混凝土制成的临时刀具， 一端用碎布包裹作为刀把。,1,60,等级1武器盒 × 1；石刀 × 1,锋利石刀 × 1,,
Мачете,制作配方,Временный рецепт,1,1,原生木板 × 1,猎人项链 × 1,,
飞斧,制作配方,如果扔得巧妙， 会造成深伤口。,45,1,铁锭 × 1；优质木板 × 2；牛皮胶布 × 1,飞斧 × 4,,
侦察员帽子,制作配方,很适合遮阳， 并保护脑袋免受外部伤害。,72,1,棉布 × 3；鞣制皮革 × 2；细麻绳 × 4,侦察员帽子 × 1,,
追踪者帽子,制作配方,很适合遮阳， 并保护脑袋免受外部伤害。,1,60,等级4工具盒 × 1；侦察员帽子 × 1,追踪者帽子 × 1,,
幸存者夹克,制作配方,战前设计的牛仔夹克。 这件夹克破烂不堪， 但还是能为你提供还过得去的保护， 尤其当你没有其他衣物时。,32,1,缝线 × 4；皮革 × 2；亚麻布 × 3；聚乙烯塑料 × 1,幸存者夹克 × 1,,
漫游者背心,制作配方,战前设计的牛仔夹克。 这件夹克破烂不堪， 但还是能为你提供还过得去的保护， 尤其当你没有其他衣物时。,1,60,等级2工具盒 × 1；幸存者夹克 × 1,漫游者背心 × 1,,
开水,制作配方,把水烧开， 以杀灭细菌。 煮沸不能消除辐射。,0,60,水 × 1,开水 × 1,,
蘑菇炖肉,制作配方,炖肉和蘑菇。 美味可口。,1,480,生肉 × 1；蘑菇 × 1,蘑菇炖肉 × 1,1级壁炉；2级壁炉；3级壁炉,
烤马铃薯,制作配方,简单的食物， 可在任务期间作为快餐。,0,300,马铃薯 × 1,烤马铃薯 × 1,,
神器识别器,制作配方,你可以用它来研究和识别来自异象区的物品。,20,1,铜线 × 3；钢筋 × 20；橡胶 × 12；优质木板 × 20；钉子 × 17；牛皮胶布 × 10,神器识别器 × 1,,
粗糙的矛,制作配方,安装到长棍上的石刀。,6,1,石刀 × 1；优质木板 × 1,粗糙的矛 × 1,,
狩猎矛,制作配方,安装到长棍上的石刀。,1,60,等级1武器盒 × 1；粗糙的矛 × 1,狩猎矛 × 1,,
猎人项链,制作配方,老练猎人的徽章。,12,1,细麻绳 × 1；狼牙 × 5,猎人项链 × 1,,
Кожаная сумка,制作配方,Прочная наплечная сумка из сыромятной кожи.,20,1,皮革 × 25；缝线 × 20；碎布 × 40；废金属 × 25,Кожаная сумка × 1,,
袭击者之斧,制作配方,带长柄的锋利重刃。 一款可靠工具和危险武器。,14,1,钢筋 × 2；优质木板 × 3；牛皮胶布 × 2,袭击者之斧 × 1,,
锋利袭击者之斧,制作配方,带长柄的锋利重刃。 一款可靠工具和危险武器。,1,60,等级1武器盒 × 1；袭击者之斧 × 1,锋利袭击者之斧 × 1,,
草茎,制作配方,草茎， 可以在织布机上织成碎布。,0,120,草籽 × 1,草茎 × 2,1级花园土地；2级花园土地；3级花园土地,
橡胶软管,制作配方,家庭必需品。,0,900,橡胶 × 3,橡胶软管 × 1,1级实验台；2级实验台；3级实验台,
锋利钉子,制作配方,能够出色地抵御焦尸。 同时能给袭击者造成巨大障碍。,1,1,原生木板 × 10；废金属 × 10,锋利钉子 × 1,,
西红柿,制作配方,富含维生素的多汁蔬菜。,0,3000,西红柿种子 × 1,西红柿 × 2,1级花园土地；2级花园土地；3级花园土地,
炖西红柿,制作配方,煮熟的西红柿很有营养。,0,120,西红柿 × 1,炖西红柿 × 1,1级壁炉；2级壁炉；3级壁炉,
番茄汤,制作配方,香醇的浓番茄汤。,0,240,西红柿 × 1；水 × 1,番茄汤 × 1,,
十字弓炮塔,制作配方,绊线系统可以让炮塔自动射击敌人 。,45,1,十字弓 × 1；铁皮 × 15；优质木板 × 20；铁锭 × 5；牛皮胶布 × 20；建筑混凝土 × 20,十字弓炮塔 × 1,,
速射炮塔,制作配方,一旦高灵敏度传感器发现敌人，两把机枪就会在180度角之内瞄准他们。,82,1,损坏的 PKM MG × 2；铁管 × 25；抛光木板 × 20；塑料 × 20；铅 × 28；螺丝钉 × 25,速射炮塔 × 1,,
新年树,制作配方,避难所的节日装饰，你可能会在树下找到礼物！,10,1,优质木板 × 10；废金属 × 10；牛皮胶布 × 4；缝线 × 7；细麻绳 × 2,新年树 × 1,,
Носок с подарками,制作配方,"Праздничный носок, пролежавший всю ночь под аномальной елкой. Внутри могут быть ценные предметы.",0,86400,Носок для подарков × 1,Носок с подарками × 1,,
简易警报器,制作配方,由一根带有锡罐的绊线和一个扩音器组成， 能够向避难所的屋主和盟友发出警报信号。,16,1,空罐头 × 2；钓鱼线 × 2；电线 × 2；原生木板 × 7,简易警报器 × 1,,
狼坑,制作配方,一个用草和树叶掩盖的深坑， 底部安装着尖刺。,16,1,铲子 × 1；原生木板 × 20；纸板 × 3；草茎 × 20,狼坑 × 1,,
绊线十字弓,制作配方,“有时会有一只狗或狐狸触发电线。 不过， 好歹也是一顿晚餐。 ”米奇， 森林之友。,45,1,十字弓 × 1；钓鱼线 × 2；优质木板 × 5,绊线十字弓 × 1,,
绊线火枪,制作配方,如果你不注意脚下， 将会遭遇出其不意的攻击。,45,1,火枪 × 1；钓鱼线 × 2；优质木板 × 5,绊线火枪 × 1,,
部落三角旗,制作配方,带有部落标志的旗帜。 无畏地宣示着你的领土。 将它安装在你的部落基地或部落战区。,54,1,抛光木板 × 14；铁管 × 10；橡胶 × 20；钓鱼线 × 10,部落三角旗 × 1,建筑师桌,
探照灯,制作配方,光线这么亮， 没有敌人能悄悄靠近你的避难所。 还能吓跑夜间的野兽。,60,1,电线 × 20；螺丝钉 × 17；铜锭 × 8；铁皮 × 20；牛皮胶布 × 15,探照灯 × 1,,
火焰喷射炮塔,制作配方,燃烧混合物是使用坪瑟的科技制成的。,72,1,铜锭 × 12；铁皮 × 20；橡胶软管 × 10；铁管 × 20；螺丝钉 × 18；气罐 × 5,火焰喷射炮塔 × 1,,
绊线手榴弹,制作配方,生存法则42： 如果你发现无人值守的战利品， 请检查该区域是否设有绊线。,78,1,手榴弹 × 1；铜线 × 3；松木原木 × 2,绊线手榴弹 × 1,,
TNT炸药,制作配方,威力强大的炸药， 能够安全操作。,78,1,黑火药 × 5；硫磺 × 5；铜锭 × 5；牛皮胶布 × 15；酸 × 8,TNT炸药 × 1,,
地雷探测器,制作配方,地雷和陷阱狩猎装置。 你也可以用它来查找藏匿处。 在电子异象区应当谨慎使用。,85,1,细麻绳 × 15；铜线 × 10；抛光木板 × 8；牛皮胶布 × 20；电池 × 4,地雷探测器 × 1,,
保险箱,制作配方,非常安全， 适合存放你最珍视的贵重物品。 能够抵御爆炸。,106,1,铜锭 × 10；铁皮 × 20；螺丝钉 × 14；钢锭 × 20；松木板材 × 15,保险箱 × 1,,
部落盒子,制作配方,用来存放野外考察获得的贵重物品。,85,1,钢锭 × 10；铜锭 × 18；棉布 × 10；螺丝钉 × 12；松木板材 × 15；鞣制皮革 × 15,部落仓库 × 1,,
瞭望塔,制作配方,你能够在高塔上监视周围环境。 这也是一个很好的射击点。,113,1,铁管 × 20；松木板材 × 20；防水布 × 15；塑料 × 15；铅 × 20；铜锭 × 20,瞭望塔 × 1,,
Флаг победителя,制作配方,"Флаг настоящего покорителя Территорий.
Установите флаг в Убежище и нажмите на него, чтобы узнать условия получения особой награды.",120,1,螺纹 × 45；防水布 × 40；钢锭 × 60；橡胶 × 70；铅 × 50；棉布 × 80,Флаг победителя × 1,,
猎人十字弓,制作配方,著名的焦尸猎人凡赫尔和达尔迪克斯兄弟尤其青睐这种十字弓。,1,60,等级2武器盒子 × 1；十字弓 × 1,猎人十字弓 × 1,,
锋利大砍刀,制作配方,核战前的俗语怎么说来着， “大砍刀永不失败。 ”,1,60,等级4武器盒子 × 1；大砍刀 × 1,锋利大砍刀 × 1,,
重型扳手,制作配方,“哦， 这个扳手！ 它带给我太多快乐， 我把它叫做“狂喜”。 就像我小时候， 和爸爸玩的水下射击游戏一样。 ” 工程师斯普林特。,1,60,等级4武器盒子 × 1；扳手 × 1,重型扳手 × 1,,
改进型马卡洛夫手枪,制作配方,老式， 但可靠。,1,60,等级4武器盒子 × 1；马卡洛夫手枪 × 1,改进型马卡洛夫手枪 × 1,,
升级版散弹枪,制作配方,一种可靠的光膛步枪。 在近距离战斗中非常有效。,1,60,等级4武器盒子 × 1；散弹枪 × 1,升级版散弹枪 × 1,,
陆军M16,制作配方,一把著名的突击步枪， 在核战前身经百战。,1,60,等级5武器盒子 × 1；M16 × 1,陆军M16 × 1,,
Гараж,制作配方,Описание Гараж [y],28,1,弹簧片 × 4；优质木板 × 15；建筑混凝土 × 20；螺丝钉 × 17；废金属 × 20,Гараж × 1,,
游荡者便帽,制作配方,带衬里的防水帽。 游荡者的典型头饰。,92,1,防水布 × 2；细麻绳 × 4；橡胶 × 5；鞣制皮革 × 3,游荡者便帽 × 1,,
向导便帽,制作配方,带衬里的防水帽。 游荡者的典型头饰。,1,60,等级5工具盒 × 1；游荡者便帽 × 1,向导便帽 × 1,,
Бронетранспортер,制作配方,"Военный транспорт повышенной проходимости, способный пересекать водные преграды. Состоит на вооружении фракции Оплот. 

За восстановление полагается особая награда от майора Солопова.",121,1,铁管 × 40；钢锭 × 25；铁锭 × 50；橡胶 × 20；螺丝钉 × 15；抛光木板 × 60,Бронетранспортер × 1,,
天青石,制作配方,一种治疗神器。 一旦接触皮肤， 就会化为尘土。,0,2400,未识别神器 × 1；神器识别磁盘 × 1,魔鬼海胆爆弹 × 3；天青石 × 3；爆裂糖果 × 3；能量激发器 × 1,神器识别器,
能量激发器,制作配方,触摸这个神器可以立即恢复力量。 可惜它只能起一次作用。,0,2400,未识别神器 × 1；神器识别磁盘 × 1,魔鬼海胆爆弹 × 3；天青石 × 3；爆裂糖果 × 3；能量激发器 × 1,神器识别器,
爆裂糖果,制作配方,一种酸性的黄色无定形神器， 挤压时会变成固体。,0,2400,未识别神器 × 1；神器识别磁盘 × 1,魔鬼海胆爆弹 × 3；天青石 × 3；爆裂糖果 × 3；能量激发器 × 1,神器识别器,
魔鬼海胆爆弹,制作配方,覆盖着锋利尖刺的神器， 似乎是个动弹着的活家伙。,0,2400,未识别神器 × 1；神器识别磁盘 × 1,魔鬼海胆爆弹 × 3；天青石 × 3；爆裂糖果 × 3；能量激发器 × 1,神器识别器,
原型D6,制作配方,赋予你主动能力：过载。它可在一个直线区域内造成伤害，并暂时将暴击几率提高25%，射击速度提高20%。,112,1,原型D6零件 × 20；炫光能量石 × 15；电线 × 30；铜线 × 20；塑料 × 20；钢锭 × 15,原型D6 × 1,,
Зарядить 6[y],制作配方,Зарядить турель. 6[y],1,1,钉子 × 5,空水瓶 × 5,,
便利安迪手枪,制作配方,完全由废金属制成的临时武器。,32,1,黑火药 × 1；铁锭 × 2；铜线 × 2；优质木板 × 3,便利安迪手枪 × 1,,
治疗师桌,制作配方,你可以在上面生产简单的药物。,14,1,优质木板 × 10；钉子 × 8；碎布 × 10；钢筋 × 6；缝线 × 6,1级治疗师桌 × 1,,
电围栏,制作配方,尖刺之间串着高压电线， 令你的避难所成为真正的堡垒。,1,1,建筑混凝土 × 10；铁皮 × 5；铜线 × 6,电围栏 × 1,,
铁钉,制作配方,混凝土中的金属钉比木钉更加有效耐用。,1,1,建筑混凝土 × 10；钢筋 × 10,铁钉 × 1,,
游荡者塔棒,制作配方,游荡者用塔棒标记他们的路线，以帮助其他人穿越异象区。,14,1,碎布 × 2；废金属 × 1；钢筋 × 1；牛皮胶布 × 1,游荡者塔棒 × 1,,
2级治疗师桌,制作配方,用来生产高级药物。,32,1,优质木板 × 12；钢筋 × 4；钉子 × 6；缝线 × 10；皮革 × 6,2级治疗师桌 × 1,,
3级治疗师桌,制作配方,用来生产复杂药物。,52,1,抛光木板 × 4；铁皮 × 10；橡胶 × 5；铁锭 × 10；人造革 × 8,3级治疗师桌 × 1,,
升级版便利安迪手枪,制作配方,完全由废金属制成的临时武器。,1,60,等级2武器盒子 × 1；便利安迪手枪 × 1,升级版便利安迪手枪 × 1,,
土豆炖肉,制作配方,这个食谱在核战中幸存了下来。 领地的战前食物。,1,720,马铃薯 × 1；生肉 × 1,土豆炖肉 × 1,1级壁炉；2级壁炉；3级壁炉,
升级版便利安迪手枪,制作配方,完全由废金属制成的临时武器。,1,60,等级2武器盒子 × 1；便利安迪手枪 × 1,升级版便利安迪手枪 × 1,,
乌兹Ultra冲锋枪,制作配方,标志性冲锋枪。 袭击者和土匪的成功象征。,1,60,等级3武器盒子 × 1；乌兹冲锋枪 × 1,乌兹Ultra冲锋枪 × 1,,
强力射钉枪,制作配方,一把射钉枪， 由一名狂热的狂腐士信徒打造。 能够在近距离战斗中发挥巨大威力。,1,60,等级3武器盒子 × 1；射钉枪 × 1,强力射钉枪 × 1,,
不容逃脱的光辉之星,制作配方,带有放射性尖刺的狂腐士短棒。 与其说是武器， 不如说是刑具。,1,60,等级3武器盒子 × 1；光辉之星 × 1,不容逃脱的光辉之星 × 1,,
侍僧惩罚大镰刀,制作配方,“如果他们没能弃暗投明，看到核战，就把他们的内脏掏出来！”（荣耀盲者，狂腐士的领袖）,1,60,等级3武器盒子 × 1；惩罚大镰刀 × 1,侍僧惩罚大镰刀 × 1,,
天选异端粉碎者,制作配方,由狂腐士铁匠制作的双手锤， 用来执行仪式性处决。,1,60,等级3武器盒子 × 1；异端粉碎者 × 1,天选异端粉碎者 × 1,,
天体半衰期捍卫者枪,制作配方,狂腐士声称这把临时枪支的弹药由贫化铀制造。 这可挺难相信的 。,1,60,等级3武器盒子 × 1；半衰期捍卫者枪 × 1,天体半衰期捍卫者枪 × 1,,
VSS Vintorez-M狙击步枪,制作配方,一把战前狙击步枪。 猎头者们最喜欢的武器。,1,60,等级5武器盒子 × 1；VSS Vintorez-M狙击步枪 × 1,VSS Vintorez-M狙击步枪 × 1,,
大口径SVD狙击步枪,制作配方,“别想躲开狙击手： 你只会把自己累死。 ”要塞兵团战术小组格言。,1,60,等级5武器盒子 × 1；SVD × 1,大口径SVD狙击步枪 × 1,,
FN SCAR Elite突击步枪,制作配方,一件为工厂而战的纪念品。这件鹰队武器能够得以幸存可真是奇迹。,1,60,等级5武器盒子 × 1；FN SCAR 突击步枪 × 1,FN SCAR Elite突击步枪 × 1,,
玫瑰果药水,制作配方,由玫瑰果和水制成的酸浆果药水。 一款广受欢迎的民间配方， 适合战斗爱好者。,0,600,空瓶 × 1；水 × 1；玫瑰果 × 5,玫瑰果药水 × 1,1级治疗师桌；2级治疗师桌；3级治疗师桌,
蘑菇药水,制作配方,领地的传奇铁匠英格丽德发明了这款药水配方。 古代的狂战士们用它提神。,0,600,空瓶 × 1；水 × 1；蘑菇 × 3,蘑菇药水 × 1,1级治疗师桌；2级治疗师桌；3级治疗师桌,
蜀羊泉药水,制作配方,轻度蜀羊泉中毒的副作用可提高视力。,0,600,空瓶 × 1；水 × 1；蜀羊泉 × 3,蜀羊泉药水 × 1,1级治疗师桌；2级治疗师桌；3级治疗师桌,
玫瑰果苦啤,制作配方,强效酒精苦啤， 能够在战斗中为你注入能量。,0,1200,空瓶 × 2；酒精 × 1；玫瑰果 × 10,玫瑰果苦啤 × 2,1级治疗师桌；2级治疗师桌；3级治疗师桌,
蘑菇苦啤,制作配方,“如果你想用拳头砸碎敌人的脑袋， 就一定要喝这款饮料！ ”铁匠英格丽德,0,1200,空瓶 × 2；酒精 × 1；蘑菇 × 6,蘑菇苦啤 × 2,1级治疗师桌；2级治疗师桌；3级治疗师桌,
蜀羊泉苦啤,制作配方,猎人最喜欢的饮料。 他们知道怎么打中一百码外的兔子眼睛。 你最近在领地上看到过几只兔子？ 没有？ 这才对！,0,1200,空瓶 × 2；酒精 × 1；蜀羊泉 × 6,蜀羊泉苦啤 × 2,1级治疗师桌；2级治疗师桌；3级治疗师桌,
Слот модификации краска,设施操作,让你安装一个自行车背囊，解锁第三个小工具栏位。,0,1,牛皮胶布 × 20；螺栓 × 10；螺丝钉 × 6；铜线 × 5；铁管 × 5,,,
Слот модификации аптечки-бутылки-ремкомплекта,设施操作,,0,1,钢筋 × 5；螺丝钉 × 2；牛皮胶布 × 3,,,
Слот модификации мили оружки,设施操作,,0,1,牛皮胶布 × 20；螺栓 × 2；钢筋 × 7；螺丝钉 × 4,,,
Слот модификации сумка,设施操作,,0,1,牛皮胶布 × 20；螺丝钉 × 6；橡胶 × 9；螺栓 × 2；铜线 × 5,,,
Слот модификации рендж оружка,设施操作,,0,1,铁锭 × 5；齿轮 × 10；螺栓 × 2；橡胶软管 × 5；铜线 × 7,,,
侍僧狂腐士AKM,制作配方,这支步枪的弹匣里装有铝热炸药。 枪杆上刻着“烧死异教徒！ ”几个字。 它的前主人肯定是一名狂腐士。,1,60,等级5武器盒子 × 1；狂热者狂腐士AKM × 1,侍僧狂腐士AKM × 1,,
升级版武士刀,制作配方,“手中握紧武士刀，迟疑之时已过去。”游历中的武士厨师升龙辉。,1,60,等级5武器盒子 × 1；武士刀 × 1,升级版武士刀 × 1,,
回火纳塔刀,制作配方,一把好刀， 适合熟练的厨师或战士。,1,60,等级2武器盒子 × 1；纳塔刀 × 1,回火纳塔刀 × 1,,
长时间淋浴,制作配方,野外考察结束后， 用淋浴洗去污垢和放射性尘埃。,1,1,水 × 5；肥皂 × 1,空水瓶 × 5,,
军队背包,制作配方,一个大容量的背包， 可以装下很多战利品。,74,1,军队背包图样 × 10；背带和卡扣 × 10；钢板 × 10；细麻绳 × 20；鞣制皮革 × 20；棉布 × 20,军队背包 × 1,,
Слот модификации краска,设施操作,解锁额外的自行车改装。,0,1,铁管 × 5；辐条 × 20；螺栓 × 5；齿轮 × 20；牛皮胶布 × 30,,,
升级版火炬,制作配方,微弱的光源。 无论如何， 习惯于生活在黑暗中的人害怕火焰。,1,60,等级1武器盒 × 1；火炬 × 1,升级版火炬 × 1,,
燃烧弹鸡尾酒,制作配方,“燃……烧……吧。 那是谁？ 噢， 谁在乎， 只要火炬继续燃烧！ ”朱尔的沉思。,52,1,酒精 × 2；亚麻布 × 2,燃烧弹鸡尾酒 × 1,,
小麦,制作配方,麦穗累累的麦秆。 可以在实验台上浸泡， 以进一步蒸馏。,0,3600,小麦种子 × 1,小麦 × 1,1级花园土地；2级花园土地；3级花园土地,
灰烬,制作配方,"幸存者们用灰烬制造黑色粉末和肥皂。 

可以在领地中从壁炉和熄灭的炉底获得。",0,3600,原生木板 × 1,灰烬 × 1,小型壁炉；大型壁炉；女巫壁炉,
灰烬,制作配方,"幸存者们用灰烬制造黑色粉末和肥皂。 

可以在领地中从壁炉和熄灭的炉底获得。",0,3600,优质木板 × 1,灰烬 × 2,小型壁炉；大型壁炉；女巫壁炉,
灰烬,制作配方,"幸存者们用灰烬制造黑色粉末和肥皂。 

可以在领地中从壁炉和熄灭的炉底获得。",0,3600,抛光木板 × 1,灰烬 × 5,小型壁炉；大型壁炉；女巫壁炉,
灰烬,制作配方,"幸存者们用灰烬制造黑色粉末和肥皂。 

可以在领地中从壁炉和熄灭的炉底获得。",0,3600,战前杂志 × 2,灰烬 × 1,小型壁炉；大型壁炉；女巫壁炉,
升级版锤子,制作配方,在核战发生后的早期， 许多普通物品被变成了武器。,1,60,等级1武器盒 × 1；木槌 × 1,升级版锤子 × 1,,
土匪球棒,制作配方,核战之前， 棒球在领地并不流行。 街头斗殴则另当别论。,1,60,等级2武器盒子 × 1；棒球棒 × 1,土匪球棒 × 1,,
燃烧的狂腐士十字弓,制作配方,狂腐士经常使用这种带有燃烧弩箭的十字弓。,1,60,等级3武器盒子 × 1；狂腐士十字弓 × 1,燃烧的狂腐士十字弓 × 1,,
升级版SPAS-12,制作配方,多管火枪。 对任何敌人都非常有效。,1,60,等级6武器盒子 × 1；SPAS-12 × 1,升级版SPAS-12 × 1,,
升级版莫辛步枪,制作配方,一支不错的老式莫辛纳甘步枪。,1,60,等级6武器盒子 × 1；莫辛步枪 × 1,升级版莫辛步枪 × 1,,
老式汤米冲锋枪,制作配方,从战前珍品收藏家那里偷来的博物馆展品。,1,60,等级6武器盒子 × 1；汤米冲锋枪 × 1,老式汤米冲锋枪 × 1,,
真正狂腐士兜帽,制作配方,狂热者狂腐士信徒的头饰， 用来遮盖烧伤疤痕和放射性溃疡。,1,60,等级1专用工具盒 × 1；狂腐士兜帽 × 1,真正狂腐士兜帽 × 1,,
真正狂腐士长袍,制作配方,厚织物制成的宽松斗篷。 非常舒适， 适合处置异教徒时穿着。,1,60,等级1专用工具盒 × 1；狂腐士长袍 × 1,真正狂腐士长袍 × 1,,
真正狂腐士裤子,制作配方,某些狂腐士在首次杀死异教徒后， 会割下头颅随身携带， 以此警醒自己与异端斗争到底。 一块由荣耀盲者祝福的铅板， 为邪教徒身体的最重要部位提供保护。,1,60,等级1专用工具盒 × 1；狂腐士裤子 × 1,真正狂腐士裤子 × 1,,
真正狂腐士靴子,制作配方,强化的靴子， 适合朝圣者前往工厂和神圣石棺的漫长旅程。,1,60,等级1专用工具盒 × 1；狂腐士靴子 × 1,真正狂腐士靴子 × 1,,
真正狂腐士法衣,制作配方,这件铠甲曾经属于一个狂腐士。 内部刻着荣耀盲者的圣歌。,1,60,等级1专用工具盒 × 1；狂腐士法衣 × 1,真正狂腐士法衣 × 1,,
强力射钉枪,制作配方,一把射钉枪， 由一名狂热的狂腐士信徒打造。 能够在近距离战斗中发挥巨大威力。,1,60,等级3武器盒子 × 1；射钉枪 × 1,强力射钉枪 × 1,,
不容逃脱的光辉之星,制作配方,带有放射性尖刺的狂腐士短棒。 与其说是武器， 不如说是刑具。,1,60,等级3武器盒子 × 1；光辉之星 × 1,不容逃脱的光辉之星 × 1,,
侍僧惩罚大镰刀,制作配方,“如果他们没能弃暗投明，看到核战，就把他们的内脏掏出来！”（荣耀盲者，狂腐士的领袖）,1,60,等级3武器盒子 × 1；惩罚大镰刀 × 1,侍僧惩罚大镰刀 × 1,,
天选异端粉碎者,制作配方,由狂腐士铁匠制作的双手锤， 用来执行仪式性处决。,1,60,等级3武器盒子 × 1；异端粉碎者 × 1,天选异端粉碎者 × 1,,
天体半衰期捍卫者枪,制作配方,狂腐士声称这把临时枪支的弹药由贫化铀制造。 这可挺难相信的 。,1,60,等级3武器盒子 × 1；半衰期捍卫者枪 × 1,天体半衰期捍卫者枪 × 1,,
侍僧狂腐士AKM,制作配方,这支步枪的弹匣里装有铝热炸药。 枪杆上刻着“烧死异教徒！ ”几个字。 它的前主人肯定是一名狂腐士。,1,60,等级5武器盒子 × 1；狂热者狂腐士AKM × 1,侍僧狂腐士AKM × 1,,
燃烧的狂腐士十字弓,制作配方,狂腐士经常使用这种带有燃烧弩箭的十字弓。,1,60,等级3武器盒子 × 1；狂腐士十字弓 × 1,燃烧的狂腐士十字弓 × 1,,
学习,制作配方,一种治疗神器。 一旦接触皮肤， 就会化为尘土。,0,2400,未识别神器 × 1；神器识别磁盘 × 1,魔鬼海胆爆弹 × 3；爆裂糖果 × 3；天青石 × 3；能量激发器 × 1,,
洗漱,制作配方,用冷水洗澡， 去除可能向敌人暴露行踪的气味。,1,1,水 × 2,空水瓶 × 2,,
长时间淋浴,制作配方,它能洗去污垢和放射性尘埃。 小幅提升你的能量值上限。,1,1,水 × 5；肥皂 × 1,空水瓶 × 5,,
2级修理工作台,制作配方,一个重要的工作台， 安装在你的避难所内。 修复升级版武器和铠甲。,28,1,士兵 × 6；钢锯片 × 4；铁锭 × 4；皮革 × 10；牛皮胶布 × 20；螺丝钉 × 10；1级修理工作台 × 1,2级修理工作台 × 1,,
3级修理工作台,制作配方,一个重要的工作台， 安装在你的避难所内。 修复升级版武器和铠甲。,52,1,柴油发电机 × 1；航道罗盘 × 3；铣刀 × 7；大型铠甲修理箱 × 2；牛皮胶布 × 50；2级修理工作台 × 1,3级修理工作台 × 1,,
修理：板,修理配方,领地上经验丰富的战士将这种武器称为“最后的机会”。,1,600,板 × 1；常见铠甲箱 × 4,板 × 1,1级修理工作台；2级修理工作台；3级修理工作台；2级修理工作台；4级修理工作台,
修理：石刀,修理配方,,1,600,石刀 × 1；常见铠甲箱 × 4,石刀 × 1,1级修理工作台；2级修理工作台；3级修理工作台；2级修理工作台；4级修理工作台,
修理：斧头,修理配方,,1,600,斧头 × 1；常见铠甲箱 × 4,斧头 × 1,1级修理工作台；2级修理工作台；3级修理工作台；2级修理工作台；4级修理工作台,
修理：临时凑合的锤子,修理配方,,1,600,临时凑合的锤子 × 1；常见铠甲箱 × 4,临时凑合的锤子 × 1,1级修理工作台；2级修理工作台；3级修理工作台；2级修理工作台；4级修理工作台,
修理：粗糙的矛,修理配方,,1,600,粗糙的矛 × 1；常见铠甲箱 × 4,粗糙的矛 × 1,1级修理工作台；2级修理工作台；3级修理工作台；2级修理工作台；4级修理工作台,
修理：临时凑合的弓,修理配方,,1,600,临时凑合的弓 × 1；常见铠甲箱 × 8,临时凑合的弓 × 1,1级修理工作台；2级修理工作台；3级修理工作台；2级修理工作台；4级修理工作台,
修理：木槌,修理配方,,1,600,木槌 × 1；常见铠甲箱 × 8,木槌 × 1,1级修理工作台；2级修理工作台；3级修理工作台；2级修理工作台；4级修理工作台,
修理：铁锤,修理配方,,1,600,铁锤 × 1；常见铠甲箱 × 8,铁锤 × 1,1级修理工作台；2级修理工作台；3级修理工作台；2级修理工作台；4级修理工作台,
修理：袭击者之斧,修理配方,,1,600,袭击者之斧 × 1；常见铠甲箱 × 8,袭击者之斧 × 1,1级修理工作台；2级修理工作台；3级修理工作台；2级修理工作台；4级修理工作台,
修理：锋利钢筋,修理配方,,1,600,锋利钢筋 × 1；常见铠甲箱 × 8,锋利钢筋 × 1,1级修理工作台；2级修理工作台；3级修理工作台；2级修理工作台；4级修理工作台,
修理：钉板,修理配方,,1,600,钉板 × 1；常见铠甲箱 × 8,钉板 × 1,1级修理工作台；2级修理工作台；3级修理工作台；2级修理工作台；4级修理工作台,
修理：火炬,修理配方,,1,600,火炬 × 1；常见铠甲箱 × 8,火炬 × 1,1级修理工作台；2级修理工作台；3级修理工作台；2级修理工作台；4级修理工作台,
修理：刀,修理配方,,1,600,刀 × 1；常见铠甲箱 × 8,刀 × 1,1级修理工作台；2级修理工作台；3级修理工作台；2级修理工作台；4级修理工作台,
修理：铲子,修理配方,,1,600,铲子 × 1；常见铠甲箱 × 8,铲子 × 1,1级修理工作台；2级修理工作台；3级修理工作台；2级修理工作台；4级修理工作台,
修理：棒球棒,修理配方,,1,600,棒球棒 × 1；常见铠甲箱 × 12,棒球棒 × 1,1级修理工作台；2级修理工作台；3级修理工作台；2级修理工作台；4级修理工作台,
修理：撬棍,修理配方,,1,600,撬棍 × 1；常见铠甲箱 × 12,撬棍 × 1,1级修理工作台；2级修理工作台；3级修理工作台；2级修理工作台；4级修理工作台,
修理：便利安迪手枪,修理配方,,1,600,便利安迪手枪 × 1；常见铠甲箱 × 12,便利安迪手枪 × 1,1级修理工作台；2级修理工作台；3级修理工作台；2级修理工作台；4级修理工作台,
修理：劈刀,修理配方,,1,600,劈刀 × 1；常见铠甲箱 × 12,劈刀 × 1,1级修理工作台；2级修理工作台；3级修理工作台；2级修理工作台；4级修理工作台,
修理：十字弓,修理配方,,1,600,十字弓 × 1；常见铠甲箱 × 12,十字弓 × 1,1级修理工作台；2级修理工作台；3级修理工作台；2级修理工作台；4级修理工作台,
修理：火枪,修理配方,,1,600,火枪 × 1；常见铠甲箱 × 12,火枪 × 1,1级修理工作台；2级修理工作台；3级修理工作台；2级修理工作台；4级修理工作台,
修理：大锤,修理配方,,1,600,大锤 × 1；常见铠甲箱 × 12,大锤 × 1,1级修理工作台；2级修理工作台；3级修理工作台；2级修理工作台；4级修理工作台,
修理：纳塔刀,修理配方,,1,600,纳塔刀 × 1；常见铠甲箱 × 12,纳塔刀 × 1,1级修理工作台；2级修理工作台；3级修理工作台；2级修理工作台；4级修理工作台,
修理：充铅铁管,修理配方,,1,600,充铅铁管 × 1；常见铠甲箱 × 16,充铅铁管 × 1,2级修理工作台；3级修理工作台；2级修理工作台；4级修理工作台,
修理：镐,修理配方,,1,600,镐 × 1；常见铠甲箱 × 16,镐 × 1,2级修理工作台；3级修理工作台；2级修理工作台；4级修理工作台,
修理：消防斧头,修理配方,,1,600,消防斧头 × 1；常见铠甲箱 × 16,消防斧头 × 1,2级修理工作台；3级修理工作台；2级修理工作台；4级修理工作台,
修理：乌兹冲锋枪,修理配方,,1,600,乌兹冲锋枪 × 1；常见铠甲箱 × 16,乌兹冲锋枪 × 1,2级修理工作台；3级修理工作台；2级修理工作台；4级修理工作台,
修理：复合弓,修理配方,,1,600,复合弓 × 1；常见铠甲箱 × 20,复合弓 × 1,2级修理工作台；3级修理工作台；2级修理工作台；4级修理工作台,
修理：大砍刀,修理配方,,1,600,大砍刀 × 1；常见铠甲箱 × 20,大砍刀 × 1,2级修理工作台；3级修理工作台；2级修理工作台；4级修理工作台,
修理：扳手,修理配方,,1,600,扳手 × 1；常见铠甲箱 × 20,扳手 × 1,2级修理工作台；3级修理工作台；2级修理工作台；4级修理工作台,
修理：散弹枪,修理配方,,1,600,散弹枪 × 1；常见铠甲箱 × 20,散弹枪 × 1,2级修理工作台；3级修理工作台；2级修理工作台；4级修理工作台,
修理：马卡洛夫手枪,修理配方,,1,600,马卡洛夫手枪 × 1；常见铠甲箱 × 20,马卡洛夫手枪 × 1,2级修理工作台；3级修理工作台；2级修理工作台；4级修理工作台,
修理：格洛克手枪,修理配方,,1,600,格洛克手枪 × 1；常见铠甲箱 × 24,格洛克手枪 × 1,2级修理工作台；3级修理工作台；4级修理工作台,
修理：AKM,修理配方,,1,600,AKM × 1；常见铠甲箱 × 24,AKM × 1,2级修理工作台；3级修理工作台；4级修理工作台,
修理：M16,修理配方,,1,600,M16 × 1；常见铠甲箱 × 24,M16 × 1,2级修理工作台；3级修理工作台；4级修理工作台,
修理：武士刀,修理配方,,1,600,武士刀 × 1；常见铠甲箱 × 24,武士刀 × 1,2级修理工作台；3级修理工作台；4级修理工作台,
修理：VSS Vintorez-M狙击步枪,修理配方,,1,600,VSS Vintorez-M狙击步枪 × 1；常见铠甲箱 × 24,VSS Vintorez-M狙击步枪 × 1,2级修理工作台；3级修理工作台；4级修理工作台,
修理：FN SCAR 突击步枪,修理配方,,1,600,FN SCAR 突击步枪 × 1；常见铠甲箱 × 24,FN SCAR 突击步枪 × 1,2级修理工作台；3级修理工作台；4级修理工作台,
修理：SVD,修理配方,,1,600,SVD × 1；常见铠甲箱 × 24,SVD × 1,2级修理工作台；3级修理工作台；4级修理工作台,
修理：隔板,修理配方,,1,600,隔板 × 1；罕见铠甲箱 × 4,隔板 × 1,1级修理工作台；2级修理工作台；3级修理工作台；2级修理工作台；4级修理工作台,
修理：锋利石刀,修理配方,,1,600,锋利石刀 × 1；罕见铠甲箱 × 4,锋利石刀 × 1,1级修理工作台；2级修理工作台；3级修理工作台；2级修理工作台；4级修理工作台,
修理：锋利斧头,修理配方,,1,600,锋利斧头 × 1；罕见铠甲箱 × 4,锋利斧头 × 1,1级修理工作台；2级修理工作台；3级修理工作台；2级修理工作台；4级修理工作台,
修理：粉碎锤,修理配方,,1,600,粉碎锤 × 1；罕见铠甲箱 × 4,粉碎锤 × 1,1级修理工作台；2级修理工作台；3级修理工作台；2级修理工作台；4级修理工作台,
修理：狩猎矛,修理配方,,1,600,狩猎矛 × 1；罕见铠甲箱 × 4,狩猎矛 × 1,1级修理工作台；2级修理工作台；3级修理工作台；2级修理工作台；4级修理工作台,
修理：无业游民头巾,修理配方,,1,600,无业游民头巾 × 1；常见工具 × 5,无业游民头巾 × 1,1级修理工作台；2级修理工作台；3级修理工作台；2级修理工作台；4级修理工作台,
修理：优质弓,修理配方,,1,600,优质弓 × 1；罕见铠甲箱 × 6,优质弓 × 1,1级修理工作台；2级修理工作台；3级修理工作台；2级修理工作台；4级修理工作台,
修理：无业游民T恤,修理配方,,1,600,无业游民T恤 × 1；常见工具 × 5,无业游民T恤 × 1,1级修理工作台；2级修理工作台；3级修理工作台；2级修理工作台；4级修理工作台,
修理：升级版锤子,修理配方,,1,600,升级版锤子 × 1；罕见铠甲箱 × 6,升级版锤子 × 1,1级修理工作台；2级修理工作台；3级修理工作台；2级修理工作台；4级修理工作台,
修理：强力锤,修理配方,,1,600,强力锤 × 1；罕见铠甲箱 × 6,强力锤 × 1,1级修理工作台；2级修理工作台；3级修理工作台；2级修理工作台；4级修理工作台,
修理：锋利袭击者之斧,修理配方,,1,600,锋利袭击者之斧 × 1；罕见铠甲箱 × 6,锋利袭击者之斧 × 1,1级修理工作台；2级修理工作台；3级修理工作台；2级修理工作台；4级修理工作台,
修理：临时凑合的矛,修理配方,,1,600,临时凑合的矛 × 1；罕见铠甲箱 × 6,临时凑合的矛 × 1,1级修理工作台；2级修理工作台；3级修理工作台；2级修理工作台；4级修理工作台,
修理：带钉子的加固板,修理配方,,1,600,带钉子的加固板 × 1；罕见铠甲箱 × 6,带钉子的加固板 × 1,1级修理工作台；2级修理工作台；3级修理工作台；2级修理工作台；4级修理工作台,
修理：火焰弓,修理配方,,1,600,火焰弓 × 1；罕见铠甲箱 × 6,火焰弓 × 1,1级修理工作台；2级修理工作台；3级修理工作台；2级修理工作台；4级修理工作台,
修理：无业游民裤子,修理配方,,1,600,无业游民裤子 × 1；常见工具 × 5,无业游民裤子 × 1,1级修理工作台；2级修理工作台；3级修理工作台；2级修理工作台；4级修理工作台,
修理：无业游民靴子,修理配方,,1,600,无业游民靴子 × 1；常见工具 × 5,无业游民靴子 × 1,1级修理工作台；2级修理工作台；3级修理工作台；2级修理工作台；4级修理工作台,
修理：升级版火炬,修理配方,,1,600,升级版火炬 × 1；罕见铠甲箱 × 6,升级版火炬 × 1,1级修理工作台；2级修理工作台；3级修理工作台；2级修理工作台；4级修理工作台,
修理：无业游民上衣,修理配方,,1,600,无业游民上衣 × 1；常见工具 × 5,无业游民上衣 × 1,1级修理工作台；2级修理工作台；3级修理工作台；2级修理工作台；4级修理工作台,
修理：钢刀,修理配方,,1,600,钢刀 × 1；罕见铠甲箱 × 6,钢刀 × 1,1级修理工作台；2级修理工作台；3级修理工作台；2级修理工作台；4级修理工作台,
修理：幸存者头巾,修理配方,,1,600,幸存者头巾 × 1；常见工具 × 8,幸存者头巾 × 1,1级修理工作台；2级修理工作台；3级修理工作台；2级修理工作台；4级修理工作台,
修理：爱尔兰人铲子,修理配方,,1,600,爱尔兰人铲子 × 1；罕见铠甲箱 × 6,爱尔兰人铲子 × 1,1级修理工作台；2级修理工作台；3级修理工作台；2级修理工作台；4级修理工作台,
修理：土匪球棒,修理配方,,1,600,土匪球棒 × 1；罕见铠甲箱 × 8,土匪球棒 × 1,2级修理工作台；3级修理工作台；2级修理工作台；4级修理工作台,
修理：幸存者衬衫,修理配方,,1,600,幸存者衬衫 × 1；常见工具 × 8,幸存者衬衫 × 1,1级修理工作台；2级修理工作台；3级修理工作台；2级修理工作台；4级修理工作台,
修理：升级版撬棍,修理配方,,1,600,升级版撬棍 × 1；罕见铠甲箱 × 8,升级版撬棍 × 1,2级修理工作台；3级修理工作台；2级修理工作台；4级修理工作台,
修理：升级版便利安迪手枪,修理配方,,1,600,升级版便利安迪手枪 × 1；罕见铠甲箱 × 8,升级版便利安迪手枪 × 1,2级修理工作台；3级修理工作台；2级修理工作台；4级修理工作台,
修理：幸存者牛仔裤,修理配方,,1,600,幸存者牛仔裤 × 1；常见工具 × 8,幸存者牛仔裤 × 1,1级修理工作台；2级修理工作台；3级修理工作台；2级修理工作台；4级修理工作台,
修理：幸存者鞋子,修理配方,,1,600,幸存者鞋子 × 1；常见工具 × 8,幸存者鞋子 × 1,1级修理工作台；2级修理工作台；3级修理工作台；2级修理工作台；4级修理工作台,
修理：厨师的劈刀,修理配方,,1,600,厨师的劈刀 × 1；罕见铠甲箱 × 8,厨师的劈刀 × 1,2级修理工作台；3级修理工作台；2级修理工作台；4级修理工作台,
修理：猎人十字弓,修理配方,,1,600,猎人十字弓 × 1；罕见铠甲箱 × 8,猎人十字弓 × 1,2级修理工作台；3级修理工作台；2级修理工作台；4级修理工作台,
修理：升级版火枪,修理配方,,1,600,升级版火枪 × 1；罕见铠甲箱 × 8,升级版火枪 × 1,2级修理工作台；3级修理工作台；2级修理工作台；4级修理工作台,
修理：铸造大锤,修理配方,,1,600,铸造大锤 × 1；罕见铠甲箱 × 8,铸造大锤 × 1,2级修理工作台；3级修理工作台；2级修理工作台；4级修理工作台,
修理：幸存者夹克,修理配方,,1,600,幸存者夹克 × 1；常见工具 × 8,幸存者夹克 × 1,1级修理工作台；2级修理工作台；3级修理工作台；2级修理工作台；4级修理工作台,
修理：回火纳塔刀,修理配方,,1,600,回火纳塔刀 × 1；罕见铠甲箱 × 8,回火纳塔刀 × 1,2级修理工作台；3级修理工作台；2级修理工作台；4级修理工作台,
修理：秃鹫碎骨棒,修理配方,,1,600,秃鹫碎骨棒 × 1；罕见铠甲箱 × 8,秃鹫碎骨棒 × 1,2级修理工作台；3级修理工作台；2级修理工作台；4级修理工作台,
修理：袭击者便帽,修理配方,,1,600,袭击者便帽 × 1；常见工具 × 11,袭击者便帽 × 1,2级修理工作台；3级修理工作台；2级修理工作台；4级修理工作台,
修理：袭击者毛衣,修理配方,,1,600,袭击者毛衣 × 1；常见工具 × 11,袭击者毛衣 × 1,2级修理工作台；3级修理工作台；2级修理工作台；4级修理工作台,
修理：秃鹫粉碎棒,修理配方,,1,600,秃鹫粉碎棒 × 1；罕见铠甲箱 × 8,秃鹫粉碎棒 × 1,2级修理工作台；3级修理工作台；2级修理工作台；4级修理工作台,
修理：袭击者裤子,修理配方,,1,600,袭击者裤子 × 1；常见工具 × 11,袭击者裤子 × 1,2级修理工作台；3级修理工作台；2级修理工作台；4级修理工作台,
修理：光辉之星,修理配方,,1,600,光辉之星 × 1；罕见铠甲箱 × 8,光辉之星 × 1,2级修理工作台；3级修理工作台；2级修理工作台；4级修理工作台,
修理：光辉之星,修理配方,,1,600,光辉之星 × 1；罕见铠甲箱 × 8,光辉之星 × 1,2级修理工作台；3级修理工作台；2级修理工作台；4级修理工作台,
修理：袭击者靴子,修理配方,,1,600,袭击者靴子 × 1；常见工具 × 11,袭击者靴子 × 1,2级修理工作台；3级修理工作台；2级修理工作台；4级修理工作台,
修理：袭击者连帽衫,修理配方,,1,600,袭击者连帽衫 × 1；常见工具 × 11,袭击者连帽衫 × 1,2级修理工作台；3级修理工作台；2级修理工作台；4级修理工作台,
修理：惩罚大镰刀,修理配方,,1,600,惩罚大镰刀 × 1；罕见铠甲箱 × 8,惩罚大镰刀 × 1,2级修理工作台；3级修理工作台；2级修理工作台；4级修理工作台,
修理：惩罚大镰刀,修理配方,,1,600,惩罚大镰刀 × 1；罕见铠甲箱 × 8,惩罚大镰刀 × 1,2级修理工作台；3级修理工作台；2级修理工作台；4级修理工作台,
修理：异端粉碎者,修理配方,,1,600,异端粉碎者 × 1；罕见铠甲箱 × 8,异端粉碎者 × 1,2级修理工作台；3级修理工作台；2级修理工作台；4级修理工作台,
修理：独行者头巾,修理配方,,1,600,独行者头巾 × 1；罕见物品 × 6,独行者头巾 × 1,2级修理工作台；3级修理工作台；2级修理工作台；4级修理工作台,
修理：独行者运动衫,修理配方,,1,600,独行者运动衫 × 1；罕见物品 × 6,独行者运动衫 × 1,2级修理工作台；3级修理工作台；2级修理工作台；4级修理工作台,
修理：异端粉碎者,修理配方,,1,600,异端粉碎者 × 1；罕见铠甲箱 × 8,异端粉碎者 × 1,2级修理工作台；3级修理工作台；2级修理工作台；4级修理工作台,
修理：独行者裤子,修理配方,,1,600,独行者裤子 × 1；罕见物品 × 6,独行者裤子 × 1,2级修理工作台；3级修理工作台；2级修理工作台；4级修理工作台,
修理：狂腐士十字弓,修理配方,,1,600,狂腐士十字弓 × 1；罕见铠甲箱 × 8,狂腐士十字弓 × 1,2级修理工作台；3级修理工作台；2级修理工作台；4级修理工作台,
修理：独行者靴子,修理配方,,1,600,独行者靴子 × 1；罕见物品 × 6,独行者靴子 × 1,2级修理工作台；3级修理工作台；2级修理工作台；4级修理工作台,
修理：狂腐士十字弓,修理配方,,1,600,狂腐士十字弓 × 1；罕见铠甲箱 × 8,狂腐士十字弓 × 1,2级修理工作台；3级修理工作台；2级修理工作台；4级修理工作台,
修理：独行者上衣,修理配方,,1,600,独行者上衣 × 1；罕见物品 × 6,独行者上衣 × 1,2级修理工作台；3级修理工作台；2级修理工作台；4级修理工作台,
修理：射钉枪,修理配方,,1,600,射钉枪 × 1；罕见铠甲箱 × 8,射钉枪 × 1,2级修理工作台；3级修理工作台；2级修理工作台；4级修理工作台,
修理：狂腐士兜帽,修理配方,,1,600,狂腐士兜帽 × 1；罕见物品 × 6,狂腐士兜帽 × 1,2级修理工作台；3级修理工作台；2级修理工作台；4级修理工作台,
修理：狂腐士长袍,修理配方,,1,600,狂腐士长袍 × 1；罕见物品 × 6,狂腐士长袍 × 1,2级修理工作台；3级修理工作台；2级修理工作台；4级修理工作台,
修理：狂腐士裤子,修理配方,,1,600,狂腐士裤子 × 1；罕见物品 × 6,狂腐士裤子 × 1,2级修理工作台；3级修理工作台；2级修理工作台；4级修理工作台,
修理：射钉枪,修理配方,,1,600,射钉枪 × 1；罕见铠甲箱 × 8,射钉枪 × 1,2级修理工作台；3级修理工作台；2级修理工作台；4级修理工作台,
修理：狂腐士靴子,修理配方,,1,600,狂腐士靴子 × 1；罕见物品 × 6,狂腐士靴子 × 1,2级修理工作台；3级修理工作台；2级修理工作台；4级修理工作台,
修理：半衰期捍卫者枪,修理配方,,1,600,半衰期捍卫者枪 × 1；罕见铠甲箱 × 8,半衰期捍卫者枪 × 1,2级修理工作台；3级修理工作台；2级修理工作台；4级修理工作台,
修理：半衰期捍卫者枪,修理配方,,1,600,半衰期捍卫者枪 × 1；罕见铠甲箱 × 8,半衰期捍卫者枪 × 1,2级修理工作台；3级修理工作台；2级修理工作台；4级修理工作台,
修理：狂腐士法衣,修理配方,,1,600,狂腐士法衣 × 1；罕见物品 × 6,狂腐士法衣 × 1,2级修理工作台；3级修理工作台；2级修理工作台；4级修理工作台,
修理：重管,修理配方,,1,600,重管 × 1；罕见铠甲箱 × 10,重管 × 1,2级修理工作台；3级修理工作台；2级修理工作台；4级修理工作台,
修理：升级版镐,修理配方,,1,600,升级版镐 × 1；罕见铠甲箱 × 10,升级版镐 × 1,2级修理工作台；3级修理工作台；2级修理工作台；4级修理工作台,
修理：侦察员帽子,修理配方,,1,600,侦察员帽子 × 1；常见工具 × 14,侦察员帽子 × 1,2级修理工作台；3级修理工作台；2级修理工作台；4级修理工作台,
修理：攻击斧,修理配方,,1,600,攻击斧 × 1；罕见铠甲箱 × 10,攻击斧 × 1,2级修理工作台；3级修理工作台；2级修理工作台；4级修理工作台,
修理：侦察员条纹背心,修理配方,,1,600,侦察员条纹背心 × 1；常见工具 × 14,侦察员条纹背心 × 1,2级修理工作台；3级修理工作台；2级修理工作台；4级修理工作台,
修理：乌兹Ultra冲锋枪,修理配方,,1,600,乌兹Ultra冲锋枪 × 1；罕见铠甲箱 × 10,乌兹Ultra冲锋枪 × 1,2级修理工作台；3级修理工作台；2级修理工作台；4级修理工作台,
修理：侦察员裤子,修理配方,,1,600,侦察员裤子 × 1；常见工具 × 14,侦察员裤子 × 1,2级修理工作台；3级修理工作台；2级修理工作台；4级修理工作台,
修理：猎人复合弓,修理配方,,1,600,猎人复合弓 × 1；罕见铠甲箱 × 12,猎人复合弓 × 1,2级修理工作台；3级修理工作台；4级修理工作台,
修理：侦察员靴子,修理配方,,1,600,侦察员靴子 × 1；常见工具 × 14,侦察员靴子 × 1,2级修理工作台；3级修理工作台；2级修理工作台；4级修理工作台,
修理：锋利大砍刀,修理配方,,1,600,锋利大砍刀 × 1；罕见铠甲箱 × 12,锋利大砍刀 × 1,2级修理工作台；3级修理工作台；4级修理工作台,
修理：侦察员风衣,修理配方,,1,600,侦察员风衣 × 1；常见工具 × 14,侦察员风衣 × 1,2级修理工作台；3级修理工作台；2级修理工作台；4级修理工作台,
修理：重型扳手,修理配方,,1,600,重型扳手 × 1；罕见铠甲箱 × 12,重型扳手 × 1,2级修理工作台；3级修理工作台；4级修理工作台,
修理：火焰复合弓,修理配方,,1,600,火焰复合弓 × 1；罕见铠甲箱 × 12,火焰复合弓 × 1,2级修理工作台；3级修理工作台；4级修理工作台,
修理：升级版散弹枪,修理配方,,1,600,升级版散弹枪 × 1；罕见铠甲箱 × 12,升级版散弹枪 × 1,2级修理工作台；3级修理工作台；4级修理工作台,
修理：斯肯尼球棒,修理配方,,1,600,斯肯尼球棒 × 1；罕见铠甲箱 × 12,斯肯尼球棒 × 1,2级修理工作台；3级修理工作台；4级修理工作台,
修理：狂热者狂腐士AKM,修理配方,,1,600,狂热者狂腐士AKM × 1；罕见铠甲箱 × 12,狂热者狂腐士AKM × 1,2级修理工作台；3级修理工作台；4级修理工作台,
修理：游荡者便帽,修理配方,,1,600,游荡者便帽 × 1；常见工具 × 17,游荡者便帽 × 1,2级修理工作台；3级修理工作台；4级修理工作台,
修理：游荡者运动衫,修理配方,,1,600,游荡者运动衫 × 1；常见工具 × 17,游荡者运动衫 × 1,2级修理工作台；3级修理工作台；4级修理工作台,
修理：狂热者狂腐士AKM,修理配方,,1,600,狂热者狂腐士AKM × 1；罕见铠甲箱 × 12,狂热者狂腐士AKM × 1,2级修理工作台；3级修理工作台；4级修理工作台,
修理：游荡者裤子,修理配方,,1,600,游荡者裤子 × 1；常见工具 × 17,游荡者裤子 × 1,2级修理工作台；3级修理工作台；4级修理工作台,
修理：游荡者靴子,修理配方,,1,600,游荡者靴子 × 1；常见工具 × 17,游荡者靴子 × 1,2级修理工作台；3级修理工作台；4级修理工作台,
修理：改进型马卡洛夫手枪,修理配方,,1,600,改进型马卡洛夫手枪 × 1；罕见铠甲箱 × 12,改进型马卡洛夫手枪 × 1,2级修理工作台；3级修理工作台；4级修理工作台,
修理：游荡者战术背心,修理配方,,1,600,游荡者战术背心 × 1；常见工具 × 17,游荡者战术背心 × 1,2级修理工作台；3级修理工作台；4级修理工作台,
修理：格洛克 18C,修理配方,,1,600,格洛克 18C × 1；罕见铠甲箱 × 14,格洛克 18C × 1,3级修理工作台；4级修理工作台,
修理：升级版AKM,修理配方,,1,600,升级版AKM × 1；罕见铠甲箱 × 14,升级版AKM × 1,3级修理工作台；4级修理工作台,
修理：漫游者头巾,修理配方,,1,600,漫游者头巾 × 1；罕见物品 × 7,漫游者头巾 × 1,2级修理工作台；3级修理工作台；2级修理工作台；4级修理工作台,
修理：陆军M16,修理配方,,1,600,陆军M16 × 1；罕见铠甲箱 × 14,陆军M16 × 1,3级修理工作台；4级修理工作台,
修理：漫游者衬衫,修理配方,,1,600,漫游者衬衫 × 1；罕见物品 × 7,漫游者衬衫 × 1,2级修理工作台；3级修理工作台；2级修理工作台；4级修理工作台,
修理：漫游者牛仔裤,修理配方,,1,600,漫游者牛仔裤 × 1；罕见物品 × 7,漫游者牛仔裤 × 1,2级修理工作台；3级修理工作台；2级修理工作台；4级修理工作台,
修理：升级版武士刀,修理配方,,1,600,升级版武士刀 × 1；罕见铠甲箱 × 14,升级版武士刀 × 1,3级修理工作台；4级修理工作台,
修理：VSS Vintorez-M狙击步枪,修理配方,,1,600,VSS Vintorez-M狙击步枪 × 1；罕见铠甲箱 × 14,VSS Vintorez-M狙击步枪 × 1,3级修理工作台；4级修理工作台,
修理：FN SCAR Elite突击步枪,修理配方,,1,600,FN SCAR Elite突击步枪 × 1；罕见铠甲箱 × 14,FN SCAR Elite突击步枪 × 1,3级修理工作台；4级修理工作台,
修理：大口径SVD狙击步枪,修理配方,,1,600,大口径SVD狙击步枪 × 1；罕见铠甲箱 × 14,大口径SVD狙击步枪 × 1,3级修理工作台；4级修理工作台,
修理：SPAS-12,修理配方,,1,600,SPAS-12 × 1；罕见铠甲箱 × 14,SPAS-12 × 1,3级修理工作台；4级修理工作台,
修理：莫辛步枪,修理配方,,1,600,莫辛步枪 × 1；罕见铠甲箱 × 14,莫辛步枪 × 1,3级修理工作台；4级修理工作台,
修理：汤米冲锋枪,修理配方,,1,600,汤米冲锋枪 × 1；罕见铠甲箱 × 14,汤米冲锋枪 × 1,3级修理工作台；4级修理工作台,
修理：追踪者帽子,修理配方,,1,600,追踪者帽子 × 1；罕见物品 × 10,追踪者帽子 × 1,3级修理工作台；4级修理工作台,
修理：漫游者鞋子,修理配方,,1,600,漫游者鞋子 × 1；罕见物品 × 7,漫游者鞋子 × 1,2级修理工作台；3级修理工作台；2级修理工作台；4级修理工作台,
修理：漫游者背心,修理配方,,1,600,漫游者背心 × 1；罕见物品 × 7,漫游者背心 × 1,2级修理工作台；3级修理工作台；2级修理工作台；4级修理工作台,
修理：掠夺者便帽,修理配方,,1,600,掠夺者便帽 × 1；罕见物品 × 9,掠夺者便帽 × 1,2级修理工作台；3级修理工作台；4级修理工作台,
修理：追踪者条纹背心,修理配方,,1,600,追踪者条纹背心 × 1；罕见物品 × 10,追踪者条纹背心 × 1,3级修理工作台；4级修理工作台,
修理：掠夺者毛衣,修理配方,,1,600,掠夺者毛衣 × 1；罕见物品 × 9,掠夺者毛衣 × 1,2级修理工作台；3级修理工作台；4级修理工作台,
修理：掠夺者裤子,修理配方,,1,600,掠夺者裤子 × 1；罕见物品 × 9,掠夺者裤子 × 1,2级修理工作台；3级修理工作台；4级修理工作台,
修理：追踪者裤子,修理配方,,1,600,追踪者裤子 × 1；罕见物品 × 10,追踪者裤子 × 1,3级修理工作台；4级修理工作台,
修理：掠夺者靴子,修理配方,,1,600,掠夺者靴子 × 1；罕见物品 × 9,掠夺者靴子 × 1,2级修理工作台；3级修理工作台；4级修理工作台,
修理：追踪者靴子,修理配方,,1,600,追踪者靴子 × 1；罕见物品 × 10,追踪者靴子 × 1,3级修理工作台；4级修理工作台,
修理：掠夺者连帽衫,修理配方,,1,600,掠夺者连帽衫 × 1；罕见物品 × 9,掠夺者连帽衫 × 1,2级修理工作台；3级修理工作台；4级修理工作台,
修理：追踪者风衣,修理配方,,1,600,追踪者风衣 × 1；罕见物品 × 10,追踪者风衣 × 1,3级修理工作台；4级修理工作台,
修理：向导便帽,修理配方,,1,600,向导便帽 × 1；罕见物品 × 12,向导便帽 × 1,3级修理工作台；4级修理工作台,
修理：向导运动衫,修理配方,,1,600,向导运动衫 × 1；罕见物品 × 12,向导运动衫 × 1,3级修理工作台；4级修理工作台,
修理：向导裤子,修理配方,,1,600,向导裤子 × 1；罕见物品 × 12,向导裤子 × 1,3级修理工作台；4级修理工作台,
修理：向导靴子,修理配方,,1,600,向导靴子 × 1；罕见物品 × 12,向导靴子 × 1,3级修理工作台；4级修理工作台,
修理：向导战术背心,修理配方,,1,600,向导战术背心 × 1；罕见物品 × 12,向导战术背心 × 1,3级修理工作台；4级修理工作台,
修理：核炬士兜帽,修理配方,,1,600,核炬士兜帽 × 1；传奇工具 × 10,核炬士兜帽 × 1,1级修理工作台；2级修理工作台；3级修理工作台；2级修理工作台；4级修理工作台,
修理：致命的光辉之星,修理配方,,1,600,致命的光辉之星 × 1；传奇铠甲箱 × 10,致命的光辉之星 × 1,1级修理工作台；2级修理工作台；3级修理工作台；2级修理工作台；4级修理工作台,
修理：核炬士长袍,修理配方,,1,600,核炬士长袍 × 1；传奇工具 × 10,核炬士长袍 × 1,1级修理工作台；2级修理工作台；3级修理工作台；2级修理工作台；4级修理工作台,
修理：核炬士裤子,修理配方,,1,600,核炬士裤子 × 1；传奇工具 × 10,核炬士裤子 × 1,1级修理工作台；2级修理工作台；3级修理工作台；2级修理工作台；4级修理工作台,
修理：核炬士靴子,修理配方,,1,600,核炬士靴子 × 1；传奇工具 × 10,核炬士靴子 × 1,1级修理工作台；2级修理工作台；3级修理工作台；2级修理工作台；4级修理工作台,
修理：核炬士铠甲长袍,修理配方,,1,600,核炬士铠甲长袍 × 1；传奇工具 × 10,核炬士铠甲长袍 × 1,1级修理工作台；2级修理工作台；3级修理工作台；2级修理工作台；4级修理工作台,
修理：暗黑游荡者面具,修理配方,,1,600,暗黑游荡者面具 × 1；传奇工具 × 10,暗黑游荡者面具 × 1,1级修理工作台；2级修理工作台；3级修理工作台；2级修理工作台；4级修理工作台,
修理：暗黑游荡者毛衣,修理配方,,1,600,暗黑游荡者毛衣 × 1；传奇工具 × 10,暗黑游荡者毛衣 × 1,1级修理工作台；2级修理工作台；3级修理工作台；2级修理工作台；4级修理工作台,
修理：暗黑游荡者裤子,修理配方,,1,600,暗黑游荡者裤子 × 1；传奇工具 × 10,暗黑游荡者裤子 × 1,1级修理工作台；2级修理工作台；3级修理工作台；2级修理工作台；4级修理工作台,
修理：暗黑游荡者靴子,修理配方,,1,600,暗黑游荡者靴子 × 1；传奇工具 × 10,暗黑游荡者靴子 × 1,1级修理工作台；2级修理工作台；3级修理工作台；2级修理工作台；4级修理工作台,
修理：暗黑游荡者战术背心,修理配方,,1,600,暗黑游荡者战术背心 × 1；传奇工具 × 10,暗黑游荡者战术背心 × 1,1级修理工作台；2级修理工作台；3级修理工作台；2级修理工作台；4级修理工作台,
修理：圣徒惩罚大镰刀,修理配方,,1,600,圣徒惩罚大镰刀 × 1；传奇铠甲箱 × 10,圣徒惩罚大镰刀 × 1,1级修理工作台；2级修理工作台；3级修理工作台；2级修理工作台；4级修理工作台,
修理：真正异端粉碎者,修理配方,,1,600,真正异端粉碎者 × 1；传奇铠甲箱 × 10,真正异端粉碎者 × 1,1级修理工作台；2级修理工作台；3级修理工作台；2级修理工作台；4级修理工作台,
修理：光辉狂腐士十字弓,修理配方,,1,600,光辉狂腐士十字弓 × 1；传奇铠甲箱 × 10,光辉狂腐士十字弓 × 1,1级修理工作台；2级修理工作台；3级修理工作台；2级修理工作台；4级修理工作台,
修理：仁慈射钉枪,修理配方,,1,600,仁慈射钉枪 × 1；传奇铠甲箱 × 10,仁慈射钉枪 × 1,1级修理工作台；2级修理工作台；3级修理工作台；2级修理工作台；4级修理工作台,
修理：崭新半衰期捍卫者枪,修理配方,,1,600,崭新半衰期捍卫者枪 × 1；传奇铠甲箱 × 10,崭新半衰期捍卫者枪 × 1,1级修理工作台；2级修理工作台；3级修理工作台；2级修理工作台；4级修理工作台,
修理：罪恶焚化器,修理配方,,1,600,罪恶焚化器 × 1；传奇铠甲箱 × 10,罪恶焚化器 × 1,1级修理工作台；2级修理工作台；3级修理工作台；2级修理工作台；4级修理工作台,
修理：信仰的支柱,修理配方,,1,600,信仰的支柱 × 1；传奇铠甲箱 × 10,信仰的支柱 × 1,1级修理工作台；2级修理工作台；3级修理工作台；2级修理工作台；4级修理工作台,
修理：牧师狂腐士AKM,修理配方,,1,600,牧师狂腐士AKM × 1；传奇铠甲箱 × 10,牧师狂腐士AKM × 1,1级修理工作台；2级修理工作台；3级修理工作台；2级修理工作台；4级修理工作台,
修理：暗黑游荡者大砍刀,修理配方,,1,600,暗黑游荡者大砍刀 × 1；传奇铠甲箱 × 10,暗黑游荡者大砍刀 × 1,1级修理工作台；2级修理工作台；3级修理工作台；2级修理工作台；4级修理工作台,
修理：暗黑游荡者SPAS-12,修理配方,,1,600,暗黑游荡者SPAS-12 × 1；传奇铠甲箱 × 10,暗黑游荡者SPAS-12 × 1,1级修理工作台；2级修理工作台；3级修理工作台；2级修理工作台；4级修理工作台,
修理：暗黑游荡者狙击枪,修理配方,,1,600,暗黑游荡者狙击枪 × 1；传奇铠甲箱 × 10,暗黑游荡者狙击枪 × 1,1级修理工作台；2级修理工作台；3级修理工作台；2级修理工作台；4级修理工作台,
女巫壁炉,制作配方,普通壁炉的炉火适合舒适过夜， 女巫壁炉的可怕绿焰则适合黑暗交易。,0,1,装饰组装手册 × 15；铜线 × 8；牛皮胶布 × 12；橡胶 × 12；建筑混凝土 × 8,女巫壁炉 × 1,建筑师桌,
毛骨悚然喷泉,制作配方,令人愉快的节日装饰， 向所有人展示， 谁才是领地真正的送葬者克星吧！,0,1,装饰组装手册 × 20；铜线 × 10；牛皮胶布 × 15；橡胶 × 15；建筑混凝土 × 10,毛骨悚然喷泉 × 1,建筑师桌,
领地幽灵,制作配方,毛骨悚然的稻草人眼睛正在发射你敌人被窃取的生命。,999,1,装饰组装手册 × 20；铜线 × 10；牛皮胶布 × 15；橡胶 × 15；铁皮 × 10,领地幽灵 × 1,Lvl 2 Architect's Table；Lvl 3 Architect's Table,
死亡自行车,制作配方,这辆自行车上遍布神秘符号和骨头， 并涂着酸性油漆。 受萨梅迪男爵和铁匠昂贡的祝福。,0,1,优质木板 × 20；废金属 × 20；混凝土 × 20；牛皮胶布 × 7,死亡自行车 × 1,,
修理：死神锯子,修理配方,,1,600,死神锯子 × 1；罕见铠甲箱 × 10,死神锯子 × 1,2级修理工作台；3级修理工作台；2级修理工作台；4级修理工作台,
修理：洛亚神的战斗铁锹,修理配方,,1,600,洛亚神的战斗铁锹 × 1；罕见铠甲箱 × 10,洛亚神的战斗铁锹 × 1,2级修理工作台；3级修理工作台；2级修理工作台；4级修理工作台,
修理：冷酷死神,修理配方,,1,600,冷酷死神 × 1；罕见铠甲箱 × 10,冷酷死神 × 1,2级修理工作台；3级修理工作台；2级修理工作台；4级修理工作台,
修理：巫师左轮手枪,修理配方,,1,600,巫师左轮手枪 × 1；罕见铠甲箱 × 10,巫师左轮手枪 × 1,2级修理工作台；3级修理工作台；2级修理工作台；4级修理工作台,
修理：送葬者魂狩,修理配方,,1,600,送葬者魂狩 × 1；罕见铠甲箱 × 10,送葬者魂狩 × 1,3级修理工作台；4级修理工作台,
修理：萨梅迪仁慈铁铲,修理配方,,1,600,萨梅迪仁慈铁铲 × 1；传奇铠甲箱 × 10,萨梅迪仁慈铁铲 × 1,1级修理工作台；2级修理工作台；3级修理工作台；2级修理工作台；4级修理工作台,
修理：萨梅迪锯子,修理配方,,1,600,萨梅迪锯子 × 1；传奇铠甲箱 × 10,萨梅迪锯子 × 1,1级修理工作台；2级修理工作台；3级修理工作台；2级修理工作台；4级修理工作台,
修理：灵魂收割者,修理配方,,1,600,灵魂收割者 × 1；传奇铠甲箱 × 10,灵魂收割者 × 1,1级修理工作台；2级修理工作台；3级修理工作台；2级修理工作台；4级修理工作台,
修理：狂热的魂狩,修理配方,,1,600,狂热的魂狩 × 1；传奇铠甲箱 × 10,狂热的魂狩 × 1,1级修理工作台；2级修理工作台；3级修理工作台；2级修理工作台；4级修理工作台,
修理：丹巴拉左轮手枪,修理配方,,1,600,丹巴拉左轮手枪 × 1；传奇铠甲箱 × 10,丹巴拉左轮手枪 × 1,1级修理工作台；2级修理工作台；3级修理工作台；2级修理工作台；4级修理工作台,
修理：蛇彭特 · 布莱德钉枪,修理配方,,1,600,蛇彭特 · 布莱德钉枪 × 1；传奇铠甲箱 × 10,蛇彭特 · 布莱德钉枪 × 1,1级修理工作台；2级修理工作台；3级修理工作台；2级修理工作台；4级修理工作台,
修理：蛇彭特信徒之杖,修理配方,,1,600,蛇彭特信徒之杖 × 1；传奇铠甲箱 × 10,蛇彭特信徒之杖 × 1,1级修理工作台；2级修理工作台；3级修理工作台；2级修理工作台；4级修理工作台,
修理：送葬者面具,修理配方,,1,600,送葬者面具 × 1；罕见物品 × 7,送葬者面具 × 1,2级修理工作台；3级修理工作台；2级修理工作台；4级修理工作台,
修理：送葬者衬衫,修理配方,,1,600,送葬者衬衫 × 1；罕见物品 × 7,送葬者衬衫 × 1,2级修理工作台；3级修理工作台；2级修理工作台；4级修理工作台,
修理：送葬者裤子,修理配方,,1,600,送葬者裤子 × 1；罕见物品 × 7,送葬者裤子 × 1,2级修理工作台；3级修理工作台；2级修理工作台；4级修理工作台,
修理：送葬者靴子,修理配方,,1,600,送葬者靴子 × 1；罕见物品 × 7,送葬者靴子 × 1,2级修理工作台；3级修理工作台；2级修理工作台；4级修理工作台,
修理：送葬者夹克,修理配方,,1,600,送葬者夹克 × 1；罕见物品 × 7,送葬者夹克 × 1,2级修理工作台；3级修理工作台；2级修理工作台；4级修理工作台,
修理：阿依达·维铎头盔,修理配方,,1,600,阿依达·维铎头盔 × 1；传奇工具 × 10,阿依达·维铎头盔 × 1,1级修理工作台；2级修理工作台；3级修理工作台；2级修理工作台；4级修理工作台,
修理：蛇彭特信徒寿衣,修理配方,,1,600,蛇彭特信徒寿衣 × 1；传奇工具 × 10,蛇彭特信徒寿衣 × 1,1级修理工作台；2级修理工作台；3级修理工作台；2级修理工作台；4级修理工作台,
修理：蛇彭特信徒裤子,修理配方,,1,600,蛇彭特信徒裤子 × 1；传奇工具 × 10,蛇彭特信徒裤子 × 1,1级修理工作台；2级修理工作台；3级修理工作台；2级修理工作台；4级修理工作台,
修理：蛇彭特信徒靴子,修理配方,,1,600,蛇彭特信徒靴子 × 1；传奇工具 × 10,蛇彭特信徒靴子 × 1,1级修理工作台；2级修理工作台；3级修理工作台；2级修理工作台；4级修理工作台,
修理：阿依达·维铎铠甲服,修理配方,,1,600,阿依达·维铎铠甲服 × 1；传奇工具 × 10,阿依达·维铎铠甲服 × 1,1级修理工作台；2级修理工作台；3级修理工作台；2级修理工作台；4级修理工作台,
未命名配方,设施操作,用来给自行车重新喷漆。,0,1,牛皮胶布 × 20；螺栓 × 10；螺丝钉 × 6；铜线 × 5；铜锭 × 5,,,
未命名配方,设施操作,,0,1,钢筋 × 7；螺丝钉 × 3；牛皮胶布 × 4,,,
未命名配方,设施操作,,0,1,牛皮胶布 × 25；螺栓 × 3；钢筋 × 9；螺丝钉 × 5,,,
未命名配方,设施操作,,0,1,牛皮胶布 × 25；螺丝钉 × 8；橡胶 × 12；螺栓 × 3；铜线 × 6,,,
未命名配方,设施操作,,0,1,铁锭 × 6；齿轮 × 13；螺栓 × 3；橡胶软管 × 7；铜线 × 9,,,
未命名配方,设施操作,解锁额外的自行车改装。,0,1,铁管 × 7；辐条 × 25；螺栓 × 7；齿轮 × 25；牛皮胶布 × 35,,,
南瓜,制作配方,正适合做一顿美味的节日大餐。,0,3600,南瓜种子 × 1,南瓜 × 1,,
玉米,制作配方,新鲜多汁的玉米棒子。,0,3000,玉米种子 × 1,玉米 × 1,1级花园土地；2级花园土地；3级花园土地,
烤火鸡,制作配方,感恩节主菜！,0,360,整只火鸡 × 1,烤火鸡 × 1,,
南瓜派,制作配方,传统的感恩节菜肴。,0,240,南瓜 × 1,南瓜派 × 1,,
烤玉米,制作配方,煮玉米的最佳方式。,0,240,玉米 × 1,烤玉米 × 1,1级壁炉；2级壁炉；3级壁炉,
入口标志,制作配方,"避难所欢迎招牌。
安装后，它成为避难所的入口点，也是到全局地图的出口点。",24,1,钢筋 × 10；电线 × 5；优质木板 × 10；钉子 × 6；牛皮胶布 × 5,入口标志 × 1,,
部落战士弓,制作配方,即使跑得最快的火鸡也逃不过这把弓射出的箭。,1,1,石刀 × 2；优质木板 × 2；细麻绳 × 1,部落战士弓 × 1,,
干草叉,制作配方,有句古老的定居者谚语是这么说的： “不怕棍子， 就怕干草叉。 ”,1,1,钢筋 × 2；优质木板 × 3；牛皮胶布 × 1,干草叉 × 1,,
战斧,制作配方,一种根据古代技术制作的重型飞斧。,1,1,抛光木板 × 2；铁皮 × 1；人造革 × 2,战斧 × 10,,
部落厨师,制作配方,赋予你被动能力：部落的礼物。在受到致命伤后可恢复全部生命值一次。,999,1,节日餐具 × 20；抛光木板 × 12；废金属 × 20；碎布 × 10；亚麻布 × 15,部落厨师 × 1,建筑师桌；Lvl 2 Architect's Table；Lvl 3 Architect's Table,
修理：部落战士弓,修理配方,,1,600,部落战士弓 × 1；常见铠甲箱 × 10,部落战士弓 × 1,1级修理工作台；2级修理工作台；3级修理工作台；2级修理工作台；4级修理工作台,
修理：干草叉,修理配方,,1,600,干草叉 × 1；常见铠甲箱 × 10,干草叉 × 1,1级修理工作台；2级修理工作台；3级修理工作台；2级修理工作台；4级修理工作台,
修理：电动步枪,修理配方,,1,600,电动步枪 × 1；传奇铠甲箱 × 10,电动步枪 × 1,1级修理工作台；2级修理工作台；3级修理工作台；2级修理工作台；4级修理工作台,
修理：部落酋长弓,修理配方,,1,600,部落酋长弓 × 1；传奇铠甲箱 × 10,部落酋长弓 × 1,1级修理工作台；2级修理工作台；3级修理工作台；2级修理工作台；4级修理工作台,
修理：部落萨满弓,修理配方,,1,600,部落萨满弓 × 1；传奇铠甲箱 × 10,部落萨满弓 × 1,1级修理工作台；2级修理工作台；3级修理工作台；2级修理工作台；4级修理工作台,
修理：定居者干草叉,修理配方,,1,600,定居者干草叉 × 1；传奇铠甲箱 × 10,定居者干草叉 × 1,1级修理工作台；2级修理工作台；3级修理工作台；2级修理工作台；4级修理工作台,
冷冻枪,制作配方,一件能冻结敌人的神器武器，按照坪瑟的说明组装而成。,1,1,冰-9 × 20；牛皮胶布 × 12；钢筋 × 30；铜线 × 10；电线 × 15,冷冻枪 × 1,,
雪人,制作配方,领地的雪人需要的不是装饰品，而是装备。,999,1,兄弟会音频说明 × 20；铜线 × 20；牛皮胶布 × 20；橡胶 × 20；铁锭 × 15,雪人 × 1,建筑师桌；Lvl 2 Architect's Table；Lvl 3 Architect's Table,
新年驼鹿,制作配方,领地最受欢迎的动物中， 耀眼瞩目的存在 。,999,1,装饰组装手册 × 20；铜线 × 10；牛皮胶布 × 15；橡胶 × 15；铁皮 × 10,新年驼鹿 × 1,建筑师桌；Lvl 2 Architect's Table；Lvl 3 Architect's Table,
冰霜箱子,制作配方,宽敞的箱子，可以存放各种装备。,1,1,箱子配件 × 20；铁皮 × 20；橡胶 × 15；牛皮胶布 × 20；铜线 × 10,冰霜箱子 × 1,,
新年树,制作配方,避难所的节日装饰，你可能会在树下找到礼物！,1,1,优质木板 × 10；废金属 × 20；牛皮胶布 × 4；细麻绳 × 6,新年树 × 1；装饰杉树 × 0,,
修理：SVD-A ”裁决” 狙击步枪,修理配方,,1,600,SVD-A ”裁决” 狙击步枪 × 1；传奇铠甲箱 × 10,SVD-A ”裁决” 狙击步枪 × 1,1级修理工作台；2级修理工作台；3级修理工作台；2级修理工作台；4级修理工作台,
修理：AKM-A“吸血鬼”自动步枪,修理配方,,1,600,AKM-A“吸血鬼”自动步枪 × 1；传奇铠甲箱 × 10,AKM-A“吸血鬼”自动步枪 × 1,1级修理工作台；2级修理工作台；3级修理工作台；2级修理工作台；4级修理工作台,
修理：冷冻枪,修理配方,,1,600,冷冻枪 × 1；传奇铠甲箱 × 10,冷冻枪 × 1,1级修理工作台；2级修理工作台；3级修理工作台；2级修理工作台；4级修理工作台,
修理：北极莫辛步枪,修理配方,,1,600,北极莫辛步枪 × 1；传奇铠甲箱 × 10,北极莫辛步枪 × 1,1级修理工作台；2级修理工作台；3级修理工作台；2级修理工作台；4级修理工作台,
修理：北极Vintorez-M,修理配方,,1,600,北极Vintorez-M × 1；传奇铠甲箱 × 10,北极Vintorez-M × 1,1级修理工作台；2级修理工作台；3级修理工作台；2级修理工作台；4级修理工作台,
修理：北极M16-M,修理配方,,1,600,北极M16-M × 1；传奇铠甲箱 × 10,北极M16-M × 1,1级修理工作台；2级修理工作台；3级修理工作台；2级修理工作台；4级修理工作台,
修理：克里姆面具,修理配方,,1,600,克里姆面具 × 1；传奇工具 × 10,克里姆面具 × 1,1级修理工作台；2级修理工作台；3级修理工作台；2级修理工作台；4级修理工作台,
修理：克里姆毛衣,修理配方,,1,600,克里姆毛衣 × 1；传奇工具 × 10,克里姆毛衣 × 1,1级修理工作台；2级修理工作台；3级修理工作台；2级修理工作台；4级修理工作台,
修理：克里姆裤子,修理配方,,1,600,克里姆裤子 × 1；传奇工具 × 10,克里姆裤子 × 1,1级修理工作台；2级修理工作台；3级修理工作台；2级修理工作台；4级修理工作台,
修理：克里姆靴子,修理配方,,1,600,克里姆靴子 × 1；传奇工具 × 10,克里姆靴子 × 1,1级修理工作台；2级修理工作台；3级修理工作台；2级修理工作台；4级修理工作台,
修理：克里姆战术背心,修理配方,,1,600,克里姆战术背心 × 1；传奇工具 × 10,克里姆战术背心 × 1,1级修理工作台；2级修理工作台；3级修理工作台；2级修理工作台；4级修理工作台,
修理：送葬者的酸性矛,修理配方,,1,600,送葬者的酸性矛 × 1；罕见铠甲箱 × 4,送葬者的酸性矛 × 1,1级修理工作台；2级修理工作台；3级修理工作台；2级修理工作台；4级修理工作台,
修理：丹巴拉仆从的矛,修理配方,,1,600,丹巴拉仆从的矛 × 1；罕见铠甲箱 × 6,丹巴拉仆从的矛 × 1,1级修理工作台；2级修理工作台；3级修理工作台；2级修理工作台；4级修理工作台,
修理：酸性弓,修理配方,,1,600,酸性弓 × 1；罕见铠甲箱 × 6,酸性弓 × 1,1级修理工作台；2级修理工作台；3级修理工作台；2级修理工作台；4级修理工作台,
修理：送葬者酸性劈刀,修理配方,,1,600,送葬者酸性劈刀 × 1；罕见铠甲箱 × 8,送葬者酸性劈刀 × 1,2级修理工作台；3级修理工作台；2级修理工作台；4级修理工作台,
修理：猎人洛亚的十字弓,修理配方,,1,600,猎人洛亚的十字弓 × 1；罕见铠甲箱 × 8,猎人洛亚的十字弓 × 1,2级修理工作台；3级修理工作台；2级修理工作台；4级修理工作台,
修理：丹巴拉仆从大砍刀,修理配方,,1,600,丹巴拉仆从大砍刀 × 1；罕见铠甲箱 × 12,丹巴拉仆从大砍刀 × 1,2级修理工作台；3级修理工作台；4级修理工作台,
修理：猎人洛亚的弓,修理配方,,1,600,猎人洛亚的弓 × 1；罕见铠甲箱 × 12,猎人洛亚的弓 × 1,2级修理工作台；3级修理工作台；4级修理工作台,
修理：丹巴拉仆从AKM自动步枪,修理配方,,1,600,丹巴拉仆从AKM自动步枪 × 1；罕见铠甲箱 × 14,丹巴拉仆从AKM自动步枪 × 1,3级修理工作台；4级修理工作台,
修理：送葬者的酸性武士刀,修理配方,,1,600,送葬者的酸性武士刀 × 1；罕见铠甲箱 × 14,送葬者的酸性武士刀 × 1,3级修理工作台；4级修理工作台,
止血剂,制作配方,包含在所有要塞兵团战士的野战装备包内， 能够治疗重伤， 防止流血。,0,600,酒精 × 1；天青石 × 1,止血剂 × 2,,
提神灵药,制作配方,免费的游荡者自制药物。 可大幅缓解重击造成的伤害。,0,600,酒精 × 1；蜀羊泉 × 2；狼牙 × 2,提神灵药 × 2,1级治疗师桌；2级治疗师桌；3级治疗师桌,
长时间淋浴,制作配方,洗去污垢和放射性尘埃。 小幅提升你的能量值上限。,1,1,水 × 5；肥皂 × 1,空水瓶 × 5,,
洗脸盆,制作配方,梳洗干净的幸存者不太容易被察觉到气味。 他们生病的几率也较小。,3,1,原生木板 × 8；废金属 × 8；混凝土 × 4,洗脸盆 × 1,,
快速淋浴,制作配方,用冷水去除可能向敌人暴露行踪的气味。,1,1,水 × 2,空水瓶 × 2,,
淋浴,制作配方,野外考察结束后， 用淋浴洗去污垢和放射性尘埃。,16,1,优质木板 × 5；废金属 × 10；橡胶软管 × 2；钢筋 × 5；螺丝钉 × 5；洗脸盆 × 1,淋浴 × 1,,
黑帮木偶,制作配方,临时凑合的训练木偶。,999,1,装饰组装手册 × 20；铜线 × 10；牛皮胶布 × 15；橡胶 × 15；铁皮 × 10,黑帮木偶 × 1,建筑师桌；Lvl 2 Architect's Table；Lvl 3 Architect's Table,
半衰期锣,制作配方,有些黑帮战士认为这面锣能让人免于“看不见的死亡”， 每天一次。,999,1,锣零件 × 20；废金属 × 40；细麻绳 × 4,半衰期锣 × 1,建筑师桌；Lvl 2 Architect's Table；Lvl 3 Architect's Table,
太阳树,制作配方,你会发现， 在你触摸这棵树的树枝后， 你就能穿过火焰。,999,1,节日灯笼 × 20；钢筋 × 20；铜线 × 6；混凝土 × 10,太阳树 × 1,建筑师桌；Lvl 2 Architect's Table；Lvl 3 Architect's Table,
黑帮守护者,制作配方,无论你身在何处，这个金属守护者的灵魂都会保护你。,999,1,装饰组装手册 × 20；铜线 × 10；牛皮胶布 × 15；橡胶 × 15；铁皮 × 10,黑帮守护者 × 1,建筑师桌；Lvl 2 Architect's Table；Lvl 3 Architect's Table,
礼仪餐桌,制作配方,即使是短暂的茶道也能让你放松神经， 让你有饱腹感。,999,1,礼仪餐具 × 20；废金属 × 20；缝线 × 5；优质木板 × 20,礼仪餐桌 × 1,建筑师桌；Lvl 2 Architect's Table；Lvl 3 Architect's Table,
修理：黑帮恶龙头盔,修理配方,,1,600,黑帮恶龙头盔 × 1；传奇工具 × 10,黑帮恶龙头盔 × 1,1级修理工作台；2级修理工作台；3级修理工作台；2级修理工作台；4级修理工作台,
修理：黑帮恶龙背心,修理配方,,1,600,黑帮恶龙背心 × 1；传奇工具 × 10,黑帮恶龙背心 × 1,1级修理工作台；2级修理工作台；3级修理工作台；2级修理工作台；4级修理工作台,
修理：黑帮恶龙裤子,修理配方,,1,600,黑帮恶龙裤子 × 1；传奇工具 × 10,黑帮恶龙裤子 × 1,1级修理工作台；2级修理工作台；3级修理工作台；2级修理工作台；4级修理工作台,
修理：黑帮恶龙靴子,修理配方,,1,600,黑帮恶龙靴子 × 1；传奇工具 × 10,黑帮恶龙靴子 × 1,1级修理工作台；2级修理工作台；3级修理工作台；2级修理工作台；4级修理工作台,
修理：黄龙铠甲,修理配方,,1,600,黄龙铠甲 × 1；传奇工具 × 10,黄龙铠甲 × 1,1级修理工作台；2级修理工作台；3级修理工作台；2级修理工作台；4级修理工作台,
修理：春节勇士头盔,修理配方,,1,600,春节勇士头盔 × 1；罕见物品 × 6,春节勇士头盔 × 1,2级修理工作台；3级修理工作台；2级修理工作台；4级修理工作台,
修理：春节勇士背心,修理配方,,1,600,春节勇士背心 × 1；罕见物品 × 6,春节勇士背心 × 1,2级修理工作台；3级修理工作台；2级修理工作台；4级修理工作台,
修理：春节勇士裤子,修理配方,,1,600,春节勇士裤子 × 1；罕见物品 × 6,春节勇士裤子 × 1,2级修理工作台；3级修理工作台；2级修理工作台；4级修理工作台,
修理：春节勇士靴子,修理配方,,1,600,春节勇士靴子 × 1；罕见物品 × 6,春节勇士靴子 × 1,2级修理工作台；3级修理工作台；2级修理工作台；4级修理工作台,
修理：春节勇士铠甲,修理配方,,1,600,春节勇士铠甲 × 1；罕见物品 × 6,春节勇士铠甲 × 1,2级修理工作台；3级修理工作台；2级修理工作台；4级修理工作台,
修理：黑帮电矛,修理配方,,1,600,黑帮电矛 × 1；传奇铠甲箱 × 10,黑帮电矛 × 1,1级修理工作台；2级修理工作台；3级修理工作台；2级修理工作台；4级修理工作台,
修理：黑帮酸性自动十字弓,修理配方,,1,600,黑帮酸性自动十字弓 × 1；传奇铠甲箱 × 10,黑帮酸性自动十字弓 × 1,1级修理工作台；2级修理工作台；3级修理工作台；2级修理工作台；4级修理工作台,
修理：赤龙火箭筒,修理配方,,1,600,赤龙火箭筒 × 1；传奇铠甲箱 × 10,赤龙火箭筒 × 1,1级修理工作台；2级修理工作台；3级修理工作台；2级修理工作台；4级修理工作台,
避难所石像鬼,制作配方,这尊铜像的牙齿可以撕裂任何铠甲。,999,1,装饰组装手册 × 20；铜线 × 10；牛皮胶布 × 15；橡胶 × 15；铁皮 × 10,避难所石像鬼 × 1,建筑师桌；Lvl 2 Architect's Table；Lvl 3 Architect's Table,
春节盒子,制作配方,黑帮在这样的盒子里储存大量的食物、 材料和弹药。,1,1,箱子配件 × 20；铁皮 × 20；橡胶 × 15；牛皮胶布 × 20；铜线 × 10,春节盒子 × 1,,
能量补品,制作配方,富含粒子的能量块饮料可完美恢复能量值，并在全身提供令人愉悦的刺痛感。,1,3.6,,能量补品 × 5,能量设备,
兄弟会三角旗,制作配方,对于进入异常区有丰富经验的游荡者的标志。,52,1,混凝土 × 20；钢筋 × 12；牛皮胶布 × 10；橡胶 × 15；兄弟会三角旗的油漆 × 12,兄弟会三角旗 × 1,建筑师桌；Lvl 2 Architect's Table；Lvl 3 Architect's Table,
修理：AKM-A“女战士”自动步枪,修理配方,,1,600,AKM-A“女战士”自动步枪 × 1；传奇铠甲箱 × 10,AKM-A“女战士”自动步枪 × 1,1级修理工作台；2级修理工作台；3级修理工作台；2级修理工作台；4级修理工作台,
爱尔兰饮料,制作配方,只要来一杯这种饮料，你可以对付几乎任何敌人！,0,120,水 × 2；三叶草 × 1,爱尔兰饮料 × 1,,
节日饼干,制作配方,它不仅好看，而且很健康。,0,240,小麦 × 1；三叶草 × 2,节日饼干 × 1,,
马铃薯泥,制作配方,吃得饱饱的才能进行任何战斗，特别是在假期！,0,600,马铃薯 × 1；三叶草 × 4,马铃薯泥 × 1,,
金条,制作配方,在领地价值连城。,1,3.6,,金条 × 380,淘金机原型工作台；淘金机原型工作台；淘金机原型工作台,
Glock-A火器,制作配方,快速燃烧弹制品组件的武器。 有经验的游荡者很清楚地意识到， 仓库居民不能抵御火攻。,35,1,火焰瓶 × 10；高压电缆 × 7；钢筋 × 30；电线 × 12；螺丝钉 × 10,Glock-A火器 × 1,,
SPAS-A眼镜蛇,制作配方,在SPAS-12上加一根酸性线圈并容易， 但很值得。,35,1,SPAS-12 × 1；毒物瓶 × 10；高压电缆 × 7；钢筋 × 30；电线 × 12；螺丝钉 × 10,SPAS-A眼镜蛇 × 1,,
电动步枪,制作配方,坪瑟利用他在研究所研究的神器和一支简便的定居者步枪，成功制造了一把强大的神器枪。,35,1,火花瓶 × 10；高压电缆 × 5；钢筋 × 20；电线 × 10；优质木板 × 15；牛皮胶布 × 10,电动步枪 × 1,,
克里姆面具,制作配方,游荡者们迷信： 陪伴游荡者进行过多次成功旅行的物品会带来好运。 尤其是经过神器改造的装备。,35,1,蓝色薄纱 × 3；芳纶薄纱 × 6；细麻绳 × 4；皮革 × 5；橡胶 × 4；牛皮胶布 × 8,克里姆面具 × 1,,
克里姆战术背心,制作配方,由研究所开发的APS神器模块，甚至能防止产生鲜血直流的伤口。,35,1,蓝色薄纱 × 6；芳纶薄纱 × 12；细麻绳 × 7；皮革 × 10；橡胶 × 10；钢筋 × 14,克里姆战术背心 × 1,,
克里姆毛衣,制作配方,这件铠甲经过神器改造， 可以让你免受致命伤害， 上面有块狗牌， 以防铠甲无法抵御光辉的伤害。,35,1,蓝色薄纱 × 5；芳纶薄纱 × 10；细麻绳 × 6；皮革 × 8；橡胶 × 8；钢筋 × 10,克里姆毛衣 × 1,,
克里姆裤子,制作配方,这条裤子经过硬质神器合金镶嵌强化，能帮助你抵御伤害和其他仓库威胁。,35,1,蓝色薄纱 × 4；芳纶薄纱 × 8；细麻绳 × 5；皮革 × 6；橡胶 × 6；钢筋 × 8,克里姆裤子 × 1,,
克里姆靴子,制作配方,这双靴子经过神器改造， 由团队队长下令定制并强化。,35,1,蓝色薄纱 × 3；芳纶薄纱 × 6；细麻绳 × 4；皮革 × 5；橡胶 × 4；钉子 × 10,克里姆靴子 × 1,,
避难所入口,制作配方,研究所秘密开发的东西。让你可以通过传送门访问全局地图，并最终接近它以回家。,35,1,控制继电器 × 8；钢筋 × 16；电线 × 12；牛皮胶布 × 8；铜线 × 8,避难所入口 × 1,,
能量设备,制作配方,苏联汽水机，经过改装后内有一个充满能量的神器。它会生产能量补品而不是汽水，可以立即恢复能量值。,5,1,原生木板 × 5,能量设备 × 1,,
加压容器,制作配方,科学家用来储存样品、材料和设备的大型容器。,35,1,上锁频率 × 8；钢筋 × 40；皮革 × 14；聚乙烯塑料 × 8；螺丝钉 × 12；电线 × 12,加压容器 × 1,,
Golden Star Balm,制作配方,当你涂上香膏时，你有一种轻微的灼烧感，一种不可思议的能量充满了你的体内。,0,2400,神器盒子 × 1；神器识别磁盘 × 2,金星香膏 × 3,神器识别器,
小丑,制作配方,永远不要指望小丑。他可以治愈你，也可能活活烧死你。有传言说，他曾经把一个游荡者变成了一个女人。这是灾难酒吧的民间传说。,0,2400,未识别神器 × 1；神器识别磁盘 × 1,小丑 × 3,神器识别器,
修理：SPAS-A眼镜蛇,修理配方,,1,600,SPAS-A眼镜蛇 × 1；传奇铠甲箱 × 10,SPAS-A眼镜蛇 × 1,1级修理工作台；2级修理工作台；3级修理工作台；2级修理工作台；4级修理工作台,
修理：Glock-A火器,修理配方,,1,600,Glock-A火器 × 1；传奇铠甲箱 × 10,Glock-A火器 × 1,1级修理工作台；2级修理工作台；3级修理工作台；2级修理工作台；4级修理工作台,
开启的彩蛋,制作配方,"节庆礼物彩蛋。里面会有什么呢？

它可能包含巧克力蛋和华丽彩蛋、一个复活节蛋糕、外表碎片，以及宝贵的资源。",0,43200,密封彩蛋 × 1；神器解码器 × 1,经识别的彩蛋 × 1,神器识别器,
修理：PPSh-41冲锋枪,修理配方,加尔科夫军事荣耀博物馆的这个展览仍然能够使用。它可以用集中的火力让你的敌人大吃一惊。,1,600,PPSh-41冲锋枪 × 1；罕见铠甲箱 × 8,PPSh-41冲锋枪 × 1,2级修理工作台；3级修理工作台；2级修理工作台；4级修理工作台,
修理：升级版PPSh冲锋枪,修理配方,传说中的“子弹吞噬者”，经过尖端作战套件升级。它可以保护领地不受任何敌人的侵害。,1,600,升级版PPSh冲锋枪 × 1；传奇铠甲箱 × 10,升级版PPSh冲锋枪 × 1,1级修理工作台；2级修理工作台；3级修理工作台；2级修理工作台；4级修理工作台,
修理：Loner's Top [y],修理配方,加尔科夫军事荣耀博物馆的这个展览仍然能够使用。它可以用集中的火力让你的敌人大吃一惊。,1,600,Loner's Top [y] × 1；罕见物品 × 8,Loner's Top [y] × 1,2级修理工作台；2级修理工作台,
未命名配方,制作配方,,0,600,未命名档案 × 1；未命名档案 × 1,未命名档案 × 1,2级壁炉,
闪电树,制作配方,只需触摸金树的树干即可获得对电力的一定防护。,999,1,金灯笼 × 20；缝线 × 20；优质木板 × 10；混凝土 × 10,闪电树 × 1,建筑师桌；Lvl 2 Architect's Table；Lvl 3 Architect's Table,
蛇彭特树,制作配方,触摸异变树以获得对酸的防护。,999,1,装饰组装手册 × 20；铜线 × 10；牛皮胶布 × 15；橡胶 × 15；建筑混凝土 × 10,蛇彭特树 × 1,建筑师桌；Lvl 2 Architect's Table；Lvl 3 Architect's Table,
狮子守护者,制作配方,黑帮认为，这个古老的象征会赋予战士力量和耐力。,999,1,黄铜锭 × 20；钢筋 × 20；电线 × 10；珠宝 × 10,狮子守护者 × 1,建筑师桌；Lvl 2 Architect's Table；Lvl 3 Architect's Table,
玄武岩石像鬼,制作配方,邪灵会离开你的家！祥灵会在战斗中让你的手稳定。,999,1,装饰组装手册 × 20；铜线 × 10；牛皮胶布 × 15；橡胶 × 15；建筑混凝土 × 10,玄武岩石像鬼 × 1,建筑师桌；Lvl 2 Architect's Table；Lvl 3 Architect's Table,
修理：冰影之杖,修理配方,,1,600,冰影之杖 × 1；传奇铠甲箱 × 10,冰影之杖 × 1,1级修理工作台；2级修理工作台；3级修理工作台；2级修理工作台；4级修理工作台,
修理：火花步枪,修理配方,,1,600,火花步枪 × 1；传奇铠甲箱 × 10,火花步枪 × 1,1级修理工作台；2级修理工作台；3级修理工作台；2级修理工作台；4级修理工作台,
修理：冰龙狩弓,修理配方,,1,600,冰龙狩弓 × 1；传奇铠甲箱 × 10,冰龙狩弓 × 1,1级修理工作台；2级修理工作台；3级修理工作台；2级修理工作台；4级修理工作台,
修理：黑帮电力步枪,修理配方,,1,600,黑帮电力步枪 × 1；传奇铠甲箱 × 10,黑帮电力步枪 × 1,1级修理工作台；2级修理工作台；3级修理工作台；2级修理工作台；4级修理工作台,
修理：雷鸣,修理配方,,1,600,雷鸣 × 1；传奇铠甲箱 × 10,雷鸣 × 1,1级修理工作台；2级修理工作台；3级修理工作台；2级修理工作台；4级修理工作台,
茶桌,制作配方,传统的东方茶道让你在一段时间内免于口渴。,999,1,石蜡 × 20；废金属 × 20；缝线 × 10；优质木板 × 20,茶桌 × 1,建筑师桌；Lvl 2 Architect's Table；Lvl 3 Architect's Table,
修理：冰山冷冻弓,修理配方,,1,600,冰山冷冻弓 × 1；罕见铠甲箱 × 6,冰山冷冻弓 × 1,1级修理工作台；2级修理工作台；3级修理工作台；2级修理工作台；4级修理工作台,
修理：胡蜂电力弓,修理配方,,1,600,胡蜂电力弓 × 1；罕见铠甲箱 × 6,胡蜂电力弓 × 1,1级修理工作台；2级修理工作台；3级修理工作台；2级修理工作台；4级修理工作台,
修理：寒冰冷冻十字弓,修理配方,,1,600,寒冰冷冻十字弓 × 1；罕见铠甲箱 × 8,寒冰冷冻十字弓 × 1,2级修理工作台；3级修理工作台；2级修理工作台；4级修理工作台,
修理：黎明电力十字弓,修理配方,,1,600,黎明电力十字弓 × 1；罕见铠甲箱 × 8,黎明电力十字弓 × 1,2级修理工作台；3级修理工作台；2级修理工作台；4级修理工作台,
修理：AKM-A“暴风雪”,修理配方,,1,600,AKM-A“暴风雪” × 1；罕见铠甲箱 × 14,AKM-A“暴风雪” × 1,3级修理工作台；4级修理工作台,
修理：AKM-A“电压”,修理配方,,1,600,AKM-A“电压” × 1；罕见铠甲箱 × 14,AKM-A“电压” × 1,3级修理工作台；4级修理工作台,
暗区Vintorez-M,制作配方,,1,600,暗区Vintorez-M × 1；传奇铠甲箱 × 10,暗区Vintorez-M × 1,,
暗区Vintorez-M,制作配方,,1,600,暗区Vintorez-M × 1；传奇铠甲箱 × 10,暗区Vintorez-M × 1,,
暗区Vintorez-M,制作配方,,1,600,暗区Vintorez-M × 1；传奇铠甲箱 × 10,暗区Vintorez-M × 1,,
暗区Vintorez-M,制作配方,,1,600,暗区Vintorez-M × 1；传奇铠甲箱 × 10,暗区Vintorez-M × 1,,
暗区Vintorez-M,制作配方,,1,600,暗区Vintorez-M × 1；传奇铠甲箱 × 10,暗区Vintorez-M × 1,,
暗区Vintorez-M,制作配方,,1,600,暗区Vintorez-M × 1；传奇铠甲箱 × 10,暗区Vintorez-M × 1,,
暗区AK,制作配方,,1,600,暗区AK × 1；传奇铠甲箱 × 10,暗区AK × 1,,
暗区AK,制作配方,,1,600,暗区AK × 1；传奇铠甲箱 × 10,暗区AK × 1,,
暗区AK,制作配方,,1,600,暗区AK × 1；传奇铠甲箱 × 10,暗区AK × 1,,
暗区AK,制作配方,,1,600,暗区AK × 1；传奇铠甲箱 × 10,暗区AK × 1,,
暗区AK,制作配方,,1,600,暗区AK × 1；传奇铠甲箱 × 10,暗区AK × 1,,
暗区AK,制作配方,,1,600,暗区AK × 1；传奇铠甲箱 × 10,暗区AK × 1,,
暗区SPAS-M,制作配方,,1,600,暗区SPAS-M × 1；传奇铠甲箱 × 10,暗区SPAS-M × 1,,
暗区SPAS-M,制作配方,,1,600,暗区SPAS-M × 1；传奇铠甲箱 × 10,暗区SPAS-M × 1,,
暗区SPAS-M,制作配方,,1,600,暗区SPAS-M × 1；传奇铠甲箱 × 10,暗区SPAS-M × 1,,
暗区SPAS-M,制作配方,,1,600,暗区SPAS-M × 1；传奇铠甲箱 × 10,暗区SPAS-M × 1,,
暗区SPAS-M,制作配方,,1,600,暗区SPAS-M × 1；传奇铠甲箱 × 10,暗区SPAS-M × 1,,
暗区SPAS-M,制作配方,,1,600,暗区SPAS-M × 1；传奇铠甲箱 × 10,暗区SPAS-M × 1,,
修理：农夫干草叉,修理配方,,1,600,农夫干草叉 × 1；罕见铠甲箱 × 6,农夫干草叉 × 1,1级修理工作台；2级修理工作台；3级修理工作台；2级修理工作台；4级修理工作台,
修理：斯巴达矛,修理配方,,1,600,斯巴达矛 × 1；常见铠甲箱 × 16,斯巴达矛 × 1,2级修理工作台；3级修理工作台；2级修理工作台；4级修理工作台,
修理：斯巴达M矛,修理配方,,1,600,斯巴达M矛 × 1；罕见铠甲箱 × 10,斯巴达M矛 × 1,2级修理工作台；3级修理工作台；2级修理工作台；4级修理工作台,
修理：战术酸性矛,修理配方,,1,600,战术酸性矛 × 1；罕见铠甲箱 × 10,战术酸性矛 × 1,2级修理工作台；3级修理工作台；2级修理工作台；4级修理工作台,
修理：未标注目标,修理配方,,1,600,未命名档案 × 1；罕见铠甲箱 × 12,未命名档案 × 1,3级修理工作台；4级修理工作台,
修理：黑帮长矛,修理配方,,1,600,黑帮长矛 × 1；常见铠甲箱 × 20,黑帮长矛 × 1,2级修理工作台；3级修理工作台；2级修理工作台；4级修理工作台,
修理：黑帮毒蝎长矛,修理配方,,1,600,黑帮毒蝎长矛 × 1；罕见铠甲箱 × 12,黑帮毒蝎长矛 × 1,2级修理工作台；3级修理工作台；4级修理工作台,
修理：双管步枪,修理配方,,1,600,双管步枪 × 1；常见铠甲箱 × 16,双管步枪 × 1,2级修理工作台；3级修理工作台；2级修理工作台；4级修理工作台,
修理：升级版步枪,修理配方,,1,600,升级版步枪 × 1；罕见铠甲箱 × 10,升级版步枪 × 1,2级修理工作台；3级修理工作台；2级修理工作台；4级修理工作台,
修理：Mini-14,修理配方,,1,600,Mini-14 × 1；常见铠甲箱 × 16,Mini-14 × 1,2级修理工作台；3级修理工作台；2级修理工作台；4级修理工作台,
修理：改装版Mini-14,修理配方,,1,600,改装版Mini-14 × 1；罕见铠甲箱 × 10,改装版Mini-14 × 1,2级修理工作台；3级修理工作台；2级修理工作台；4级修理工作台,
修理：M1014,修理配方,,1,600,M1014 × 1；常见铠甲箱 × 24,M1014 × 1,2级修理工作台；3级修理工作台；4级修理工作台,
修理：战术小组M1014,修理配方,,1,600,罕见铠甲箱 × 14；战术小组M1014 × 1,战术小组M1014 × 1,3级修理工作台；4级修理工作台,
3级实验台,制作配方,用于进行实验和生产复杂化合物及试剂的实验台。,52,1,抛光木板 × 5；铁皮 × 10；橡胶 × 8；铁管 × 5；铅 × 4；2级实验台 × 1,3级实验台 × 1,,
中和喷雾,制作配方,研究所的发明。可立即中和酸并治疗酸灼伤。,0,600,液氧 × 3；益生元溶液 × 3；铁锭 × 1,中和喷雾 × 3,1级治疗师桌；2级治疗师桌；3级治疗师桌,
止血剂,制作配方,包含在所有要塞兵团战士的野战装备包内， 能够治疗重伤， 防止流血。,0,600,血小板袋 × 3；益生元溶液 × 3；铁锭 × 1,止血剂 × 3,1级治疗师桌；2级治疗师桌；3级治疗师桌,
压缩空气罐,制作配方,一种装有压缩空气的小容器， 压力为40帕。 可用于部分清除酸性烟雾。,0,900,液氧 × 5；铁锭 × 2；铅 × 2,压缩空气罐 × 1,1级实验台；2级实验台；3级实验台,
输血包,制作配方,当你患败血症时可以拯救你的生命。内有与你同血型的血液。,0,900,血小板袋 × 5；聚乙烯塑料 × 4；橡胶软管 × 2,输血包 × 1,1级实验台；2级实验台；3级实验台,
金属箔,制作配方,该神器会在一段时间内吸收大部分电磁伤害。,0,2400,未识别的电力神器 × 1；电力神器识别磁盘 × 1,金属箔 × 1；硬橡胶 × 5,神器识别器,
硬橡胶,制作配方,完全消除电力伤害并对你进行治疗。,0,2400,未识别的电力神器 × 1；电力神器识别磁盘 × 1,硬橡胶 × 5,神器识别器,
SVD-A ”裁决” 狙击步枪,制作配方,一把装有血刺神器模块的步枪。如果目标没被一击毙命，也会因失血过多而死。,35,1,大口径SVD狙击步枪 × 1；血刺 × 10；高压电缆 × 7；钢筋 × 30；电线 × 12；螺丝钉 × 10,SVD-A ”裁决” 狙击步枪 × 1,,
火花步枪,制作配方,黑帮刺客的步枪永不失误，尤其是用火花瓶神器进行过改装。,35,1,莫辛步枪 × 1；火花瓶 × 10；高压电缆 × 7；钢筋 × 30；电线 × 12；螺丝钉 × 10,火花步枪 × 1,,
未命名配方,设施操作,,0,0,,,,
未命名配方,设施操作,,0,0,,,,
修理：和平制造者,修理配方,,1,600,传奇铠甲箱 × 10；和平制造者 × 1,和平制造者 × 1,1级修理工作台；2级修理工作台；3级修理工作台；2级修理工作台；4级修理工作台,
修理：鹰队巴雷特M82,修理配方,,1,600,传奇铠甲箱 × 10；鹰队巴雷特M82 × 1,鹰队巴雷特M82 × 1,1级修理工作台；2级修理工作台；3级修理工作台；2级修理工作台；4级修理工作台,
修理：M16“自由”,修理配方,,1,600,传奇铠甲箱 × 10；M16“自由” × 1,M16“自由” × 1,1级修理工作台；2级修理工作台；3级修理工作台；2级修理工作台；4级修理工作台,
修理：AMT Hardballer,修理配方,,1,600,传奇铠甲箱 × 10；AMT Hardballer × 1,AMT Hardballer × 1,1级修理工作台；2级修理工作台；3级修理工作台；2级修理工作台；4级修理工作台,
避难所苹果,制作配方,你自己的苹果树上生长的美味多汁的水果。游荡者苹果派食谱的主要食材。,1,28.8,,避难所苹果 × 6,避难所苹果树,
衣柜,制作配方,这个衣柜适合放置你的服装！,16,1,优质木板 × 20；钉子 × 6；兽皮 × 5；牛皮胶布 × 10,衣柜 × 1,,
2级衣柜,制作配方,这个衣柜适合放置你的服装！,1,1,优质木板 × 40；钉子 × 12；兽皮 × 20；战前胶水 × 7；螺丝钉 × 8；衣柜固定件 × 10；衣柜 × 1,2级衣柜 × 1,,
M16“自由”,制作配方,像M16“自由”一样致命的步枪，只要有节日外表，就不需要任何迷彩。,1,1,鹰队的装备配件 × 20；传奇铠甲箱 × 2；罕见铠甲箱 × 7；常见铠甲箱 × 11；钢筋 × 30,M16“自由” × 1；未命名档案 × 1,,
鹰队巴雷特M82,制作配方,大口径的狙击步枪，为了于轻型装甲的敌方车辆作战而设计。对敌人的人员和焦尸也有效。,1,1,鹰队的装备配件 × 20；罕见铠甲箱 × 8；常见铠甲箱 × 12；钢筋 × 25,鹰队巴雷特M82 × 1,,
和平制造者,制作配方,最后领地的射手配枪，是过去牛仔们驰骋狂野西部的忠实武器。因其耐用性和致命的.45口径而备受欢迎。,1,1,和平制造者零件 × 20；罕见铠甲箱 × 10；铜线 × 10；铁皮 × 10,和平制造者 × 1；未命名档案 × 1,,
AMT Hardballer,制作配方,经过现代化改造的著名柯尔特M1911，具有加长的枪管，是鹰队军官的武器。,1,1,鹰队的装备配件 × 20；罕见铠甲箱 × 6；常见铠甲箱 × 9；钢筋 × 15,AMT Hardballer × 1,,
避难所苹果树,制作配方,苹果树赏心悦目，还能长出多汁的苹果。,32,1,混凝土 × 20；水 × 40；苹果树肥料 × 3；苹果种子 × 20,避难所苹果树 × 1,,
烟花炮,制作配方,在领地上空燃放节日烟花的临时大炮。,999,1,烟花弹 × 20；优质木板 × 30；废金属 × 40；钉子 × 25；细麻绳 × 25,烟花炮 × 1,建筑师桌；Lvl 2 Architect's Table；Lvl 3 Architect's Table,
希望雕像,制作配方,这座雕像成为战前世界的标志，照亮了幸存者的道路，将火焰传到他们的心中和手上。,999,1,丙烷 × 20；建筑混凝土 × 60；橡胶软管 × 15；铜线 × 10；钢筋 × 35,希望雕像 × 1,建筑师桌；Lvl 2 Architect's Table；Lvl 3 Architect's Table,
面团,制作配方,快速的小麦面团，可制成美味的糕点。,0,300,小麦 × 3；水 × 1,面团 × 1,1级壁炉；2级壁炉；3级壁炉,
热狗,制作配方,鹰队最喜欢的快餐，它可以消除饥饿并增加你的伤害。也许，芥末中含有一种秘密成分。,0,600,面团 × 2；热狗肠 × 1,热狗 × 1,1级壁炉；2级壁炉；3级壁炉,
苹果派,制作配方,用避难所苹果做的苹果派。尝过派的每个人都感受到了在后院射击运动目标的强烈愿望。,0,900,面团 × 3；避难所苹果 × 3,苹果派 × 1,1级壁炉；2级壁炉；3级壁炉,
修理：惊喜-3设备,修理配方,,1,600,传奇铠甲箱 × 10；惊喜-3设备 × 1,惊喜-3设备 × 1,1级修理工作台；2级修理工作台；3级修理工作台；2级修理工作台；4级修理工作台,
僵尸的黎明周年纪念碑,制作配方,战斗荣耀的纪念碑，纪念领地上对抗突变体和土匪的先驱者。,999,1,建筑混凝土 × 15；钢筋 × 20；铜线 × 10；扭曲 × 20,僵尸的黎明周年纪念碑 × 1,建筑师桌；Lvl 2 Architect's Table；Lvl 3 Architect's Table,
游荡者少女雕像,制作配方,一座全息纪念碑，展现了领地上勇敢的研究员，他们无所畏惧地进入最危险的异象区。,999,1,螺丝钉 × 10；钢筋 × 20；电线 × 15；折射镜 × 20,游荡者少女雕像 × 1,建筑师桌；Lvl 2 Architect's Table；Lvl 3 Architect's Table,
惊喜-3设备,制作配方,你不知道这个武器将会发射什么，更不用说你的敌人了。,1,1,金刚石锉刀文件 × 20；传奇铠甲箱 × 7；铜线 × 10；牛皮胶布 × 15；铁锭 × 15,惊喜-3设备 × 1,,
Glock-A火器,制作配方,快速燃烧弹制品组件的武器。 有经验的游荡者很清楚地意识到， 仓库居民不能抵御火攻。,25,1,火焰模块的一部分 × 10；铜线 × 30；钢筋 × 30；电线 × 12；螺丝钉 × 10；橡胶 × 10,Glock-A火器 × 1,,
惊喜-3设备,制作配方,你不知道这个武器将会发射什么，更不用说你的敌人了。,25,1,惊喜-3设备备件 × 20；橡胶软管 × 10；钢筋 × 20；螺丝钉 × 8；铜线 × 26；牛皮胶布 × 10,惊喜-3设备 × 1,,
电动步枪,制作配方,坪瑟利用他在研究所研究的神器和一支简便的定居者步枪，成功制造了一把强大的神器枪。,25,1,电力模块的一部分 × 10；铜线 × 24；钢筋 × 20；电线 × 10；优质木板 × 15；牛皮胶布 × 10,电动步枪 × 1,,
暗区SPAS-M,制作配方,改装的战利品散弹枪。自从复制体出现在暗区以来，坪瑟就在向LRS小队提供这样的武器。,25,1,暗区SPAS-M零件 × 10；铜线 × 28；钢筋 × 25；电线 × 10；螺丝钉 × 10；橡胶 × 10,暗区SPAS-M × 1,,
灭绝者靴子,制作配方,"首批成功从暗区生还的
灭绝者就穿着这种靴子。",25,1,黑暗芳纶 × 12；钉子 × 15；橡胶 × 10；铁皮 × 8,灭绝者靴子 × 1,,
灭绝者裤子,制作配方,"精英侦察队在暗区活动
的耐用装备。鹰队装备。",25,1,黑暗芳纶 × 14；细麻绳 × 12；铁皮 × 10；橡胶 × 15；亚麻布 × 8,灭绝者裤子 × 1,,
灭绝者上衣,制作配方,为脆弱区域提供额外的保护。鹰队装备。,25,1,黑暗芳纶 × 15；细麻绳 × 18；铁皮 × 12；橡胶 × 20；亚麻布 × 10,灭绝者上衣 × 1,,
修理：赤龙铠甲,修理配方,,1,600,赤龙铠甲 × 1；传奇工具 × 10,赤龙铠甲 × 1,1级修理工作台；2级修理工作台；3级修理工作台；2级修理工作台；4级修理工作台,
修理：紫龙铠甲,修理配方,,1,600,紫龙铠甲 × 1；传奇工具 × 10,紫龙铠甲 × 1,1级修理工作台；2级修理工作台；3级修理工作台；2级修理工作台；4级修理工作台,
修理：青龙铠甲,修理配方,,1,600,青龙铠甲 × 1；传奇工具 × 10,青龙铠甲 × 1,1级修理工作台；2级修理工作台；3级修理工作台；2级修理工作台；4级修理工作台,
修理：黑帮猎鹰头盔,修理配方,,1,600,黑帮猎鹰头盔 × 1；传奇工具 × 10,黑帮猎鹰头盔 × 1,1级修理工作台；2级修理工作台；3级修理工作台；2级修理工作台；4级修理工作台,
修理：黑帮猛虎头盔,修理配方,,1,600,黑帮猛虎头盔 × 1；传奇工具 × 10,黑帮猛虎头盔 × 1,1级修理工作台；2级修理工作台；3级修理工作台；2级修理工作台；4级修理工作台,
鹰队盒子,制作配方,通用的扩大存储空间。鹰队通常使用它们来存放资源、物资和战利品。,25,1,鹰队盒子箱体 × 8；钢筋 × 40；皮革 × 14；聚乙烯塑料 × 8；螺丝钉 × 12；优质木板 × 40,鹰队盒子 × 1,,
修理：黑帮暗影头盔,修理配方,,1,600,黑帮暗影头盔 × 1；传奇工具 × 10,黑帮暗影头盔 × 1,1级修理工作台；2级修理工作台；3级修理工作台；2级修理工作台；4级修理工作台,
修理：黑帮暗影背心,修理配方,,1,600,黑帮暗影背心 × 1；传奇工具 × 10,黑帮暗影背心 × 1,1级修理工作台；2级修理工作台；3级修理工作台；2级修理工作台；4级修理工作台,
修理：黑帮暗影裤子,修理配方,,1,600,黑帮暗影裤子 × 1；传奇工具 × 10,黑帮暗影裤子 × 1,1级修理工作台；2级修理工作台；3级修理工作台；2级修理工作台；4级修理工作台,
修理：黑帮暗影靴子,修理配方,,1,600,黑帮暗影靴子 × 1；传奇工具 × 10,黑帮暗影靴子 × 1,1级修理工作台；2级修理工作台；3级修理工作台；2级修理工作台；4级修理工作台,
修理：黑帮暗影铠甲,修理配方,,1,600,黑帮暗影铠甲 × 1；传奇工具 × 10,黑帮暗影铠甲 × 1,1级修理工作台；2级修理工作台；3级修理工作台；2级修理工作台；4级修理工作台,
修理：地狱散弹枪,修理配方,,1,600,地狱散弹枪 × 1；传奇铠甲箱 × 10,地狱散弹枪 × 1,1级修理工作台；2级修理工作台；3级修理工作台；2级修理工作台；4级修理工作台,
修理：格洛克-A冷冻枪,修理配方,,1,600,格洛克-A冷冻枪 × 1；传奇铠甲箱 × 10,格洛克-A冷冻枪 × 1,1级修理工作台；2级修理工作台；3级修理工作台；2级修理工作台；4级修理工作台,
修理：龙舌矛,修理配方,,1,600,龙舌矛 × 1；传奇铠甲箱 × 10,龙舌矛 × 1,1级修理工作台；2级修理工作台；3级修理工作台；2级修理工作台；4级修理工作台,
硬化斧头,制作配方,重型工具，具有硬化的斧刃和强化的斧柄。用于砍伐尖叫森林的变异松树。,72,1,棉布 × 2；塑料 × 1；铁皮 × 4；螺丝钉 × 2；铁管 × 1,硬化斧头 × 1,,
硬化锤子,制作配方,锤头经过加固的锤子，几乎可以打碎所有东西，包括铸铁堆和花岗岩盒子。,72,1,棉布 × 3；铅 × 1；铁管 × 1；铁皮 × 2；螺丝钉 × 2,硬化锤子 × 1,,
修理：蛇咬步枪,修理配方,,1,600,蛇咬步枪 × 1；传奇铠甲箱 × 10,蛇咬步枪 × 1,1级修理工作台；2级修理工作台；3级修理工作台；2级修理工作台；4级修理工作台,
钢锭,制作配方,耐用的金属，用于生产物品或建造物体。用于钢板的生产。,1,1200,松木炭 × 2；铸铁锭 × 2；氮气 × 1；水 × 3,钢锭 × 1,1级铁砧；2级铁砧；3级铁砧；4级铁砧,
钢板,制作配方,钢板，由钢锭制成。 用于建造高耐久性的墙壁和地板。,1,1800,松木炭 × 4；钢锭 × 2；氮气 × 1；水 × 4,钢板 × 1,1级铁砧；2级铁砧；3级铁砧；4级铁砧,
4级铁砧,制作配方,冶炼钢铁、加工金属用的专业熔炉。,72,1,建筑花岗岩 × 20；压力控制器 × 20；铁管 × 35；松木板材 × 20；3级铁砧 × 1,4级铁砧 × 1,,
黑帮伟大守护者,制作配方,无论你身在何处，这个金属守护者的灵魂都会保护你。,999,1,装饰组装手册 × 20；黑帮守护者 × 4；建筑花岗岩 × 10,黑帮伟大守护者 × 1,建筑师桌；Lvl 2 Architect's Table；Lvl 3 Architect's Table,
4级盒子,制作配方,一个巨大的储物盒，由耐用的变异松木和钢板制成。,72,1,松木板材 × 30；钢板 × 20；坚固的锁 × 20；铅 × 30；塑料 × 20；螺丝钉 × 40；3级盒子 × 1,4级盒子 × 1,,
等级4墙壁,制作配方,耐用的抛光花岗岩墙能够保护房屋免受子弹、爆炸和小规模核战的侵害。,1,1,建筑花岗岩 × 20；松木板材 × 7；钢板 × 7,等级4墙壁 × 1,,
等级4地板,制作配方,镶有变异木材的花岗岩地板可以承受任何尖端设备的重量。,1,1,建筑花岗岩 × 20；松木板材 × 7；钢板 × 7,等级4地板 × 1,,
伟大太阳树,制作配方,这个带有内置发生器的全息图可免疫火焰伤害和烧伤。,999,1,黑帮蓝图 × 1；太阳树 × 4,伟大太阳树 × 1,建筑师桌；Lvl 2 Architect's Table；Lvl 3 Architect's Table,
伟大狮子守护者,制作配方,黑帮认为，这个古老的象征会赋予战士力量和耐力。,999,1,黑帮蓝图 × 1；狮子守护者 × 4,伟大狮子守护者 × 1,建筑师桌；Lvl 2 Architect's Table；Lvl 3 Architect's Table,
伟大闪电树,制作配方,黑帮圣树的大型全息图。内置发生器，可增强对电力伤害的防护。,999,1,黑帮蓝图 × 1；闪电树 × 4,伟大闪电树 × 1,建筑师桌；Lvl 2 Architect's Table；Lvl 3 Architect's Table,
伟大蛇彭特树,制作配方,现代版本的蛇彭特树，可以防止酸性灼伤。 盲目的信仰现在换成了保护力场发生器。,999,1,装饰组装手册 × 20；蛇彭特树 × 4；建筑花岗岩 × 10,伟大蛇彭特树 × 1,建筑师桌；Lvl 2 Architect's Table；Lvl 3 Architect's Table,
修理：森林野兽面具,修理配方,,1,600,森林野兽面具 × 1；传奇工具 × 10,森林野兽面具 × 1,1级修理工作台；2级修理工作台；3级修理工作台；2级修理工作台；4级修理工作台,
修理：森林野兽背心,修理配方,,1,600,森林野兽背心 × 1；传奇工具 × 10,森林野兽背心 × 1,1级修理工作台；2级修理工作台；3级修理工作台；2级修理工作台；4级修理工作台,
修理：森林野兽裤子,修理配方,,1,600,森林野兽裤子 × 1；传奇工具 × 10,森林野兽裤子 × 1,1级修理工作台；2级修理工作台；3级修理工作台；2级修理工作台；4级修理工作台,
修理：森林野兽靴子,修理配方,,1,600,森林野兽靴子 × 1；传奇工具 × 10,森林野兽靴子 × 1,1级修理工作台；2级修理工作台；3级修理工作台；2级修理工作台；4级修理工作台,
修理：森林野兽铠甲,修理配方,,1,600,森林野兽铠甲 × 1；传奇工具 × 10,森林野兽铠甲 × 1,1级修理工作台；2级修理工作台；3级修理工作台；2级修理工作台；4级修理工作台,
修理：森林监督员的弓,修理配方,,1,600,森林监督员的弓 × 1；传奇铠甲箱 × 10,森林监督员的弓 × 1,1级修理工作台；2级修理工作台；3级修理工作台；2级修理工作台；4级修理工作台,
修理：森林姐妹的鞭子,修理配方,,1,600,森林姐妹的鞭子 × 1；传奇铠甲箱 × 10,森林姐妹的鞭子 × 1,1级修理工作台；2级修理工作台；3级修理工作台；2级修理工作台；4级修理工作台,
修理：森林战利品SKS,修理配方,,1,600,森林战利品SKS × 1；传奇铠甲箱 × 10,森林战利品SKS × 1,1级修理工作台；2级修理工作台；3级修理工作台；2级修理工作台；4级修理工作台,
生物过滤器,制作配方,研究所设计的。空气过滤系统可以让你暂时呼吸空气，几乎不受尖叫森林毒孢子的影响。,0,900,铁皮 × 1；塑料 × 1；颗粒解毒剂 × 1,生物过滤器 × 1,1级实验台；2级实验台；3级实验台,
猫鼬注射枪,制作配方,解药能迅速中和森林之子的毒素，并治疗若干伤口。,0,1200,铁皮 × 2；铅 × 1；颗粒解毒剂 × 2,猫鼬注射枪 × 10,1级治疗师桌；2级治疗师桌；3级治疗师桌,
等级4门,制作配方,由钢和变异松木制成的耐用的门。极其安全可靠。,1,1,建筑花岗岩 × 20；松木板材 × 7；钢板 × 7,等级4门 × 1,,
等级4窗户,制作配方,一面巨大的花岗岩墙，上面有一扇窗户，也可以作为射击口使用。,1,1,建筑花岗岩 × 20；松木板材 × 7；钢板 × 7,等级4窗户 × 1,,
修理：硬化斧头,修理配方,,1,600,硬化斧头 × 1；常见铠甲箱 × 20,硬化斧头 × 1,2级修理工作台；3级修理工作台；2级修理工作台；4级修理工作台,
修理：硬化锤子,修理配方,,1,600,硬化锤子 × 1；常见铠甲箱 × 20,硬化锤子 × 1,2级修理工作台；3级修理工作台；2级修理工作台；4级修理工作台,
修理：森林游荡者面具,修理配方,,1,600,森林游荡者面具 × 1；传奇工具 × 10,森林游荡者面具 × 1,1级修理工作台；2级修理工作台；3级修理工作台；2级修理工作台；4级修理工作台,
修理：森林游荡者毛衣,修理配方,,1,600,森林游荡者毛衣 × 1；传奇工具 × 10,森林游荡者毛衣 × 1,1级修理工作台；2级修理工作台；3级修理工作台；2级修理工作台；4级修理工作台,
修理：森林游荡者裤子,修理配方,,1,600,森林游荡者裤子 × 1；传奇工具 × 10,森林游荡者裤子 × 1,1级修理工作台；2级修理工作台；3级修理工作台；2级修理工作台；4级修理工作台,
修理：森林游荡者靴子,修理配方,,1,600,森林游荡者靴子 × 1；传奇工具 × 10,森林游荡者靴子 × 1,1级修理工作台；2级修理工作台；3级修理工作台；2级修理工作台；4级修理工作台,
修理：森林游荡者战术背心,修理配方,,1,600,森林游荡者战术背心 × 1；传奇工具 × 10,森林游荡者战术背心 × 1,1级修理工作台；2级修理工作台；3级修理工作台；2级修理工作台；4级修理工作台,
修理：血腥AK,修理配方,,1,600,血腥AK × 1；传奇铠甲箱 × 10,血腥AK × 1,1级修理工作台；2级修理工作台；3级修理工作台；2级修理工作台；4级修理工作台,
修理：撕裂散弹枪,修理配方,,1,600,撕裂散弹枪 × 1；传奇铠甲箱 × 10,撕裂散弹枪 × 1,1级修理工作台；2级修理工作台；3级修理工作台；2级修理工作台；4级修理工作台,
松木炭,制作配方,变异木材经过长时间干燥后，会在高温下变成炭，很适合用来模铸钢制品。,0,300,松木原木 × 1,松木炭 × 1,1级铁砧；2级铁砧；3级铁砧；4级铁砧,
松木炭,制作配方,变异木材经过长时间干燥后，会在高温下变成炭，很适合用来模铸钢制品。,0,300,松木板材 × 1,松木炭 × 4,1级铁砧；2级铁砧；3级铁砧；4级铁砧,
蛇灵的祭坛,制作配方,丹巴拉的神坛，会赋予酸性武器特殊的力量。,999,1,兄弟会音频说明 × 20；铜线 × 20；牛皮胶布 × 20；橡胶 × 20；铁锭 × 15,蛇灵的祭坛 × 1,建筑师桌；Lvl 2 Architect's Table；Lvl 3 Architect's Table,
灰烬,制作配方,"幸存者们用灰烬制造黑色粉末和肥皂。 

可以在领地中从壁炉和熄灭的炉底获得。",0,3600,松木原木 × 1,灰烬 × 5,女巫壁炉,
灰烬,制作配方,"幸存者们用灰烬制造黑色粉末和肥皂。 

可以在领地中从壁炉和熄灭的炉底获得。",0,3600,松木炭 × 1,灰烬 × 10,女巫壁炉,
灰烬,制作配方,"幸存者们用灰烬制造黑色粉末和肥皂。 

可以在领地中从壁炉和熄灭的炉底获得。",0,3600,松木板材 × 1,灰烬 × 20,女巫壁炉,
伏都教娃娃,制作配方,赋予被动能力“心灵轻功”，使你能够使用送葬者的步枪和重型武器而不会变慢。,0,1,空白伏都教娃娃 × 18；缝线 × 15；钉子 × 10；细麻绳 × 8；碎布 × 40,伏都教娃娃 × 1,,
修理：拉米亚头盔,修理配方,,1,600,传奇工具 × 10；拉米亚头盔 × 1,拉米亚头盔 × 1,1级修理工作台；2级修理工作台；3级修理工作台；2级修理工作台；4级修理工作台,
修理：拉米亚铠甲服,修理配方,,1,600,拉米亚铠甲服 × 1；传奇工具 × 10,拉米亚铠甲服 × 1,1级修理工作台；2级修理工作台；3级修理工作台；2级修理工作台；4级修理工作台,
修理：死亡狂怒博尔特枪,修理配方,,1,600,死亡狂怒博尔特枪 × 1；传奇铠甲箱 × 10,死亡狂怒博尔特枪 × 1,1级修理工作台；2级修理工作台；3级修理工作台；2级修理工作台；4级修理工作台,
修理：死亡召唤步枪,修理配方,,1,600,死亡召唤步枪 × 1；传奇铠甲箱 × 10,死亡召唤步枪 × 1,1级修理工作台；2级修理工作台；3级修理工作台；2级修理工作台；4级修理工作台,
修理：巫师的埋葬双刃大砍刀,修理配方,,1,600,巫师的埋葬双刃大砍刀 × 1；传奇铠甲箱 × 10,巫师的埋葬双刃大砍刀 × 1,1级修理工作台；2级修理工作台；3级修理工作台；2级修理工作台；4级修理工作台,
修理：萨梅迪卫士之斧,修理配方,,1,600,萨梅迪卫士之斧 × 1；传奇铠甲箱 × 10,萨梅迪卫士之斧 × 1,1级修理工作台；2级修理工作台；3级修理工作台；2级修理工作台；4级修理工作台,
修理：死亡虫群散弹枪,修理配方,,1,600,死亡虫群散弹枪 × 1；传奇铠甲箱 × 10,死亡虫群散弹枪 × 1,1级修理工作台；2级修理工作台；3级修理工作台；2级修理工作台；4级修理工作台,
狂腐士盒子,制作配方,有防护的金属盒，被狂腐士用来存放装备、便携铅板和燃烧弹鸡尾酒原料。,1,1,箱子配件 × 20；铁皮 × 20；橡胶 × 15；牛皮胶布 × 20；铜线 × 10,狂腐士盒子 × 1,,
修理：核判官兜帽,修理配方,,1,600,核判官兜帽 × 1；传奇工具 × 10,核判官兜帽 × 1,1级修理工作台；2级修理工作台；3级修理工作台；2级修理工作台；4级修理工作台,
修理：核判官长袍,修理配方,,1,600,核判官长袍 × 1；传奇工具 × 10,核判官长袍 × 1,1级修理工作台；2级修理工作台；3级修理工作台；2级修理工作台；4级修理工作台,
修理：核判官裤子,修理配方,,1,600,核判官裤子 × 1；传奇工具 × 10,核判官裤子 × 1,1级修理工作台；2级修理工作台；3级修理工作台；2级修理工作台；4级修理工作台,
修理：核判官靴子,修理配方,,1,600,核判官靴子 × 1；传奇工具 × 10,核判官靴子 × 1,1级修理工作台；2级修理工作台；3级修理工作台；2级修理工作台；4级修理工作台,
修理：核判官铠甲长袍,修理配方,,1,600,核判官铠甲长袍 × 1；传奇工具 × 10,核判官铠甲长袍 × 1,1级修理工作台；2级修理工作台；3级修理工作台；2级修理工作台；4级修理工作台,
修理：火焰步枪的审判,修理配方,,1,600,火焰步枪的审判 × 1；传奇铠甲箱 × 10,火焰步枪的审判 × 1,1级修理工作台；2级修理工作台；3级修理工作台；2级修理工作台；4级修理工作台,
修理：信仰之军的狂热,修理配方,,1,600,信仰之军的狂热 × 1；传奇铠甲箱 × 10,信仰之军的狂热 × 1,1级修理工作台；2级修理工作台；3级修理工作台；2级修理工作台；4级修理工作台,
修理：坟墓焚化器,修理配方,,1,600,坟墓焚化器 × 1；传奇铠甲箱 × 10,坟墓焚化器 × 1,1级修理工作台；2级修理工作台；3级修理工作台；2级修理工作台；4级修理工作台,
修理：净化之火头盔,修理配方,,1,600,净化之火头盔 × 1；传奇工具 × 10,净化之火头盔 × 1,1级修理工作台；2级修理工作台；3级修理工作台；2级修理工作台；4级修理工作台,
修理：烈焰惩罚铠甲长袍,修理配方,,1,600,烈焰惩罚铠甲长袍 × 1；传奇工具 × 10,烈焰惩罚铠甲长袍 × 1,1级修理工作台；2级修理工作台；3级修理工作台；2级修理工作台；4级修理工作台,
丹巴拉左轮手枪,制作配方,一旦送葬者从阿索格巫师那里得到左轮手枪， 就会紧握到最后一刻。,25,1,丹巴拉左轮手枪碎片 × 10；铜线 × 24；钢筋 × 24；钉子 × 18；螺丝钉 × 10；牛皮胶布 × 12,丹巴拉左轮手枪 × 1,,
修理：燃烧之怒头盔,修理配方,,1,600,燃烧之怒头盔 × 1；传奇工具 × 10,燃烧之怒头盔 × 1,1级修理工作台；2级修理工作台；3级修理工作台；2级修理工作台；4级修理工作台,
修理：神圣折磨铠甲长袍,修理配方,,1,600,神圣折磨铠甲长袍 × 1；传奇工具 × 10,神圣折磨铠甲长袍 × 1,1级修理工作台；2级修理工作台；3级修理工作台；2级修理工作台；4级修理工作台,
修理：净化之火铠甲长袍,修理配方,,1,600,净化之火铠甲长袍 × 1；传奇工具 × 10,净化之火铠甲长袍 × 1,1级修理工作台；2级修理工作台；3级修理工作台；2级修理工作台；4级修理工作台,
钢板,制作配方,钢板，由钢锭制成。 用于建造高耐久性的墙壁和地板。,1,1800,松木炭 × 4；钢锭 × 2；氮气 × 1；水 × 10,钢板 × 1,,
谢尔普的日记。第1段记忆,制作配方,,0,1800,加密的回音花 × 1；回音镜 × 1,解密回音花 × 1,译码员桌,
谢尔普的日记。第2段记忆,制作配方,,0,1800,回音镜 × 1；加密的回音花 × 1,解密回音花 × 1,译码员桌,
谢尔普的日记。第3段记忆，第1部分,制作配方,,0,1800,回音镜 × 1；加密的回音花 × 1,解密回音花 × 1,译码员桌,
谢尔普的日记。第3段记忆，第2部分,制作配方,,0,1800,回音镜 × 1；加密的回音花 × 1,解密回音花 × 1,译码员桌,
谢尔普的日记。第4段记忆,制作配方,,0,1800,回音镜 × 1；加密的回音花 × 1,解密回音花 × 1,译码员桌,
谢尔普的日记。第5段记忆,制作配方,,0,1800,回音镜 × 1；加密的回音花 × 1,解密回音花 × 1,译码员桌,
狂腐祭坛,制作配方,祭坛为那些进行拜火仪式的人的武器赋予不可思议的火焰力量。,999,1,盲者之脸 × 20；铁皮 × 15；橡胶软管 × 5；铜线 × 10；螺丝钉 × 15,狂腐祭坛 × 1,建筑师桌；Lvl 2 Architect's Table；Lvl 3 Architect's Table,
狂腐士标志,制作配方,这个标志在一开始就对邪教和荣耀盲者产生了巨大的影响。,999,1,燃烧器喷嘴 × 20；铁锭 × 20；螺丝钉 × 12；电线 × 15,狂腐士标志 × 1,建筑师桌；Lvl 2 Architect's Table；Lvl 3 Architect's Table,
地穴管风琴,制作配方,琴键轻轻一按，点燃义士心中永恒的真正信仰之火。,999,1,管风琴琴键 × 20；铁皮 × 12；齿轮 × 10；废金属 × 20,地穴管风琴 × 1,建筑师桌；Lvl 2 Architect's Table；Lvl 3 Architect's Table,
狂腐火炬,制作配方,核炬士之杖的永恒之火让邪教成员的灵魂充满了对其武器威力的信心。,999,1,减气装置 × 20；铁锭 × 20；螺丝钉 × 10；铜线 × 12,狂腐火炬 × 1,建筑师桌；Lvl 2 Architect's Table；Lvl 3 Architect's Table,
修理：北极Vintorez-M,修理配方,,1,600,北极Vintorez-M × 1；传奇铠甲箱 × 10,北极Vintorez-M × 1,1级修理工作台；2级修理工作台；3级修理工作台；2级修理工作台；4级修理工作台,
修理：北极Vintorez-M,修理配方,,1,600,北极Vintorez-M × 1；传奇铠甲箱 × 10,北极Vintorez-M × 1,1级修理工作台；2级修理工作台；3级修理工作台；2级修理工作台；4级修理工作台,
修理：北极Vintorez-M,修理配方,,1,600,北极Vintorez-M × 1；传奇铠甲箱 × 10,北极Vintorez-M × 1,1级修理工作台；2级修理工作台；3级修理工作台；2级修理工作台；4级修理工作台,
修理：北极Vintorez-M,修理配方,,1,600,北极Vintorez-M × 1；传奇铠甲箱 × 10,北极Vintorez-M × 1,1级修理工作台；2级修理工作台；3级修理工作台；2级修理工作台；4级修理工作台,
修理：北极AKM,修理配方,,1,600,北极AKM × 1；传奇铠甲箱 × 10,北极AKM × 1,1级修理工作台；2级修理工作台；3级修理工作台；2级修理工作台；4级修理工作台,
修理：北极AKM,修理配方,,1,600,北极AKM × 1；传奇铠甲箱 × 10,北极AKM × 1,1级修理工作台；2级修理工作台；3级修理工作台；2级修理工作台；4级修理工作台,
修理：北极AKM,修理配方,,1,600,北极AKM × 1；传奇铠甲箱 × 10,北极AKM × 1,1级修理工作台；2级修理工作台；3级修理工作台；2级修理工作台；4级修理工作台,
修理：北极AKM,修理配方,,1,600,北极AKM × 1；传奇铠甲箱 × 10,北极AKM × 1,1级修理工作台；2级修理工作台；3级修理工作台；2级修理工作台；4级修理工作台,
修理：北极SPAS-M,修理配方,,1,600,北极SPAS-M × 1；传奇铠甲箱 × 10,北极SPAS-M × 1,1级修理工作台；2级修理工作台；3级修理工作台；2级修理工作台；4级修理工作台,
修理：北极SPAS-M,修理配方,,1,600,北极SPAS-M × 1；传奇铠甲箱 × 10,北极SPAS-M × 1,1级修理工作台；2级修理工作台；3级修理工作台；2级修理工作台；4级修理工作台,
修理：北极SPAS-M,修理配方,,1,600,北极SPAS-M × 1；传奇铠甲箱 × 10,北极SPAS-M × 1,1级修理工作台；2级修理工作台；3级修理工作台；2级修理工作台；4级修理工作台,
修理：北极Mosin-M,修理配方,,1,600,北极Mosin-M × 1；传奇铠甲箱 × 10,北极Mosin-M × 1,1级修理工作台；2级修理工作台；3级修理工作台；2级修理工作台；4级修理工作台,
圣诞老人的助手2022,制作配方,这个带有圣诞老人的助手投影的底座非常适合让你进入节日气氛，并让你所有的敌人遭受寒冷之苦。,999,1,人造雪 × 20；铁锭 × 20；钢筋 × 20；建筑混凝土 × 15；电线 × 20；天青石 × 2,圣诞老人的助手2022 × 1,建筑师桌；Lvl 2 Architect's Table；Lvl 3 Architect's Table,
树下的礼物,制作配方,"Праздничный носок, пролежавший всю ночь под аномальной елкой. Внутри могут быть ценные предметы.",0,86400,礼物袜 × 1,树下的礼物 × 1,,
灭绝者加特林机枪,制作配方,,1,600,灭绝者加特林机枪 × 1；传奇铠甲箱 × 10,灭绝者加特林机枪 × 1,,
修理：火焰喷射器,修理配方,,1,600,火焰喷射器 × 1；传奇铠甲箱 × 10,火焰喷射器 × 1,1级修理工作台；2级修理工作台；3级修理工作台；2级修理工作台；4级修理工作台,
修理：坟墓火焰十字弓,修理配方,,1,600,坟墓火焰十字弓 × 1；传奇铠甲箱 × 10,坟墓火焰十字弓 × 1,1级修理工作台；2级修理工作台；3级修理工作台；2级修理工作台；4级修理工作台,
修理：暗黑游荡者战术背心,修理配方,,1,600,暗黑游荡者烈焰铠甲 × 1；传奇工具 × 10,暗黑游荡者战术背心 × 1,1级修理工作台；2级修理工作台；3级修理工作台；2级修理工作台；4级修理工作台,
修理：狱吏头盔,修理配方,,1,600,狱吏头盔 × 1；传奇工具 × 10,狱吏头盔 × 1,1级修理工作台；2级修理工作台；3级修理工作台；2级修理工作台；4级修理工作台,
修理：狱吏背心,修理配方,,1,600,狱吏背心 × 1；传奇工具 × 10,狱吏背心 × 1,1级修理工作台；2级修理工作台；3级修理工作台；2级修理工作台；4级修理工作台,
修理：狱吏裤子,修理配方,,1,600,狱吏裤子 × 1；传奇工具 × 10,狱吏裤子 × 1,1级修理工作台；2级修理工作台；3级修理工作台；2级修理工作台；4级修理工作台,
修理：狱吏靴子,修理配方,,1,600,狱吏靴子 × 1；传奇工具 × 10,狱吏靴子 × 1,1级修理工作台；2级修理工作台；3级修理工作台；2级修理工作台；4级修理工作台,
修理：狱吏马甲,修理配方,,1,600,狱吏马甲 × 1；传奇工具 × 10,狱吏马甲 × 1,1级修理工作台；2级修理工作台；3级修理工作台；2级修理工作台；4级修理工作台,
修理：狱吏铠甲,修理配方,,1,600,狱吏铠甲 × 1；传奇工具 × 10,狱吏铠甲 × 1,1级修理工作台；2级修理工作台；3级修理工作台；2级修理工作台；4级修理工作台,
3级撬锁工具,制作配方,用于撬开锁的工具。,20,1,平锉刀 × 1；铜线 × 1；铁锭 × 2,3级撬锁工具 × 1,,
摩托车发动机,制作配方,一台二冲程发动机，用生锈的备用零件组装起来的。它还能运转真是个奇迹。,28,1,损坏的摩托车发动机 × 1；活塞 × 4；气缸体 × 4；钢板 × 20；螺栓 × 20；塑料 × 20,摩托车发动机 × 1,,
手榴弹,制作配方,消灭敌人的方式， 无论死活。,72,1,塑料 × 2；黑火药 × 2；铁皮 × 2；铁管 × 1,手榴弹 × 2,,
修理：工头之锤,修理配方,,1,600,工头之锤 × 1；罕见铠甲箱 × 10,工头之锤 × 1,2级修理工作台；3级修理工作台；2级修理工作台；4级修理工作台,
修理：PP-91“酷刑”,修理配方,,1,600,PP-91“酷刑” × 1；罕见铠甲箱 × 12,PP-91“酷刑” × 1,2级修理工作台；3级修理工作台；4级修理工作台,
修理：血腥TT手枪,修理配方,,1,600,血腥TT手枪 × 1；罕见铠甲箱 × 14,血腥TT手枪 × 1,3级修理工作台；4级修理工作台,
修理：南十字星步枪,修理配方,,1,600,南十字星步枪 × 1；传奇铠甲箱 × 10,南十字星步枪 × 1,1级修理工作台；2级修理工作台；3级修理工作台；2级修理工作台；4级修理工作台,
修理：狱吏斧头,修理配方,,1,600,狱吏斧头 × 1；传奇铠甲箱 × 10,狱吏斧头 × 1,1级修理工作台；2级修理工作台；3级修理工作台；2级修理工作台；4级修理工作台,
修理：粉碎锤,修理配方,,1,600,粉碎锤 × 1；传奇铠甲箱 × 10,粉碎锤 × 1,1级修理工作台；2级修理工作台；3级修理工作台；2级修理工作台；4级修理工作台,
修理：黄蜂榴弹发射器,修理配方,,1,600,黄蜂榴弹发射器 × 1；传奇铠甲箱 × 10,黄蜂榴弹发射器 × 1,1级修理工作台；2级修理工作台；3级修理工作台；2级修理工作台；4级修理工作台,
修理：鹰队MP5,修理配方,,1,600,鹰队MP5 × 1；传奇铠甲箱 × 10,鹰队MP5 × 1；未命名档案 × 1,1级修理工作台；2级修理工作台；3级修理工作台；2级修理工作台；4级修理工作台,
修理：斯泰尔AUG,修理配方,,1,600,斯泰尔AUG × 1；传奇铠甲箱 × 10,斯泰尔AUG × 1；未命名档案 × 1,1级修理工作台；2级修理工作台；3级修理工作台；2级修理工作台；4级修理工作台,
修理：沙漠之鹰,修理配方,,1,600,沙漠之鹰 × 1；传奇铠甲箱 × 10,沙漠之鹰 × 1,1级修理工作台；2级修理工作台；3级修理工作台；2级修理工作台；4级修理工作台,
修理：AB战术步枪,修理配方,,1,600,AB战术步枪 × 1；传奇铠甲箱 × 10,AB战术步枪 × 1；未命名档案 × 1,1级修理工作台；2级修理工作台；3级修理工作台；2级修理工作台；4级修理工作台,
鹰队MP5,制作配方,战前专门为私人军事企业鹰队生产的传奇MP5的标志性特征就是可靠性的提高。,1,1,鹰队MP5零件 × 20；罕见铠甲箱 × 10；螺丝钉 × 10；铁皮 × 10,鹰队MP5 × 1；未命名档案 × 1,,
斯泰尔AUG,制作配方,因为这种突击步枪的外观，游荡者们把它叫做“鱼”，鹰队老兵很欣赏它的高精确度和射速。,1,1,斯泰尔AUG零件 × 20；罕见铠甲箱 × 10；螺丝钉 × 10；铁皮 × 10,斯泰尔AUG × 1；未命名档案 × 1,,
沙漠之鹰,制作配方,即使在核战之前，人们也认为它的威力过于强大。如今它的主要价值在于能够一枪结束任何战斗。,1,1,鹰队的装备配件 × 13；沙漠之鹰零件 × 20；传奇铠甲箱 × 2；罕见铠甲箱 × 8；常见铠甲箱 × 12；钢筋 × 35,沙漠之鹰 × 1,,
AB战术步枪,制作配方,最好的鹰队狙击手甚至不用瞄准就能用这支步枪击中留名者的眼睛。,1,1,鹰队的装备配件 × 13；AB战术步枪零件 × 20；传奇铠甲箱 × 2；罕见铠甲箱 × 10；常见铠甲箱 × 14；钢筋 × 40,AB战术步枪 × 1；未命名档案 × 1,,
大型鹰队盒子,制作配方,一个宽敞的容器，内置保护装置，防止环境和异象影响。鹰队用它来储存稀有装备和神器。,1,1,鹰队盒子 × 2；箱子配件 × 20；螺丝钉 × 15；钢锭 × 10；铜线 × 20；松木板材 × 10,大型鹰队盒子 × 1,,
进攻与防御,设施操作,允许安装摩托车改装，提升你的进攻和防御数值。,0,1,密封胶 × 3；螺栓 × 5；凯芙拉 × 10；铅 × 10；钢板 × 10；鞣制皮革 × 15,,,
急救箱,设施操作,允许安装摩托车急救箱。,0,1,螺丝钉 × 5；防水布 × 7；钢锭 × 5；棉布 × 7；鞣制皮革 × 10,,,
摩托车尾箱,设施操作,用于安装宽敞车尾箱的栏位，你可以在其中放置大量战利品。,0,1,气罐 × 2,,,
快速修复,设施操作,允许安装摩托车武器和铠甲包。,0,1,螺栓 × 3；防水布 × 10；钢锭 × 10；螺纹 × 10；塑料 × 10,,,
车轮,设施操作,让你安装一个摩托车背囊，解锁第四个小工具栏位。,0,1,密封胶 × 5；螺栓 × 6；螺丝钉 × 5；鞣制皮革 × 15；钢锭 × 20,,,
摩托车袋子,设施操作,允许安装摩托车尾箱并解锁第三个快速栏位。,0,1,密封胶 × 2；螺栓 × 4；防水布 × 10；铅 × 20；塑料 × 20；钢板 × 20,,,
大型春节盒子,制作配方,被龙夺走的东西就永远失去了。黑帮把最有价值的战利品都放在这些巨大的安全箱里。,1,1,箱子配件 × 20；春节盒子 × 2；螺丝钉 × 15；钢锭 × 10；铜线 × 20；松木板材 × 10,大型春节盒子 × 1,,
要塞兵团的宣传站,制作配方,索洛波夫指挥官的讲话和不容商量的命令，激励着要塞兵团小队和其他战士的行动。增加散弹枪的暴击几率8%。,6,1,液晶面板 × 20；铁锭 × 20；铁皮 × 10；电线 × 25；铜线 × 20；螺丝钉 × 15,要塞兵团的宣传站 × 1,建筑师桌；Lvl 2 Architect's Table；Lvl 3 Architect's Table,
驯服的异象,制作配方,游荡者驯服异象，而不是反过来！比如，萤火虫可以增加经过火花瓶改造的武器的威力。,6,1,稳压器 × 20；铁锭 × 10；建筑混凝土 × 20；电线 × 20；铜线 × 25；螺丝钉 × 20,驯服的异象 × 1,建筑师桌；Lvl 2 Architect's Table；Lvl 3 Architect's Table,
AKM齐射,制作配方,,1,600,AKM齐射 × 1；传奇铠甲箱 × 10,AKM齐射 × 1,,
嗜血步枪,制作配方,,1,600,嗜血步枪 × 1；传奇铠甲箱 × 10,嗜血步枪 × 1,,
伟大蛇彭特魂狩,制作配方,,1,600,伟大蛇彭特魂狩 × 1；传奇铠甲箱 × 10,伟大蛇彭特魂狩 × 1,,
修理：Groza A,修理配方,,1,600,Groza A × 1；传奇铠甲箱 × 10,Groza A × 1,1级修理工作台；2级修理工作台；3级修理工作台；2级修理工作台；4级修理工作台,
修理：Vepr-A Ifrit,修理配方,,1,600,Vepr-A Ifrit × 1；传奇铠甲箱 × 10,Vepr-A Ifrit × 1,1级修理工作台；2级修理工作台；3级修理工作台；2级修理工作台；4级修理工作台,
修理：PM-A“静电”,修理配方,,1,600,PM-A“静电” × 1；传奇铠甲箱 × 10,PM-A“静电” × 1,1级修理工作台；2级修理工作台；3级修理工作台；2级修理工作台；4级修理工作台,
修理：AKM“米达斯”,修理配方,,1,600,AKM“米达斯” × 1；传奇铠甲箱 × 10,AKM“米达斯” × 1,1级修理工作台；2级修理工作台；3级修理工作台；2级修理工作台；4级修理工作台,
修理：未标注目标,修理配方,,1,600,未命名档案 × 1；传奇铠甲箱 × 10,未命名档案 × 1,1级修理工作台；2级修理工作台；3级修理工作台；2级修理工作台；4级修理工作台,
修理：未标注目标,修理配方,,1,600,未命名档案 × 1；传奇铠甲箱 × 10,未命名档案 × 1,1级修理工作台；2级修理工作台；3级修理工作台；2级修理工作台；4级修理工作台,
修理：黄蜂榴弹发射器,修理配方,,1,600,黄蜂榴弹发射器 × 1；传奇铠甲箱 × 10,黄蜂榴弹发射器 × 1,1级修理工作台；2级修理工作台；3级修理工作台；2级修理工作台；4级修理工作台,
修理：未标注目标,修理配方,,1,600,未命名档案 × 1；传奇铠甲箱 × 10,未命名档案 × 1,1级修理工作台；2级修理工作台；3级修理工作台；2级修理工作台；4级修理工作台,
修理：送葬者酸性劈刀,修理配方,,1,600,送葬者酸性劈刀 × 1；传奇铠甲箱 × 10,送葬者酸性劈刀 × 1,1级修理工作台；2级修理工作台；3级修理工作台；2级修理工作台；4级修理工作台,
修理：送葬者酸性劈刀,修理配方,,1,600,送葬者酸性劈刀 × 1；传奇铠甲箱 × 10,送葬者酸性劈刀 × 1,1级修理工作台；2级修理工作台；3级修理工作台；2级修理工作台；4级修理工作台,
修理：FAMAS F1,修理配方,,1,600,FAMAS F1 × 1；传奇铠甲箱 × 10,FAMAS F1 × 1,1级修理工作台；2级修理工作台；3级修理工作台；2级修理工作台；4级修理工作台,
修理：P90,修理配方,,1,600,P90 × 1；传奇铠甲箱 × 10,P90 × 1,1级修理工作台；2级修理工作台；3级修理工作台；2级修理工作台；4级修理工作台,
修理：特警UMP,修理配方,,1,600,特警UMP × 1；传奇铠甲箱 × 10,特警UMP × 1,1级修理工作台；2级修理工作台；3级修理工作台；2级修理工作台；4级修理工作台,
伟大蛇彭特魂狩,制作配方,赋予你自动能力：蛇彭特的掩护。所有对你造成伤害的敌人都会受到酸性伤害作为回击。,1,1,钳子箱 × 20；传奇铠甲箱 × 10；铜线 × 15；铁皮 × 20；螺丝钉 × 15；钢锭 × 10,伟大蛇彭特魂狩 × 1,,
AKM齐射,制作配方,赋予你主动能力：炮兵训练。发射一枚热能榴弹，对整个区域造成伤害。,1,1,金刚石锉刀文件 × 26；钛板 × 26；异象松木板 × 31；聚合物复合材料 × 26；钳子箱 × 31,AKM齐射 × 1,,
森林守护者之弓,制作配方,赋予你主动能力：森林蔓延。射出数支箭，造成范围毒素伤害，并使敌人麻痹。,1,1,钳子箱 × 20；传奇铠甲箱 × 10；铜线 × 15；铁皮 × 20；螺丝钉 × 15；钢锭 × 10,森林守护者之弓 × 1,,
金属储藏库,制作配方,专门用来存放金属的容器，不能用来存放其他物品，但如果你需要存放大量的金属，那就非常有用。,1,1,箱子配件 × 20；铁皮 × 20；橡胶 × 15；牛皮胶布 × 20；铜线 × 10,金属储藏库 × 1,,
木板储藏库,制作配方,专门用来存放木板的容器，不能用来存放其他物品，但如果你需要存放大量的木材，那就非常有用。,1,1,箱子配件 × 20；铁皮 × 20；橡胶 × 15；牛皮胶布 × 20；铜线 × 10,木板储藏库 × 1,,
法贝热模块,制作配方,提高研究所野外研究人员攻击精度的装置。需要激活器。,999,1,装饰组装手册 × 20；铜线 × 10；牛皮胶布 × 15；橡胶 × 15；铁皮 × 10,法贝热模块 × 1,建筑师桌；Lvl 2 Architect's Table；Lvl 3 Architect's Table,
修理：斯泰尔AUG Patrick,修理配方,,1,600,斯泰尔AUG Patrick × 1；传奇铠甲箱 × 10,斯泰尔AUG Patrick × 1,1级修理工作台；2级修理工作台；3级修理工作台；2级修理工作台；4级修理工作台,
武器匠桌,制作配方,制作新型号武器所需。这需要精细的工作。,40,1,优质木板 × 10,武器匠桌 × 1,,
修理：老式汤米冲锋枪,修理配方,,1,600,老式汤米冲锋枪 × 1；传奇铠甲箱 × 10,老式汤米冲锋枪 × 1,1级修理工作台；2级修理工作台；3级修理工作台；2级修理工作台；4级修理工作台,
修理：升级版SPAS-12,修理配方,,1,600,升级版SPAS-12 × 1；传奇铠甲箱 × 10,升级版SPAS-12 × 1,1级修理工作台；2级修理工作台；3级修理工作台；2级修理工作台；4级修理工作台,
修理：升级版莫辛步枪,修理配方,,1,600,升级版莫辛步枪 × 1；传奇铠甲箱 × 10,升级版莫辛步枪 × 1,1级修理工作台；2级修理工作台；3级修理工作台；2级修理工作台；4级修理工作台,
修理：侍僧狂腐士AKM,修理配方,,1,600,侍僧狂腐士AKM × 1；传奇铠甲箱 × 10,侍僧狂腐士AKM × 1,1级修理工作台；2级修理工作台；3级修理工作台；2级修理工作台；4级修理工作台,
破解的匪徒提示,制作配方,,0,10800,兹纳门斯基的解码器。类型：方言 × 1；加密的匪徒提示 × 1,破解的匪徒提示 × 1,译码员桌,
破解的尼克斯提示,制作配方,,0,10800,兹纳门斯基的解码器。类型：方言 × 1；加密的尼克斯提示 × 1,破解的尼克斯提示 × 1,译码员桌,
破解的匪徒提示,制作配方,,0,10800,兹纳门斯基的解码器。类型：方言 × 1；加密的匪徒提示 × 1,破解的匪徒提示 × 1,译码员桌,
修理：侍僧狂腐士AKM,修理配方,,1,600,侍僧狂腐士AKM × 1；传奇铠甲箱 × 10,侍僧狂腐士AKM × 1,1级修理工作台；2级修理工作台；3级修理工作台；2级修理工作台；4级修理工作台,
箭袋,制作配方,专业弓箭手的装备，可让你发射更多的箭。,20,1,皮革 × 4；细麻绳 × 3；鹿角 × 1；碎布 × 2,箭袋 × 1,,
狂腐士圣物箱,制作配方,狂腐士为了保护他们最神圣的东西，将其安放在巨大的容器里。,1,1,狂腐士盒子 × 2；箱子配件 × 20；螺丝钉 × 15；钢锭 × 10；铜线 × 20；松木板材 × 10,狂腐士圣物箱 × 1,,
修理：屠夫的劈刀,修理配方,,1,600,屠夫的劈刀 × 1；传奇铠甲箱 × 10,屠夫的劈刀 × 1,1级修理工作台；2级修理工作台；3级修理工作台；2级修理工作台；4级修理工作台,
修理：审判之眼,修理配方,,1,600,审判之眼 × 1；传奇铠甲箱 × 10,审判之眼 × 1,1级修理工作台；2级修理工作台；3级修理工作台；2级修理工作台；4级修理工作台,
2级送葬者工作台,制作配方,用这个工作台来加工木材和做木工活。,1,1,昂贡的指导 × 40；建筑混凝土 × 30；抛光木板 × 30；铁皮 × 40；铜线 × 20；士兵 × 10；送葬者工作台 × 1,2级送葬者工作台 × 1,,
游荡者战利品,制作配方,助手根据你的提示在领地内发现的战利品。可能包含狂热的魂狩、格洛克-A火器、额外的独特武器和铠甲、投掷武器、神器装备（既可提升你的异象伤害又能防护异象伤害）以及用于生产物品的稀有资源。,1,86.4,,游荡者战利品 × 1,游荡者小站；游荡者小站,
等级2无人机基地,制作配方,操作军用无人机的助手的工作场所，他在你外出时为你保驾护航。给予被动能力“空中支援”：你攻击的敌人会受到周期性火焰伤害。,1,1,无人机光学组件 × 2；齿轮 × 10；电线 × 10；废金属 × 20,等级2无人机基地 × 1,建筑师桌,
Привал бродяжника ур.2,制作配方,对领地有了解的助手的小站。如果你给这位游荡者一张地图，他就会找到并送来珍贵的战利品。,1,1,Детали многофункционального КПК × 2；牛皮胶布 × 15；钢筋 × 15；优质木板 × 20,原生木板 × 1,建筑师桌,
等级3无人机基地,制作配方,操作军用无人机的助手的工作场所，他在你外出时为你保驾护航。给予被动能力“空中支援”：你攻击的敌人会受到周期性火焰伤害。,1,1,无人机光学组件 × 4；橡胶 × 10；黑火药 × 10；铁皮 × 15,等级2无人机基地 × 1,建筑师桌,
未命名配方,设施操作,用这个工作台来加工木材和做木工活。,1,0.001,原生木板 × 20,,,
尔兹莉的掩护,制作配方,,1,1,原生木板 × 1,尔兹莉的掩护 × 1,未命名档案,
阿依达·维铎头盔,制作配方,,1,1,原生木板 × 1,阿依达·维铎头盔 × 1,,
血腥种子,制作配方,与仓库中的变异病源传播有关的神器。要塞兵团收集这些神器以供他们的科学家分析，希望阻止仓库入侵。,0,43200,未识别的血腥神器 × 1；血腥识别盘 × 1,血腥种子 × 1,神器识别器,
3级送葬者工作台,制作配方,Служит для создания оружия,1,1,昂贡的指导 × 60；冲压装备 × 20；螺栓 × 5；螺丝钉 × 30；铅 × 20；铁管 × 40；2级送葬者工作台 × 1,3级送葬者工作台 × 1,,
4级送葬者工作台,制作配方,Служит для создания оружия,1,1,昂贡的指导 × 120；松木板材 × 60；钢板 × 40；凯芙拉 × 20；毒物瓶 × 10；酸滴 × 65；3级送葬者工作台 × 1,4级送葬者工作台 × 1,,
尔兹莉的掩护,制作配方,新加入的送葬者邪教徒在身上涂上尔兹莉的仆人为他们制作的保护涂料。他们用这种方法保护自己免受被遗忘的墓地中的酸雨影响。,1,1,草茎 × 10；酒精 × 1；仪式油 × 5,尔兹莉的掩护 × 1,送葬者工作台；2级送葬者工作台；3级送葬者工作台；4级送葬者工作台,
蛇彭特信徒之杖,制作配方,洛亚神降临于世时，蛇彭特幽灵“丹巴拉”将武器交给了他所选择的人。至少送葬者是这么坚信的。,1,1,亚麻布 × 10；铁皮 × 5；铅 × 10；酸 × 12；丹巴拉之血 × 20；毒蛇之心 × 7,蛇彭特信徒之杖 × 1,送葬者工作台；2级送葬者工作台；3级送葬者工作台；4级送葬者工作台,
灵魂收割者,制作配方,“死亡之神”萨梅迪男爵收割迷失之魂， 如同收割成熟的麦子。,1,1,抛光木板 × 10；铁皮 × 5；酸 × 3；丹巴拉之血 × 20；毒蛇之心 × 7,灵魂收割者 × 1,送葬者工作台；2级送葬者工作台；3级送葬者工作台；4级送葬者工作台,
死亡狂怒博尔特枪,制作配方,重型博尔特枪的火力堪比死亡洛亚神的沸腾酸液，甚至可以穿透最厚的铠甲。,1,1,铁管 × 5；弹簧 × 4；铅 × 6；黑火药 × 10；丹巴拉之血 × 20；毒蛇之心 × 10,死亡狂怒博尔特枪 × 1,送葬者工作台；2级送葬者工作台；3级送葬者工作台；4级送葬者工作台,
萨梅迪之盾,制作配方,由铁匠的守护神昂贡的仆从为死亡洛亚神的战士们制作。这面护盾受到这两位神的祝福。,1,1,钉子 × 10；鞣制皮革 × 5；铁皮 × 4；尖刺板 × 5；丹巴拉之血 × 10；毒蛇之心 × 5,萨梅迪之盾 × 1,送葬者工作台；2级送葬者工作台；3级送葬者工作台；4级送葬者工作台,
蛇彭特 · 布莱德钉枪,制作配方,铁匠幽灵昂贡指导武器大师完成了这件杰作。 钉子会刺穿受害者的身体， 就像用针刺穿巫毒娃娃一样。,1,1,铁管 × 4；弹簧 × 6；铅 × 10；黑火药 × 10；丹巴拉之血 × 20；毒蛇之心 × 10,蛇彭特 · 布莱德钉枪 × 1,送葬者工作台；2级送葬者工作台；3级送葬者工作台；4级送葬者工作台,
死亡召唤步枪,制作配方,死面男爵萨梅迪在他的房间里等待着访客。用这支步枪开一枪，就能立刻把你带到那里。,1,1,大口径SVD狙击步枪 × 1；铁管 × 2；电线 × 10；金属屑 × 3；丹巴拉之血 × 10；毒蛇之心 × 10,死亡召唤步枪 × 1,送葬者工作台；2级送葬者工作台；3级送葬者工作台；4级送葬者工作台,
丹巴拉左轮手枪,制作配方,一旦送葬者从阿索格巫师那里得到左轮手枪， 就会紧握到最后一刻。,1,1,格洛克手枪 × 1；铜线 × 5；铁管 × 2；黑火药 × 5；丹巴拉之血 × 10；毒蛇之心 × 10,丹巴拉左轮手枪 × 1,送葬者工作台；2级送葬者工作台；3级送葬者工作台；4级送葬者工作台,
狂热的魂狩,制作配方,送葬者的步枪， 能够发射“雷电之神”索格博的隆隆怒火。,1,1,送葬者魂狩 × 1；钢板 × 5；凯芙拉 × 5；黑火药 × 5；丹巴拉之血 × 20；毒蛇之心 × 10,狂热的魂狩 × 1,送葬者工作台；2级送葬者工作台；3级送葬者工作台；4级送葬者工作台,
伟大蛇彭特魂狩,制作配方,赋予你自动能力：蛇彭特的掩护。所有对你造成伤害的敌人都会受到酸性伤害作为回击。,1,1,送葬者魂狩 × 1；钢板 × 20；凯芙拉 × 20；丹巴拉之血 × 5；毒蛇之心 × 14；送葬者工具 × 20,伟大蛇彭特魂狩 × 1,送葬者工作台；2级送葬者工作台；3级送葬者工作台；4级送葬者工作台,
蛇彭特之怒,制作配方,“伟大蛇彭特的力量将会爆发，当它的血液渗入敌人的铠甲并用酸液溶解他们的身体时，我们的敌人就将灭亡！”——萨梅迪阿索格巫师。,1,1,钢板 × 5；弹簧 × 10；铅 × 15；黑火药 × 10；丹巴拉之血 × 20；毒蛇之心 × 14,蛇彭特之怒 × 1,送葬者工作台；2级送葬者工作台；3级送葬者工作台；4级送葬者工作台,
阿依达·维铎头盔,制作配方,蛇彭特信徒以丹巴拉之灵的形象出现，他的獠牙里有烧心的毒药。,1,1,细麻绳 × 20；橡胶 × 20；鞣制皮革 × 10；钢板 × 3；尖刺板 × 12,阿依达·维铎头盔 × 1,送葬者工作台；2级送葬者工作台；3级送葬者工作台；4级送葬者工作台,
拉米亚头盔,制作配方,只有少数幸运儿看到拉米亚面孔后还能活下来。,1,1,细麻绳 × 20；橡胶 × 20；鞣制皮革 × 10；铁皮 × 15；尖刺板 × 10,拉米亚头盔 × 1,送葬者工作台；2级送葬者工作台；3级送葬者工作台；4级送葬者工作台,
蛇彭特信徒寿衣,制作配方,伏都教铠甲非常轻便耐用，没人知道是如何锻造的。教派信徒称，铁匠的守护洛亚神昂贡在帮助他们。,1,1,细麻绳 × 18；铁皮 × 12；橡胶 × 20；亚麻布 × 10；尖刺板 × 10,蛇彭特信徒寿衣 × 1,送葬者工作台；2级送葬者工作台；3级送葬者工作台；4级送葬者工作台,
蛇彭特信徒裤子,制作配方,即使你设法从蛇彭特信徒那里逃脱，迟早也会死于他们的诅咒。,1,1,细麻绳 × 10；橡胶 × 15；亚麻布 × 8；铁皮 × 10；尖刺板 × 10,蛇彭特信徒裤子 × 1,送葬者工作台；2级送葬者工作台；3级送葬者工作台；4级送葬者工作台,
蛇彭特信徒靴子,制作配方,送葬者穿着的结实靴子，由洛亚神挑选，适合“灵魂之路”朝圣之旅。,1,1,钉子 × 20；橡胶 × 15；铁皮 × 10；尖刺板 × 10,蛇彭特信徒靴子 × 1,送葬者工作台；2级送葬者工作台；3级送葬者工作台；4级送葬者工作台,
阿依达·维铎铠甲服,制作配方,战前， 人们在描绘“死亡之神”萨梅迪时， 他总是穿着长袍， 如今则变成了带有蛇牙的强化铠甲。,1,1,细麻绳 × 25；橡胶 × 25；鞣制皮革 × 15；钢板 × 4；尖刺板 × 14,阿依达·维铎铠甲服 × 1,送葬者工作台；2级送葬者工作台；3级送葬者工作台；4级送葬者工作台,
尚戈的祭坛,制作配方,,16,1,钢板 × 8；建筑混凝土 × 30；铅 × 20；推拉神器 × 40；尚戈之路 × 20,尚戈的祭坛 × 1,送葬者工作台；2级送葬者工作台；3级送葬者工作台；4级送葬者工作台；Lvl 2 Architect's Table；Lvl 3 Architect's Table,
酸性弓,制作配方,,32,1,临时凑合的弓 × 1；细麻绳 × 2；丹巴拉之血 × 3,酸性弓 × 1,送葬者工作台；2级送葬者工作台；3级送葬者工作台；4级送葬者工作台,
猎人洛亚的十字弓,制作配方,送葬者最喜欢的武器， 他们以此为敌人判刑并将其送归黄泉。,52,1,十字弓 × 1；螺丝钉 × 2；丹巴拉之血 × 12,猎人洛亚的十字弓 × 1,送葬者工作台；2级送葬者工作台；3级送葬者工作台；4级送葬者工作台,
死神锯子,制作配方,幽灵会接纳新仆人， 即便已碎成块。,72,1,大砍刀 × 1；酸 × 3；丹巴拉之血 × 12,死神锯子 × 1,送葬者工作台；2级送葬者工作台；3级送葬者工作台；4级送葬者工作台,
猎人洛亚的弓,制作配方,狩猎前， 送葬者会在把箭浸在蛇彭特幽灵的血液里。,92,1,复合弓 × 1；金属屑 × 4；丹巴拉之血 × 12,猎人洛亚的弓 × 1,送葬者工作台；2级送葬者工作台；3级送葬者工作台；4级送葬者工作台,
送葬者魂狩,制作配方,送葬者的步枪， 能够发射“雷电之神”索格博的隆隆怒火。,112,1,铁管 × 3；弹簧 × 2；铅 × 6；黑火药 × 1；丹巴拉之血 × 10；毒蛇之心 × 5,送葬者魂狩 × 1,送葬者工作台；2级送葬者工作台；3级送葬者工作台；4级送葬者工作台,
送葬者的酸性手榴弹,制作配方,它在爆炸时飞溅出的强酸能够烧穿金属。 送葬者的武器， 对避难所和幸存者定居点使用。,1,1,铁皮 × 1；黑火药 × 1；丹巴拉之血 × 3；毒蛇之心 × 1,送葬者的酸性手榴弹 × 3,送葬者工作台；2级送葬者工作台；3级送葬者工作台；4级送葬者工作台,
送葬者面具,制作配方,送葬者的敌人们看不到杀戮者的面目。 “死亡之神”萨梅迪男爵接管了他们的生命。,72,1,鞣制皮革 × 1；细麻绳 × 4；橡胶 × 5,送葬者面具 × 1,送葬者工作台；2级送葬者工作台；3级送葬者工作台；4级送葬者工作台,
送葬者衬衫,制作配方,伏都教信徒是死亡的奴仆， 并不惧怕死亡， 但他们不愿在完成圣灵的旨意前死亡， 因此会穿戴铠甲。,72,1,棉布 × 2；细麻绳 × 12；缝线 × 20,送葬者衬衫 × 1,送葬者工作台；2级送葬者工作台；3级送葬者工作台；4级送葬者工作台,
送葬者裤子,制作配方,送葬者相信， 凭借死去兄弟的头颅或骨头， 能够召唤他的灵魂来协助战斗。,72,1,棉布 × 2；鞣制皮革 × 1；橡胶 × 10,送葬者裤子 × 1,送葬者工作台；2级送葬者工作台；3级送葬者工作台；4级送葬者工作台,
送葬者靴子,制作配方,“死亡之神”萨梅迪男爵的舞会靴。,72,1,细麻绳 × 6；钉子 × 4；铁皮 × 6；橡胶 × 6,送葬者靴子 × 1,送葬者工作台；2级送葬者工作台；3级送葬者工作台；4级送葬者工作台,
送葬者夹克,制作配方,送葬者们用头骨装饰铠甲， 坚信死亡之神会战斗中庇佑他们 。,72,1,棉布 × 2；橡胶 × 8；防水布 × 4,送葬者夹克 × 1,送葬者工作台；2级送葬者工作台；3级送葬者工作台；4级送葬者工作台,
送葬者背包,制作配方,空间宽敞， 可以放置战利品和敌人头骨。,62,1,棉布 × 10；鞣制皮革 × 5；橡胶 × 12；细麻绳 × 12；酸 × 5；尖刺板 × 10,送葬者背包 × 1,送葬者工作台；2级送葬者工作台；3级送葬者工作台；4级送葬者工作台,
拉米亚铠甲服,制作配方,丹巴拉的獠牙会产生酸液。向伟大蛇彭特动手，就无法逃脱酸液了！,1,1,细麻绳 × 25；橡胶 × 25；鞣制皮革 × 15；钢板 × 3；尖刺板 × 14,拉米亚铠甲服 × 1,送葬者工作台；2级送葬者工作台；3级送葬者工作台；4级送葬者工作台,
食尸鬼祭坛,制作配方,一个异象祭坛，让你听到食尸鬼集体意识的回声，并预测他们在战斗中的行动。,1,1,食尸鬼祭坛板 × 20；铜线 × 20；牛皮胶布 × 20；橡胶 × 20；铁锭 × 15,食尸鬼祭坛 × 1,建筑师桌；Lvl 2 Architect's Table；Lvl 3 Architect's Table,
萨梅迪锯子,制作配方,幽灵会接纳新仆人， 即便已碎成块。,1,1,铁皮 × 10；铅 × 10；酸 × 10；丹巴拉之血 × 20；毒蛇之心 × 7,萨梅迪锯子 × 1,送葬者工作台；2级送葬者工作台；3级送葬者工作台；4级送葬者工作台,
黑帮大师,制作配方,黑帮暗影研究这支步枪的用法已经许多年了。但你只需进行一次训练即可有所成果。,999,1,竹纤维织物 × 20；黄铜锭 × 20；抛光木板 × 20；钢筋 × 20；铁皮 × 10；螺丝钉 × 20,黑帮大师 × 1,建筑师桌；Lvl 2 Architect's Table；Lvl 3 Architect's Table,
三连击,制作配方,赋予主动能力“雷暴”，对目标周围造成电击范围伤害并令敌人瘫痪。,1,1,钳子箱 × 20；传奇铠甲箱 × 10；铜线 × 15；铁皮 × 20；螺丝钉 × 15；钢锭 × 10,三连击 × 1,,
修理：蛇彭特之怒,修理配方,,1,600,蛇彭特之怒 × 1；传奇铠甲箱 × 10,蛇彭特之怒 × 1,1级修理工作台；2级修理工作台；3级修理工作台；2级修理工作台；4级修理工作台,
修理：萨梅迪之盾,修理配方,,1,600,未命名档案 × 1；传奇工具 × 10,未命名档案 × 1,3级修理工作台；4级修理工作台,
修理：萨梅迪之盾,修理配方,,1,600,萨梅迪之盾 × 1；传奇工具 × 10,萨梅迪之盾 × 1,1级修理工作台；2级修理工作台；3级修理工作台；2级修理工作台；4级修理工作台,
格洛克-A冷冻枪,制作配方,黑帮并不介意使用别人的科技。加装坪瑟的神器系统的鹰队手枪，已经成为黑帮最喜欢的武器之一。,25,1,冷冻模块的一部分 × 10；铜线 × 30；钢筋 × 30；电线 × 12；螺丝钉 × 10；橡胶 × 10,格洛克-A冷冻枪 × 1,,
洛亚神的战斗铁锹,制作配方,这把酸蚀的锋利铁锹是每个送葬者仆从的梦想之物。,72,1,铲子 × 1；人造革 × 2；丹巴拉之血 × 12,洛亚神的战斗铁锹 × 1,送葬者工作台；2级送葬者工作台；3级送葬者工作台；4级送葬者工作台,
警长,制作配方,没有人能够像警长那样玩转左轮手枪或温彻斯特步枪，而且他愿意把他的秘诀告诉配得上它的学徒。,999,1,实物大小的标靶零件 × 20；空罐头 × 10；优质木板 × 40；细麻绳 × 12；钉子 × 25,警长 × 1,建筑师桌；Lvl 2 Architect's Table；Lvl 3 Architect's Table,
修理：战术汤米枪,修理配方,,1,600,传奇铠甲箱 × 10；战术汤米枪 × 1,战术汤米枪 × 1,1级修理工作台；2级修理工作台；3级修理工作台；2级修理工作台；4级修理工作台,
修理：史密斯韦森M500,修理配方,,1,600,传奇铠甲箱 × 10；史密斯韦森M500 × 1,史密斯韦森M500 × 1,1级修理工作台；2级修理工作台；3级修理工作台；2级修理工作台；4级修理工作台,
修理：鹰队的贝雷塔,修理配方,,1,600,传奇铠甲箱 × 10；鹰队的贝雷塔 × 1,鹰队的贝雷塔 × 1,1级修理工作台；2级修理工作台；3级修理工作台；2级修理工作台；4级修理工作台,
修理：鹰队防卫型散弹枪,修理配方,,1,600,传奇铠甲箱 × 10；鹰队防卫型散弹枪 × 1,鹰队防卫型散弹枪 × 1,1级修理工作台；2级修理工作台；3级修理工作台；2级修理工作台；4级修理工作台,
修理：M14神射手,修理配方,,1,600,传奇铠甲箱 × 10；M14神射手 × 1,M14神射手 × 1,1级修理工作台；2级修理工作台；3级修理工作台；2级修理工作台；4级修理工作台,
阿金博左轮手枪,制作配方,赋予主动能力“践踏”，增加暴击几率至100%，对铠甲的伤害增加150%。,1,1,钳子箱 × 20；传奇铠甲箱 × 10；铜线 × 15；铁皮 × 20；螺丝钉 × 15；钢锭 × 10,阿金博左轮手枪 × 1,,
突击队火箭筒,制作配方,赋予主动能力“火风暴”，造成范围伤害并使敌人着火。,1,1,钳子箱 × 20；传奇铠甲箱 × 10；铜线 × 15；铁皮 × 20；螺丝钉 × 15；钢锭 × 10,突击队火箭筒 × 1,,
2周年纪念碑,制作配方,牌子上的铭文是：“纪念每天在领地开辟新路线的所有向导。”,999,1,僵尸的黎明周年纪念碑 × 1；铁锭 × 10；建筑混凝土 × 20；加速 × 20；电线 × 15,2周年纪念碑 × 1,建筑师桌；Lvl 2 Architect's Table；Lvl 3 Architect's Table,
森林野兽锤子,制作配方,赋予主动能力“森林之根”，对影响范围内所有敌人造成伤害。,1,1,钳子箱 × 20；传奇铠甲箱 × 10；铜线 × 15；铁皮 × 20；螺丝钉 × 15；钢锭 × 10,森林野兽锤子 × 1,,
压缩-M设备,制作配方,赋予主动能力“压缩”，可暂时减少附近敌人的大小、生命值和伤害30%。,1,1,异象磁铁的线圈 × 20；橡胶 × 20；传奇铠甲箱 × 7；铜线 × 15；钢板 × 10；芯片 × 10,压缩-M设备 × 1,,
修理：AG-17“雪崩”,修理配方,,1,600,AG-17“雪崩” × 1；传奇铠甲箱 × 10,AG-17“雪崩” × 1,1级修理工作台；2级修理工作台；3级修理工作台；2级修理工作台；4级修理工作台,
修理：双贝雷塔-A“北方”,修理配方,,1,600,双贝雷塔-A“北方” × 1；传奇铠甲箱 × 10,双贝雷塔-A“北方” × 1,1级修理工作台；2级修理工作台；3级修理工作台；2级修理工作台；4级修理工作台,
修理：Saiga-M“纳米流”,修理配方,,1,600,Saiga-M“纳米流” × 1；传奇铠甲箱 × 10,Saiga-M“纳米流” × 1,1级修理工作台；2级修理工作台；3级修理工作台；2级修理工作台；4级修理工作台,
修理：海辛十字弓,修理配方,,1,600,海辛十字弓 × 1；传奇铠甲箱 × 10,海辛十字弓 × 1,1级修理工作台；2级修理工作台；3级修理工作台；2级修理工作台；4级修理工作台,
甜蜜家园蛋糕,制作配方,由多层蛋糕片、奶油和淋面制成的安全的小小避难所。,999,1,蛋糕棒棒糖 × 20；水 × 20；面团 × 10；避难所苹果 × 20；阿糖 × 15,甜蜜家园蛋糕 × 1,建筑师桌；Lvl 2 Architect's Table；Lvl 3 Architect's Table,
森林姐妹的鞭子,制作配方,游荡者都知道，当远处传来森林之子鞭子的呼啸声，通常随之而来的就是死亡的呼号。,1,1,变异松脂 × 20；橡胶软管 × 10；钢筋 × 20；螺丝钉 × 8；铜线 × 6；牛皮胶布 × 10,森林姐妹的鞭子 × 1,,
森林监督员的弓,制作配方,从一根颤抖的、几乎有生命的弦上射出毒箭，射向入侵者或逃亡者。,1,1,变异松脂 × 10；细麻绳 × 5；钢筋 × 12；螺丝钉 × 8；优质木板 × 10,森林监督员的弓 × 1,,
修理：散弹枪,修理配方,,1,600,散弹枪 × 1；常见铠甲箱 × 20,散弹枪 × 1,2级修理工作台；3级修理工作台；2级修理工作台；4级修理工作台,
修理：兄弟会VSS Vintorez,修理配方,,1,600,兄弟会VSS Vintorez × 1；传奇铠甲箱 × 10,兄弟会VSS Vintorez × 1,1级修理工作台；2级修理工作台；3级修理工作台；2级修理工作台；4级修理工作台,
修理：燃烧冰雹,修理配方,,1,600,燃烧冰雹 × 1；传奇铠甲箱 × 10,燃烧冰雹 × 1,1级修理工作台；2级修理工作台；3级修理工作台；2级修理工作台；4级修理工作台,
核辉光祭坛,制作配方,祭坛为那些进行拜火仪式的人的武器赋予不可思议的火焰力量。,999,1,狂腐祭坛 × 4；瓦斯管道 × 20,核辉光祭坛 × 1,建筑师桌,
2级壁炉,制作配方,一个坚固的壁炉。 多大的风都不会熄灭。,12,1,混凝土 × 15；优质木板 × 10；废金属 × 10；1级壁炉 × 1,淘金机原型工作台 × 1,,
核辉光符号,制作配方,这个标志在一开始就对邪教和荣耀盲者产生了巨大的影响。,999,1,狂腐士标志 × 4；瓦斯管道 × 20；建筑花岗岩 × 20,核辉光符号 × 1,建筑师桌,
狂腐士风琴师,制作配方,赋予你被动能力：坟墓之灾。你攻击的敌人将会受到周期性的坟墓火焰伤害。,999,1,地穴管风琴 × 1；风琴定音管 × 20；铁管 × 15；铜线 × 15,狂腐士风琴师 × 1,建筑师桌；Lvl 2 Architect's Table；Lvl 3 Architect's Table,
水箱,制作配方,每个避难所都需要战略供水。,1,1,箱子配件 × 20；铁皮 × 20；橡胶 × 15；牛皮胶布 × 20；铜线 × 10,水箱 × 1,,
供给品仓库,制作配方,专门的食物储存容器。可容纳大量食物供应。,1,1,箱子配件 × 20；铁皮 × 20；橡胶 × 15；牛皮胶布 × 20；铜线 × 10,供给品仓库 × 1,,
仓库祭坛,制作配方,一个异象祭坛，让你听到食尸鬼集体意识的回声，并预测他们在战斗中的行动。,1,1,血色苔藓孢子 × 20；食尸鬼祭坛 × 4,仓库祭坛 × 1,建筑师桌,
平锅锤,制作配方,要塞兵团只缴获了几把这种散弹枪。它们在突破警戒线时将极为有用。,1,1,平锅锤提钻零件 × 15；铁皮 × 6；铁锭 × 8；黑火药 × 4；罕见铠甲箱 × 3,平锅锤 × 1,,
食尸鬼箱子,制作配方,长满血色苔藓的铁箱子。食尸鬼将他们从受害者身上夺取的所有贵重物品都放在这样的箱子里。,1,1,仓库货架部件 × 20；铁锭 × 10；人造革 × 5；亚麻布 × 10；钉子 × 10；血泪球 × 5,食尸鬼箱子 × 1,,
大型食尸鬼箱子,制作配方,来自仓库的一个宽敞的保险箱，已经因血色苔藓而变形。适合储存大量的宝贵资源。,1,1,食尸鬼箱子 × 2；共生锁 × 20；铁管 × 10；抛光木板 × 20；螺丝钉 × 20；双血泪球 × 5,大型食尸鬼箱子 × 1,,
修理：平锅锤,修理配方,,1,600,平锅锤 × 1；传奇铠甲箱 × 10,平锅锤 × 1,1级修理工作台；2级修理工作台；3级修理工作台；2级修理工作台；4级修理工作台,
嗜血步枪,制作配方,赋予主动能力“血流”：对直线区域施加伤害并造成重伤，恢复你的生命值。,1,1,金刚石锉刀文件 × 23；钛板 × 23；异象松木板 × 28；聚合物复合材料 × 23；钳子箱 × 28,嗜血步枪 × 1,,
贝雷塔-A“地狱”,制作配方,"由坪瑟设计的双贝雷塔，用于下到仓库里。
使用每日剧情任务奖励的详细物品进行组装。",15,1,贝雷塔-A“地狱”零件 × 20；牛皮胶布 × 3；钢筋 × 8,贝雷塔-A“地狱” × 1,,
修理：贝雷塔-A“地狱”,修理配方,,1,600,贝雷塔-A“地狱” × 1；传奇铠甲箱 × 10,贝雷塔-A“地狱” × 1,1级修理工作台；2级修理工作台；3级修理工作台；2级修理工作台；4级修理工作台,
修理：嗜血步枪,修理配方,,1,43200,嗜血步枪 × 1；完美武器箱子 × 15,嗜血步枪 × 1,4级修理工作台,
修理：森林守护者之弓,修理配方,,1,43200,森林守护者之弓 × 1；完美武器箱子 × 15,森林守护者之弓 × 1,4级修理工作台,
修理：AKM齐射,修理配方,,1,43200,AKM齐射 × 1；完美武器箱子 × 15,AKM齐射 × 1,4级修理工作台,
修理：伟大蛇彭特魂狩,修理配方,,1,43200,伟大蛇彭特魂狩 × 1；完美武器箱子 × 15,伟大蛇彭特魂狩 × 1,4级修理工作台,
修理：灭绝者加特林机枪,修理配方,,1,43200,灭绝者加特林机枪 × 1；完美武器箱子 × 15,灭绝者加特林机枪 × 1,4级修理工作台,
修理：三连击,修理配方,,1,43200,三连击 × 1；完美武器箱子 × 15,三连击 × 1,4级修理工作台,
修理：阿金博左轮手枪,修理配方,,1,43200,阿金博左轮手枪 × 1；完美武器箱子 × 15,阿金博左轮手枪 × 1,4级修理工作台,
修理：突击队火箭筒,修理配方,,1,43200,突击队火箭筒 × 1；完美武器箱子 × 15,突击队火箭筒 × 1,4级修理工作台,
修理：森林野兽锤子,修理配方,,1,43200,森林野兽锤子 × 1；完美武器箱子 × 15,森林野兽锤子 × 1,4级修理工作台,
修理：压缩-M设备,修理配方,,1,43200,压缩-M设备 × 1；完美武器箱子 × 15,压缩-M设备 × 1,4级修理工作台,
修理：C.M.A.设备,修理配方,,1,43200,C.M.A.设备 × 1；完美武器箱子 × 15,C.M.A.设备 × 1,4级修理工作台,
修理：永恒礼仪,修理配方,,1,43200,永恒礼仪 × 1；完美武器箱子 × 15,永恒礼仪 × 1,4级修理工作台,
黑龙,制作配方,获得20%闪避攻击的几率。当你的生命值低于30%时，追加+30%闪避几率。,999,1,兄弟会图书管理员的说明 × 20；铜线 × 10；钢锭 × 15；松木板材 × 10；螺丝钉 × 15,黑龙 × 1,建筑师桌；Lvl 2 Architect's Table；Lvl 3 Architect's Table,
修理：霍坎十字弓,修理配方,,1,43200,霍坎十字弓 × 1；完美武器箱子 × 15,霍坎十字弓 × 1,4级修理工作台,
4级修理工作台,制作配方,一个重要的工作台， 安装在你的避难所内。 修复升级版武器和铠甲。,72,1,内窥镜电池 × 15；铸铁锭 × 16；芯片 × 16；钢锭 × 10；野外铠甲修理箱 × 1；玻璃 × 50,4级修理工作台 × 1,,
黑龙头盔,制作配方,据说黑龙头盔的黑色眼镜后面什么都没有：没有恐惧、没有痛苦、没有感情。,1,1,钛板 × 20；传奇工具 × 7；皮革 × 20；棉布 × 15；凯芙拉 × 15；钢锭 × 10,黑龙头盔 × 1,,
黑龙面具,制作配方,需要在古老的仪式中通过许多试炼，然后族长才会把这个面具交给武士，黑龙将再也不能取下这个面具。,1,1,钛板 × 20；传奇工具 × 7；皮革 × 20；棉布 × 15；凯芙拉 × 15；钢锭 × 10,黑龙面具 × 1,,
黑龙背心,制作配方,黑帮杀手称这些背心为他们的“第二层皮肤”。黑龙即使睡觉前也不会脱下它们。,1,1,钛板 × 20；传奇工具 × 5；皮革 × 15；棉布 × 10；凯芙拉 × 12；钢锭 × 7,黑龙背心 × 1,,
黑龙裤子,制作配方,铠甲的黑色不仅是对传统的认可，也是成功埋伏黑帮敌人的关键。,1,1,钛板 × 20；传奇工具 × 5；皮革 × 15；棉布 × 10；凯芙拉 × 12；钢锭 × 7,黑龙裤子 × 1,,
黑龙靴子,制作配方,黑龙的脚步声只会被已被其打败的敌人听见。,1,1,钛板 × 20；传奇工具 × 5；皮革 × 15；棉布 × 10；凯芙拉 × 12；钢锭 × 7,黑龙靴子 × 1,,
黑龙板甲,制作配方,这副板甲的每个元素都有相应的作用——黑龙不能死于其受害者前，不论对方是谁。,1,1,钛板 × 20；传奇工具 × 7；皮革 × 20；棉布 × 15；凯芙拉 × 15；钢锭 × 10,黑龙板甲 × 1,,
黑龙铠甲,制作配方,几代黑帮大师努力打造了这件铠甲。它是黑龙一族熟练刺客的装束。,1,1,钛板 × 20；传奇工具 × 7；皮革 × 20；棉布 × 15；凯芙拉 × 15；钢锭 × 10,黑龙铠甲 × 1,,
死亡之舞,制作配方,萨梅迪男爵的仆从用忠实的手，通过这把武器播下了死亡的种子，从中生长出了尖叫声和坟墓火焰的闪光。,0,1,金刚石锉刀文件 × 20；传奇铠甲箱 × 7；铜线 × 10；牛皮胶布 × 15；铁锭 × 15,死亡之舞 × 1,,
蛇彭特之眼,制作配方,赋予主动能力灵魂之怒：+20%伤害治疗效果。有30%的闪避几率。增加奔跑速度20%。,999,1,蛇彭特之眼十字弓零件 × 20；传奇铠甲箱 × 5；铁皮 × 10；抛光木板 × 15；螺丝钉 × 15；丹巴拉之血 × 20,蛇彭特之眼 × 1,,
坟墓之语,制作配方,赋予主动能力“死亡地带”，造成范围伤害，并在一个区域中用坟墓火焰焚烧敌人。,999,1,坟墓之语零件 × 20；传奇铠甲箱 × 5；铁管 × 8；电线 × 15；钢筋 × 20；毒蛇之心 × 4,坟墓之语 × 1,,
修理：死亡之舞,修理配方,,1,600,死亡之舞 × 1；传奇铠甲箱 × 10,死亡之舞 × 1,1级修理工作台；2级修理工作台；3级修理工作台；2级修理工作台；4级修理工作台,
蛇彭特之眼,制作配方,赋予主动能力灵魂之怒：+20%伤害治疗效果。有30%的闪避几率。增加奔跑速度20%。,0,1,钳子箱 × 20；传奇铠甲箱 × 10；铜线 × 15；铁皮 × 20；螺丝钉 × 15；钢锭 × 10,蛇彭特之眼 × 1,,
坟墓之语,制作配方,赋予主动能力“死亡地带”，造成范围伤害，并在一个区域中用坟墓火焰焚烧敌人。,0,1,钳子箱 × 20；传奇铠甲箱 × 10；铜线 × 15；铁皮 × 20；螺丝钉 × 15；钢锭 × 10,坟墓之语 × 1,,
送葬者的武器储藏室,制作配方,送葬者将他们的武器存放在经过巫师祭祀的耐酸储藏室中。不过你可以在这里存放任何武器。,999,1,通风格栅 × 20；铁皮 × 20；螺丝钉 × 20；酸 × 8；毒蛇之心 × 8,送葬者的武器储藏室 × 1,,
送葬者的武器储藏室,制作配方,送葬者将他们的武器存放在经过巫师祭祀的耐酸储藏室中。不过你可以在这里存放任何武器。,0,1,箱子配件 × 30；螺丝钉 × 15；钢锭 × 10；铜线 × 20；松木板材 × 10,送葬者的武器储藏室 × 1,,
坟墓圣台,制作配方,丹巴拉的神坛，会赋予酸性武器特殊的力量。,999,1,蛇灵的祭坛 × 4；圣台装饰 × 20；建筑混凝土 × 30；铁皮 × 15；丹巴拉之血 × 20,坟墓圣台 × 1,建筑师桌；Lvl 2 Architect's Table；Lvl 3 Architect's Table,
坟墓圣台,制作配方,丹巴拉的神坛，会赋予酸性武器特殊的力量。,0,1,兄弟会音频说明 × 30；建筑花岗岩 × 10；蛇灵的祭坛 × 4,坟墓圣台 × 1,建筑师桌,
瘟疫伏都教巫师,制作配方,赋予被动能力“瘟疫掩护”：附近所有的敌人都会受到酸性伤害。,999,1,丹巴拉面纱 × 1；坟墓毒素样本 × 20；丹巴拉之血 × 30,瘟疫伏都教巫师 × 1,,
瘟疫伏都教巫师,制作配方,赋予被动能力“瘟疫掩护”：附近所有的敌人都会受到酸性伤害。,999,1,兄弟会图书管理员的说明 × 20；铜线 × 10；钢锭 × 15；建筑花岗岩 × 10；螺丝钉 × 15；丹巴拉面纱 × 1,瘟疫伏都教巫师 × 1,建筑师桌；Lvl 2 Architect's Table；Lvl 3 Architect's Table,
坟墓箱子,制作配方,这箱子曾在被遗忘的墓地里的一座教堂中用于存放祭祀用具。自那之后，箱子换了主人，但用途却没有改变。,0,1,箱子配件 × 20；铁皮 × 20；橡胶 × 15；牛皮胶布 × 20；铜线 × 10,坟墓箱子 × 1,,
大型坟墓箱子,制作配方,经过送葬者改造的保险箱，用来存放来自合成工厂的生物危险样本。现在它储存着邪教最宝贵的遗物。,0,1,箱子配件 × 20；坟墓箱子 × 2；螺丝钉 × 15；钢锭 × 10；铜线 × 20；松木板材 × 10,大型坟墓箱子 × 1,,
丹巴拉面纱,制作配方,伟大蛇彭特的礼物是酸性烟雾，它能给送葬者带来力量，并能在与丹巴拉仆从见面之前使你变得更加坚强。,999,1,兄弟会音频说明 × 20；铜线 × 20；牛皮胶布 × 20；橡胶 × 20；铁锭 × 15,丹巴拉面纱 × 1,建筑师桌；Lvl 2 Architect's Table；Lvl 3 Architect's Table,
瘟疫伏都教巫师之瓶,制作配方,只要把这个瓶子里的东西倒进新娘营地的丹巴拉面纱里，瘟疫伏都教巫师就会在伟大蛇彭特的召唤下出现。,0,1,尔兹莉蘑菇 × 1；水 × 2,瘟疫伏都教巫师之瓶 × 1,,
鹰队AF-M,制作配方,赋予你主动能力“闪光”，造成范围伤害，降低移动速度并增加敌人的失误率。,1,1,钳子箱 × 20；传奇铠甲箱 × 10；铜线 × 15；铁皮 × 20；螺丝钉 × 15；钢锭 × 10,鹰队AF-M × 1,,
修理：蛇彭特之眼,修理配方,,1,43200,蛇彭特之眼 × 1；完美武器箱子 × 15,蛇彭特之眼 × 1,4级修理工作台,
修理：坟墓之语,修理配方,,1,43200,坟墓之语 × 1；完美武器箱子 × 15,坟墓之语 × 1,4级修理工作台,
修理：尚戈的魂狩,修理配方,,1,43200,尚戈的魂狩 × 1；完美武器箱子 × 15,尚戈的魂狩 × 1,4级修理工作台,
修理：鹰队AF-M,修理配方,,1,43200,鹰队AF-M × 1；完美武器箱子 × 15,鹰队AF-M × 1,4级修理工作台,
修理工作台,制作配方,一个重要的工作台， 安装在你的避难所内。 快速修复你的武器和铠甲。,14,1,混凝土 × 15；钢筋 × 15；优质木板 × 20；废金属 × 20；钉子 × 8；细麻绳 × 12,损坏的修理工作台 × 1,,
火鸡棚,制作配方,让你得到变异火鸡蛋，它有治疗和消除负面效果的能力。,999,1,干燥油 × 20；优质木板 × 15；废金属 × 10；钉子 × 25；水 × 10,火鸡棚 × 1,建筑师桌；Lvl 2 Architect's Table；Lvl 3 Architect's Table,
火鸡蛋,制作配方,火鸡蛋具有恢复生命值和消除来自外部因素的负面效果的异象能力。,0,21.6,,火鸡蛋 × 5,火鸡棚,
修理：原型D6,修理配方,,1,43200,原型D6 × 1；完美武器箱子 × 15,原型D6 × 1,4级修理工作台,
AB-A冰震,制作配方,传说中的步枪，经过冰-9强化。狂腐士和火焰变异体最糟糕的新年恶梦。,1,1,金刚石锉刀文件 × 20；传奇铠甲箱 × 7；铜线 × 10；牛皮胶布 × 15；铁锭 × 15,AB-A冰震 × 1,,
雷暴-A Toros,制作配方,结合了射击速度、火力和神器模块的冰-9可以冷却核炬士的热量，更不用说普通的邪教成员了。,1,1,金刚石锉刀文件 × 20；传奇铠甲箱 × 7；铜线 × 10；牛皮胶布 × 15；铁锭 × 15,雷暴-A Toros × 1,,
双贝雷塔-A“北方”,制作配方,坪瑟为兄弟会制造了贝雷塔-A“北方”，而且只成对提供。它们是游荡者进入扭曲异象区的武器。,1,1,冰-9 × 20；传奇铠甲箱 × 5；铜线 × 10；铁皮 × 10；螺丝钉 × 10,双贝雷塔-A“北方” × 1,,
北极莫辛步枪,制作配方,,1,1,冰-9 × 20；传奇铠甲箱 × 5；铅 × 5；铁皮 × 7；螺丝钉 × 10,北极莫辛步枪 × 1,,
北极M16-M,制作配方,改装后的突击步枪，能够承受长时间的战斗或快速清理狂腐士基地带来的高负荷。,1,1,金刚石锉刀文件 × 20；传奇铠甲箱 × 7；铜线 × 10；牛皮胶布 × 15；铁锭 × 15,北极M16-M × 1,,
坪瑟冷冻喷射器,制作配方,给予你主动能力：雪球。可对目标造成更大的伤害，并使其周围的敌人减速。,1,1,钳子箱 × 20；传奇铠甲箱 × 10；铜线 × 15；铁皮 × 20；螺丝钉 × 15；钢锭 × 10,坪瑟冷冻喷射器 × 1,,
要塞兵团头盔,制作配方,警戒线机枪手讽刺地称这种头盔为“蜘蛛头”。 但他们都知道，如果在值班时摘下它，几乎总是意味着死亡。,1,1,钛合金 × 10；防弹尼龙 × 20；传奇工具 × 5；鞣制皮革 × 2；棉布 × 6；铁皮 × 10,要塞兵团头盔 × 1,,
要塞兵团铠甲,制作配方,紧密的队形、集中的火力和钛合金制成的铠甲，这些是在突破期间接受火力洗礼的战士唯一的希望。,1,1,钛合金 × 10；防弹尼龙 × 20；传奇工具 × 5；鞣制皮革 × 8；棉布 × 14；铁皮 × 20,要塞兵团铠甲 × 1,,
要塞兵团毛衣,制作配方,“战斗前不要洗毛衣，但如果你不想进入惩戒耽误，就应该把铠甲擦得闪闪发光”：一位少尉给新兵的建议。,1,1,防弹尼龙 × 20；传奇工具 × 3；鞣制皮革 × 3；棉布 × 12；铁皮 × 12,要塞兵团毛衣 × 1,,
要塞兵团裤子,制作配方,穿着这条裤子的膝部攻击甚至足以阻止克劳怪。铠甲衬里可以保护你的关节不受伤害。,1,1,防弹尼龙 × 20；传奇工具 × 3；鞣制皮革 × 5；棉布 × 8；铁皮 × 15,要塞兵团裤子 × 1,,
要塞兵团靴子,制作配方,哨兵穿着这双靴子在警戒线上行进的声音回荡在加尔科夫荒无人烟的街道上。,1,1,防弹尼龙 × 20；传奇工具 × 4；鞣制皮革 × 7；棉布 × 10；铁皮 × 18,要塞兵团靴子 × 1,,
冬季客人,制作配方,赋予你被动能力：新年的奇迹。它可以减少头目的来袭伤害15%。即使在死亡后也仍然有效。,999,1,兄弟会图书管理员的说明 × 20；铜线 × 5；钢锭 × 3；松木板材 × 3；螺丝钉 × 7；新年树 × 1,冬季客人 × 1,建筑师桌；Lvl 2 Architect's Table；Lvl 3 Architect's Table,
新年壁炉,制作配方,在核战之前，人们会把礼物长袜挂在壁炉旁，但他们最近才开始在里面发现冷冻纳米机器。,999,1,兄弟会音频说明 × 15；铜线 × 8；牛皮胶布 × 12；橡胶 × 12；建筑混凝土 × 8,新年壁炉 × 1,建筑师桌；Lvl 2 Architect's Table；Lvl 3 Architect's Table,
鲁道夫CHAP,制作配方,由坪瑟所开发的CHAP。尽管科学家们试图减缓它的速度，它还是逃离了研究所的试验场。,999,1,兄弟会音频说明 × 20；铜线 × 20；牛皮胶布 × 20；橡胶 × 20；铁锭 × 15,鲁道夫CHAP × 1,建筑师桌；Lvl 2 Architect's Table；Lvl 3 Architect's Table,
新年树,制作配方,在家里安装一棵新年树是传统，即使在核战后也保留了下来。,1,1,装饰组装手册 × 20；铜线 × 10；牛皮胶布 × 15；橡胶 × 15；铁皮 × 10,新年树 × 1,建筑师桌,
冰霜保险箱,制作配方,安全的保险箱，可以存放你在领地上找到的所有战利品。,1,1,箱子配件 × 20；冰霜箱子 × 2；螺丝钉 × 15；钢锭 × 10；铜线 × 20；松木板材 × 10,冰霜保险箱 × 1,,
装备储藏室,制作配方,经过保护的弹药储藏室，最初是为LRS各个师的需要而设计的。,1,1,箱子配件 × 30；螺丝钉 × 15；钢锭 × 10；铜线 × 20；松木板材 × 10,装备储藏室 × 1,,
冷冻纳米机器,制作配方,"纳米机器：武器造
成直接寒冷伤害。",1,1.8,,冷冻纳米机器 × 1,新年壁炉,
修理：雷暴-A Toros,修理配方,,1,600,雷暴-A Toros × 1；传奇铠甲箱 × 10,雷暴-A Toros × 1,1级修理工作台；2级修理工作台；3级修理工作台；2级修理工作台；4级修理工作台,
修理：冰川博尔特枪,修理配方,,1,600,冰川博尔特枪 × 1；传奇铠甲箱 × 10,冰川博尔特枪 × 1,1级修理工作台；2级修理工作台；3级修理工作台；2级修理工作台；4级修理工作台,
修理：冰锤,修理配方,,1,600,冰锤 × 1；传奇铠甲箱 × 10,冰锤 × 1,1级修理工作台；2级修理工作台；3级修理工作台；2级修理工作台；4级修理工作台,
修理：AB-A冰震,修理配方,,1,600,AB-A冰震 × 1；传奇铠甲箱 × 10,AB-A冰震 × 1,1级修理工作台；2级修理工作台；3级修理工作台；2级修理工作台；4级修理工作台,
修理：坪瑟冷冻喷射器,修理配方,,1,43200,坪瑟冷冻喷射器 × 1；完美武器箱子 × 15,坪瑟冷冻喷射器 × 1,4级修理工作台,
鸢鸟兴奋剂,制作配方,,1,43.2,,鸢鸟兴奋剂 × 1,方舟提取器,
修理：A-1设备,修理配方,,1,43200,A-1设备 × 1；完美武器箱子 × 15,A-1设备 × 1,4级修理工作台,
修理：TEN-1设备,修理配方,,1,43200,TEN-1设备 × 1；完美武器箱子 × 15,TEN-1设备 × 1,4级修理工作台,
未识别的方舟神器,制作配方,研究所将新发现的神器放在这些箱子里，以便进一步鉴定和研究。,0,2400,未识别的方舟神器 × 1；方舟技术光盘 × 1,海绵 × 2–3；腐蚀 × 2–3；线圈 × 2–3,神器识别器,
要塞兵团头盔,制作配方,警戒线机枪手讽刺地称这种头盔为“蜘蛛头”。 但他们都知道，如果在值班时摘下它，几乎总是意味着死亡。,1,1,钛合金 × 10；防弹尼龙 × 20；传奇工具 × 5；鞣制皮革 × 2；棉布 × 6；铁皮 × 10,要塞兵团头盔 × 1,科技站A-1,
要塞兵团铠甲,制作配方,紧密的队形、集中的火力和钛合金制成的铠甲，这些是在突破期间接受火力洗礼的战士唯一的希望。,1,1,钛合金 × 10；防弹尼龙 × 20；传奇工具 × 5；鞣制皮革 × 8；棉布 × 14；铁皮 × 20,要塞兵团铠甲 × 1,科技站A-1,
要塞兵团毛衣,制作配方,“战斗前不要洗毛衣，但如果你不想进入惩戒耽误，就应该把铠甲擦得闪闪发光”：一位少尉给新兵的建议。,1,1,防弹尼龙 × 20；传奇工具 × 3；鞣制皮革 × 3；棉布 × 12；铁皮 × 12,要塞兵团毛衣 × 1,科技站A-1,
要塞兵团裤子,制作配方,穿着这条裤子的膝部攻击甚至足以阻止克劳怪。铠甲衬里可以保护你的关节不受伤害。,1,1,防弹尼龙 × 20；传奇工具 × 3；鞣制皮革 × 5；棉布 × 8；铁皮 × 15,要塞兵团裤子 × 1,科技站A-1,
要塞兵团靴子,制作配方,哨兵穿着这双靴子在警戒线上行进的声音回荡在加尔科夫荒无人烟的街道上。,1,1,防弹尼龙 × 20；传奇工具 × 4；鞣制皮革 × 7；棉布 × 10；铁皮 × 18,要塞兵团靴子 × 1,科技站A-1,
方舟提取器,制作配方,用于收集拉撒路智人生物材料并在其基础上合成战斗药物的密封隔间。,1,1,通风扇叶 × 20；运动传感器 × 20；钢锭 × 10；螺丝钉 × 20；塑料 × 5,方舟提取器 × 1,科技站A-1；Lvl 2 Architect's Table；Lvl 3 Architect's Table,
A-1设备,制作配方,赋予主动能力扩张，造成基于对目标的射击次数的范围伤害。,1,1,A-1设备零件 × 20；传奇铠甲箱 × 10；钢锭 × 15；电线 × 10；凯芙拉 × 10,A-1设备 × 1,科技站A-1,
球体-M模块,制作配方,方舟的动力源是研究避难所中异象的视觉辅助工具。,1,1,钢带 × 20；GT-20保险丝 × 20；铜线 × 10；螺纹 × 10；金属屑 × 5,球体-M模块 × 1,科技站A-1；Lvl 2 Architect's Table；Lvl 3 Architect's Table,
TEN-1设备,制作配方,赋予主动能力诱捕器，使敌人的攻击速度降低30%，持续10秒。它会让除头目以外的所有人瘫痪5秒。,1,1,TEN-1设备零件 × 20；传奇铠甲箱 × 10；铣刀 × 3；钢板 × 15；弹簧 × 10,TEN-1设备 × 1,科技站A-1,
电磁辐射手榴弹,制作配方,过热时使D.R.A.G.O.N.和[1818-方]标本瘫痪。,1,1,电磁辐射手榴弹零件 × 10；钢筋 × 10；推拉神器 × 5,电磁辐射手榴弹 × 10,科技站A-1,
方舟加压容器,制作配方,由复合材料制成的宽敞容器，专门为方舟设施制造。,1,1,嵌入式锁的零件 × 20；钉子 × 15；铁锭 × 10；亚麻布 × 15；硫磺 × 10,方舟加压容器 × 1,科技站A-1,
虎年雕像,制作配方,直视他的眼睛以提高你的准确度和反应速度。,1,1,装饰组装手册 × 20；铜线 × 10；牛皮胶布 × 15；橡胶 × 15；建筑混凝土 × 10,虎年雕像 × 1,建筑师桌,
修理：血龙,修理配方,,1,600,血龙 × 1；传奇铠甲箱 × 10,血龙 × 1,1级修理工作台；2级修理工作台；3级修理工作台；2级修理工作台；4级修理工作台,
修理：神龙手枪,修理配方,,1,600,神龙手枪 × 1；传奇铠甲箱 × 10,神龙手枪 × 1,1级修理工作台；2级修理工作台；3级修理工作台；2级修理工作台；4级修理工作台,
修理：玛瑙突击步枪,修理配方,,1,43200,玛瑙突击步枪 × 1；完美武器箱子 × 15,玛瑙突击步枪 × 1,4级修理工作台,
血龙,制作配方,在会用的人手中，这种武器会像闻到敌人鲜血的龙一样苏醒过来。,1,1,金刚石锉刀文件 × 20；传奇铠甲箱 × 7；铜线 × 10；牛皮胶布 × 15；铁锭 × 15,血龙 × 1,,
神龙手枪,制作配方,黑帮战士花费数年时间来磨练双持射击，以便在眨眼间夺走任何部落敌人的生命。,1,1,金刚石锉刀文件 × 20；传奇铠甲箱 × 7；铜线 × 10；牛皮胶布 × 15；铁锭 × 15,神龙手枪 × 1,,
玛瑙突击步枪,制作配方,赋予主动能力“等离子冲击”：造成等离子范围伤害，并使敌人易受电力伤害，持续10秒。,1,1,钳子箱 × 20；传奇铠甲箱 × 10；铜线 × 15；铁皮 × 20；螺丝钉 × 15；钢锭 × 10,玛瑙突击步枪 × 1,,
恶龙拳刃,制作配方,赋予主动能力“龙击”：造成1000点范围伤害并致盲敌人，之后拳刃对你前方锥形范围内的敌人造成伤害，持续5秒。,1,1,钳子箱 × 20；传奇铠甲箱 × 10；铜线 × 15；铁皮 × 20；螺丝钉 × 15；钢锭 × 10,恶龙拳刃 × 1,,
黑帮宝塔,制作配方,黑帮认为他们阵亡战士的灵魂在宝塔上的灯笼里闪耀。,999,1,宝塔屋顶零件 × 20；优质木板 × 15；建筑混凝土 × 20；螺丝钉 × 20,黑帮宝塔 × 1,建筑师桌；Lvl 2 Architect's Table；Lvl 3 Architect's Table,
修理：Intra-9,修理配方,,1,600,Intra-9 × 1；传奇铠甲箱 × 10,Intra-9 × 1,1级修理工作台；2级修理工作台；3级修理工作台；2级修理工作台；4级修理工作台,
修理：雷暴-A“黎明”,修理配方,,1,600,雷暴-A“黎明” × 1；传奇铠甲箱 × 10,雷暴-A“黎明” × 1,1级修理工作台；2级修理工作台；3级修理工作台；2级修理工作台；4级修理工作台,
修理：火神十字弓,修理配方,,1,600,火神十字弓 × 1；传奇铠甲箱 × 10,火神十字弓 × 1,1级修理工作台；2级修理工作台；3级修理工作台；2级修理工作台；4级修理工作台,
修理：捕食者加特林机枪,修理配方,,1,43200,捕食者加特林机枪 × 1；完美武器箱子 × 15,捕食者加特林机枪 × 1,4级修理工作台,
火神十字弓,制作配方,LRS战士很熟悉如何在仓库下水道中杀敌：通过潜行和火焰伤害。,1,1,火神十字弓零件 × 20；钢筋 × 30；传奇铠甲箱 × 5；螺丝钉 × 10；金属屑 × 10,火神十字弓 × 1,,
雷暴-A“黎明”,制作配方,特殊的LRS武器。对易受热能攻击伤害的敌人非常有效。,1,1,雷暴-A“黎明”零件 × 20；传奇铠甲箱 × 5；铁锭 × 10；砂纸 × 15；牛皮胶布 × 12,雷暴-A“黎明” × 1,,
Intra-9,制作配方,为守卫储藏室和鹰队阵地其他设施的哨兵提供的标准武器。,1,1,Intra-9突击步枪零件 × 20；螺丝钉 × 10；传奇铠甲箱 × 5；铁皮 × 10；铜线 × 10,Intra-9 × 1,,
燃烧判决,制作配方,赋予主动能力“火线”：射击穿透所有敌人并使其着火，并有很高的几率造成暴击伤害。,1,1,燃烧判决左轮手枪零件 × 20；液态锌 × 20；传奇铠甲箱 × 10；钢锭 × 10；电线 × 7；弹簧 × 10,燃烧判决 × 1,,
捕食者加特林机枪,制作配方,赋予主动能力“盗窃”：有几率恢复20秒内因造成的伤害而损失的生命值的3%，最多叠加20 次。减少敌人的伤害30%。,112,1,捕食者加特林机枪零件 × 20；传奇铠甲箱 × 10；铜线 × 15；铁皮 × 20；螺丝钉 × 15；钢锭 × 10,捕食者加特林机枪 × 1,,
血手榴弹,制作配方,“该死的混蛋，这些食尸鬼现在自己产出了手榴弹？天啊！接下来还会出现什么，见鬼的加特林机枪？” — 克里姆。,1,1,血手榴弹零件 × 10；钢筋 × 10；硫磺 × 5,血手榴弹 × 5,,
神器存储库,制作配方,存储库中的每个神器都被存放在一个单独的栏位中，该栏位具有定制的安全存储系统。,1,1,伽马射线高温计 × 20；螺丝钉 × 15；钢锭 × 10；铜线 × 20；松木板材 × 10,神器存储库 × 1,建筑师桌,
血乔木,制作配方,共生树的血色树枝慢慢地摸索着强化玻璃制成的穹顶，似乎在寻找一条出路。,1,1,血色幼苗 × 20；铜线 × 20；牛皮胶布 × 20；橡胶 × 20；铁锭 × 15,血乔木 × 1,建筑师桌；Lvl 2 Architect's Table；Lvl 3 Architect's Table,
修理：燃烧判决,修理配方,,1,43200,燃烧判决 × 1；完美武器箱子 × 15,燃烧判决 × 1,4级修理工作台,
警戒线-M头盔,制作配方,战士们在无休止的守望中需要一点信仰。据说，除非红色条纹不见了，你都不会受到头部伤害。,1,1,钛合金 × 10；防弹尼龙 × 20；传奇工具 × 5；鞣制皮革 × 2；棉布 × 6；铁皮 × 10,警戒线-M头盔 × 1,科技站A-1,
警戒线-M铠甲,制作配方,要塞兵团的突击营铠甲是为了消除突破口和越过警戒线的自杀式外出行动而开发的。,1,1,钛合金 × 10；防弹尼龙 × 20；传奇工具 × 5；鞣制皮革 × 8；棉布 × 14；铁皮 × 20,警戒线-M铠甲 × 1,科技站A-1,
修理：旧的SPAS-12,修理配方,,1,600,旧的SPAS-12 × 1；常见铠甲箱 × 12,旧的SPAS-12 × 1,1级修理工作台；2级修理工作台；3级修理工作台；2级修理工作台；4级修理工作台,
枢机主教头冠,制作配方,“愿它的重量永远伴随着我，并消除任何疑虑。”——来自枢机主教的入会祈祷。,1,1,钛板 × 20；传奇工具 × 7；皮革 × 20；棉布 × 15；凯芙拉 × 15；钢锭 × 10,枢机主教头冠 × 1,,
枢机主教长袍,制作配方,教“我的身体在永恒之火中洗净了罪孽，我相信核辉光的慈悲和保护。”——来自枢机主教的入会祈祷。,1,1,钛板 × 20；传奇工具 × 5；皮革 × 15；棉布 × 10；凯芙拉 × 12；钢锭 × 7,枢机主教长袍 × 1,,
枢机主教法衣,制作配方,“我屈膝发下永恒的誓言，以实现您的光明意志。”——来自枢机主教的入会祈祷。,1,1,钛板 × 20；传奇工具 × 5；皮革 × 15；棉布 × 10；凯芙拉 × 12；钢锭 × 7,枢机主教法衣 × 1,,
枢机主教靴子,制作配方,“……通过我们的救赎行军，把世界变成灰烬和烟尘。赞美核辉光。”——来自枢机主教的入会祈祷。,1,1,钛板 × 20；传奇工具 × 5；皮革 × 15；棉布 × 10；凯芙拉 × 12；钢锭 × 7,枢机主教靴子 × 1,,
枢机主教铠甲长袍,制作配方,“我加强我的身体和信仰，以消除对死亡的恐惧，而将它施加给被误导的人。”——来自枢机主教的入会祈祷。,1,1,钛板 × 20；传奇工具 × 7；皮革 × 20；棉布 × 15；凯芙拉 × 15；钢锭 × 10,枢机主教铠甲长袍 × 1,,
修理：最终忏悔枪,修理配方,,1,600,最终忏悔枪 × 1；传奇铠甲箱 × 10,最终忏悔枪 × 1,1级修理工作台；2级修理工作台；3级修理工作台；2级修理工作台；4级修理工作台,
修理：改装的火枪,修理配方,,1,600,改装的火枪 × 1；传奇铠甲箱 × 10,改装的火枪 × 1,1级修理工作台；2级修理工作台；3级修理工作台；2级修理工作台；4级修理工作台,
修理：SVD-A冰霜,修理配方,,1,43200,SVD-A冰霜 × 1；完美武器箱子 × 15,SVD-A冰霜 × 1,4级修理工作台,
狂腐士圣礼盒,制作配方,“让得到净化的人变得更强！使他们成为你的天使！给他们你的火焰！让他们的力量充满我们！”——摘自圣礼盒旁狂腐士的祷文。,999,1,钨棒 × 20；铅 × 5；铁皮 × 15；螺丝钉 × 10；金属屑 × 5,狂腐士圣礼盒 × 1,建筑师桌；Lvl 2 Architect's Table；Lvl 3 Architect's Table,
焚化炉柱体,制作配方,“永恒之火受制，坟墓火焰受制，所有火焰都受制于荣耀盲者的意志。”——来自狂腐士的祈祷。,999,1,抗热格栅 × 20；狂腐火炬 × 4；建筑花岗岩 × 20,焚化炉柱体 × 1,建筑师桌；Lvl 2 Architect's Table；Lvl 3 Architect's Table,
玫瑰果根药水,制作配方,用来治疗严重烧伤的药品中的主要成分之一。,0,600,玫瑰果根 × 5；水 × 2；空瓶 × 1,玫瑰果根药水 × 1,,
修理：坟墓探索枪,修理配方,,1,600,坟墓探索枪 × 1；传奇铠甲箱 × 10,坟墓探索枪 × 1,1级修理工作台；2级修理工作台；3级修理工作台；2级修理工作台；4级修理工作台,
最终忏悔枪,制作配方,焚化场里摆满了第一次领地入侵的战利品。这些步枪是对失去生命的要塞兵团战士的悲哀留念。,1,1,金刚石锉刀文件 × 20；传奇铠甲箱 × 7；铜线 × 10；牛皮胶布 × 15；铁锭 × 15,最终忏悔枪 × 1,,
永恒礼仪,制作配方,获得主动能力“掌控身体”，暂时免疫任何减速效果。,1,1,钳子箱 × 20；传奇铠甲箱 × 10；铜线 × 15；铁皮 × 20；螺丝钉 × 15；钢锭 × 10,永恒礼仪 × 1,,
坟墓探索枪,制作配方,当炽热弹丸的爆炸声与异教徒痛苦挣扎的尖叫声交织在一起时，狂腐士开始颤抖。,1,1,金刚石锉刀文件 × 20；传奇铠甲箱 × 7；铜线 × 10；牛皮胶布 × 15；铁锭 × 15,坟墓探索枪 × 1,,
SVD-A冰霜,制作配方,赋予主动能力“冰壳”：选定的目标受到更高的伤害，同时降低50%的奔跑速度和攻击力。,1,1,钳子箱 × 20；传奇铠甲箱 × 10；铜线 × 15；铁皮 × 20；螺丝钉 × 15；钢锭 × 10,SVD-A冰霜 × 1,,
暗物质手榴弹,制作配方,“我确认，对抗任何类型的异象的有效性提高了。暗物质的整体破坏效果和使用速度也非常出色。”——摘自[已删除]的一份报告。,1,86.4,暗物质外壳零件 × 1,暗物质手榴弹 × 5,晶体树,
“西格玛-M” D- 冲锋枪,制作配方,赋予主动能力“电击”，对目标周围造成范围伤害并令敌人麻痹。,1,1,钳子箱 × 20；传奇铠甲箱 × 10；铜线 × 15；铁皮 × 20；螺丝钉 × 15；钢锭 × 10,“西格玛-M” D-冲锋枪 × 1,,
“幽灵”SCAR-H,制作配方,赋予主动能力“鹰之投掷”，在角色前方的区域内发射散弹。有3发充能攻击。,1,1,钳子箱 × 20；传奇铠甲箱 × 10；铜线 × 15；铁皮 × 20；螺丝钉 × 15；钢锭 × 10,“幽灵”SCAR-H × 1,,
修理：“西格玛-M” D-冲锋枪,修理配方,,1,43200,“西格玛-M” D-冲锋枪 × 1；完美武器箱子 × 15,“西格玛-M” D-冲锋枪 × 1,4级修理工作台,
修理：“幽灵”SCAR-H,修理配方,,1,43200,“幽灵”SCAR-H × 1；完美武器箱子 × 15,“幽灵”SCAR-H × 1,4级修理工作台,
2级送葬者工作台,设施操作,用这个工作台来加工木材和做木工活。,1,0.001,基地G-2蓝图 × 20；铁锭 × 20；橡胶软管 × 10；铜线 × 20；牛皮胶布 × 30,,,
喷泉-E模块,制作配方,研究所的一项独特成就：一个可以生产神器的单位。 以前，只有异象能够做到这一点。,999,1,兄弟会音频说明 × 20；铜线 × 20；牛皮胶布 × 20；橡胶 × 20；铁锭 × 15,喷泉-E模块 × 1,建筑师桌；Lvl 2 Architect's Table；Lvl 3 Architect's Table,
兔子CHAP-M,制作配方,这个CHAP的节日外表，对由该CHAP控制的工作台上攻击装备的生产没有任何影响。,999,1,兄弟会图书管理员的说明 × 20；法贝热模块 × 1；铜线 × 10；钢锭 × 15；建筑花岗岩 × 10；螺丝钉 × 15,兔子CHAP-M × 1,建筑师桌；Lvl 2 Architect's Table；Lvl 3 Architect's Table,
2级木板储藏室,制作配方,专门用来存放木板的容器，不能用来存放其他物品，但如果你需要存放大量的木材，那就非常有用。,1,1,箱子配件 × 30；木板储藏库 × 1；螺丝钉 × 15；钢锭 × 10；铜线 × 20；松木板材 × 10,2级木板储藏室 × 1,,
2级金属储藏室,制作配方,专门用来存放金属的容器，不能用来存放其他物品，但如果你需要存放大量的金属，那就非常有用。,1,1,箱子配件 × 30；金属储藏库 × 1；螺丝钉 × 15；钢锭 × 10；铜线 × 20；松木板材 × 10,2级金属储藏室 × 1,,
修理：春季-M火箭筒,修理配方,,1,43200,春季-M火箭筒 × 1；完美武器箱子 × 15,春季-M火箭筒 × 1,4级修理工作台,
修理：SPAS-M阳光,修理配方,,1,43200,SPAS-M阳光 × 1；完美武器箱子 × 15,SPAS-M阳光 × 1,4级修理工作台,
SPAS-M阳光,制作配方,赋予主动能力“枪手”：向目标发射火箭攻击，造成范围伤害。,1,1,钳子箱 × 20；传奇铠甲箱 × 10；铜线 × 15；铁皮 × 20；螺丝钉 × 15；钢锭 × 10,SPAS-M阳光 × 1,,
春季-M火箭筒,制作配方,赋予主动能力“四射”：对目标进行一系列四次射击，造成范围伤害。,1,1,钳子箱 × 20；传奇铠甲箱 × 10；铜线 × 15；铁皮 × 20；螺丝钉 × 15；钢锭 × 10,春季-M火箭筒 × 1,,
复活节背囊,制作配方,这个背包可以塞满节日的食物，而且还有空间放置密封彩蛋和武器。,1,1,背包配件 × 15；钢锭 × 10；棉布 × 12；橡胶 × 15；牛皮胶布 × 12,复活节背囊 × 1,,
矮胖子,制作配方,,1,43.2,,矮胖子 × 1,兔子CHAP-M,
编码器,制作配方,带有盟友地点坐标的加密信息块。,1,72,,编码器 × 27,1级盟友召唤控制器,
编码器,制作配方,带有盟友地点坐标的加密信息块。,1,72,,编码器 × 33,,
霍坎十字弓,制作配方,赋予一项自动能力：玉盾。攻击你的敌人会受到坟墓火焰伤害。,1,1,钳子箱 × 20；传奇铠甲箱 × 10；铜线 × 15；铁皮 × 20；螺丝钉 × 15；钢锭 × 10,霍坎十字弓 × 1,,
蓝色薄纱,制作配方,,1,72,,蓝色薄纱 × 4,喷泉-E模块,
神器改造水洗绷带,制作配方,经过蓝色薄纱神器处理的绷带和敷料能更有效地恢复生命值。,1,60,蓝色薄纱 × 1；生产水洗绷带 × 1,神器改造水洗绷带 × 1,1级治疗师桌；2级治疗师桌；3级治疗师桌,
神器改造绷带,制作配方,经过蓝色薄纱神器处理的绷带和敷料能更有效地恢复生命值。,1,180,蓝色薄纱 × 1；绷带 × 1,神器改造绷带 × 1,1级治疗师桌；2级治疗师桌；3级治疗师桌,
神器改造伤口敷料,制作配方,经过蓝色薄纱神器处理的绷带和敷料能更有效地恢复生命值。,1,300,蓝色薄纱 × 1；伤口敷料 × 1,神器改造伤口敷料 × 1,1级治疗师桌；2级治疗师桌；3级治疗师桌,
2级送葬者工作台,设施操作,用这个工作台来加工木材和做木工活。,1,0.001,基地G-2蓝图 × 20；铁皮 × 15；牛皮胶布 × 30；细麻绳 × 20；建筑混凝土 × 20,,,
经验性补品,制作配方,一种刺激认知能力和增加盟友经验的神经递质的解决方案。,1,72,,经验性补品 × 100,1级训练室,
经验性补品,制作配方,一种刺激认知能力和增加盟友经验的神经递质的解决方案。,1,72,,经验性补品 × 200,,
2级侦察桌,设施操作,用这个工作台来加工木材和做木工活。,1,0.001,G-2雷达模块 × 5；铁皮 × 20；齿轮 × 15；螺丝钉 × 25；芯片 × 10,,,
3级侦察桌,设施操作,用这个工作台来加工木材和做木工活。,1,0.001,G-3雷达模块 × 5；电线 × 20；铅 × 15；铁管 × 25；金属屑 × 20,,,
4级侦察桌,设施操作,用这个工作台来加工木材和做木工活。,1,0.001,G-4雷达模块 × 5；弹簧 × 15；电线 × 35；螺纹 × 15；塑料 × 25；玻璃 × 15,,,
2级盟友储藏室,设施操作,,1,0.001,基地G-2蓝图 × 20；2级盒子 × 1；铁皮 × 20；铅 × 15；抛光木板 × 15,,,
3级盟友储藏室,设施操作,,1,0.001,基地G-3蓝图 × 20；3级盒子 × 1；螺丝钉 × 30；建筑混凝土 × 20；铁管 × 20,,,
2级送葬者工作台,设施操作,用这个工作台来加工木材和做木工活。,1,0.001,基地G-3蓝图 × 20；铁管 × 20；电线 × 30；螺丝钉 × 40；金属屑 × 15,,,
2级送葬者工作台,设施操作,用这个工作台来加工木材和做木工活。,1,0.001,基地G-2蓝图 × 20；建筑混凝土 × 20；铁皮 × 15；橡胶软管 × 15；芯片 × 20,,,
2级送葬者工作台,设施操作,用这个工作台来加工木材和做木工活。,1,0.001,基地G-3蓝图 × 20；砂纸 × 15；金属屑 × 30；建筑混凝土 × 25；塑料 × 15,,,
小型能量强化器,制作配方,,1,64.8,,小型能量强化器 × 1,1级盟友能量设备,
小型能量强化器,制作配方,,1,54,,小型能量强化器 × 1,,
小型能量强化器,制作配方,,1,43.2,,小型能量强化器 × 1,,
编码器,制作配方,,1,72,,编码器 × 40,,
2级送葬者工作台,设施操作,用这个工作台来加工木材和做木工活。,1,0.001,基地G-3蓝图 × 20；铁管 × 15；金属屑 × 25；砂纸 × 20；建筑混凝土 × 15,,,
编码器,制作配方,,1,72,,编码器 × 50,,
2级送葬者工作台,设施操作,用这个工作台来加工木材和做木工活。,1,0.001,基地G-4蓝图 × 20；弹簧 × 20；钢板 × 25；铅 × 30；玻璃 × 20；塑料 × 15,,,
2级送葬者工作台,设施操作,用这个工作台来加工木材和做木工活。,1,0.001,基地G-4蓝图 × 20；钢板 × 20；防水布 × 15；螺纹 × 10；凯芙拉 × 15；弹簧 × 25,,,
4级盟友储藏室,设施操作,,1,0.001,基地G-4蓝图 × 20；4级盒子 × 1；防水布 × 15；凯芙拉 × 15；钢锭 × 25；螺纹 × 15,,,
经验性补品,制作配方,一种刺激认知能力和增加盟友经验的神经递质的解决方案。,1,72,,经验性补品 × 300,,
经验性补品,制作配方,一种刺激认知能力和增加盟友经验的神经递质的解决方案。,1,72,,经验性补品 × 450,,
修理：镜头-1A面罩,修理配方,,1,600,镜头-1A面罩 × 1；常规调整礼包 × 10,镜头-1A面罩 × 1,1级修理工作台；2级修理工作台；3级修理工作台；2级修理工作台；4级修理工作台,
修理：镜头-1B面罩,修理配方,,1,600,镜头-1B面罩 × 1；常规调整礼包 × 10,镜头-1B面罩 × 1,1级修理工作台；2级修理工作台；3级修理工作台；2级修理工作台；4级修理工作台,
修理：镜头-1C面罩,修理配方,,1,600,镜头-1C面罩 × 1；常规调整礼包 × 10,镜头-1C面罩 × 1,1级修理工作台；2级修理工作台；3级修理工作台；2级修理工作台；4级修理工作台,
修理：镜头-1D面罩,修理配方,,1,600,镜头-1D面罩 × 1；常规调整礼包 × 10,镜头-1D面罩 × 1,1级修理工作台；2级修理工作台；3级修理工作台；2级修理工作台；4级修理工作台,
修理：镜头-1E面罩,修理配方,,1,600,镜头-1E面罩 × 1；常规调整礼包 × 10,镜头-1E面罩 × 1,1级修理工作台；2级修理工作台；3级修理工作台；2级修理工作台；4级修理工作台,
修理：刺激-1A模块,修理配方,,1,600,刺激-1A模块 × 1；常规调整礼包 × 10,刺激-1A模块 × 1,1级修理工作台；2级修理工作台；3级修理工作台；2级修理工作台；4级修理工作台,
修理：刺激-1B模块,修理配方,,1,600,刺激-1B模块 × 1；常规调整礼包 × 10,刺激-1B模块 × 1,1级修理工作台；2级修理工作台；3级修理工作台；2级修理工作台；4级修理工作台,
修理：刺激-1C模块,修理配方,,1,600,刺激-1C模块 × 1；常规调整礼包 × 10,刺激-1C模块 × 1,1级修理工作台；2级修理工作台；3级修理工作台；2级修理工作台；4级修理工作台,
修理：刺激-1D模块,修理配方,,1,600,刺激-1D模块 × 1；常规调整礼包 × 10,刺激-1D模块 × 1,1级修理工作台；2级修理工作台；3级修理工作台；2级修理工作台；4级修理工作台,
修理：刺激-1E模块,修理配方,,1,600,刺激-1E模块 × 1；常规调整礼包 × 10,刺激-1E模块 × 1,1级修理工作台；2级修理工作台；3级修理工作台；2级修理工作台；4级修理工作台,
修理：骑士-1A背心,修理配方,,1,600,骑士-1A背心 × 1；常规调整礼包 × 10,骑士-1A背心 × 1,1级修理工作台；2级修理工作台；3级修理工作台；2级修理工作台；4级修理工作台,
修理：骑士-1B背心,修理配方,,1,600,骑士-1B背心 × 1；常规调整礼包 × 10,骑士-1B背心 × 1,1级修理工作台；2级修理工作台；3级修理工作台；2级修理工作台；4级修理工作台,
修理：骑士-1C背心,修理配方,,1,600,骑士-1C背心 × 1；常规调整礼包 × 10,骑士-1C背心 × 1,1级修理工作台；2级修理工作台；3级修理工作台；2级修理工作台；4级修理工作台,
修理：骑士-1D背心,修理配方,,1,600,骑士-1D背心 × 1；常规调整礼包 × 10,骑士-1D背心 × 1,1级修理工作台；2级修理工作台；3级修理工作台；2级修理工作台；4级修理工作台,
修理：骑士-1E背心,修理配方,,1,600,骑士-1E背心 × 1；常规调整礼包 × 10,骑士-1E背心 × 1,1级修理工作台；2级修理工作台；3级修理工作台；2级修理工作台；4级修理工作台,
修理：猎户座-1A皮带,修理配方,,1,600,猎户座-1A皮带 × 1；常规调整礼包 × 10,猎户座-1A皮带 × 1,1级修理工作台；2级修理工作台；3级修理工作台；2级修理工作台；4级修理工作台,
修理：猎户座-1B皮带,修理配方,,1,600,猎户座-1B皮带 × 1；常规调整礼包 × 10,猎户座-1B皮带 × 1,1级修理工作台；2级修理工作台；3级修理工作台；2级修理工作台；4级修理工作台,
修理：猎户座-1C皮带,修理配方,,1,600,猎户座-1C皮带 × 1；常规调整礼包 × 10,猎户座-1C皮带 × 1,1级修理工作台；2级修理工作台；3级修理工作台；2级修理工作台；4级修理工作台,
修理：猎户座-1D皮带,修理配方,,1,600,猎户座-1D皮带 × 1；常规调整礼包 × 10,猎户座-1D皮带 × 1,1级修理工作台；2级修理工作台；3级修理工作台；2级修理工作台；4级修理工作台,
修理：猎户座-1E皮带,修理配方,,1,600,猎户座-1E皮带 × 1；常规调整礼包 × 10,猎户座-1E皮带 × 1,1级修理工作台；2级修理工作台；3级修理工作台；2级修理工作台；4级修理工作台,
修理：镜头-2A面罩,修理配方,,1,3600,镜头-2A面罩 × 1；稀有调整礼包 × 10,镜头-2A面罩 × 1,2级修理工作台；3级修理工作台；2级修理工作台；4级修理工作台,
修理：镜头-2B面罩,修理配方,,1,3600,镜头-2B面罩 × 1；稀有调整礼包 × 10,镜头-2B面罩 × 1,2级修理工作台；3级修理工作台；2级修理工作台；4级修理工作台,
修理：镜头-2C面罩,修理配方,,1,3600,镜头-2C面罩 × 1；稀有调整礼包 × 10,镜头-2C面罩 × 1,2级修理工作台；3级修理工作台；2级修理工作台；4级修理工作台,
修理：镜头-2D面罩,修理配方,,1,3600,镜头-2D面罩 × 1；稀有调整礼包 × 10,镜头-2D面罩 × 1,2级修理工作台；3级修理工作台；2级修理工作台；4级修理工作台,
修理：镜头-2E面罩,修理配方,,1,3600,镜头-2E面罩 × 1；稀有调整礼包 × 10,镜头-2E面罩 × 1,2级修理工作台；3级修理工作台；2级修理工作台；4级修理工作台,
修理：刺激-2A模块,修理配方,,1,3600,刺激-2A模块 × 1；稀有调整礼包 × 10,刺激-2A模块 × 1,2级修理工作台；3级修理工作台；2级修理工作台；4级修理工作台,
修理：刺激-2B模块,修理配方,,1,3600,刺激-2B模块 × 1；稀有调整礼包 × 10,刺激-2B模块 × 1,2级修理工作台；3级修理工作台；2级修理工作台；4级修理工作台,
修理：刺激-2C模块,修理配方,,1,3600,刺激-2C模块 × 1；稀有调整礼包 × 10,刺激-2C模块 × 1,2级修理工作台；3级修理工作台；2级修理工作台；4级修理工作台,
修理：刺激-2D模块,修理配方,,1,3600,刺激-2D模块 × 1；稀有调整礼包 × 10,刺激-2D模块 × 1,2级修理工作台；3级修理工作台；2级修理工作台；4级修理工作台,
修理：刺激-2E模块,修理配方,,1,3600,刺激-2E模块 × 1；稀有调整礼包 × 10,刺激-2E模块 × 1,2级修理工作台；3级修理工作台；2级修理工作台；4级修理工作台,
修理：骑士-2A背心,修理配方,,1,3600,骑士-2A背心 × 1；稀有调整礼包 × 10,骑士-2A背心 × 1,2级修理工作台；3级修理工作台；2级修理工作台；4级修理工作台,
修理：骑士-2B背心,修理配方,,1,3600,骑士-2B背心 × 1；稀有调整礼包 × 10,骑士-2B背心 × 1,2级修理工作台；3级修理工作台；2级修理工作台；4级修理工作台,
修理：骑士-2C背心,修理配方,,1,3600,骑士-2C背心 × 1；稀有调整礼包 × 10,骑士-2C背心 × 1,2级修理工作台；3级修理工作台；2级修理工作台；4级修理工作台,
修理：骑士-2D背心,修理配方,,1,3600,骑士-2D背心 × 1；稀有调整礼包 × 10,骑士-2D背心 × 1,2级修理工作台；3级修理工作台；2级修理工作台；4级修理工作台,
修理：骑士-2E背心,修理配方,,1,3600,骑士-2E背心 × 1；稀有调整礼包 × 10,骑士-2E背心 × 1,2级修理工作台；3级修理工作台；2级修理工作台；4级修理工作台,
修理：猎户座-2A皮带,修理配方,,1,3600,猎户座-2A皮带 × 1；稀有调整礼包 × 10,猎户座-2A皮带 × 1,2级修理工作台；3级修理工作台；2级修理工作台；4级修理工作台,
修理：猎户座-2B皮带,修理配方,,1,3600,猎户座-2B皮带 × 1；稀有调整礼包 × 10,猎户座-2B皮带 × 1,2级修理工作台；3级修理工作台；2级修理工作台；4级修理工作台,
修理：猎户座-2C皮带,修理配方,,1,3600,猎户座-2C皮带 × 1；稀有调整礼包 × 10,猎户座-2C皮带 × 1,2级修理工作台；3级修理工作台；2级修理工作台；4级修理工作台,
修理：猎户座-2D皮带,修理配方,,1,3600,猎户座-2D皮带 × 1；稀有调整礼包 × 10,猎户座-2D皮带 × 1,2级修理工作台；3级修理工作台；2级修理工作台；4级修理工作台,
修理：猎户座-2E皮带,修理配方,,1,3600,猎户座-2E皮带 × 1；稀有调整礼包 × 10,猎户座-2E皮带 × 1,2级修理工作台；3级修理工作台；2级修理工作台；4级修理工作台,
修理：镜头-3A面罩,修理配方,,1,21600,镜头-3A面罩 × 1；独特调整礼包 × 10,镜头-3A面罩 × 1,4级修理工作台,
修理：镜头-3B面罩,修理配方,,1,21600,镜头-3B面罩 × 1；独特调整礼包 × 10,镜头-3B面罩 × 1,4级修理工作台,
修理：镜头-3C面罩,修理配方,,1,21600,镜头-3C面罩 × 1；独特调整礼包 × 10,镜头-3C面罩 × 1,4级修理工作台,
修理：镜头-3D面罩,修理配方,,1,21600,镜头-3D面罩 × 1；独特调整礼包 × 10,镜头-3D面罩 × 1,4级修理工作台,
修理：镜头-3E面罩,修理配方,,1,21600,镜头-3E面罩 × 1；独特调整礼包 × 10,镜头-3E面罩 × 1,4级修理工作台,
修理：刺激-3A模块,修理配方,,1,21600,刺激-3A模块 × 1；独特调整礼包 × 10,刺激-3A模块 × 1,4级修理工作台,
修理：刺激-3B模块,修理配方,,1,21600,刺激-3B模块 × 1；独特调整礼包 × 10,刺激-3B模块 × 1,4级修理工作台,
修理：刺激-3C模块,修理配方,,1,21600,刺激-3C模块 × 1；独特调整礼包 × 10,刺激-3C模块 × 1,4级修理工作台,
修理：刺激-3D模块,修理配方,,1,21600,刺激-3D模块 × 1；独特调整礼包 × 10,刺激-3D模块 × 1,4级修理工作台,
修理：刺激-3E模块,修理配方,,1,21600,刺激-3E模块 × 1；独特调整礼包 × 10,刺激-3E模块 × 1,4级修理工作台,
修理：骑士-3A背心,修理配方,,1,21600,骑士-3A背心 × 1；独特调整礼包 × 10,骑士-3A背心 × 1,4级修理工作台,
修理：骑士-3B背心,修理配方,,1,21600,骑士-3B背心 × 1；独特调整礼包 × 10,骑士-3B背心 × 1,4级修理工作台,
修理：骑士-3C背心,修理配方,,1,21600,骑士-3C背心 × 1；独特调整礼包 × 10,骑士-3C背心 × 1,4级修理工作台,
修理：骑士-3D背心,修理配方,,1,21600,骑士-3D背心 × 1；独特调整礼包 × 10,骑士-3D背心 × 1,4级修理工作台,
修理：骑士-3E背心,修理配方,,1,21600,骑士-3E背心 × 1；独特调整礼包 × 10,骑士-3E背心 × 1,4级修理工作台,
修理：猎户座-3A皮带,修理配方,,1,21600,猎户座-3A皮带 × 1；独特调整礼包 × 10,猎户座-3A皮带 × 1,4级修理工作台,
修理：猎户座-3B皮带,修理配方,,1,21600,猎户座-3B皮带 × 1；独特调整礼包 × 10,猎户座-3B皮带 × 1,4级修理工作台,
修理：猎户座-3C皮带,修理配方,,1,21600,猎户座-3C皮带 × 1；独特调整礼包 × 10,猎户座-3C皮带 × 1,4级修理工作台,
修理：猎户座-3D皮带,修理配方,,1,21600,猎户座-3D皮带 × 1；独特调整礼包 × 10,猎户座-3D皮带 × 1,4级修理工作台,
修理：猎户座-3E皮带,修理配方,,1,21600,猎户座-3E皮带 × 1；独特调整礼包 × 10,猎户座-3E皮带 × 1,4级修理工作台,
2级送葬者工作台,设施操作,用这个工作台来加工木材和做木工活。,1,0.001,基地G-4蓝图 × 20；钢锭 × 30；凯芙拉 × 15；铅 × 25；玻璃 × 15；发动机零件 × 15,,,
小型能量强化器,制作配方,,1,36,,小型能量强化器 × 1,,
1级撬锁工具,制作配方,用于撬开锁的工具。,20,1,铜线 × 1；钢筋 × 1,1级撬锁工具 × 1,,
2级撬锁工具,制作配方,用于撬开锁的工具。,20,1,牛皮胶布 × 2；铜线 × 2；铁锭 × 1,2级撬锁工具 × 1,,
4级撬锁工具,制作配方,用于撬开锁的工具。,110,1,平锉刀 × 2；铜线 × 2；钢锭 × 2；弹簧 × 2,4级撬锁工具 × 1,,
修理：骑士-1A背心,修理配方,,1,600,骑士-1A背心 × 1；常规调整礼包 × 10,骑士-1A背心 × 1,1级修理工作台；2级修理工作台；3级修理工作台；2级修理工作台；4级修理工作台,
修理：鹰队EM,修理配方,,1,600,传奇铠甲箱 × 10；鹰队EM × 1,鹰队EM × 1；未命名档案 × 1,1级修理工作台；2级修理工作台；3级修理工作台；2级修理工作台；4级修理工作台,
修理：鹰队M107黑色,修理配方,,1,600,传奇铠甲箱 × 10；鹰队M107黑色 × 1,鹰队M107黑色 × 1；未命名档案 × 1,1级修理工作台；2级修理工作台；3级修理工作台；2级修理工作台；4级修理工作台,
修理：刘易斯·麦克莱恩,修理配方,,1,43200,刘易斯·麦克莱恩 × 1；完美武器箱子 × 15,刘易斯·麦克莱恩 × 1,4级修理工作台,
修理：黄蜂复合弓,修理配方,,1,43200,黄蜂复合弓 × 1；完美武器箱子 × 15,黄蜂复合弓 × 1,4级修理工作台,
修理：鹰队AF爱国者,修理配方,,1,43200,鹰队AF爱国者 × 1；完美武器箱子 × 15,鹰队AF爱国者 × 1,4级修理工作台,
修理：游骑兵面罩,修理配方,,1,21600,游骑兵面罩 × 1；独特调整礼包 × 10,游骑兵面罩 × 1,4级修理工作台,
修理：游骑兵腕带,修理配方,,1,21600,游骑兵腕带 × 1；独特调整礼包 × 10,游骑兵腕带 × 1,4级修理工作台,
修理：游骑兵背心,修理配方,,1,21600,游骑兵背心 × 1；独特调整礼包 × 10,游骑兵背心 × 1,4级修理工作台,
修理：游骑兵皮带,修理配方,,1,21600,游骑兵皮带 × 1；独特调整礼包 × 10,游骑兵皮带 × 1,4级修理工作台,
鹰队EM,制作配方,实验性的速射突击步枪。根据鹰队高层要求的特殊订单限量生产。,1,1,金刚石锉刀文件 × 20；传奇铠甲箱 × 7；铜线 × 10；牛皮胶布 × 15；铁锭 × 15,鹰队EM × 1；未命名档案 × 1,,
鹰队M107黑色,制作配方,这种大口径步枪的轻质枪身简化了射击过程，同时不会明显降低武器的耐用性。,1,1,金刚石锉刀文件 × 20；传奇铠甲箱 × 7；铜线 × 10；牛皮胶布 × 15；铁锭 × 15,鹰队M107黑色 × 1；未命名档案 × 1,,
刘易斯·麦克莱恩,制作配方,赋予主动能力“高炉”：提高射击速度并为攻击附加火焰伤害，持续短时间。持续时间：10秒冷却时间：16秒,1,1,钳子箱 × 20；传奇铠甲箱 × 10；铜线 × 15；铁皮 × 20；螺丝钉 × 15；钢锭 × 10,刘易斯·麦克莱恩 × 1,,
黄蜂复合弓,制作配方,"赋予主动能力“冲击标记”：对目标造成3,500点伤害和三倍的盟友伤害。",1,1,钳子箱 × 20；传奇铠甲箱 × 10；铜线 × 15；铁皮 × 20；螺丝钉 × 15；钢锭 × 10,黄蜂复合弓 × 1,,
鹰队AF爱国者,制作配方,赋予主动能力“鹰击”：榴弹射击造成范围伤害，并在对敌人造成伤害时施加50%的脆弱性，持续10秒。,1,1,钳子箱 × 20；传奇铠甲箱 × 10；铜线 × 15；铁皮 × 20；螺丝钉 × 15；钢锭 × 10,鹰队AF爱国者 × 1,,
鹰队工程师背包,制作配方,一个大背包。可以让你在外出时也能保持盟友设备的良好工作状态。,1,1,背包配件 × 30；钢锭 × 15；棉布 × 20；橡胶 × 30；牛皮胶布 × 30,鹰队工程师背包 × 1,,
修理：级联-5设备,修理配方,,1,43200,级联-5设备 × 1；完美武器箱子 × 15,级联-5设备 × 1,4级修理工作台,
修理：C96-A黑豹毛瑟枪,修理配方,,1,43200,C96-A黑豹毛瑟枪 × 1；完美武器箱子 × 15,C96-A黑豹毛瑟枪 × 1,4级修理工作台,
C96-A黑豹毛瑟枪,制作配方,赋予主动能力“寒冰法令”：对目标周围的敌人小队施加周期性寒冷伤害。敌人的生命值越低，它造成的伤害就越大。,1,1,钳子箱 × 20；传奇铠甲箱 × 10；铜线 × 15；铁皮 × 20；螺丝钉 × 15；钢锭 × 10,C96-A黑豹毛瑟枪 × 1,,
级联-5设备,制作配方,赋予主动能力“电流源”：给目标充能，对周围的敌人造成点伤害，持续5秒。有几率将其击晕。,1,1,钳子箱 × 20；传奇铠甲箱 × 10；铜线 × 15；铁皮 × 20；螺丝钉 × 15；钢锭 × 10,级联-5设备 × 1,,
三周年纪念碑,制作配方,象征着人类在利用最后的领地的变异能量方面的胜利。,999,1,天青液滴 × 20；建筑混凝土 × 20；铁锭 × 10；天青石 × 5；电线 × 15,三周年纪念碑 × 1,建筑师桌,
惩教员头盔,制作配方,扫描模块会将目标的弱点投影显示在防护盾上，并协助惩教部人员对敌人造成暴击伤害。,1,1,钛板 × 20；传奇工具 × 7；皮革 × 20；棉布 × 15；凯芙拉 × 15；钢锭 × 10,惩教员头盔 × 1,,
惩教员铠甲,制作配方,安装在肩部的视频记录和面部识别系统会记录事件现场并将信息传输给惩教部。,1,1,钛板 × 20；传奇工具 × 7；皮革 × 20；棉布 × 15；凯芙拉 × 15；钢锭 × 10,惩教员铠甲 × 1,,
惩教员背心,制作配方,根据惩教部部长、高级专家[数据已抹除]的命令，该装备在新黎明巡逻时可代替基本铠甲。,1,1,钛板 × 20；传奇工具 × 5；皮革 × 15；棉布 × 10；凯芙拉 × 12；钢锭 × 7,惩教员背心 × 1,,
惩教员裤子,制作配方,可靠的铠甲，在惩教员处理各种事故后果时不会限制他们的行动。,1,1,钛板 × 20；传奇工具 × 5；皮革 × 15；棉布 × 10；凯芙拉 × 12；钢锭 × 7,惩教员裤子 × 1,,
惩教员靴子,制作配方,轻便耐用的靴子，可在紧急情况下快速离开事故现场。,1,1,钛板 × 20；传奇工具 × 5；皮革 × 15；棉布 × 10；凯芙拉 × 12；钢锭 × 7,惩教员靴子 × 1,,
修理：镜头-4面罩,修理配方,,1,21600,镜头-4面罩 × 1；传奇调整礼包 × 10,镜头-4面罩 × 1,1级修理工作台；2级修理工作台；3级修理工作台；2级修理工作台；4级修理工作台,
修理：刺激-4模块,修理配方,,1,21600,刺激-4模块 × 1；传奇调整礼包 × 10,刺激-4模块 × 1,1级修理工作台；2级修理工作台；3级修理工作台；2级修理工作台；4级修理工作台,
修理：骑士-4背心,修理配方,,1,21600,骑士-4背心 × 1；传奇调整礼包 × 10,骑士-4背心 × 1,1级修理工作台；2级修理工作台；3级修理工作台；2级修理工作台；4级修理工作台,
修理：猎户座-4皮带,修理配方,,1,21600,猎户座-4皮带 × 1；传奇调整礼包 × 10,猎户座-4皮带 × 1,1级修理工作台；2级修理工作台；3级修理工作台；2级修理工作台；4级修理工作台,
修理：专家VSS Vintorez步枪,修理配方,,1,43200,专家VSS Vintorez步枪 × 1；专家武器箱子 × 15,专家VSS Vintorez步枪 × 1,4级修理工作台,
修理：专家Vintorez现代版步枪,修理配方,,1,43200,专家Vintorez现代版步枪 × 1；专家武器箱子 × 15,专家Vintorez现代版步枪 × 1,4级修理工作台,
修理：专家Vintorez暴击版步枪,修理配方,,1,43200,专家Vintorez暴击版步枪 × 1；专家武器箱子 × 15,专家Vintorez暴击版步枪 × 1,4级修理工作台,
修理：专家AK步枪,修理配方,,1,43200,专家AK步枪 × 1；专家武器箱子 × 15,专家AK步枪 × 1,4级修理工作台,
修理：专家AK现代版步枪,修理配方,,1,43200,专家AK现代版步枪 × 1；专家武器箱子 × 15,专家AK现代版步枪 × 1,4级修理工作台,
修理：专家AK通用版步枪,修理配方,,1,43200,专家AK通用版步枪 × 1；专家武器箱子 × 15,专家AK通用版步枪 × 1,4级修理工作台,
修理：专家SPAS伤害版散弹枪,修理配方,,1,43200,专家SPAS伤害版散弹枪 × 1；专家武器箱子 × 15,专家SPAS伤害版散弹枪 × 1,4级修理工作台,
修理：专家SPAS现代版散弹枪,修理配方,,1,43200,专家SPAS现代版散弹枪 × 1；专家武器箱子 × 15,专家SPAS现代版散弹枪 × 1,4级修理工作台,
修理：专家SPAS通用版散弹枪,修理配方,,1,43200,专家SPAS通用版散弹枪 × 1；专家武器箱子 × 15,专家SPAS通用版散弹枪 × 1,4级修理工作台,
专家AK步枪,制作配方,配备了最尖端的升级，充分发挥这种突击步枪的潜力需要特殊的技能。,1,1,专家AK步枪零件 × 20；铁管 × 20；弹簧 × 10；黑火药 × 10；坏了的 AKM × 10,专家AK步枪 × 1,科技站A-1,
自制麻袋,制作配方,用碎布缝成的袋子。 适用于携带不太大的物品。,1,1,碎布 × 5,自制麻袋 × 1,,
旅行背包M-1,制作配方,特别大， 可以往里面装口粮和战利品。,62,1,棉布 × 6；鞣制皮革 × 3；橡胶 × 10；细麻绳 × 10；牛皮胶布 × 5,旅行背包M-1 × 1,,
军队背包M-1,制作配方,一个大容量的背包， 可以装下很多战利品。,74,1,军队背包图样 × 10；背带和卡扣 × 10；钢板 × 10；细麻绳 × 20；鞣制皮革 × 20；棉布 × 20,军队背包M-1 × 1,,
送葬者背包M-1,制作配方,空间宽敞， 可以放置战利品和敌人头骨。,62,1,棉布 × 10；鞣制皮革 × 5；橡胶 × 12；细麻绳 × 12；酸 × 5；尖刺板 × 10,送葬者背包M-1 × 1,送葬者工作台；2级送葬者工作台；3级送葬者工作台；4级送葬者工作台,
修理：恶龙拳刃,修理配方,,1,43200,恶龙拳刃 × 1；完美武器箱子 × 15,恶龙拳刃 × 1,4级修理工作台,
修理：守护者面罩,修理配方,,1,21600,守护者面罩 × 1；传奇调整礼包 × 10,守护者面罩 × 1,1级修理工作台；2级修理工作台；3级修理工作台；2级修理工作台；4级修理工作台,
修理：守护者臂甲,修理配方,,1,21600,守护者臂甲 × 1；传奇调整礼包 × 10,守护者臂甲 × 1,1级修理工作台；2级修理工作台；3级修理工作台；2级修理工作台；4级修理工作台,
修理：守护者背心,修理配方,,1,21600,守护者背心 × 1；传奇调整礼包 × 10,守护者背心 × 1,1级修理工作台；2级修理工作台；3级修理工作台；2级修理工作台；4级修理工作台,
修理：守护者腰带,修理配方,,1,21600,守护者腰带 × 1；传奇调整礼包 × 10,守护者腰带 × 1,1级修理工作台；2级修理工作台；3级修理工作台；2级修理工作台；4级修理工作台,
修理：D-273设备,修理配方,,1,43200,D-273设备 × 1；完美武器箱子 × 15,D-273设备 × 1,4级修理工作台,
修理：冰霜黄蜂,修理配方,,1,600,冰霜黄蜂 × 1；传奇铠甲箱 × 10,冰霜黄蜂 × 1,1级修理工作台；2级修理工作台；3级修理工作台；2级修理工作台；4级修理工作台,
修理：昂贡的决心,修理配方,,1,43200,昂贡的决心 × 1；专家武器箱子 × 15,昂贡的决心 × 1,4级修理工作台,
昂贡的决心,制作配方,只有丹巴拉最忠心的少数特殊仆从才能从昂贡阿索格巫师本人手中拿到这把武器。,0,1,钳子箱 × 14；传奇铠甲箱 × 7；铜线 × 12；铁皮 × 15；螺丝钉 × 10；钢锭 × 7,昂贡的决心 × 1,,
修理：寒冷专家AK步枪,修理配方,,1,43200,寒冷专家AK步枪 × 1；专家武器箱子 × 15,寒冷专家AK步枪 × 1,4级修理工作台,
神经强化器,制作配方,激活后，它会影响你盟友的神经感知过程，并使他们的攻击更强大。,1,1,全息投影模块 × 20；铁锭 × 15；皮革 × 12；牛皮胶布 × 20；电线 × 15,神经强化器 × 1,建筑师桌,
神经集中器,制作配方,比神经强化器对盟友的神经系统具有更强的效果，让他们的攻击力更加强大。,1,1,全息投影模块 × 20；神经强化器 × 4；铁管 × 12；人造革 × 7；铅 × 10,神经集中器 × 1,建筑师桌,
Lvl 3 Architect's Table,制作配方,用这个工作台来加工木材和做木工活。,1,0.001,Детали для стола архитектора ур.3 × 10；螺丝钉 × 20；电线 × 40；钢板 × 20；RAM × 8；芯片 × 4,Lvl 3 Architect's Table × 1,,
Lvl 2 Architect's Table,制作配方,用这个工作台来加工木材和做木工活。,1,0.001,Детали для стола архитектора ур.2 × 10；钉子 × 30；铜线 × 20；士兵 × 5；抛光木板 × 30；铁管 × 20,Lvl 2 Architect's Table × 1,,
部落战士面具,制作配方,根据传说， 面具持有者的祖先会帮助他们更稳地投掷。,1,1,优质木板 × 10；亚麻布 × 6；碎布 × 15；牛皮胶布 × 8,部落战士面具 × 1,,
酋长皇冠,制作配方,只有最强壮的战士和最好的神枪手才能佩戴鹰羽王冠。,1,1,铁锭 × 3；缝线 × 8；碎布 × 10；牛皮胶布 × 5,酋长皇冠 × 1,,
部落战士护腕,制作配方,你可以英勇无畏地拉开弓弦！,1,1,皮革 × 8；铁皮 × 4；缝线 × 8；牛皮胶布 × 6,部落战士护腕 × 1,,
部落战士箭袋,制作配方,大容量箭袋， 用于长时间狩猎。,1,1,皮革 × 10；优质木板 × 8；废金属 × 12；缝线 × 15,部落战士箭袋 × 1,,
部落战士项链,制作配方,真正的战士在战斗或狩猎中会乐此不疲。,1,1,细麻绳 × 10；缝线 × 7；废金属 × 6,部落战士项链 × 1,,
猎人腕带,制作配方,天生战士的勋章。,1,1,皮革 × 7；铁皮 × 3；亚麻布 × 5；螺丝钉 × 3,猎人腕带 × 1,,
紧终双械2设备,制作配方,当研究所的员工前往异象区执行战斗任务时，给予他们的实验性双手枪。,1,1,聚合物复合材料 × 14；传奇铠甲箱 × 7；铜线 × 12；铁皮 × 15；螺丝钉 × 10；钢锭 × 7,紧终双械2设备 × 1,,
针头设备,制作配方,后勤部人员使用的武器。常用来为研究所设施获取标本。,1,1,聚合物复合材料 × 14；传奇铠甲箱 × 7；铜线 × 12；铁皮 × 15；螺丝钉 × 10；钢锭 × 7,针头设备 × 1,,
修理：紧终双械2设备,修理配方,"赋予主动能力“冲击标记”：对目标造成3,500点伤害和三倍的盟友伤害。",1,43200,紧终双械2设备 × 1；专家武器箱子 × 15,紧终双械2设备 × 1,4级修理工作台,
修理：针头设备,修理配方,"赋予主动能力“冲击标记”：对目标造成3,500点伤害和三倍的盟友伤害。",1,43200,针头设备 × 1；专家武器箱子 × 15,针头设备 × 1,4级修理工作台,
修理：白蚁复合弓,修理配方,,1,43200,白蚁复合弓 × 1；专家武器箱子 × 15,白蚁复合弓 × 1,4级修理工作台,
修理：镜头-U面罩,修理配方,,1,21600,镜头-U面罩 × 1；传奇调整礼包 × 10,镜头-U面罩 × 1,1级修理工作台；2级修理工作台；3级修理工作台；2级修理工作台；4级修理工作台,
修理：刺激-U模块,修理配方,,1,21600,刺激-U模块 × 1；传奇调整礼包 × 10,刺激-U模块 × 1,1级修理工作台；2级修理工作台；3级修理工作台；2级修理工作台；4级修理工作台,
修理：骑士-U背心,修理配方,,1,21600,骑士-U背心 × 1；传奇调整礼包 × 10,骑士-U背心 × 1,1级修理工作台；2级修理工作台；3级修理工作台；2级修理工作台；4级修理工作台,
修理：猎户座-U皮带,修理配方,,1,21600,猎户座-U皮带 × 1；传奇调整礼包 × 10,猎户座-U皮带 × 1,1级修理工作台；2级修理工作台；3级修理工作台；2级修理工作台；4级修理工作台,
冰霜黄蜂,制作配方,要塞兵团只允许在特殊情况下对黄蜂榴弹发射器进行改装。得到这样的武器是一个巨大的胜利。,1,1,金刚石锉刀文件 × 20；传奇铠甲箱 × 7；铜线 × 10；牛皮胶布 × 15；铁锭 × 15,冰霜黄蜂 × 1,,
冰川博尔特枪,制作配方,冰-9可以把一支普通的博尔特枪变成一件可怕的武器，用以对抗燃烧的焦尸和崇拜他们的狂热分子。,1,1,金刚石锉刀文件 × 20；传奇铠甲箱 × 7；铜线 × 10；牛皮胶布 × 15；铁锭 × 15,冰川博尔特枪 × 1,,
冰锤,制作配方,在与焦尸的战斗中经过了考验，平锅锤已经升级，对火焰死灵变异体更加有效。,1,1,金刚石锉刀文件 × 20；传奇铠甲箱 × 7；铜线 × 10；牛皮胶布 × 15；铁锭 × 15,冰锤 × 1,,
寒冷专家AK步枪,制作配方,能够将这种武器发挥到极致的战士与著名的寒冰灭绝者不相上下。,1,1,钳子箱 × 14；传奇铠甲箱 × 7；铜线 × 12；铁皮 × 15；螺丝钉 × 10；钢锭 × 7,寒冷专家AK步枪 × 1,,
D-273设备,制作配方,赋予你主动能力：超级充能。它可暂时将射击速度提高30%，暴击几率提高30%。对火线沿线的所有敌人造成伤害。,1,1,钳子箱 × 20；传奇铠甲箱 × 10；铜线 × 15；铁皮 × 20；螺丝钉 × 15；钢锭 × 10,D-273设备 × 1,,
雪友,制作配方,"将常规盟友伤害变为寒冷伤害。
 增加盟友伤害加成5%，增加阿河、尖牙、阿福和阿月的伤害加成10%。",999,1,兄弟会图书管理员的说明 × 20；铜线 × 10；钢锭 × 15；松木板材 × 10；螺丝钉 × 15,雪友 × 1,建筑师桌,
“寒冰-改”背包,制作配方,研究所生产的一批实验性背包，是为经常造访具有火焰异象的区域的游荡者准备的。,1,1,背包配件 × 15；钢锭 × 10；棉布 × 12；橡胶 × 15；牛皮胶布 × 12,“寒冰-改”背包 × 1,,
新年背包 Mk-1,制作配方,节日外观、放置战利品的大量空间，还有一个用于强化冰霜武器的集成模块。给游荡者的最佳新年礼物。,1,1,背包配件 × 30；钢锭 × 18；棉布 × 20；橡胶 × 25；牛皮胶布 × 25,新年背包Mk.1 × 1,,
修理：专业鹰队MP5,修理配方,,1,43200,专业鹰队MP5 × 1；专家武器箱子 × 15,专业鹰队MP5 × 1,4级修理工作台,
专业鹰队MP5,制作配方,这款突击步枪是专门为鹰队制造的一批特殊步枪。应用得当的话，它可以改变战场上的平衡。,1,1,聚合物复合材料 × 14；传奇铠甲箱 × 7；铜线 × 12；铁皮 × 15；螺丝钉 × 10；钢锭 × 7,专业鹰队MP5 × 1,,
神经强化器,制作配方,激活后，它会影响你盟友的神经感知过程，并使他们的攻击更强大。,1,1,全息投影模块 × 20；铁锭 × 15；皮革 × 12；牛皮胶布 × 20；电线 × 15,神经强化器 × 1,,
修理：黑龙头盔,修理配方,,1,10800,黑龙头盔 × 1；完美工具 × 15,黑龙头盔 × 1,4级修理工作台,
修理：黑龙面具,修理配方,,1,10800,黑龙面具 × 1；完美工具 × 15,黑龙面具 × 1,4级修理工作台,
修理：黑龙背心,修理配方,,1,10800,黑龙背心 × 1；完美工具 × 15,黑龙背心 × 1,4级修理工作台,
修理：黑龙裤子,修理配方,,1,10800,黑龙裤子 × 1；完美工具 × 15,黑龙裤子 × 1,4级修理工作台,
修理：黑龙靴子,修理配方,,1,10800,黑龙靴子 × 1；完美工具 × 15,黑龙靴子 × 1,4级修理工作台,
修理：黑龙板甲,修理配方,,1,10800,黑龙板甲 × 1；完美工具 × 15,黑龙板甲 × 1,4级修理工作台,
修理：黑龙铠甲,修理配方,,1,10800,黑龙铠甲 × 1；完美工具 × 15,黑龙铠甲 × 1,4级修理工作台,
修理：要塞兵团头盔,修理配方,,1,10800,要塞兵团头盔 × 1；完美工具 × 15,要塞兵团头盔 × 1,4级修理工作台,
修理：警戒线-M头盔,修理配方,,1,10800,警戒线-M头盔 × 1；完美工具 × 15,警戒线-M头盔 × 1,4级修理工作台,
修理：要塞兵团毛衣,修理配方,,1,10800,要塞兵团毛衣 × 1；完美工具 × 15,要塞兵团毛衣 × 1,4级修理工作台,
修理：要塞兵团裤子,修理配方,,1,10800,要塞兵团裤子 × 1；完美工具 × 15,要塞兵团裤子 × 1,4级修理工作台,
修理：要塞兵团靴子,修理配方,,1,10800,要塞兵团靴子 × 1；完美工具 × 15,要塞兵团靴子 × 1,4级修理工作台,
修理：要塞兵团铠甲,修理配方,,1,10800,要塞兵团铠甲 × 1；完美工具 × 15,要塞兵团铠甲 × 1,4级修理工作台,
修理：警戒线-M铠甲,修理配方,,1,10800,警戒线-M铠甲 × 1；完美工具 × 15,警戒线-M铠甲 × 1,4级修理工作台,
修理：枢机主教头冠,修理配方,,1,10800,枢机主教头冠 × 1；完美工具 × 15,枢机主教头冠 × 1,4级修理工作台,
修理：枢机主教长袍,修理配方,,1,10800,枢机主教长袍 × 1；完美工具 × 15,枢机主教长袍 × 1,4级修理工作台,
修理：枢机主教法衣,修理配方,,1,10800,枢机主教法衣 × 1；完美工具 × 15,枢机主教法衣 × 1,4级修理工作台,
修理：枢机主教靴子,修理配方,,1,10800,枢机主教靴子 × 1；完美工具 × 15,枢机主教靴子 × 1,4级修理工作台,
修理：枢机主教铠甲长袍,修理配方,,1,10800,枢机主教铠甲长袍 × 1；完美工具 × 15,枢机主教铠甲长袍 × 1,4级修理工作台,
修理：惩教员头盔,修理配方,,1,10800,惩教员头盔 × 1；完美工具 × 15,惩教员头盔 × 1,4级修理工作台,
修理：惩教员背心,修理配方,,1,10800,惩教员背心 × 1；完美工具 × 15,惩教员背心 × 1,4级修理工作台,
修理：惩教员裤子,修理配方,,1,10800,惩教员裤子 × 1；完美工具 × 15,惩教员裤子 × 1,4级修理工作台,
修理：惩教员靴子,修理配方,,1,10800,惩教员靴子 × 1；完美工具 × 15,惩教员靴子 × 1,4级修理工作台,
修理：惩教员铠甲,修理配方,,1,10800,惩教员铠甲 × 1；完美工具 × 15,惩教员铠甲 × 1,4级修理工作台,
修理：北极头盔,修理配方,,1,10800,北极头盔 × 1；完美工具 × 15,北极头盔 × 1,4级修理工作台,
修理：北极背心,修理配方,,1,10800,北极背心 × 1；完美工具 × 15,北极背心 × 1,4级修理工作台,
修理：北极裤子,修理配方,,1,10800,北极裤子 × 1；完美工具 × 15,北极裤子 × 1,4级修理工作台,
修理：北极靴子,修理配方,,1,10800,北极靴子 × 1；完美工具 × 15,北极靴子 × 1,4级修理工作台,
修理：北极铠甲,修理配方,,1,10800,北极铠甲 × 1；完美工具 × 15,北极铠甲 × 1,4级修理工作台,
忠诚的朋友,制作配方,让你在常规黄色区找到稀有物品的几率增加10%。,15,1,干燥油 × 5；废金属 × 20；原生木板 × 20；碎布 × 20,忠诚的朋友 × 1,建筑师桌,
送葬者工作台,制作配方,用于制作酸性送葬者武器、铠甲和装备。,52,1,原生木板 × 20；钢筋 × 10；铁锭 × 5,送葬者工作台 × 1,,
送葬者工作台,制作配方,用于制作酸性送葬者武器、铠甲和装备。,52,1,原生木板 × 20；钢筋 × 10；铁锭 × 5,送葬者工作台 × 1,,
赤胆忠心的朋友,制作配方,此宠物将帮助你在危险地带寻找稀有资源，并会为避难所的日常生活带来欢乐。,32,1,忠诚的朋友 × 1；钉子 × 20；优质木板 × 20；电线 × 10；干燥油 × 15,赤胆忠心的朋友 × 1,建筑师桌,
丹巴拉仆从AKM自动步枪,制作配方,送葬者的步枪， 能够发射“雷电之神”索格博的隆隆怒火。,112,1,AKM × 1；酸 × 3；橡胶 × 3；丹巴拉之血 × 16,丹巴拉仆从AKM自动步枪 × 1,送葬者工作台；2级送葬者工作台；3级送葬者工作台；4级送葬者工作台,
修理：闪亮鹰队MP5,修理配方,,1,43200,闪亮鹰队MP5 × 1；专家武器箱子 × 15,闪亮鹰队MP5 × 1,4级修理工作台,
闪亮鹰队MP5,制作配方,在熟练人士手中，这件武器能做到很多事情。它的零件具有春季设计，将为最后的领地的日常生活增添色彩。,1,1,钳子箱 × 14；传奇铠甲箱 × 7；铜线 × 12；铁皮 × 15；螺丝钉 × 10；钢锭 × 7,闪亮鹰队MP5 × 1,,
法贝热模块,制作配方,提高研究所野外研究人员攻击精度的装置。需要激活器。,1,1,装饰组装手册 × 20；铜线 × 10；牛皮胶布 × 15；橡胶 × 15；铁皮 × 10,法贝热模块 × 1,建筑师桌；Lvl 2 Architect's Table；Lvl 3 Architect's Table,
兔子CHAP-M,制作配方,这个CHAP的节日外表，对由该CHAP控制的工作台上攻击装备的生产没有任何影响。,1,1,兄弟会图书管理员的说明 × 20；法贝热模块 × 1；铜线 × 10；钢锭 × 15；建筑花岗岩 × 10；螺丝钉 × 15,兔子CHAP-M × 1,建筑师桌；Lvl 2 Architect's Table；Lvl 3 Architect's Table,
喷泉-E模块,制作配方,研究所的一项独特成就：一个可以生产神器的单位。 以前，只有异象能够做到这一点。,1,1,兄弟会音频说明 × 20；铜线 × 20；牛皮胶布 × 20；橡胶 × 20；铁锭 × 15,喷泉-E模块 × 1,建筑师桌；Lvl 2 Architect's Table；Lvl 3 Architect's Table,
愤怒-F兴奋剂,制作配方,“……我要求你立即开始开发并随即生产其他类似的兴奋剂。首要任务是与尖叫森林的邪教徒作战。”来自索洛波夫指挥官写给V.A.霍洛多娃的机密手令。,0,900,植物叶 × 5；兴奋剂零件 × 1；铁锭 × 3,愤怒-F兴奋剂 × 1,1级实验台；2级实验台；3级实验台,
蛇灵的祭坛,制作配方,丹巴拉的神坛，会赋予酸性武器特殊的力量。,0,1,兄弟会音频说明 × 20；铜线 × 20；牛皮胶布 × 20；橡胶 × 20；铁锭 × 15,蛇灵的祭坛 × 1,建筑师桌,
丹巴拉面纱,制作配方,伟大蛇彭特的礼物是酸性烟雾，它能给送葬者带来力量，并能在与丹巴拉仆从见面之前使你变得更加坚强。,0,1,兄弟会音频说明 × 20；铜线 × 20；牛皮胶布 × 20；橡胶 × 20；铁锭 × 15,丹巴拉面纱 × 1,建筑师桌,
瘟疫伏都教巫师,制作配方,赋予被动能力“瘟疫掩护”：附近所有的敌人都会受到酸性伤害。,0,1,兄弟会图书管理员的说明 × 20；铜线 × 10；钢锭 × 15；建筑花岗岩 × 10；螺丝钉 × 15；丹巴拉面纱 × 1,瘟疫伏都教巫师 × 1,建筑师桌,
修理：荒原恐怖,修理配方,,1,43200,荒原恐怖 × 1；完美武器箱子 × 15,荒原恐怖 × 1,4级修理工作台,
鹰击M108,制作配方,鹰队枪匠为狙击手的荣誉武器涂上了油彩。这让他们想起了在核战前离开的家园。,1,1,钳子箱 × 14；传奇铠甲箱 × 7；铜线 × 12；铁皮 × 15；螺丝钉 × 10；钢锭 × 7,鹰击M108 × 1；未命名档案 × 1,,
M14神射手,制作配方,M14的改进版狙击枪，将其缺点转化为优点：可靠、准确、致命。,1,1,金刚石锉刀文件 × 20；传奇铠甲箱 × 7；铜线 × 10；牛皮胶布 × 15；铁锭 × 15,M14神射手 × 1；未命名档案 × 1,,
鹰队防卫型散弹枪,制作配方,自动散弹枪，鹰队突击小队的武器。可以用铅弹轰击任何阻碍他们前进的人。,1,1,金刚石锉刀文件 × 20；传奇铠甲箱 × 7；铜线 × 10；牛皮胶布 × 15；铁锭 × 15,鹰队防卫型散弹枪 × 1；未命名档案 × 1,,
鹰队的贝雷塔,制作配方,一支核战前生产的专属版本手枪，也是对鹰队指挥官多年服役的荣誉奖励。,1,1,金刚石锉刀文件 × 20；传奇铠甲箱 × 7；铜线 × 10；牛皮胶布 × 15；铁锭 × 15,鹰队的贝雷塔 × 1；未命名档案 × 1,,
战术汤米枪,制作配方,对老式黑色电影的热爱使得鹰队指挥官之一对冲锋枪进行了改装，以适应领地的战斗情况。,1,1,金刚石锉刀文件 × 20；传奇铠甲箱 × 7；铜线 × 10；牛皮胶布 × 15；铁锭 × 15,战术汤米枪 × 1；未命名档案 × 1,,
希望雕像,制作配方,这座雕像成为战前世界的标志，照亮了幸存者的道路，将火焰传到他们的心中和手上。,1,1,兄弟会音频说明 × 20；铜线 × 20；牛皮胶布 × 20；橡胶 × 20；铁锭 × 15,希望雕像 × 1,建筑师桌,
烟花炮,制作配方,在领地上空燃放节日烟花的临时大炮。,1,1,装饰组装手册 × 20；铜线 × 10；牛皮胶布 × 15；橡胶 × 15；铁皮 × 10,烟花炮 × 1,建筑师桌,
警长,制作配方,没有人能够像警长那样玩转左轮手枪或温彻斯特步枪，而且他愿意把他的秘诀告诉配得上它的学徒。,1,1,兄弟会图书管理员的说明 × 20；铜线 × 10；钢锭 × 15；建筑花岗岩 × 10；螺丝钉 × 15,警长 × 1,建筑师桌,
修理：鹰击M108,修理配方,,1,43200,鹰击M108 × 1；专家武器箱子 × 15,鹰击M108 × 1,4级修理工作台,
修理：A极器件,修理配方,,1,43200,A极器件 × 1；完美武器箱子 × 15,A极器件 × 1,4级修理工作台,
A极器件,制作配方,赋予主动能力“冰蚀”：标记一个敌人，对其造成360点伤害，并使其对寒冷的脆弱性增加40%。,1,1,钳子箱 × 20；传奇铠甲箱 × 10；铜线 × 15；铁皮 × 20；螺丝钉 × 15；钢锭 × 10,A极器件 × 1,,
甜蜜家园蛋糕,制作配方,由多层蛋糕片、奶油和淋面制成的安全的小小避难所。,1,1,装饰组装手册 × 20；水 × 20；面团 × 10；避难所苹果 × 20；阿糖 × 15,甜蜜家园蛋糕 × 1,建筑师桌,
4周年纪念碑,制作配方,使你团队中一名活跃盟友的精通程度增加30点。,1,1,兄弟会音频说明 × 20；铜线 × 20；牛皮胶布 × 20；橡胶 × 20；铁锭 × 15,4周年纪念碑 × 1,,
4周年纪念碑,制作配方,使你团队中一名活跃盟友的精通程度增加30点。,999,1,兄弟会音频说明 × 20；铜线 × 20；牛皮胶布 × 20；橡胶 × 20；铁锭 × 15,4周年纪念碑 × 1,建筑师桌,
龙息,制作配方,黑帮的敌人面对火影一族和他们的神器武器毫无胜算：火影会在几秒钟内将他们烧成灰烬。,1,1,钳子箱 × 14；传奇铠甲箱 × 7；铜线 × 12；铁皮 × 15；螺丝钉 × 10；钢锭 × 7,龙息 × 1,,
狮子守护者,制作配方,黑帮认为，这个古老的象征会赋予战士力量和耐力。,1,1,装饰组装手册 × 20；铜线 × 10；牛皮胶布 × 15；橡胶 × 15；铁皮 × 10,狮子守护者 × 1,建筑师桌,
闪电树,制作配方,只需触摸金树的树干即可获得对电力的一定防护。,1,1,装饰组装手册 × 20；铜线 × 10；牛皮胶布 × 15；橡胶 × 15；铁皮 × 10,闪电树 × 1,建筑师桌,
太阳树,制作配方,你会发现， 在你触摸这棵树的树枝后， 你就能穿过火焰。,1,1,装饰组装手册 × 20；铜线 × 10；牛皮胶布 × 15；橡胶 × 15；铁皮 × 10,太阳树 × 1,建筑师桌,
黑帮宝塔,制作配方,黑帮认为他们阵亡战士的灵魂在宝塔上的灯笼里闪耀。,1,1,装饰组装手册 × 20；铜线 × 10；牛皮胶布 × 15；橡胶 × 15；铁皮 × 10,黑帮宝塔 × 1,建筑师桌,
伟大闪电树,制作配方,黑帮圣树的大型全息图。内置发生器，可增强对电力伤害的防护。,1,1,装饰组装手册 × 20；闪电树 × 4；建筑花岗岩 × 10,伟大闪电树 × 1,建筑师桌,
伟大狮子守护者,制作配方,黑帮认为，这个古老的象征会赋予战士力量和耐力。,1,1,装饰组装手册 × 20；狮子守护者 × 4；建筑花岗岩 × 10,伟大狮子守护者 × 1,建筑师桌,
伟大太阳树,制作配方,这个带有内置发生器的全息图可免疫火焰伤害和烧伤。,1,1,装饰组装手册 × 20；太阳树 × 4；建筑花岗岩 × 10,伟大太阳树 × 1,建筑师桌,
黑帮大师,制作配方,黑帮暗影研究这支步枪的用法已经许多年了。但你只需进行一次训练即可有所成果。,1,1,兄弟会图书管理员的说明 × 20；铜线 × 10；钢锭 × 15；建筑花岗岩 × 10；螺丝钉 × 15,黑帮大师 × 1,建筑师桌,
修理：龙息,修理配方,,1,43200,龙息 × 1；专家武器箱子 × 15,龙息 × 1,4级修理工作台,
修理：致命噬咬,修理配方,,1,43200,致命噬咬 × 1；专家武器箱子 × 15,致命噬咬 × 1,4级修理工作台,
修理：尖叫之神的复仇,修理配方,,1,43200,尖叫之神的复仇 × 1；专家武器箱子 × 15,尖叫之神的复仇 × 1,4级修理工作台,
修理：森林野兽骨头铠甲,修理配方,,1,600,森林野兽骨头铠甲 × 1；传奇工具 × 10,森林野兽骨头铠甲 × 1,1级修理工作台；2级修理工作台；3级修理工作台；2级修理工作台；4级修理工作台,
修理：双怒左轮手枪,修理配方,,1,43200,双怒左轮手枪 × 1；专家武器箱子 × 15,双怒左轮手枪 × 1,4级修理工作台,
双怒左轮手枪,制作配方,在学习该武器类型的大师和专家技能后，效果会提升。,1,1,钳子箱 × 14；传奇铠甲箱 × 7；铜线 × 12；铁皮 × 15；螺丝钉 × 10；钢锭 × 7,双怒左轮手枪 × 1,,
枢机主教背包,制作配方,枢机主教亲自为所有前往工厂的朝圣者提供装备。狂腐士必须归还宽敞的装甲背囊，里面装满礼物。,1,1,背包配件 × 30；钢锭 × 10；棉布 × 15；橡胶 × 20；牛皮胶布 × 20,枢机主教背包 × 1,,
核辉光符号,制作配方,这个标志在一开始就对邪教和荣耀盲者产生了巨大的影响。,1,1,狂腐士标志 × 4；装饰组装手册 × 20；建筑花岗岩 × 10,核辉光符号 × 1,建筑师桌,
狂腐士标志,制作配方,这个标志在一开始就对邪教和荣耀盲者产生了巨大的影响。,1,1,装饰组装手册 × 20；铜线 × 10；牛皮胶布 × 15；橡胶 × 15；铁皮 × 10,狂腐士标志 × 1,建筑师桌,
狂腐祭坛,制作配方,祭坛为那些进行拜火仪式的人的武器赋予不可思议的火焰力量。,1,1,装饰组装手册 × 20；铜线 × 10；牛皮胶布 × 15；橡胶 × 15；铁皮 × 10,狂腐祭坛 × 1,建筑师桌,
核辉光祭坛,制作配方,祭坛为那些进行拜火仪式的人的武器赋予不可思议的火焰力量。,1,1,狂腐祭坛 × 4；装饰组装手册 × 20；建筑花岗岩 × 10,核辉光祭坛 × 1,建筑师桌,
狂腐火炬,制作配方,核炬士之杖的永恒之火让邪教成员的灵魂充满了对其武器威力的信心。,1,1,装饰组装手册 × 20；铜线 × 10；牛皮胶布 × 15；橡胶 × 15；铁皮 × 10,狂腐火炬 × 1,建筑师桌,
焚化炉柱体,制作配方,“永恒之火受制，坟墓火焰受制，所有火焰都受制于荣耀盲者的意志。”——来自狂腐士的祈祷。,1,1,狂腐火炬 × 4；装饰组装手册 × 20；建筑花岗岩 × 10,焚化炉柱体 × 1,建筑师桌,
狂腐士圣礼盒,制作配方,“让得到净化的人变得更强！使他们成为你的天使！给他们你的火焰！让他们的力量充满我们！”——摘自圣礼盒旁狂腐士的祷文。,1,1,装饰组装手册 × 20；铜线 × 10；牛皮胶布 × 15；橡胶 × 15；铁皮 × 10,狂腐士圣礼盒 × 1,建筑师桌,
地穴管风琴,制作配方,琴键轻轻一按，点燃义士心中永恒的真正信仰之火。,1,1,装饰组装手册 × 20；铜线 × 10；牛皮胶布 × 15；橡胶 × 15；铁皮 × 10,地穴管风琴 × 1,建筑师桌,
狂腐士风琴师,制作配方,赋予你被动能力：坟墓之灾。你攻击的敌人将会受到周期性的坟墓火焰伤害。,1,1,地穴管风琴 × 1；兄弟会图书管理员的说明 × 20；铜线 × 10；钢锭 × 15；建筑花岗岩 × 10；螺丝钉 × 15,狂腐士风琴师 × 1,建筑师桌,
修理：死亡预兆,修理配方,,1,43200,死亡预兆 × 1；完美武器箱子 × 15,死亡预兆 × 1,4级修理工作台,
修理：巫师团魂狩,修理配方,"赋予主动能力“冲击标记”：对目标造成3,500点伤害和三倍的盟友伤害。",1,43200,巫师团魂狩 × 1；专家武器箱子 × 15,巫师团魂狩 × 1,4级修理工作台,
修理：萨梅迪的呼吸,修理配方,,1,43200,萨梅迪的呼吸 × 1；完美武器箱子 × 15,萨梅迪的呼吸 × 1,4级修理工作台,
萨梅迪的呼吸,制作配方,赋予主动能力“喷洒”：对目标造成伤害并施加周期性酸性伤害。伤害取决于目标身上洛亚神标记的数量。,0,1,钳子箱 × 20；传奇铠甲箱 × 10；铜线 × 15；铁皮 × 20；螺丝钉 × 15；钢锭 × 10,萨梅迪的呼吸 × 1,,
领地幽灵,制作配方,毛骨悚然的稻草人眼睛正在发射你敌人被窃取的生命。,0,1,装饰组装手册 × 20；铜线 × 10；牛皮胶布 × 15；橡胶 × 15；铁皮 × 10,领地幽灵 × 1,建筑师桌,
修理：飓风-1设备,修理配方,,1,43200,飓风-1设备 × 1；完美武器箱子 × 15,飓风-1设备 × 1,4级修理工作台,
1级拆解工作台,制作配方,你可以使用此工作台拆解常规物品，以获取备用零件。,40,1,混凝土 × 15；钢筋 × 15；优质木板 × 20；旧毛边 × 5；钉子 × 8；1级拆解工作台蓝图 × 1,1级拆解工作台 × 1,,
2级拆解工作台,制作配方,你可以使用此工作台拆解优质物品，以获取备用零件。,80,1,建筑混凝土 × 25；铁管 × 25；抛光木板 × 25；铁皮 × 15；塑料 × 15；2级拆解工作台蓝图 × 5,2级拆解工作台 × 1,,
3级拆解工作台,制作配方,你可以使用此工作台拆解传奇物品，以获取备用零件。,100,1,建筑混凝土 × 35；松木板材 × 20；螺纹 × 15；钢板 × 20；铜线 × 30；3级拆解工作台蓝图 × 10,3级拆解工作台 × 1,,
新年壁炉,制作配方,在核战之前，人们会把礼物长袜挂在壁炉旁，但他们最近才开始在里面发现冷冻纳米机器。,1,1,兄弟会音频说明 × 15；铜线 × 8；牛皮胶布 × 12；橡胶 × 12；建筑混凝土 × 8,新年壁炉 × 1,建筑师桌,
鲁道夫CHAP,制作配方,由坪瑟所开发的CHAP。尽管科学家们试图减缓它的速度，它还是逃离了研究所的试验场。,1,1,兄弟会音频说明 × 20；铜线 × 20；牛皮胶布 × 20；橡胶 × 20；铁锭 × 15,鲁道夫CHAP × 1,建筑师桌,
雪人,制作配方,领地的雪人需要的不是装饰品，而是装备。,1,1,兄弟会音频说明 × 20；铜线 × 20；牛皮胶布 × 20；橡胶 × 20；铁锭 × 15,雪人 × 1,建筑师桌,
新年驼鹿,制作配方,领地最受欢迎的动物中， 耀眼瞩目的存在 。,1,1,装饰组装手册 × 20；铜线 × 10；牛皮胶布 × 15；橡胶 × 15；铁皮 × 10,新年驼鹿 × 1,建筑师桌,
雪友,制作配方,"将常规盟友伤害变为寒冷伤害。
 增加盟友伤害加成5%，增加阿河、尖牙、阿福和阿月的伤害加成10%。",1,1,兄弟会图书管理员的说明 × 20；铜线 × 10；钢锭 × 15；松木板材 × 10；螺丝钉 × 15,雪友 × 1,建筑师桌,
冬季客人,制作配方,赋予你被动能力：新年的奇迹。它可以减少头目的来袭伤害15%。即使在死亡后也仍然有效。,1,1,兄弟会图书管理员的说明 × 20；铜线 × 5；钢锭 × 3；松木板材 × 3；螺丝钉 × 7；新年树 × 1,冬季客人 × 1,建筑师桌,
修理：D-冲锋枪“星条旗”,修理配方,,1,43200,D-冲锋枪“星条旗” × 1；专家武器箱子 × 15,D-冲锋枪“星条旗” × 1,4级修理工作台,
修理：专家SVD,修理配方,,1,43200,专家SVD × 1；专家武器箱子 × 15,专家SVD × 1,4级修理工作台,
修理：雷公手枪,修理配方,,1,43200,雷公手枪 × 1；专家武器箱子 × 15,雷公手枪 × 1,4级修理工作台,
玄武岩石像鬼,制作配方,邪灵会离开你的家！祥灵会在战斗中让你的手稳定。,1,1,装饰组装手册 × 20；铜线 × 10；牛皮胶布 × 15；橡胶 × 15；建筑混凝土 × 10,玄武岩石像鬼 × 1,建筑师桌,
蛇彭特树,制作配方,触摸异变树以获得对酸的防护。,1,1,装饰组装手册 × 20；铜线 × 10；牛皮胶布 × 15；橡胶 × 15；建筑混凝土 × 10,蛇彭特树 × 1,建筑师桌,
避难所石像鬼,制作配方,这尊铜像的牙齿可以撕裂任何铠甲。,1,1,装饰组装手册 × 20；铜线 × 10；牛皮胶布 × 15；橡胶 × 15；铁皮 × 10,避难所石像鬼 × 1,建筑师桌,
黑帮守护者,制作配方,无论你身在何处，这个金属守护者的灵魂都会保护你。,1,1,装饰组装手册 × 20；铜线 × 10；牛皮胶布 × 15；橡胶 × 15；铁皮 × 10,黑帮守护者 × 1,建筑师桌,
黑帮木偶,制作配方,临时凑合的训练木偶。,1,1,装饰组装手册 × 20；铜线 × 10；牛皮胶布 × 15；橡胶 × 15；铁皮 × 10,黑帮木偶 × 1,建筑师桌,
伟大蛇彭特树,制作配方,现代版本的蛇彭特树，可以防止酸性灼伤。 盲目的信仰现在换成了保护力场发生器。,1,1,装饰组装手册 × 20；蛇彭特树 × 4；建筑花岗岩 × 10,伟大蛇彭特树 × 1,建筑师桌,
黑帮伟大守护者,制作配方,无论你身在何处，这个金属守护者的灵魂都会保护你。,1,1,装饰组装手册 × 20；黑帮守护者 × 4；建筑花岗岩 × 10,黑帮伟大守护者 × 1,建筑师桌,
黑龙,制作配方,获得20%闪避攻击的几率。当你的生命值低于30%时，追加+30%闪避几率。,1,1,兄弟会图书管理员的说明 × 20；铜线 × 10；钢锭 × 15；松木板材 × 10；螺丝钉 × 15,黑龙 × 1,建筑师桌,
雷公手枪,制作配方,在学习该武器类型的大师和专家技能后，效果会提升。,1,1,钳子箱 × 14；传奇铠甲箱 × 7；铜线 × 12；铁皮 × 15；螺丝钉 × 10；钢锭 × 7,雷公手枪 × 1,,
修理：击锤,修理配方,,1,43200,击锤 × 1；专家武器箱子 × 15,击锤 × 1,4级修理工作台,
击锤,制作配方,在学习该武器类型的大师和专家技能后，效果会提升。,1,1,钳子箱 × 14；传奇铠甲箱 × 7；铜线 × 12；铁皮 × 15；螺丝钉 × 10；钢锭 × 7,击锤 × 1,,
修理：蛇彭特尖牙,修理配方,,1,43200,蛇彭特尖牙 × 1；专家武器箱子 × 15,蛇彭特尖牙 × 1,4级修理工作台,
协同-S设备,制作配方,在学习该武器类型的大师和专家技能后，效果会提升。,1,1,钳子箱 × 14；传奇铠甲箱 × 7；铜线 × 12；铁皮 × 15；螺丝钉 × 10；钢锭 × 7,协同-S设备 × 1,,
修理：协同-S设备,修理配方,,1,43200,协同-S设备 × 1；专家武器箱子 × 15,协同-S设备 × 1,4级修理工作台,
修理：雷暴-S凯旋,修理配方,,1,43200,雷暴-S凯旋 × 1；专家武器箱子 × 15,雷暴-S凯旋 × 1,4级修理工作台,
修理：要塞火焰喷射器,修理配方,,1,43200,要塞火焰喷射器 × 1；完美武器箱子 × 15,要塞火焰喷射器 × 1,4级修理工作台,
彩蛋收集者背包,制作配方,内置控制系统，可自动分配神器模块的能量，并显著提高其效率。,1,1,背包配件 × 20；钢锭 × 15；棉布 × 15；橡胶 × 20；牛皮胶布 × 15,彩蛋收集者背包 × 1,,
修理：萨梅迪的代价步枪,修理配方,,1,600,传奇铠甲箱 × 10；萨梅迪的代价步枪 × 1,萨梅迪的代价步枪 × 1,1级修理工作台；2级修理工作台；3级修理工作台；2级修理工作台；4级修理工作台,
萨梅迪的代价步枪,制作配方,萨梅迪男爵仆从的武器，他们守卫着通往伟大蛇彭特定居点道路的远处。,0,1,金刚石锉刀文件 × 20；传奇铠甲箱 × 7；铜线 × 10；牛皮胶布 × 15；铁锭 × 15,萨梅迪的代价步枪 × 1,,
修理：PPS血栓,修理配方,,1,43200,PPS血栓 × 1；专家武器箱子 × 15,PPS血栓 × 1,4级修理工作台,
修理：狂腐士熔炉,修理配方,,1,43200,狂腐士熔炉 × 1；完美武器箱子 × 15,狂腐士熔炉 × 1,4级修理工作台,
狂腐士熔炉,制作配方,赋予主动能力“焚化”，造成范围伤害并使敌人着火。,1,1,钳子箱 × 20；传奇铠甲箱 × 10；铜线 × 15；铁皮 × 20；螺丝钉 × 15；钢锭 × 10,狂腐士熔炉 × 1,,
核炬士背包Mk.1,制作配方,核炬士想尽力为荣耀盲者效劳。他们从异教徒的痛苦中获得治疗，被火焰所净化。,1,1,背包配件 × 20；铁锭 × 10；亚麻布 × 15；橡胶 × 15；皮革 × 15,核炬士背包Mk.1 × 1,,
修理：冰风UMP-5A,修理配方,,1,600,冰风UMP-5A × 1；传奇铠甲箱 × 10,冰风UMP-5A × 1,1级修理工作台；2级修理工作台；3级修理工作台；2级修理工作台；4级修理工作台,
修理：冻伤M14-A,修理配方,,1,600,冻伤M14-A × 1；传奇铠甲箱 × 10,冻伤M14-A × 1,1级修理工作台；2级修理工作台；3级修理工作台；2级修理工作台；4级修理工作台,
修理：AKM熊枪,修理配方,,1,43200,AKM熊枪 × 1；完美武器箱子 × 15,AKM熊枪 × 1,4级修理工作台,
冰风UMP-5A,制作配方,寒冰灭绝者在清除某一地点的敌人时，会使用这种既可靠又小巧的武器。,1,1,金刚石锉刀文件 × 20；传奇铠甲箱 × 7；铜线 × 10；牛皮胶布 × 15；铁锭 × 15,冰风UMP-5A × 1,,
冻伤M14-A,制作配方,“从远处干掉一个狂腐士总比在野战医院治疗烧伤要好……”——弗罗斯特中尉。,1,1,金刚石锉刀文件 × 20；传奇铠甲箱 × 7；铜线 × 10；牛皮胶布 × 15；铁锭 × 15,冻伤M14-A × 1,,
修理：掌控特殊头盔,修理配方,,1,7200,掌控特殊头盔 × 1；专家工具 × 15,掌控特殊头盔 × 1,4级修理工作台,
修理：浪涌特殊头盔,修理配方,,1,7200,浪涌特殊头盔 × 1；专家工具 × 15,浪涌特殊头盔 × 1,4级修理工作台,
修理：终局特殊头盔,修理配方,,1,7200,终局特殊头盔 × 1；专家工具 × 15,终局特殊头盔 × 1,4级修理工作台,
修理：专家背心,修理配方,,1,7200,专家背心 × 1；专家工具 × 15,专家背心 × 1,4级修理工作台,
修理：专家裤子,修理配方,,1,7200,专家裤子 × 1；专家工具 × 15,专家裤子 × 1,4级修理工作台,
修理：专家靴子,修理配方,,1,7200,专家靴子 × 1；专家工具 × 15,专家靴子 × 1,4级修理工作台,
修理：机遇战术背心,修理配方,,1,7200,机遇战术背心 × 1；专家工具 × 15,机遇战术背心 × 1,4级修理工作台,
修理：分裂战术背心,修理配方,,1,7200,分裂战术背心 × 1；专家工具 × 15,分裂战术背心 × 1,4级修理工作台,
修理：基本战术背心,修理配方,,1,7200,基本战术背心 × 1；专家工具 × 15,基本战术背心 × 1,4级修理工作台,
修理：鹰队专家头盔,修理配方,,1,7200,鹰队专家头盔 × 1；专家工具 × 15,鹰队专家头盔 × 1,4级修理工作台,
修理：鹰队专家背心,修理配方,,1,7200,鹰队专家背心 × 1；专家工具 × 15,鹰队专家背心 × 1,4级修理工作台,
修理：鹰队专家裤子,修理配方,,1,7200,鹰队专家裤子 × 1；专家工具 × 15,鹰队专家裤子 × 1,4级修理工作台,
修理：鹰队专家靴子,修理配方,,1,7200,鹰队专家靴子 × 1；专家工具 × 15,鹰队专家靴子 × 1,4级修理工作台,
修理：鹰队专家铠甲,修理配方,,1,7200,鹰队专家铠甲 × 1；专家工具 × 15,鹰队专家铠甲 × 1,4级修理工作台,
1型鹰队战术背包,制作配方,最好的鹰队装备之一。配有修理包，以延长武器的耐用性。,1,1,背包配件 × 20；钢锭 × 10；棉布 × 15；橡胶 × 20；牛皮胶布 × 20,鹰队战术背包Mk.1 × 1,,
修理：光子装置,修理配方,,1,43200,光子装置 × 1；完美武器箱子 × 15,光子装置 × 1,4级修理工作台,
D.O.Z.五周年纪念碑,制作配方,这座纪念碑纪念的是在新世界的种种危险中幸存下来的最后的领地上的游荡者。,1,1,兄弟会音频说明 × 20；铜线 × 20；牛皮胶布 × 20；橡胶 × 20；铁锭 × 15,D.O.Z.五周年纪念碑 × 1,,
D.O.Z.五周年纪念碑,制作配方,这座纪念碑纪念的是在新世界的种种危险中幸存下来的最后的领地上的游荡者。,999,1,兄弟会音频说明 × 20；铜线 × 20；牛皮胶布 × 20；橡胶 × 20；铁锭 × 15,D.O.Z.五周年纪念碑 × 1,建筑师桌,
训练木偶,制作配方,坚固耐用，配备大量传感器。内置扬声器能为你提供实时伤害数据。,40,1,橡胶 × 10；细麻绳 × 15；铁皮 × 5；棉布 × 20；优质木板 × 10；老头子的蓝图 × 1,训练木偶 × 1,,
尚戈的魂狩,制作配方,给予自动能力：尚戈的灾祸。所有伤害你的敌人都会受到返还的电力伤害。,1,1,钳子箱 × 20；传奇铠甲箱 × 10；铜线 × 15；铁皮 × 20；螺丝钉 × 15；钢锭 × 10,尚戈的魂狩 × 1,,
灭绝者加特林机枪,制作配方,赋予主动能力“灭绝”：所选目标受到更高的伤害，射击速度提高。,1,1,钳子箱 × 20；传奇铠甲箱 × 10；铜线 × 15；铁皮 × 20；螺丝钉 × 15；钢锭 × 10,灭绝者加特林机枪 × 1,,
瘟疫伏都教巫师之瓶,制作配方,只要把这个瓶子里的东西倒进新娘营地的丹巴拉面纱里，瘟疫伏都教巫师就会在伟大蛇彭特的召唤下出现。,0,1,尔兹莉蘑菇 × 1；水 × 2,瘟疫伏都教巫师之瓶 × 1,,
昂贡的决心,制作配方,只有丹巴拉最忠心的少数特殊仆从才能从昂贡阿索格巫师本人手中拿到这把武器。,0,1,钳子箱 × 14；传奇铠甲箱 × 7；铜线 × 12；铁皮 × 15；螺丝钉 × 10；钢锭 × 7,昂贡的决心 × 1,,
萨梅迪的呼吸,制作配方,赋予主动能力“喷洒”：对目标造成伤害并施加周期性酸性伤害。伤害取决于目标身上洛亚神标记的数量。,0,1,钳子箱 × 20；传奇铠甲箱 × 10；铜线 × 15；铁皮 × 20；螺丝钉 × 15；钢锭 × 10,萨梅迪的呼吸 × 1,,
坟墓之语,制作配方,赋予主动能力“死亡地带”，造成范围伤害，并在一个区域中用坟墓火焰焚烧敌人。,0,1,钳子箱 × 20；传奇铠甲箱 × 10；铜线 × 15；铁皮 × 20；螺丝钉 × 15；钢锭 × 10,坟墓之语 × 1,,
蛇彭特之眼,制作配方,赋予主动能力灵魂之怒：+20%伤害治疗效果。有30%的闪避几率。增加奔跑速度20%。,0,1,钳子箱 × 20；传奇铠甲箱 × 10；铜线 × 15；铁皮 × 20；螺丝钉 × 15；钢锭 × 10,蛇彭特之眼 × 1,,
伟大蛇彭特魂狩,制作配方,赋予你自动能力：蛇彭特的掩护。所有对你造成伤害的敌人都会受到酸性伤害作为回击。,1,1,钳子箱 × 20；传奇铠甲箱 × 10；铜线 × 15；铁皮 × 20；螺丝钉 × 15；钢锭 × 10,伟大蛇彭特魂狩 × 1,,
尚戈的魂狩,制作配方,给予自动能力：尚戈的灾祸。所有伤害你的敌人都会受到返还的电力伤害。,1,1,钳子箱 × 20；传奇铠甲箱 × 10；铜线 × 15；铁皮 × 20；螺丝钉 × 15；钢锭 × 10,尚戈的魂狩 × 1,,
死亡之舞,制作配方,萨梅迪男爵的仆从用忠实的手，通过这把武器播下了死亡的种子，从中生长出了尖叫声和坟墓火焰的闪光。,0,1,金刚石锉刀文件 × 20；传奇铠甲箱 × 7；铜线 × 10；牛皮胶布 × 15；铁锭 × 15,死亡之舞 × 1,,
萨梅迪的代价步枪,制作配方,萨梅迪男爵仆从的武器，他们守卫着通往伟大蛇彭特定居点道路的远处。,0,1,金刚石锉刀文件 × 20；传奇铠甲箱 × 7；铜线 × 10；牛皮胶布 × 15；铁锭 × 15,萨梅迪的代价步枪 × 1,,
死亡自行车,制作配方,这辆自行车上遍布神秘符号和骨头， 并涂着酸性油漆。 受萨梅迪男爵和铁匠昂贡的祝福。,0,1,优质木板 × 20；废金属 × 20；混凝土 × 20；牛皮胶布 × 7,死亡自行车 × 1,,
伏都教娃娃,制作配方,赋予被动能力“心灵轻功”，使你能够使用送葬者的步枪和重型武器而不会变慢。,0,1,空白伏都教娃娃 × 18；缝线 × 15；钉子 × 10；细麻绳 × 8；碎布 × 40,伏都教娃娃 × 1,,
坟墓箱子,制作配方,这箱子曾在被遗忘的墓地里的一座教堂中用于存放祭祀用具。自那之后，箱子换了主人，但用途却没有改变。,0,1,箱子配件 × 20；铁皮 × 20；橡胶 × 15；牛皮胶布 × 20；铜线 × 10,坟墓箱子 × 1,,
大型坟墓箱子,制作配方,经过送葬者改造的保险箱，用来存放来自合成工厂的生物危险样本。现在它储存着邪教最宝贵的遗物。,0,1,箱子配件 × 20；坟墓箱子 × 2；螺丝钉 × 15；钢锭 × 10；铜线 × 20；松木板材 × 10,大型坟墓箱子 × 1,,
送葬者的武器储藏室,制作配方,送葬者将他们的武器存放在经过巫师祭祀的耐酸储藏室中。不过你可以在这里存放任何武器。,0,1,箱子配件 × 30；螺丝钉 × 15；钢锭 × 10；铜线 × 20；松木板材 × 10,送葬者的武器储藏室 × 1,,
蛇灵的祭坛,制作配方,丹巴拉的神坛，会赋予酸性武器特殊的力量。,0,1,兄弟会音频说明 × 20；铜线 × 20；牛皮胶布 × 20；橡胶 × 20；铁锭 × 15,蛇灵的祭坛 × 1,建筑师桌,
坟墓圣台,制作配方,丹巴拉的神坛，会赋予酸性武器特殊的力量。,0,1,兄弟会音频说明 × 30；建筑花岗岩 × 10；蛇灵的祭坛 × 4,坟墓圣台 × 1,建筑师桌,
丹巴拉面纱,制作配方,伟大蛇彭特的礼物是酸性烟雾，它能给送葬者带来力量，并能在与丹巴拉仆从见面之前使你变得更加坚强。,0,1,兄弟会音频说明 × 20；铜线 × 20；牛皮胶布 × 20；橡胶 × 20；铁锭 × 15,丹巴拉面纱 × 1,建筑师桌,
瘟疫伏都教巫师,制作配方,赋予被动能力“瘟疫掩护”：附近所有的敌人都会受到酸性伤害。,0,1,兄弟会图书管理员的说明 × 20；铜线 × 10；钢锭 × 15；建筑花岗岩 × 10；螺丝钉 × 15；丹巴拉面纱 × 1,瘟疫伏都教巫师 × 1,建筑师桌,
冰霜黄蜂,制作配方,要塞兵团只允许在特殊情况下对黄蜂榴弹发射器进行改装。得到这样的武器是一个巨大的胜利。,1,1,金刚石锉刀文件 × 20；传奇铠甲箱 × 7；铜线 × 10；牛皮胶布 × 15；铁锭 × 15,冰霜黄蜂 × 1,,
冰川博尔特枪,制作配方,冰-9可以把一支普通的博尔特枪变成一件可怕的武器，用以对抗燃烧的焦尸和崇拜他们的狂热分子。,1,1,金刚石锉刀文件 × 20；传奇铠甲箱 × 7；铜线 × 10；牛皮胶布 × 15；铁锭 × 15,冰川博尔特枪 × 1,,
雷暴-A Toros,制作配方,结合了射击速度、火力和神器模块的冰-9可以冷却核炬士的热量，更不用说普通的邪教成员了。,1,1,金刚石锉刀文件 × 20；传奇铠甲箱 × 7；铜线 × 10；牛皮胶布 × 15；铁锭 × 15,雷暴-A Toros × 1,,
寒冷专家AK步枪,制作配方,能够将这种武器发挥到极致的战士与著名的寒冰灭绝者不相上下。,1,1,钳子箱 × 14；传奇铠甲箱 × 7；铜线 × 12；铁皮 × 15；螺丝钉 × 10；钢锭 × 7,寒冷专家AK步枪 × 1,,
D-273设备,制作配方,赋予你主动能力：超级充能。它可暂时将射击速度提高30%，暴击几率提高30%。对火线沿线的所有敌人造成伤害。,1,1,钳子箱 × 20；传奇铠甲箱 × 10；铜线 × 15；铁皮 × 20；螺丝钉 × 15；钢锭 × 10,D-273设备 × 1,,
坪瑟冷冻喷射器,制作配方,给予你主动能力：雪球。可对目标造成更大的伤害，并使其周围的敌人减速。,1,1,钳子箱 × 20；传奇铠甲箱 × 10；铜线 × 15；铁皮 × 20；螺丝钉 × 15；钢锭 × 10,坪瑟冷冻喷射器 × 1,,
“寒冰-改”背包,制作配方,研究所生产的一批实验性背包，是为经常造访具有火焰异象的区域的游荡者准备的。,1,1,背包配件 × 15；钢锭 × 10；棉布 × 12；橡胶 × 15；牛皮胶布 × 12,“寒冰-改”背包 × 1,,
冰霜箱子,制作配方,宽敞的箱子，可以存放各种装备。,1,1,箱子配件 × 20；铁皮 × 20；橡胶 × 15；牛皮胶布 × 20；铜线 × 10,冰霜箱子 × 1,,
冰霜保险箱,制作配方,安全的保险箱，可以存放你在领地上找到的所有战利品。,1,1,箱子配件 × 20；冰霜箱子 × 2；螺丝钉 × 15；钢锭 × 10；铜线 × 20；松木板材 × 10,冰霜保险箱 × 1,,
装备储藏室,制作配方,经过保护的弹药储藏室，最初是为LRS各个师的需要而设计的。,1,1,箱子配件 × 30；螺丝钉 × 15；钢锭 × 10；铜线 × 20；松木板材 × 10,装备储藏室 × 1,,
