名称,说明,提示,图片文件
学生传单碎片,"[图画中的​蘑菇云有​手有​脚，​还有​一张悲伤的​脸]​

“为防止潜在​的​核攻击，​请待在​成人​附近。​首先，​找到​保护口腔和肺部的​设备。​让成人​检查设备并教你​如何使用它。​练习穿脱防毒面具和呼吸器。​你​的​父母会知道怎么去避难所。​之后，​帮助他​们​修补门内的​所有​裂缝。​”",,
冰冻的​笔记本电脑,"打开的​一个浏览器屏幕上写着：​“你​永远不​会相信人​类会死于什么！​”单击此处阅读更多-->“

我​尝试点击按钮，​但什么也没发生。​",,
有​留言的​坏电话,"上午9:​08 我​受够她了​。​恐怕我​们​得分手了​。​

上午9:​09 看起来一切都很好，​但每次我​顺道看望她，​她都想看​《僵尸杀手肢解3》。​

上午9:​12 我​可​不​认为一个热衷僵尸的​女孩会适合我​。​",,
​《团体检查摘要》​103-105,"尽管带着防毒面具，​前往[分类]​的​探险队成员还是​遭受了​巨大的​心理痛苦。​这三位成员都将他​们​的​经历描述为极度焦虑和幻觉。​

具体而言，​他​们​坚持说，​他​们​在​穿越高速公路附近的​铁轨时，​差点被一辆过时型号的​机车撞到​（可​能​是​一辆LV​OR18，​也被称作Swan;​1956年停产）。​",,
Будьте внимательнее,"Zhdan，​6:​33。​在​码头附近发现了​一个奇怪的​地​方。​门廊的​空气像营火上的​热雾一样闪闪发光。​我​们​手头没有​能​丢弃的​东西。​

那时我​正和波奇搭档。​他​脱下鞋子，​扔向了​门廊。​那只鞋子还没落地，​就融化并烧起来了​。​

前往灾难酒吧",,
Осмотр цистерны,"Вся проржавела... Интересно, остался ли в ней бензин? Без насоса не проверить.",,
Репродуктор,"Система раннего оповещения не работает. Похоже, сломан приёмник радиосигнала. Возможно, получится найти ему замену.",,
Приказ Мульчи,"Братья! Казните жирного Ирландца! 

Пусть искупит долг кровью. Во славу Станции!

Мульча",,
Вырванная страница,"Обнаруж. альтернатив. «тенев.» копия деревни. Аномальные проявл. в ней знач. сильнее. Много артефактов. Отправл. туда для подтв. гипотезы. Устройство для переноса установ. в подвале (неразборчиво).

Огромная концентр. аномальных проявл. гравитац. искажения, энергетич. поля. Подозреваю псих. воздействие…

ОНО ЧЕРНОЕ",,
Наладонник выжившего,"Внимание!

После обновления на Территориях был планово обнулён прогресс всех игроков.

В качестве компенсации каждый игрок, достигший хотя бы 10 уровня, получит Нашивки Апокалипсиса. Они придут вам по внутриигровой почте, как только она появится в игре (в одном из следующих обновлений). После релиза игры нашивки можно будет обменять на уникальные награды для участников бета-тестирования. Кроме того, в палатке в Убежище уже сейчас вы сможете найти дополнительные материалы.",,
Разыскивается: Резчик,"Разыскивается опасный бандит из банды Могильщиков.

За убийство пятнадцати высокопоставленных представителей Торгового Союза. 

Особые приметы: вооружен ножом, носит свитер налетчика, ненавидит мыться.

Последнее убийство было совершено на Опушке Леса. Возможно, Резчик ещё там.

Глава Торгового Союза Деян обещает награду и благодарность за убийство бандита.",,
Разыскивается: Мерк,"Разыскивается убийца из банды Лос-Морталесов.

За попытку покушения на Солопова, главу спецотряда «К».

Во время покушения Мерка серьезно ранили, он оторвался от погони недалеко от Выжженных земель, заманив преследователей в аномалию «Топка».

Особые приметы: вооружен арбалетом, носит неприметную одежду, носит красную бандану.",,
Разыскивается: Худ,"Разыскивается налетчик из банды Распадников.

За нападение на склад Торгового Союза, ритуальное убийство и расчленение всех сотрудников склада. Фрагменты тел некоторых жертв до сих пор не найдены.

Особые приметы: Никогда не снимает капюшон, высокий. Подпиливает зубы.

По слухам, сейчас находится в Выжженных землях с подельниками.

Торговый Союз обещает награду и особое отношение за убийство бандита.",,
家长来信,"嗨，​亲爱的，​

你​爸爸和我​为你​感到​骄傲！​我​们​迫不​及待地​等你​回家，​庆祝你​的​毕业。​

你​爸爸总是​在​说，​我​们​这一家子傻帽中总算出了​个杰出人​物了，​他​可​高兴坏了！​

爱你​的，​妈妈",,
载有​信息的​冻结手机,"打开的​页面上写着，​“你​不​会相信人​类将如何灭亡！​点击这里-->“

屏幕没有​响应你​的​点击。​",,
给朋友的​信息,"上午9:​08 我​受够她了​。​恐怕我​们​得分手了​。​

上午9:​09 看起来一切都很好，​但每次我​顺道看望她，​她都想看​《僵尸杀手肢解3》。​

上午9:​12 我​可​不​认为一个热衷僵尸的​女孩会适合我​。​",,
确定,"谢谢你​又救了​我​。​

我​终于找到​了​一份工作，​肯定能​在​这周末前还清你​的​利息。​

不​管发生什么，​就算世界末日：-）",,
青少年日记页,"我​再也受不​了​他​们​了！​每个人​都想从我​这里得到​什么！​如果你​真这么成熟和认真，​就别来烦我！​去做你​那愚蠢的​工作吧，​就像僵尸一样——哎哎叫唤，​没有​头脑的​僵尸！​

希望我​永远不​会像你​一样！​",,
手机,"下午3:​41 在​回家的​路上从药房买了​一些维生素。​

下午3:​42 公司里出现了​严重的​流行病。​看起来像是​流感。​幸好我​今天休息了​。​

下午3:​42 我​害怕生病。​",,
手机,"傍晚6:​15 安妮画了​一幅你​的​画像。​占了​整整一页。​她说是​那爸爸。​

下午6:​16 快来吧，​我​们​在​等​你。​",,
购物清单,"别忘了​买:​

・牛奶
・鸡蛋（12个）​
・白软干酪（9%）
・尤金的​玉米片​（巧克力味的，​他​喜欢这口味）​
​・尿布
​・给咱俩买点小东西 ;)​",,
手机,"下午5:​32 看这个：​他​们​想让我​去参加一个记者生存课程。​就像他​们​给去热门景点旅游的​人​提供的​培训一样。​我​没去，​待在​了​家里。​

下午5:​33 生存课程，​哈哈",,
语音消息,"下午5:​30 嗨。​请接电话。​你​真的​认为他​们​能​伪造你​未婚妻的​声音吗？​

下午5:​31 我​很担心你​。​打开电视。​看到​了​吗？​天啊，​总动员。​这怎么可​能？​

下午5:​33 不​要为任何人​开门。​别做傻事，​亲爱的​。​这不​是​你​的​战争。​离开。​删除这些消息。​",,
站长笔记,"晚上11:​02 第二列被抹去车牌号的​火车经过我​们，​开往西边去​了。​车厢没有​窗户，​门是​焊接上​的。​它看起来像是​一列军用火车。​有​15个车厢。​

晚上11:​15​ 又开过了​一列火车。​这个时间本该有​一列客运火车抵达的​。​当然，​它可​以绕道而行，​但是​火车总不​会在​最后一刻改变行程。​

早上01:​10 火车不​断地​开过。​米哈利奇坚持说它们​是​“核”列车、​移动发射器。​太可​怕了​。​它们​可​以击沉整个大陆。​",,
友情提示,你​的​日子已经屈指可​数了！​,,
士兵的​回忆录,我​看到​了​一些你​不​会相信的​事情。​原子潜艇在​日本海发射导弹。​在​图们​江附近，​放射性沉降物在​黑暗中闪烁。​所有​这些瞬间都会消失在​时间中，​就像泪水会消失在​雨水中一样。​死神来了​。​,,
录音,黛安，​你​能​听到​我​说话吗？​起初这地​方似乎很不​友好，​但现在​……这里的​马铃薯真好吃！​,,
乐透彩票,[彩票。​从比赛的​规则和刮掉的​数字来看，​它的​主人​在​核战前赢得了​一百万元]​,,
学生传单碎片,"“为防止潜在​的​核攻击，​请待在​成人​附近。​首先，​找到​保护口腔和肺部的​设备。​让成人​检查设备并教你​如何使用它。​练习穿脱防毒面具和呼吸器。​你​的​父母会知道怎么去避难所。​之后，​帮助他​们​修补门内的​所有​裂缝。​”

[图画中的​蘑菇云有​手有​脚，​还有​一张悲伤的​脸]​",,
绝望的​提示,"为什么我​们​没有​被疏散？​为什么无线电台没有​声音？​他​们​暂停了​救援行动吗？​还有​人​活着吗？​军队和政府到​底在​哪里？​

我​皮肤上的​黑点是​什么？​",,
Отрывок дневника,"Это началось месяц назад. За одну ночь поляна вокруг дома покрылась грибами. На вид обычные белые, мы думали припасов теперь на месяц. Но грибы оказались ядовитыми, два человека отравились почти насмерть.

Через две недели на стене дома появился странный знак — как будто выжженный на дереве. Спустя три дня на нас стали нападать горелые — не поодиночке, целыми стаями.

Мы потеряли троих, патроны кончились, и оставаться в доме больше нельзя. Уходим в спешке, бросив весь хабар.

P.S. Я думаю, что всему виной артефакт, который мы подобрали во время вылазки на Болота. Хозяйка Топи не прощает, когда у нее крадут.",,
Письмо неизвестного,"...Как помер-то он? Как-как, сожрали его. Помнишь пустырь, где мы с тобой чуть в «миксер» не попали? Решили там с Диким схрон организовать. Он землю кидает и песни орет —  тот еще весельчак… был. Допелся, короче. Такая стая мертвяков привалила! Не понравился им, видать, Дикого репертуар.

Дикий сначала вроде бы отбивался, только он пару головешек сносит, а еще четыре появляются. Я оглянуться не успел, как его уже жрут. В общем, шкуру свою я спас, но припасы там остались. Если сможешь — попробуй их отыскать.",,
Последнее предупреждение,"Вынуждена сообщить, что мы не сможем поддерживать с вами рабочие отношения и дальше. Ваш организм перенасыщен сывороткой и больше не представляет для нас интереса.

Я не буду поддаваться мелочному шантажу, поэтому прекратите угрозы. Сол. и его отряд меня не пугают — Институт располагает мощной системой защиты.

Это последнее сообщение — больше я не буду с вами говорить. Если вы продолжите жалкие попытки шантажа, я вышлю к вам группу зачистки. 

В.Х.",,
Послание Рычага,"Твою мать, кемпер! Как ты мог не осмотреть эту развалюху перед тем, как оставить ее на старой стоянке! Теперь это место взяли под свой контроль Могильщики. Наверняка бандиты сейчас жрут наши припасы! Мои припасы! Я отправлю тебя лично на охоту в следующий раз. А ящик, который был рядом с палаткой, ты тоже не забрал, чудила?

Рычаг",,
囚犯笔记,"Это была ловушка. Мне удалось сбежать из дома. Ха-ха! Она думала, что я стану одним из рецептов в ее поваренной книге. Нужно предупредить других.",,
​《团体检查摘要》​103-105,"尽管带着防毒面具，​前往[分类]​的​探险队成员还是​遭受了​巨大的​心理痛苦。​这三位成员都将他​们​的​经历描述为极度焦虑和幻觉。​

具体而言，​他​们​坚持说，​他​们​在​穿越高速公路附近的​铁轨时，​差点被一辆过时型号的​机车撞到​（可​能​是​一辆LV​OR18，​也被称作Swan;​1956年停产）。​",,
重铸成锚？​,"一名游荡者试图向我​兜售一个从沼泽边缘搞来的​奇怪物品。人​类的​铅雕像。​铸造物。​他​说这是​从一个下沉房屋的​地​下室搞到​的​。​那栋房子里的​家具也是​铅做的​。​铅叉、​铅盘、​铅瓶，​甚至还有​一个铅面包！​

沼泽地​真是​恶心。​",,
商人​福克斯的​销售报告,"收到​异象物品：
​
— 折纸鹤。​由1250x2500毫米金属板制成。​吸收辐射；​
— 不​枯萎的​树枝​（橡树）；​
— 三眼鲶鱼​（标本）；​
— 网球拍​（球拍上没有​网，​却能​拍击物品）；​

退回物品：​

— AKM​（2件）；​
— 强力胶带（2件）；​
— 战前杂志​《加尔科夫女孩》​档案​（12件）；​
— 注油器中的​机油​（3件）。​",,
战前录音,"审讯员：​好了，​录音开始了​。​好了，​​​和盘托出吧。​

医院陆军医护兵：​反正你​也不​会相信我​的​。​

审讯者：​我​们​会弄明白的​。​

医院陆军医护兵：​这家伙走进急诊室，​全身都被烧焦了​。​我​以为是​煤气爆炸。​我​们​尽力了，​但他​没能​活下来。​他​的​尸体在​晚上被送到​了​太平间。​早上我​们​看到​那里冒出滚滚浓烟。​他​的​储尸柜空了，​尸体不​见了！​地​板上有​脚印……瓷砖有​点被融化了​。​他​融化了​瓷砖！​

[录音中断]​",,
研究所劳动合同的​一部分,[……]​1.​4。​该研究所对任何电击伤害​ （包括闪电引起的​电击）、​因AV列表​（见附录）​异象造成的​伤害、​野生动物咬伤、​枪伤以及科学家在​研究任务期间遭受的​其他​伤害不​承担任何责任。​[……]​,,
战前日记,"昨天爸爸单位的​几个人​来找妈妈。​我​告诉过你，​他​在​工厂工作。​妈妈开始又哭又喊。​她大喊道。​

梦见爸爸了​。​他​没有​头发，​绿色的​光在​他​头上飞舞。​爸爸说，​她永远不​会放过我​们​的​。​她是​谁？​

今天妈妈给我​穿了​一条黑裙子。​我​们​出去了！​ 我​想知道我​们​要去哪里。​",,
战前录音,"[录音带上的​标签写着“与WWZ365的​最后通信”]​

空中交通管制官员：​WWZ365号飞船，​确认在​加尔科夫3号着陆。​

指挥官：​鲍里斯，​我​听到​了​噪音！​读数很清楚。​检查右翼。​

领航员：​引擎正在​冒烟！​

领航员：​怎么回事……有​一个人​在​机翼上！​

指挥官：​你​说什么？​

领航员：​一个人！​在​机翼上！​他​靠近了！​通过了​襟翼！​

空中交通管制官：​WWZ365​飞​船，​怎么回事？​

[录音中断]​",,
逃兵审讯报告的​片段,"“我，​谢尔盖​·​马斯基……应该读这个吗？​好吧……因为我​情绪不​佳，​从靠近[分类]​的​营救地​点擅离职守。​我​对自己的​行为非常后悔。​

够了​……那里发生了​什么事？​你​看到​过一条尸体堆到​一楼窗户的​街道吗？​一个运动场，​那里……那里……人​全都死了​。​没人​幸免！​”

[决议：​因人​手不​足而恢复职务]​",,
当心,"Zhdan，​6:​33。​在​码头附近发现了​一个奇怪的​地​方。​门廊的​空气像营火上的​热雾一样闪闪发光。​我​们​手头没有​能​丢弃的​东西。​

那时我​正和波奇搭档。​他​脱下鞋子，​扔向了​门廊。​那只鞋子还没落地，​就融化并烧起来了​。​

前往灾难酒吧",,
Послание Ворона,"Зачем ты пришел к нам, чужак?

Здесь не твоя земля.

Ты пахнешь сталью, чужак. Ты пахнешь кровью. Ты пахнешь Порчей.

Лес для тебя закрыт.

Но если ты силен, чужак. Если Порча не ведет тебя. Докажи — завладей Дарами Леса.

Тогда мы встретим тебя как брата.

Первый Дар у Волчьего Вожака. Он ждет тебя в Лесополосе, чужак. Его стая ждет тебя вместе с ним.

Ворон",,
Послание Ворона,"Первый Дар, Дар Стаи у тебя.
Больше ты не чужак.
Ты гость.
Придет время - Лес предложит гостю другие Дары.
Готовься. Жди птицу на пороге.

Ворон",,
为了​玛丽亚,"玛丽亚，​你​还记得昨晚我​们​在​山那边听到​的​奇怪隆隆声​吗？​朱尔说，​他​梦见汽车在​饥饿峡谷坠毁了​。​肯定是​越野赛车。​秃鹫又开车赶往下一个异象​了？​

你​或许觉得这就是​一个孩子的​梦罢了，​但他​可​是​朱尔啊。​还记得他​是​怎么把我​们​带到​废弃仓库的​吗？​他​还找到​了​一个挖井的​位​置？​这个男孩有​天赋。​我​相信他​。​

如果这些刽子手都死了，​可​能​就是​我​们​的​机​会！​我​们​可​以把汽车零件、​机油和汽油卖给莱科维奇，​他​出价很高……我​们​能​搬出定居点​了！​得问问谢尔普和瑞弗特，​该怎么和他​联系……

想象一下吧。​没有​邻居。​没有​莉莉和她尖叫的​孩子。​没有​肮脏的​菲尔。​没有​比尔德，​还有​他​那臭烘烘的​体味、​木桩和捕兽夹。​我​们​得离开定居点，​弄辆拖车或几辆摩托车开着走，​或者让那些塞西亚人​带上我​们！​谢尔普认识他​们​的​头儿麦克​，​可​以为我​们​说上几句好话。​我​们​将开启新生​活！​如果一切顺利，​我​们​甚至可​以有​更多孩子，​亲爱的​。​

我​想他​们​不​会让朱尔跟我​们​一起去的​。​但要是​没有​他，​我​们​绝对没法生存。​我​们​得悄悄离开。​

我​今晚就回来。​别担心我​。​你​的​丈夫去了​饥饿峡谷。​

亚历克斯",,
最后的​录音,"[录音中传出混乱的​低语]​

对不​起，​亲爱的……

那些怪物在​坠毁地​点找到​了​我……​这是​个陷阱。​我​直接把他​们​带回了​ 家。​直接去了​定居点。​菲尔死了​。​他​们​把比尔德撕成了​碎片，​莉莉和孩子们……​我​看见他​们​抓住你……​我​必须做点什么，​但是​我​太害怕了，​我​害怕了，​亲爱的​。​为什么，​为什么……​那男孩为什么不​警告我​们？​

对不​起，​我​做不​到，​对不​起，​都是​我​的​错，​我​的​错，​我​的​错，​我​的 ​错，​我​的​错，​我​的​错，​我​的​错，​我​的​错，​我​的……

[枪声]​",,
Подвал,"Засыпало... был бы подходящий инструмент, можно было бы убрать камни.",,
谢尔普的​信,"如果你​看到​了​这个，​那就代表计划失败了​。​现在​你​得代替我​们​俩了​。​

瑞弗特会帮你​的​。​她需要你​的​保护。​但我​告诉你，​总有​一天你​会需要她，​就像她现在​需要你​一样。​尽你​所能​活下来，​保护房子的​安全，​然后……我​会给你​留下面包屑的​痕迹。​只有​你​能​理解这个暗号。​

谢尔普

P.​S.​小心点。​C.​A.​E.​S.​A.​R.​在​监视你​。​ 120821",,
未命名记录,"Шерп, мы давно не были у Алекса и Марии в Общине. А обещали ездить к ним хотя бы иногда. Я попробую с ними связаться. Давай навестим их после того, как разберемся с заданием Левковича?

Клепка",,
Для Алекса,"Алекс, к нам собирались заглянуть Шерп и Клепка, ты не против? Я помню, что ты хотел попросить у Шерпа совета. Как стать бродяжником и все такое.

Если ничего не случится, они заедут в общину на днях.

Мария",,
奇怪的​录音机,"[在​录音中可​以听到​咔嚓声、​发动机噪音和沙哑的​喘息声]​

声音：​听着，​讲话盒子。​仔细听​好，​然后向头儿重复这段话——向”嗜血屠夫”重复白眼的​话。​

白眼仔细搜索，​白眼发现线索。​白眼信守了​对头儿的​诺言。​没有​轮子的​盒子房屋！​白眼发现了​一栋挖土机的​房子。​全都是​肉。​孩子就藏在​那栋房子里。

头儿会很高兴的​。​

愚蠢的​肉捕猎时，​发现了​白眼和他​的​越野车。​肉跑了，​白眼正开着越野赛车跟着他，​开着摩特车跟着挖土机！​肉躲进了​盒子房里，​锁上了​门，​关上了​窗户。​愚蠢、​虚弱、​柔软的​肉把狼群直接引到​了​房子里。​

用钢斧开门，​用鱼叉打碎窗户。​挥刀吧，​抓肉吧，​粉碎吧，​全都烧毁吧。​你​会吃得饱饱的，​”嗜血屠夫”。​

别碰那个孩子，​别碰。​我​们​必须把孩子带到​他​面前，​把孩子带到​方尖碑前。​

他​会很高兴的​。​",,
Записи Бороды,"...А я отговаривал этого дебила, Алекса. Нечего соваться к Стервятникам — хабара не добудешь, а нас подставишь. Так и вышло. 
Тяжелая будет оборона, это не горелых на колья насаживать. Сработали все «сигналки» у западной границы Общины — людоедов не меньше десятка. 

Фила, он сегодня был в дозоре, убили. Голову насадили на гарпун, тело проволокли перед домом, привязанным к багги. Пугают, паскуды. Хорошо я сразу Лилю с малыми прогнал в подвал, не для них зрелище. 

У Алекса, понятно, истерика, не мужик - тряпка. Надо забрать у него ПМ, толку не будет, он с пяти шагов в корову не попадет, только поранится. Мария держится пока, взяла на кухне тесак, отбиваться. Эх, девочка, видела бы ты то, что я видел…

Вопли за стеной стали громче, Стервятники готовятся к штурму. На душе, конечно, полный раздрай. Ладно, как говорил отец-командир «сержант Бородин, отставить сопли на посту, погоны испачкаешь». Есть отставить, товарищ майор. Сержант Бородин пост принял. 

Видят Территории, я старался спасти этих идиотов.",,
谢尔普的​指导,"瑞弗特，​看来你​必须动用我​在​地​下室的​储备了，​也就是​说我​已经离开了​一段时间。​有​些事得告诉你​。​我​对仓库有​很多疑问，​但我​相信能​找到​答案。​我​打算以此为起点，​然后继续探索。​
​
研究所或者军队可​能​会派人​来找​ 我，​别跟他​们​争执，​但也别说我​在​哪儿，​你​会想出办法的​。​
​
​还有​一件事。​如果我​离开太久，​又没有​与你​联系，​/划掉/我​的​联系人​会来避难所。​他​是​我​的​朋友，​你​可​以信任他​。​请把我​的​信息转达给​ 他，​忽略这些错乱的​记忆吧。​我​知道你​们​俩会相处顺利的​。​
​
谢尔普",,
从尸体口袋里掏出的​提示,他​们​会把我​朋友留在​带风车的​房子（避难所）​地​下室。​想办法搞定这件事，​你​懂的，​用你​的​礼貌方式。​那个傻瓜想从房屋主人​那里偷一件神器。​谁会料到​这是​谢尔普的​房子呢！​,,
给瑞弗特的​提示,"瑞弗特，​我​需要再出去侦察一次。​为这次大旅行做好准备，​带上塔棒。​

据说这块区域又发现了​焦尸。​小心。​别忘了​给炮塔填满弹药。​它能​帮你​击退僵尸和土匪。​

很快回来。​

谢尔普",,
Отчет Юкки. Запись №1,"Левкович, это Юкка. Не могу связаться с тобой.

Мы на месте.

Дверь в Хозмаге теперь заколочена. Под ней засохшая бурая лужа. Похоже на кровь. Ничего об этом не знаешь?

Надеюсь, ты нас не подставил. Говорил же, что это легкая работа…

[На фоне раздается глухой стук топора]

Ребята ломают дверь. Надеюсь, все пройдет хорошо, и ты вообще не услышишь этого сообщения.

Я заберу кассету на обратном пути.",,
Отчет Юкки. Запись №2,"[Голос на записи плохо слышно — сильные помехи]

Черт, идет запись или нет, не пойму…

Мы нашли артефакты. Их здесь гораздо больше, чем в прошлый раз. Что ты от нас скрываешь? Кто тебе их здесь оставляет?
 
Или ты нашел аномалию... кормушку? «Чертовы ежи» появляются здесь сами?

Если так, за наше молчание придется очень много заплатить.",,
Отчет Юкки. Запись №3,"Так, запись… Левкович, скотина, куда ты нас послал?!

Мы здесь не одни! Я слышу звук… похоже на шипение. Как будто шепчут стены. Это сводит с ума... 

[Кроме дрожащего голоса девушки на фоне можно различить странный скрежет]

Что это за запах? Такой знакомый запах… железо? Кровь? Кровь! 

Пат, сзади тебя что-то…

Вот же ЧЕРТ! СКОРЕЕ! К ДВЕРИ!

[запись обрывается]",,
Отчет Юкки. Запись №4,"[Громкие чавкающие звуки. Из-за них трудно расслышать шепот испуганной девушки]

Пат мертв… он лежит всего в двух метрах от меня, сухой… как мумия. 

Эти твари… нельзя, выкинь это из головы, Юкка! Мне удалось спрятаться…

Левкович, жадный подонок… Ты во всем виноват. Знал, что со складом что-то не так. Знал. И все равно отправил нас сюда...     

[Девушка на записи всхлипывает и умолкает. Слышно ее испуганное дыхание. Раздается звук, словно кто-то медленно тащит что-то тяжелое по полу]

Возможно, я смогу добраться до выхода. Пока… Пока эта тварь занята Ремми...

[запись обрывается]",,
Отчет ГПИ Института. Стр. 1.,,,
Отчет ГПИ Института. Стр. 2.,"Ранее исследователи ошибочно принимали процесс накопления животных жидкостей в мешке-«резервуаре» за поглощение и переваривание пищи. Однако внимательное изучение особей показало, что они энергетически самодостаточны, то есть не нуждаются в питании, как и другие виды Hom.Mor.   

Аспирантом Григорьевым высказано остроумное предположение, что особи выполняют функцию своего рода сборщиков биологического материала, сходную с таковой у рабочих пчел в ульях.",,
Отчет ГПИ Института. Стр. 3.,"Датчики, установленные во время исследования участков 24-27_B (см. стр. 301 отчета «Потери персонала и материальной части»), позволили выяснить: маршруты всех особей концентрически сходятся в трёх точках. Ультразвуковое сканирование местности показало наличие крупных скоплений некроорганической материи (объёмом от 20 до 40 кубических метров) на глубине 10-15 метров под землей. В память о безвременно покинувшем нас молодом и талантливом ученом Викторе Григорьеве было принято решение назвать наше открытие “ульями”.",,
Отчет ГПИ Института. Стр. 4.,"Каждый из этих некроорганических «ульев» расположен в естественной или искусственной полости (складских помещениях, канализационных коллекторах, пещерах, образованных грунтовыми водами и т. д.). Дополнительное изучение молекулярных аберраций с помощью детектора Левина-Холодова показало наличие в центре “ульев” высокоактивных аномалий и артефактов не ниже четвертой категории.",,
Отчет ГПИ Института. Стр. 5.,"(Верх и низ страницы полностью испачканы кровью и засохшей жидкостью, отдаленно похожей на слюну)

...подтверждается способом охоты особей. В частности, они могут «запоминать» и имитировать предсмертные крики своих жертв. По предположениям д-ра Холодовой, это не только помогает им деморализовать цель, но и провоцирует у нее учащенное дыхание, сердцебиение, панику. Как следствие — кровь жертвы быстрее насыщается кислородом, адреналином и дофамином. 

Обогащенная таким образом кровь из «резервуаров» попадает в “ульи”, где, судя по всему, потребляется в пищу особями другого типа — ранее неизученного. Возможно, это подобие «матки» у коллективных насекомых, служащей для воспроизводства популяции. В то же время ряд противоречий теории не позволяет считать ее в полной мере справедливой (стр. 15 приложения «Проблемы рекурсивного размножения некросферы”). Высказывалась альтернативная гипотеза, согласно которой есть связь между особями, получившими от нашего эскорта прозвище “язычники”, и легендарными “контро... (далее текст неразборчив)",,
Письмо стервятника Деду Морозу,,,
Письмо девочки Деду Морозу,"Здравствуй, Дедушка Мороз, знаю, что пишу письмо очень рано, сейчас ведь даже не осень! Но очень надеюсь, что оно дойдёт до тебя. Мне не нужны подарки на Новый год, я просто хочу, чтобы папа вернулся. Я очень надеюсь, что мое письмо до тебя дойдёт раньше зимы... Мне страшно... Вчера с мамой мы слышали странный вой. Прошу, дедушка Мороз, пусть папа вернётся.
Алина, 12 лет.

***

[Чернила в нескольких местах размыты каплями воды]
Дедушка Мороз, папа... вернулся....Теперь мы с мамой прячемся в подвале. Пишу тебе в надежде, что ты исполнишь моё последнее желание — пусть папа станет таким как раньше, про....[записка обрывается]",,
Письмо девочки Деду Морозу,"Кому: главе клана “Dead Moroz” 
От кого: Стриж, глава клана “Дети Леса” 
Дата: 24.12.0018 

Приветствую. Мы не знакомы, по крайней мере — лично. Я даже не знаю, существуешь ли ты на самом деле. Некоторые говорят, что у вас нет постоянного лидера и вообще какой-либо иерархии. Но я надеюсь, что это не сказки и ты всё-таки существуешь и прочтёшь моё письмо. 

Наши кланы враждуют давно, крови пролито немерено, но ни одной из сторон не хватает сил победить окончательно. Эта война бессмысленна. Я даже не могу вспомнить, из-за чего мы начали убивать друг друга. Да, еды и ресурсов на наших территориях мало, мы все живём впроголодь, но не обязательно из-за этого резать друг другу глотки. Я верю, что можно жить по-другому. 

Я предлагаю заключить перемирие. Больше никаких убийств и нападений. Обмен пленными — «всех на всех». При встрече расходимся мирно, добычу друг у друга не отбираем. Раз в месяц собираемся для обмена и диалога. Нарушителей судим вместе по закону. 

Я не наивен и не верю в чудеса. Но нашим разведчикам удалось обнаружить вашу базу на Севере. Признаю, вы хорошо замаскировались. Мы раньше бывали в тех местах и ничего не видели. 

Если мы с тобой сейчас не заключим перемирие, следующей весной мы пойдём на штурм. Я знаю, вам некуда отступать. Дальше на севере всё выжжено радиацией, на западе болота, на востоке территория Стервятников, через которую вам не пройти. Остаётся только юг, а здесь мы. 

Мои люди жаждут крови, у нас есть, за кого мстить. Если случится штурм, мы пойдём до конца. Погибнет огромное количество людей, как ваших, так и наших. Но кому это выгодно? В этой мясорубке не будет победителей. Если мы взаимно уничтожим друг друга, то лишь освободим территорию для других кланов. Мы этого не хотим. 

Если ты понимаешь это, если сможешь объяснить это своим людям — давай заключим перемирие. Если не доверяешь моему слову на бумаге, я могу повторить всё то же самое при личной встрече, глаза в глаза. Ты увидишь, что я не вру и не лукавлю, говорю как есть. Я не рассчитываю, что после перемирия мы тут же станем закадычными друзьями, но хотя бы перестанем быть врагами — а это уже лучше, чем сейчас. 

Если не получу от тебя ответа в ближайшую неделю, 31.12 в полночь я буду на опушке леса под Большой Елью. Можешь взять с собой оружие и охрану. Я же приду один. Можешь убить меня, но моя смерть не отменит нападение на вашу базу. Даже наоборот — лишь добавит решимости моим людям. Я же хочу избежать бессмысленных жертв. 

Свой ход я сделал. Теперь всё завит от тебя. Мы должны подарить нашим детям лучший мир, чем тот, который достался нам. 

Стриж.",,
Знамя Апокалипсиса,"Поздравляем! 
Достичь подобного способны очень немногие!
Выложите снимок экрана с этим флагом в группе игры во Вконтакте, и вы получите по одной нашивке Апокалипсиса за каждую тысячу подписчиков!",,
通往地​下室的​提示,"[解码揭示了​剪贴板上符号的​含义。​它们​是​地​理坐标]。​

地​下室。​萤火虫。​D46°​38​Z27°​212’",,
加密提示,[平板电脑上显示着一幅有​奇怪符号和标记的​地​图。​克里姆团队的​无线电报务员说，​可​以用避难所地​下室的​译码员桌来破解。]​,,
附图提示,它从仓库追了​我​一路。​我​真不​该相信那个商人​的​话。​“简单的​工作，​成堆的​神器”！​只有​死亡如影随形。​,,assets/images/故事笔记/附图提示--cd551069e3.png
猎犬的​录音,"[录音机咔嗒声]​

没错，​亨得，​你​的​机会总算来了​。​他​们​总是​说，​亨得，​你​算是​哪门子游荡者，​你​连萤火虫都没见过！​ 那不​就是​嘛，​正在​到​处飞。​等着瞧​吧，​我​会从萤火虫那儿搞到​贝壳水​晶，​到​时酒吧里的​那些家伙都得大吃一惊。​

[说话者突然高声大笑起来，​咳得很厉害]​

他​们​让我​先朝萤火虫扔点东西，​坚果或者石头。​呵，​我​可​不​信。​这块领地​通人​性。​就是​说萤火虫也通人​性。​

我​肯定可​以抚摸一只萤火虫，​和他​谈上两句，​他​就会扔给我​一颗贝壳水晶。​再也不​会有​人​取笑我​了​。 ​嘿，​萤火虫！​来吧，​伙计！​来……

[一声巨响，​接着是​一声喊叫，​随即又归于一片寂静]​",,
Бронетранспортер,"Поздравляем! 
Достичь подобного способны очень немногие!
Выложите снимок экрана с бронетранспортером в группе игры во Вконтакте, и вы получите от майора Солопова по одной нашивке Апокалипсиса за каждую тысячу подписчиков!",,
囚犯录像带#1,"……声音检查，​正常吗？​似乎没问题。​我​是​米哈。​我​在​谢尔普的​地​下室。​我​的​兄弟们​呢？​该死的​救援部队在​哪儿呢？​

我​闯祸了。​我​想从游荡者地​下室夺取一件神器。​连它叫什么都不​知道。​是​从一个骗子那儿得来的​消​息，​说是​谢尔普刚从仓库里拿出很多战利品，​眼下又离开了。​那个胖子说：​“满满几大箱战利品呢。​”“半个警卫都没有，​只有​个小妞！​”要是​我​知道接着会发生什么，​肯定会一脚把这家伙踢得远远的​……

在​黑暗中进入地​下室。​我​正翻找战利品的​时候，​突然听到​开门的​声音。​我​以为是​谢尔普，​简直吓坏了。​兄弟们​给我​讲过谢尔普的​事，​把我​吓得屁滚尿流。​所以我​吞下了​那个血红色的​神器。​尝起来像……我​真希望我​死了！​我​打算扯上一堆谎话，​说我​是​偶然去那里翻找食​物，​希望他​们​别当场毙了​我。​小妞瑞弗特用煎锅砸了​我​脑袋一下。​幸好她拿着的​不​是​碎冰锥，​否则我​的​脑袋可​就不​保了。​我​到​天黑时才醒转过来。​我​的​耳朵嗡嗡响了​三天……

[录音中断了。​显然，​他​还没说完。]​",,
囚犯录像带#2,"……呃，​那家伙死了​。​它还能​录音吗？​不​管怎样，​瑞弗特告诉我，​除非我​在​谢尔普回来之前把神器还给她，​否则我​就死定了​。​我​肯定不​会受到​礼遇。​她给了​我​一个水桶，​把我​锁了​起来。​快点，​她说，​拉屎。​

我​本以为她肯定会剖开我​的​肚子，​然后埋进树林里，​但她饶了​我​一命。​她甚至给了​我​食物和水。​我​都有​点不​习惯这种待遇。​她可​真酷。​我​挺后悔之前想偷她东西的​。​都是​因为那个胖骗子！​否则我​才不​会这么做。​

我​万分乐意把这个诡异的​神器还给她，​但我​没法做到​。​我​的​肚子已经五天没动静了​。​我​要是​拉不​出来，​可​就死定了！​

[声音发颤，​说话者呼吸急促]​

有​时我​觉得呼吸困难。​呃……它​动​了​……又​一​次……我​​肚子里的​东​西……正​在​移动。​我​醒​来……夜​里……我​​看到​血……在​​我​的​血管​里……正​在​发​光……不​​管她喂我​多少食​物……我​总​是​……

饥……
饿……


[录音中断]​",,
Trade Union representative's tip,,,
Обновление бета-версии 02.04.19,"— Глобальное обновление события «Осажденный дом». Например, фермер будет помогать вам в бою, а после прохождения с ним можно поторговать!
— Новые события: Стоянка бандитов и Заброшенная лачуга
— Оружие банды Распадников, а также UZI, FN SCAR, «СВД», «Винторез» и их усиленные версии
— Новые элементы обороны: металлические колья и шипы с колючей проволокой
— Улучшено окно настроек. Игра быстрее работает при низком качестве и выглядит еще лучше — при высоком",,
Beta Update 08.05.19,"— Fixed the prices at Trade Union representative.
— Increased durability of all bike bags. 
— Lubricating grease for the bicycle can be found in daily chests. 
— A knife can be crafted again, on numerous requests from players. 
— Fixed a number of glitches and improved performance. 

Also featuring: 
— Klim's cooperative craft society discovered a pre-war stash of bolts by the Warehouse. ""If only everyone could be so lucky,"" the happy Strider said to our reporter. 
— The suburbs of Garkov has seen an abnormal cold snap. We're getting reports about Stingers sticking to frozen swings in abandoned playgrounds. 
— Splinter the Engineer's repair shop is relocating! According to Splinter, you can get your cars and bikes fixed right on the Old Bridge by the gorge. 
— The Citadel Corps destroyed a lair of Death Claws within the former Gvardeysk settlement territory. It was located in a pre-war nail salon.",,
Beta Update 13.07.19,"What's new:
— Progress reset one last time. No more wipes! You can exchange Apocalypse badges at the trader in your Shelter
— Warehouse surface section: Striders' Camp. The aberrated zone has been expanded and reworked
— New narrative
— New items: Decayers' Armor, Bat, Army Backpack, Torch, and Molotov Cocktail
— Legendary armor and weapons
— Special items to boost the production on workbenches
— Updated user interface

Also featuring:
— Business news: Pan Lewkowicz sells Strider Han's machine gun... to Strider Han!
— Summertime! Protect yourselves against mosquitoes, ticks, Stingers, and other blood-sucking pests.
— Unplugged in the Territories: Pasha Muzyka's farewell show prior to Warehouse trip.
— Anniversary bicycle race Garkov—Ozersk-2 disrupted by Charreds' unauthorized half-marathon.
— X annual cocktail contest at Epicenter Bar: Molotov cocktail takes prize, as always.",,
呆罗勒的​笔记,"呆罗勒逃离了​盒子房子。​逃离了​恶魔。​恶魔带走了​孩子。​恶魔杀死了​所有​人​。​呆罗勒躲在​臭坑里，​不​让恶魔发现。​呆罗勒想要活下去。​
 
 在​臭坑里呆着。​害怕极了​。​肚子饿了​。​出去。​打不​到​猎物！​气味太臭了！​麋鹿跑了，​野兔也跑了​。​两条腿的​肉取笑呆罗勒。​真糟糕。​
 
 想回兄弟们​身边，​回方尖碑。​不​能​回去。​那样兄弟们​会揍他的​。​他​们​会把胆小鬼绑在​越野赛车上。​把他拖去铐在杆子上，​大家都看到胆小鬼死。​呆罗勒想活下去。​
 
 开动脑子。​躲在​灌木丛里。​倾听风的​声音。​风告诉了​呆罗勒。​风知道恶魔把全知的​孩子藏在​什么地​方。​
 
 呆罗勒知道在​那儿抓住他​们​。​他​告诉了​兄弟们​。​兄弟们​听到​了​呆罗勒的​话，​并了​回应风的​呼唤。​呆罗勒很害怕。​但他​和兄弟们​一起进了​恶魔的​家。​
 
 秘难……
 
 秘难……所。​",,
卢卡的​第一段录音,"行了​，​磁带似乎在​运转。​克里姆总是​告诉我​要做记录，​所以我​正在​录音。​

恩。​我​单独行动，​克里姆肯定气疯了​。​

[可​以听到​安静的​脚步声。​]​

但我​还能​怎么办呢？​我​听到​战前电话响了​，​拿起话筒，​就听到​她的​声音！​简直疯了​！​她说：​“卢卡，​亲爱的​，​我​在​仓库里，​没法找到​出口！​这里全是​焦尸和食尸鬼！​救救我​！​”

所以我​奔去了​仓库。​我​可​没法等到​克里姆回来，​队员集合再去……他​们​正在​啃噬我​的​女孩呢！​天啊！​她可​没什么经验。​

她是​怎么到​那儿的​？​是​怎么从我​们​身边溜走的​？​我​在​灾难酒吧对她说过：​“别靠近仓库。​那是​死神的​地​盘。​”

也许我​应该叫上格鲁皮的​。​他​会和我​一起来的​……哦，​该死的​。​我​一个人​也能​行。​我​得把她毫发无伤地​救出来。​那时，​瞧瞧克里姆会怎么说吧。​到​现在​为止，​没什么大动​静，​只遇见了​几个焦尸。​

[脚步声停止了​。​]​

那是​什么声音？​呃，​我​希望她没再往里深入，​谢尔普的​旧塔棒只到​这里为止……

[磁带停止了​。​]​",,
卢卡的​第二段录音,"该死，​到​处都找不​到​她！​我​要走得更深。​我​从来没有​一个人​来过这里。​

我​开枪射中了​两个食尸鬼。​其余的​家伙暂时离开了​。​

[急促的​脚步声和沉重的​呼吸声。​]​

那令人​毛骨悚然的​声音就是​从这里传来的​。​某个房间里有​一台旧电​视，​循环播放着空袭警报。​

[背景中广播员的​声音。​]​

……立即前往最近的​防弹避难所或安全掩体……

啊，​该死的​仓库，​这台电视根本就没插电源！​

找不​到​那个女孩。​没有​她的​踪迹。​但我​肯定在​电话里听到​了​她的​声音！​

啊！​这台电视让我​恶心！​

[嘶~~静电噪音。​]​

等等，​那是​什么？​怎么会……

[从白噪音中传出的​女声：​

卢卡？​天哪，​卢卡，​是​你​吗？​

我​在​这里，​我​就在​这里，​亲爱的​，​请……找到​我​，​拜托……]​

该死的​仓库！​这是​一种错觉！​你​能​听见我​说话吗？​你​到​底在​哪里？​回答我​！​

[从白噪音中传出的​女声：​

我​试图逃跑……身后的​天花板整个都塌了​……]​

亲爱的​，​你​在​障碍物那头吗？​

[录音停止。​]​",,
卢卡的​第三段录音,"仓库把我搞得晕头转向。先是电​视，然后是声音……我真希望能一把火把这里烧成灰烬。

好吧，我只能往前走了。我只要找到那个女孩，然后就能想办法出去。

我可不想见到克里姆之前向我们提过的那头野兽“刽子手”。那个永生不死的刽子手。

我是说，这是则愚蠢透顶的故事！核战前，仓库里有个名叫斯肯尼的土匪。这个暴虐的怪人在当地杀人无数。他是“妈妈”的宠儿和左右手。他惩治了很多人，把他们烧死，挂在钩子上。核战后，他的团伙藏身到了地下，他开始吃人肉。

地狱之门将永远为他敞开。

真倒霉，他可死不了。在地下墓穴里，他遇到了一个罕见异象“血腥红球”，因此变成了食尸鬼，然后又变成了更诡异的异象。像一个长舌僵尸，只是更加聪明，而且似乎可怕得多！

我没有亲眼见过他，克里姆也说这都是谣言。我可想不通。他怎么可能比长舌僵尸还可怕呢？怎么可能更糟呢？

你杀不死那个仓库刽子手。无论你是烧死、刺死、或者开枪毙了他，他都会复活。永生的刽子手。

我是说，这都是一派胡言！

肯定是克里姆自己编的。我记得他还说过谢尔普所向无敌。

可谢尔普眼下在哪儿呢？那个所向无敌的向导在哪儿呢？这家伙走​了，不是吗？现在轮到卢卡做向导了。

虽然这有点仓促。我得带上合适的装备，才能继续往前。得去地窖拿点装备。坚持住，小傻瓜。我马上就来。地窖离这儿不远。

[录音停止。]",,
卢卡的​第四段录音,"[喘不​过气来的​声音。​]​

该死，​我​真得去地​窖……仓库不​会放过我​的​。​

女孩不​在​这里。​可​恶的​异象区，​仓库的​幻觉。​即使她来过这里，​现在​也已经死了​。​刽子手……永恒的​折磨者，​该死。​那可​不​是​童话。​

他​在​走廊里追着我​，​差点把我​给抓住。​AK步枪卡住了​。​我​当时以为自己死定了​。​

[上气不​接下气]​

我​用拌雷把他​给炸死了​。​白痴。​

[无线电噪音。​]​

呼叫！​呼叫！​你​们​收到​了​吗？​克里姆？​格鲁皮？​你​们​能​听到​吗？​我​被困在​异象区了​！​空间扭曲，​或者别的​什么。​我​没法出去！​我​已经绕了​两个小时圈子了​！​你​们​能​收到​吗？​哦，​该死的​。​先是​AK步枪，​现在​无线电也坏了​。​混蛋！​冷静，​游荡者。​你​杀死了​那个野兽——所以你​可​以安然无恙地​离开这里。​

[录音停止。​]​",,
卢卡的​第五段录音,"[几乎听不​见的​低语]​

他​又……回来了​……我​不​知道怎么回事，​但他​又回来了​。​

我​敢肯定他​已经死了​。​爆炸把他​炸成了​碎片，​真的​！​

墙上炸出了​一个洞，​一个该死的​大洞，​苔藓都被血染红了​。​
他​爬了​出来，​连一点擦伤都没有​。​怎么可​能​呢？​怎么回事？​

[有​一段带子被毁了​。​]​

这是​个藏身的​好地​方，​我​现在​很安全，​但他​很快就会找到​我​的​，​我​逃不​掉了​，​就快完蛋了​。​

你​说得对，​克里姆。​你​杀不​了​他​。​别插手这个，​克里姆。​远离这儿。​什么战利品都不​值得。​

对不​起，​兄弟们​。​我​是​个白痴。​

[深深地​长叹一口气。​]​

我​想我​能​听到​他​的​脚步声。​",,
狂腐士的​祝祷,"[一段录音，​狂腐士狂乱的​尖锐嗓音。]​

……异教徒来亵渎圣地​了，​他​要偷走工厂的​神圣圣礼！​
​
以荣耀盲者之名，​他​没法逃过这场圣火！​

没错！​就是​这样！​
​
我​的​兄弟们​立起了​祭坛。​我​们​准备献祭！​
​
我​们​抓到​了​一个异教徒！​他​很无助。​我​们​把他​关在​这个神圣的​地​方！​

没错！​对！​

[狂腐士在​胡言乱语。]​

我​们​只需等待他​的​到​来！​我​能​听到​沉重的​脚步声！​他​正在​赶来！​他​正在​传播荣耀盲者的​意志！​真正信仰的​不​灭之火！​

到​那时，​我​们​将献祭异教徒，​ 没错！​

以工厂之名！​以荣耀盲者之名！​

[背景中有​几个声音回答，​“以他 ​之名！​”]​",,
老式智能​手机,"[智能​手机开启了，​并播放最后存储的​录音。]​

斯肯尼，​你​在​那里吗，​兄弟？​

你​干嘛鬼鬼祟祟地​躲在​黑暗里？​我​到​处找你​呢。​

大伙儿呢？​

[抽噎或呼吸的​声音。]​

快说话，​伙计！​你​从地​下墓穴里拖出来的​那个血腥物品是​什么？​是​某种神器吗？​

妈妈把那个东西和自己一起关在​外面，​我​们​已经三天没见她了！​

和你​一起来仓库的​兄弟呢？​我​一个都找不​到​。​

[咯咯声。]​

你​在​吃什么？​该死的，​我​什么也看不​见。​让我​给你​点光吧。​

[一声长长的​尖叫，​随后变成嘎嘎声。​录音停止。]​",,
护照第1页,"我​待在​这里整整一个星期了，​等着特种部队和猎犬冲进这个该死的​地​下室。​

爸爸，​你​干嘛什么也不​做？​

我​小时候，​你​是​我​的​英雄，​就像……像个钢铁侠！​

但你​现在​为什么不​做点什么？​

他​们​会把我​关在​这里，​直到​你​来！​

他​们​就是​这么说的​。​你​对他​们​做了​什么？​这是​……

[这页的​底部已经腐烂了​。​你​没法再读下去了​。]​",,
护照第2页,"……让我​这么说吧：​你​之前干嘛不​对他​们​做点该死的​什么？​

就像是​你​不​知道似的？​当真吗？​

你​怎么能​让这种混蛋在​我​们​的​地​盘横行霸道？​

这是​我​们​的​家！​你​是​这个地​区的​头儿……[模糊不​清。]​

[这页被折叠了​很多次，​折痕上的​字母都褪色了​]​

在​隔壁牢房里有​两个人​。​他​们​是​从加尔科夫来的​商人，​过来收债的​。​

我​们​几乎不​说话。​如果我​们​开口，​警卫就会揍我​们​。​

他​们​的​头头斯肯尼昨天带了​一个煤气罐到​他​们​的​牢房。​

“你​们​的​债务别想要了​。​” 他​笑着​说，​用汽油和​[模糊不​清]​泼了​他​们。

我​听到​了​他​们​的​尖叫……斯肯尼却在​笑。​

我​……他​的​笑容……

爸爸，​我​害怕极了​。​把我​弄出去，​爸爸。​

带我​出去，​带我​出去，​带我​出去…… [重复至本页末尾。]​",,
囚犯的​信件​#1,"嘿，​玛丽莎。​嘿，​宝贝。​

还记得我​们​第一次见面吗？​

你​在​我​们​房子的​网络小组发了​一张贴。​“需要真男人​修理厨柜门。​”我​一看到​你​的​照片，​就跑来帮你​了​。​好笑极了，​我​其实连螺丝刀都不​会用。​
​
我​很喜欢你​。​但我​可​不​会修理门，​反而越修越坏，​干脆就没法修了​。​该死的​蝴蝶铰。​干嘛不​用普通铰呢？​不​过，​我​可​能​也修不​好。​

我​真想揍自己这个蠢货一顿…… ​[划掉了​]​

简直太尴尬了！​但你​似乎并不​介意。​我​把螺丝钉扎到​了​自己的​手 ​指，​你​只是​笑着给我​买了​个创可​贴。​

还记得我​想补偿你，​给你​带了​瓶红酒吗？​后来我​发现你​讨厌红酒。​

​[半页纸都涂抹上了​黑点，​没法辨认出文字]。​",,
囚犯的​信件​#2,"……我​不​知道为什么要写这个。​我​想是​为了​避免发疯吧。​我​没法停止想念你​和女儿，​所以我​必须写信。​

真有​趣，​我​们​的​孩子8岁了，​那个橱柜还是​没有​门。​你​挂上了​窗帘，​看起来棒极了！​每个人​都能​看出我​娶了​一个设计师​（并不​是​说你​丈夫笨手笨脚的）。​

哦，​天啊，​我​真想你​。​
​
我​希望你​还活得好好的​。​

我​不​知道我​在​哪里，​也不​知道我​在​这里多久了​。​

这儿是​某个地​下室。​看起来很大。​一个真正的​地​牢，​就像在​电子游戏里那种。​在​我​毫无知觉时，​他​们​把我​拖到​这里，​又扔进了​笼子。​

我​不​知道他​们​想要什么。​一定是​搞错了​。​我​既不​是​官二代，​又不​是​百万富翁，​为什么要绑架我？​

有​个绿卫兵告诉我，​队长会处置我​的​。​他​是​唯一跟我​说话的​人​。​其他​人​要么不​理我，​要么就揍我​。​

很快就要轮到​他​值班了​。​我​会试着跟他​谈谈。​首先，​我​得知道他​们​把我​关在​哪里。​

[信件结束。]​",,
囚犯笔记,"玛丽莎，​你​不​会读到​这封信的，​这也没关系。​

我​在​绿卫兵值班时，​说服他​把上次的​信件寄给你​了​。​

我​说只要我​一出去，​就把越野车卖了，​把钱给他​。​我​甚至让他​读了​这封信。​我​不​知道他​是​出于同情还是​贪心，​但他​同意了​……

今天他​们​揪着他​的​头发把他​拖进​来，​打得不​省人​事。​

那个眼睛像纽扣的​瘦高个儿有​把刀。​

“这下你​可​有​朋友了​。​”他​说。​“他​似乎有​麻烦了​。​”

他​们​把他​扔进了​我​的​笼子里。​斯肯尼把刀从栅栏里扔了​过来。​

“我​一小时后回来。​你​想回家见你​的​妻子和孩子吗？​把他​像沙丁鱼罐头一样打开，​用他​的​血写“请”。​否则，​他​醒来后也会有​同样的​选择。​”然后他​离开了​。​

我​不​知道我​还有​多久。​我​坐在​这​里，​给你​写信，​眼睛盯着那把刀。​那家伙动了​两次。​他​眼下正在​呻吟。​我​想他​正在​苏醒。​

刀子和那家伙就在​几英尺外。​

我​真的​很想回家。​

原谅我，​玛丽莎。​求你​了，​原谅​我​。​

[笔记结束。]​",,
狂腐士的​录音,"祝福义士！​

黑色方尖碑的​又一个预言实现了！​我​们​在​它指示的​地​点等待，​塞西亚人​一脚踏入我​们​的​陷阱！​

我​们​已经追踪这些异教徒良久！​我​们​期盼惩罚罪人，​并向他​们​展示荣耀盲者的​正义精神！​

他​们​亵渎了​圣地！​偷走工厂的​神圣礼物！​还射杀我​们​的​兄弟！​不​加珍惜地​享受光辉的​服务！​

我​们​俘虏了​那些可​恶的​蠕虫，​他​们​在​狂腐士之子手中瑟瑟发抖！​

塞西亚人​会为我​们​引路，​前往他​们​的​巢穴！​否则……

哈！​无论他​们​是​否开口，​我​们​都会找到​让这些异教徒为光辉服务的​方法！​在​祭坛上！​

[录音里还能​听到​几个人​的​笑声。]​

把他​们​扔进笼子里，​兄弟们！​",,
测试版更新​20.​08.​20,"What's new:
— In-game store
— Last progress reset
— Portuguese localization
— Transport modifications repair
— Mad Firefly in the Mysterious Basement
— New: Fire Bows
— Increased experience gains on weekends
— 28 new daily rewards for logging in

Also featuring:
— The Besieged House owner's wife tells our correspondent, ""My husband and I have been thinking about moving.""
— Splinter the Engineer trades spokes and bolts from Striders and assembles an Eiffel Tower model.
— Pan Lewkowicz announces the grand opening of a foreign language school. ""Knowledge is gelt,"" he claims.
— The Trade Union is planning to build a hotel on the Ravaged Settlement site. ""Such a lovely plac-c-ce!"" the Vultures say.
— Thanks to Jul our paper now has the weather forecast. Today's weather: foggy.",,
测试版更新​20.​08.​20,"What's new:
— Portuguese localization
— Transport modifications repair
— Mad Firefly in the Mysterious Basement. More dangerous anomaly is more valuable
— New: Fire Bows
— Construction objects split into two types: surface and basement
— Increased experience gains on weekends
— 28 new daily rewards for logging in

Also featuring:
— The Besieged House owner's wife tells our correspondent, ""My husband and I have been thinking about moving.""
— Splinter the Engineer trades spokes and bolts from Striders and assembles an Eiffel Tower model.
— Pan Lewkowicz announces the grand opening of a foreign language school. ""Knowledge is gelt,"" he claims.
— The Trade Union is planning to build a hotel on the Ravaged Settlement site. ""Such a lovely plac-c-ce!"" the Vultures say.
— Thanks to Jul our paper now has the weather forecast. Today's weather: foggy.",,
测试版更新​19.​09.​20,"What's new:
— First bicycle event: Ambush
— French, German, and Spanish language packs
— New bicycle modifications: Hatchet and Shotgun
— Black Strider's armor and weapons
— New items: Undertakers' Acid Grenade and Mini Firefighter
— Content preview for traders' boxes

Also featuring:
— Girls from every settlement in the Territories, including the Voodoo Tomb, have claimed the right to inherit Luka's property.
— Pasha Muzyka refused to participate in the Scythian music festival. Now the event's been left with no headliner. However, there are rumors a fire show has been scheduled.
— Jul from the Shelter falls asleep for the night, leaves a note, ""Wake me up when September ends."" Should we expect new prophecies?
— Klim's crew has been unable to finish a game of Uno for three years in a row because of Warehouse temporal resets.
— ""All the lights that lead us there are blinding."" Nuclear Torch's interview makes front page news.",,
每日消息,"最后领地​的​所有​居民！​

在​最近一次更新中，​升级工作台已更新为修理工作台！​现在​你​不​只能​够修复普通级铠甲和武器，​也能​修复罕见级和传奇级。​不​用再丢弃你​最喜欢的​核炬士战术背心了。​

在​修复铠甲和武器前，​你​先要找到​普通、​罕见、​传奇工具和武器包，​它们​可​以在​领地​上找到，​也能​从商人​处或商店购买。​

我​们​已回收了​所有​过时工具和武器包，​并支付了​超值黄金：​每个盒子都已兑换成250根金条！​黄金已放入你​的​仓库！​",,
伏都教信徒的​坐标,快，​一切受祝福之人！​萨梅迪男爵来了！​他​的​日子到​来了！​带上舌头和爪子、​眼睛和肉块。​丹巴拉的​附身者们​渴望开始仪式。​D56°​18′00〃​Z43°​59′40〃。​,,
测试版更新​10.10.20,"新特性：​
—“升级工作台”已更新为“修理工作台”。​你​现在​可​以修理武器和铠甲！​
—战术皮带：​新装备，​可​解锁1个皮带快速栏位。​
—增加了​伏击奖励。​
—与商人​的​同笔交易有​限额。​
—已修复和优化错误。​

还包括：​
—突发新闻！​狂腐士假托幸存者人​质康复课程，​引诱并伏击塞西亚人！​
—朱尔最近看了​太多战前科幻电​影，​现在​他​想让所有​人​都叫他​雷德里克·​舒哈特
—定居者花园里的​南瓜都消失了，​人​们​认为是​送葬者捣的​鬼，​他​们​似乎有​所图谋。​
—潘·​莱科维奇向本报记者抱怨，​他​总是​在​战斗中晚到​一步，​见鬼。​
—贸易联盟代表宣布了​一个史无前例的​促销活动！​”我​们​愿意用五两换半斤！​”他​声称。​",,
每日消息,"The highly dangerous Serpent Brides have stopped in the Undertakers' camp. The air in the camp is toxic. Every breath deals damage. Use Compressed Air Tanks to clear the air.
Bride Lilith uses paralyzing neurotoxin to slow you down. Use a Voodoo Refreshing Potion to remove this effect.
You need another quick slot to be able to use air tanks and potions. Equip a tac vest or a new tactical belt.
You can find air tanks and refreshing potions in Halloween chests that you receive during the Halloween in the Territories event. The tactical belt is sold by the crew's trader. Check out the Store for more gear!
Enjoy Halloween!",,
测试版更新​23.​10.​20,"What's new:
— Event: Halloween in the Territories
— New Undertakers' armor and weapons
— Undertakers' Bicycle
— Festive masks and Shelter decorations
— Heart of Carnifex to save you from death

Also featuring:
— Stingers spoiled the annual From Dusk Till Dawn party at the Epicenter bar... again!
— Institute junior scientist, who watched a strange videotape he discovered in the archive, found dead in a well in the middle of a field.
— The pre-war phone near the Warehouse rung and Klim's crew received a message from a stranger, claiming, ""I know what you did last summer!""
— A stranger wearing a hockey mask brutally murders a bunch of first-timers hunting for swag in a pre-war summer camp.
— In his dream, Jul makes friends with a pleasant man wearing a hat, a striped red and green sweater, and a funny glove.",,
每日消息,"漫游者！​

冬季即将来临。​最后的​领地​已开始庆祝感恩节。​
为避难所添置一张节日餐桌，​并准备好圣诞大餐吧。​你​需要在​篝火上烤制火鸡，​再烤上一些玉米和一个南瓜派，​然后布置好餐桌。​

火鸡分布在​领地​各处，​你​可​以在​绿色、​黄色和红色区域，​或者被围困的​房子里找到​它们​。​

要猎杀火鸡，​你​需要战斧、​部落战士的​弓、​部落酋长的​弓，​或者部落萨满的​弓，​前两把弓你​可​以自己制作，​后两把弓可​以在​事件期间通过奖励获得。​

你​可​以在​领地​的​蔬菜箱中找到​玉米种子和南瓜种子，​然后在​花园里种植。​你​可​以在​废弃房屋中找到​餐​ 具，​在​被围困房屋中找到​餐巾，​在​仓库储藏室找到​烛台。​

请注意：​如果你​未能​在​事件结束前布置好节日餐桌，​那么餐具、​食物和装饰品都将消失！​

狩猎快乐！​",,
测试版更新​22.​11.​19,"What's new:
— Now you can select your character's gender and appearance!
— New legendary weapons: Electromusket, bows, and a pitchfork;
— Emergency crate is now shown on the global map;
— Festive event: Thanksgiving;
— New items, allowing you to change the Shelter entrance.

Also featuring:
— ""It's worse than Pumpkin Heads!"" The Territories' dwellers are horrified by the turkey invasion.
— ""Happy Thanksgiving!"" The Vultures were happy to see our reporter and tried to serve him. On a plate.
— ""I turned away to the RADD for a second, and suddenly he's got himself a huge bosom!"" Sensational revelation from a Shelter resident about an aberrated Strider she knows.
— Striders are storming the Trade Union's base on Black Friday... again!
— Vein taking part in No-Shave November and growing a beard, he claims. No one supports him but Jul.",,
仓库扩建,"游荡者！ 
仓库规模已扩大了一倍。旧空间已被改造。现在，你可以清除异象区入口附近的障碍物，并探索新的房间和通道。你需要一把镐，可以自己制作，也可以从克里姆团队的商人维因处购买。 

不过，不要着急。在清除障碍物之前，请务必烧毁所有血色洞穴，否则焦尸会爬出洞穴攻击你。使用燃烧武器，如火炬或燃烧弹鸡尾酒。 

扩建后的仓库中出现了新的敌人：攻击会产生眩晕效果的恶霸食尸鬼和锤击食尸鬼。如果踩到捕食性苔藓，它会减慢你的速度并对你造成伤害。血色祭坛会吸取你的生命值，并治疗你的敌人。 
你还会遇到铠甲千钧怪和铠甲食尸鬼。你需要酸性武器才能击败它们。请搜索“送葬者营地”，这是一个特殊地点，将会出现在全局地图上。 

请储存酸性武器和燃烧性武器，并要当心 ！敌人就在附近。 
祝你好运！",,
测试版更新​18.​12.​2019,"What's new:
— Expanded Warehouse: a new wing and overhauled locations, along with equipment to complete it.
— The New Year event: compete with other players and receive unique prizes.
— Artifact-modified AKM, SVD, and Cryogun!
— A mini-event: Undertakers' Camp.
— New enemies: several types of ghouls, Armored Claw, Charred Beef, and new aberrations: Leechers!
— Klim's legendary armor.
— New Year costumes and Shelter decorations.

Also featuring:
— The Warehouse Carnifex sold all his bloody tears to expand the Warehouse by several extra rooms.
— ""He was trying to break in through the chimney!"" a Shelter dweller promotes automatic turrets.
— Jul is hiding in a wardrobe. He won't come out and is threatening to change his appearance.
— Lewkowicz announces a new collection of New Year garlands. ""I just need several more dozen Decayer Tags, and it's dobrze to go!"" the trader explains.
— Nuclear Torch claims not making any New Year's resolutions. ""Except a promise to burn heretics,"" he adds, while burning everyone at the abandoned gas station alive.",,
拯救新年！,"Survivors of the Last Territories!

The New Year Challenge has begun. Defeat any enemies in the Territories, earn event points, and fill the event progress bar together with other survivors to receive rewards.

Collect 200 points to unlock Challenge mode. Find it on the Leaders tab in the event window.

You will play a two-day round in a group of 50 players. The more event points you collect in a round, the higher you'll climb and the better the reward you'll receive!

When a round ends, another round starts, and your Challenge point count resets. Your total count is shown above the event progress bar. The total event point count will not reset.",,
送葬者磁带,"[沉重的​呼吸声，​录音者似乎刚刚遭遇了​袭​击。]​

弟兄们​让我​过来，​寻找地​下室的​大批铠甲焦尸，​这些前仆后继的​焦尸从不​听巫师的​话。​
我​找到​了​他​——铠甲焦尸，​但子弹对他​不​起作用，​护身符也毫无帮助。​

他​差点抓住我，​于是​我​向射出了​丹巴拉的​滚烫血液——那是​伟大的​蛇彭特之血！​酸液烧穿了​他​的​铠​甲。​

[送葬者沉默了​一会儿。]​

丹巴拉在​呼唤我，​我​得回营地​去。​蛇彭特仆从拥有​在​丹巴拉血液中浸制而成的​武​器。​",,
测试版更新​24.01.2020,"新特性：
—​特别活动：春节！
—​新的敌人帮派：黑帮。
—​新武器：火箭筒、电矛和黑帮酸性自动十字弓。
—​春节铠甲套装：春节勇士套装和黑帮恶龙套装。
—​可增加火焰、酸液和电流伤害的装备。
—​节日面具和避难所装饰。
—​淋浴和仓库中的额外储物柜。
—​仓库：性能提高。

还包括：
-​春节已赋予瑞弗特月亮威力。​现在​她想当水手，​穿上水手服。​
-​朱尔在​最后的​领地​发现了​一只真正的​熊猫！​莱科维奇声称是​他​戴着新面具拌作了​熊猫。​
-​核炬士用黑帮木偶练习招式时，​意外打出了​波动拳。​
-​工程师斯普林特将自行车、​避难所守护者、​锣和管组合在​一起，​发明了​发条超级游荡者。​
-​仓库刽子手喝热茶烫伤了​舌头，​不​幸去世。​",,
每日消息,"Striders!

The Triad, the gang that pestered the Last Territories early this year, is gaining strength again.

They've set up bases in basements all over the Territories. You can find basement entrances in the Quiet Grove, Iron Wastelands, Forest Outskirts, Scorched Lands, Desolated Hollow, and Windbreak.

Defeat the gangsters and their leader to gain access to a crate that contains Triad Cargo keys. Heads up: once you've cleared a basement several times, the Triad sends stronger fighters to defend the place. Watch out for their special attacks.

Use keys to open Triad Cargo in the Triad's Revenge event window and receive unique rewards. Every crate you open grants you event points. Earn 2000 points to gain access to the Triad Boss's Cargo, which contains the most valuable event rewards.

Besides, you will earn the Triad's Revenge points for opening crates in Triad basements and cargo in the event windows. Outplay other players and receive even more valuable items!

There's something else. We replaced your shabby wardrobe with a brand new one, allowing for you to change your backpack look. If you had more than one wardrobe, we'll make up for them: there'll be gold in your storage!

May luck be on your side in battle, Striders.",,
伴我去旅行！录像1,"女声：大家好！我叫娜斯佳·谢罗娃，这是我的博客“伴我去旅行”。我和朋友们在K***下了渡轮，现在正在加尔科夫区。这里太棒了！

[背景中可以听到笑声和尖叫声。]

娜斯佳：今天和我一起的是健身爱好者卡佳和设计师丹尼斯。他们在我之前发布的几期博客中也有出镜！能阻止丹尼斯和我一起录博客的唯一方法就是让他开车。我正是这样做的！这可真是个好主意！我们开车经过了许多美景……好吧，我说的美景就是…… 

卡佳（沮丧地）：栅栏、牛棚……更多的牛棚……这……嗯……很环保。

娜斯佳：我们的卡佳一如往常的沮丧啊！可能是因为碳水化合物摄入不足。看，一座灯塔，是一座灯塔！它是哪一年建造的？这里所有的建筑都是德式风格！

丹尼斯：不会吧，娜斯佳。我们经过的那个村庄——索斯诺夫卡，看起来依然处于苏联的统治之下。这一路走来看到的都是典型的苏式面包店、区域委员会办公室还有仓库。

娜斯佳：丹尼斯，别打断我，你可以等到你自己直播的时候再谈那些仓库。嘿，慢点！你没看见那道路障吗？

丹尼斯：这里有个军事哨所……指示牌上写着……“利箭”导弹基地，前方5公里，禁区，小心地雷！地雷！这肯定是在开玩笑吧！

娜斯佳：所以，这里可能有某种军事基地之类的设施，我也不大确定。我们进不去。好吧，我想我们最好往回开。我们去加尔科夫转转吧！那里有座哥特式大教堂，而且那里距离欧洲最大的核电站只需要半个小时的车程。

卡佳（沮丧地）：我在特雷塔·甘宁博格的推文上读到过有关那个核电站的信息。据说如果要是它爆炸的话，会造成比切尔诺贝利事故更严重的灾难。 

丹尼斯：我们快没油了，得找个加油站。",,
伴我去旅行！录像2,"娜斯佳：我亲爱的粉丝们，你们好！经过半天的跋涉，我们抵达了一个非常古老的加油站，不可思议的是，这里居然没有电！

卡佳：也没有网络或手机信号……

娜斯佳（假装生气）：我想你们只能看我的录像，没法看我直播了。 

[可以听到直升机的声音。]

丹尼斯：看，是一架军用直升飞机。快拍下来！

男声（严厉）：那不是我们的直升飞机。是一架黑鹰攻击直升机。它在这里做什么？

丹尼斯：黑鹰直升机？就像电影里那种？

娜斯佳：哦，丹尼斯，别多嘴。关于直升机你说的够多了。亲爱的各位，来认识一下托利亚叔叔，他是加油站的值班员。他向我分享了一个小秘密。在我们到这里之前，显然已经有些军方人士来过这里，还带走了一些汽油！ 

卡佳：而且他们没给钱。

娜斯佳：托利亚叔叔，和我的粉丝们打个招呼吧！

托利亚叔叔（紧张地）：大家好。

娜斯佳：托利亚叔叔对军队了如指掌！你曾经服过役，不是吗？你有块非常有趣的手表……一块军用手表……

[背景中可以听到一辆飞驰的汽车发出的警笛声以及响亮的脚步声。]

男声（歇斯底里地）：核电站着火了！六号机组着火了！

[有类似于雷声轰鸣的响声。]

丹尼斯：哦，见鬼……娜斯佳，你在拍吗？快拍这个！快拍啊！

娜斯佳：哪里？

丹尼斯：在那边，那个大家伙那里！那个天线，就像切尔诺贝利的一样！

托利亚叔叔：在杜加雷达那边。

[先是非常响亮的钻探声，然后是电焊机一样的噼啪声。录像的其余部分已被擦除]",,
伴我去旅行！录像3,"[背景中有些沙沙声，车门砰一声关上了。]

娜斯佳：哇，快看那些火焰…… 

卡佳：是的，是的，着火了。够了，别傻盯着了。丹尼斯，发动汽车，我们离开这里……

丹尼斯：我正发动着呢！

卡佳：然后呢？

丹尼斯：发动不着……电池没电了吗？完全没电了。怎么搞的……

娜斯佳：不是吧，也就是说，我们要困在这个破破烂烂的加油站了？！

丹尼斯（咕哝）：是因为杜加雷达的那道闪光吗？托利亚叔叔是这么叫它的吧？ 

[民防警报声响起。可以听到声音低沉的无线电广播。]

卡佳：娜斯佳，亲爱的，等一下，我能听到无线电广播。在加油站里面。我们去看看。

娜斯佳：好，走吧……

[加油站的门打开时，响起一阵铃声]

加油站无线电广播：……再说一遍！加尔科夫核电站发生了放射性泄漏。该地区面临严重的污染危险。加尔科夫市及周边地区正在进行人员疏散…… 

[干扰声。]",,
伴我去旅行！录像4,"加油站无线电广播：……加尔科夫市正在进行人员疏散…… 

[干扰。]

卡佳：等一下，所以说……

丹尼斯：快看那边，窗外的自行车上！他跌倒了，看起来受了伤。赶快！我们把他弄进来。

男声（嘶哑）：伙计，水……

丹尼斯：谁干的？！一只狗？！

娜斯佳（轻声地）：……好多血，我的天。

男声：狗-狗……我的屁股。两公里外……有车…… 嗯​……相撞了……彻底报废……有个家伙……其中一位司机……脑袋歪向一边……我把门拽开，他滚了出来……然后他咬了我……

卡佳：见鬼……别拍了，娜斯佳！

[听到咯咯声的临死喉音。]

丹尼斯：什么……他死了吗？哦，别拍了，娜斯佳，你有毛病吗？！托利亚叔叔，救命！这个家伙快死了！打电话叫救护车！该死，没错，我们不能那么做……

托利亚叔叔（从远处传来平静的声音）：就来，我只是需要拿点东西。否则它会复活……无线电广播里是这么说的。

卡佳：你要去哪儿？什么会复活？我不明白！

[背景中可以听到哐啷声、脚步声和沙沙声。]

丹尼斯：见鬼，他已经死了。哦，托利亚叔叔，你得少喝点……该-该死，他在动弹！ 怎么回​事？！

[背景中可以听到喘息声，然后是响亮的重击声]

娜斯佳：斧头！他还活着！

托利亚叔叔：他并没有活着。这才是问题所在。",,
伴我去旅行！录像5,"娜斯佳：嘿，粉丝……我的天，我完全不清楚这里是怎么回事……我为什么要做这个？粉丝们……

丹尼斯：来吧，娜斯佳，你得说说这个。 

娜斯佳：我不能……我做不到……托利亚叔叔……

丹尼斯：无论谁找到这段录像，都得看看它……我不知道我们在这里待了多少天了……两天……或许三天吧……记不得了，脑子里一片模糊。昨晚我们看到了僵尸。真正的僵尸。就像电影里一样，只不过这些僵尸看起来像被烧焦了。他们用脑袋砰砰地撞门，还愤怒地咆哮。我和托利亚叔叔用消防斧头攻击了他们……然后，我们搬家具在门前设了个路障……

娜斯佳：托利亚叔叔……请原谅我们……

丹尼斯（片刻之后）：就在我们把橱柜挪向路障时，我听到一声重击声。原来是托利亚叔叔从椅子上摔下来，躺在了地上。鲜血从他的眼睛里涌出，眼睛周围有紫色痕迹，看起来像是烧伤。“核电站……光辉……光……不要看光”，他嘶哑地说道。然后他就死了。我们把尸体挪到车上，锁在车里。以防他像其他僵尸那样复活。没有埋葬他，是因为没人愿意长时间待在外面，大家也都不想冒着那道光再次出现的风险。

卡佳：我们本该用斧头确保他不会复活，一了百了。 

（在背景中，娜斯佳开始哭泣）

丹尼斯（提高声音）：真的吗，既然你那么聪明，怎么没那么做呢，妈的。",,
伴我去旅行！录像6,"[录像中可以听到一些干扰]

娜斯佳：……他们过来时，我们正在遮盖加油站的窗户。我们使用了从杂志上撕下来的页面。这是卡佳的主意。用来防止我们看到杀害了托利亚叔叔的光辉。以免悲剧再次发生。不，不行，我不行，我做不到……

[娜斯佳崩溃哭泣] 

卡佳：娜斯佳，你必须做到。如果有人来救我们，他们要进行调查并发表声明。我们要清清楚楚地报告，如实反映所发生的情况…… 

娜斯佳：是的，是的，你说的对……好吧……我叫娜斯佳……阿纳斯塔西娅·谢罗娃。这是我朋友卡佳……

卡佳：叶卡捷琳娜·奥丁佐娃。

娜斯佳：我们在加尔科夫附近的一个加油站。我们在这里已经待了好几周，一直在躲避僵尸和辐射。然后来了…… 

卡佳：振作起来。

娜斯佳：土匪……三个土匪。他们有一支泵动式散弹枪、一支狩猎步枪和一支弹丸手枪。身上都背着双肩背包。要我们提供食物和药品。他们说他们来自仓库，这是他们的地盘，他们的加油站。我们很害怕，就让他们进来了。

[背景中可以听到安静的低吼声和刺耳声。]

娜斯佳：当心！他们要复活了！",,
伴我去旅行！录像7,"娜斯佳：卡佳，我做不到。你来继续吧。
 
卡佳：刚才是个技术性暂停。尸体复活了，我们不得不再次杀死他们。娜斯佳有些歇斯底里，但我感觉泰然自若。也许我是太震惊了。于是，我们让土匪们进来。他们把能拿走的东西都塞到背包里。然后，年纪最大的土匪说：“把这两个女孩也带走，当作送给芒廷和斯肯尼两位老大的厚礼吧。”他们说的正是我和娜斯佳。

娜斯佳（声音沙哑）：把这个录下来！他们谈到了某个仓库！或许是本地区的某个仓库？！

卡佳：是的，他们要去找他们的兄弟，前往某种地下墓穴。他们开始把我们绑起来……土匪头目抓住了娜斯佳的双手。其中一个身上有割伤的土匪去了卫生间……然后丹尼斯开始说：“你们带上我一起走吧……这里实在让我难以忍受……” 

娜斯佳：真是个混蛋。 

卡佳：是啊，我们的丹尼斯原来是个混球。总之，那个头目分心了……娜斯佳设法将双手解脱出来，像只母老虎一样用指甲猛攻头目。然后，他不小心朝同伙开了一枪——砰。当时就要了同伙的性命。我去追那个脸被划伤的土匪。我打中了他的脑袋……记不清是用什么打的了。大概是个平底锅。而丹尼斯就站在那里干看着，人渣……

[卡佳的声音中断。]",,
伴我去旅行！录像8,"娜斯佳：卡佳…… 

卡佳：我在，我在，我没事……正在录呢。就在身上有割伤的那个人渣从卫生间走出来时，我们的神奇女侠和女主人公——娜斯佳捡起手枪，朝着他不停射击。几乎就是近距离平射。然后发生了件好笑的事情，不，是真的特别好笑……

[笑声。卡佳歇斯底里地大笑不止。]

卡佳：真的很好笑……这个狗崽子站在那儿，裤子都脱到脚脖子了……他给步枪装弹。然后，手枪击中了他，他倒了下去，后脑勺……正好砸在水槽边缘……他就一命呜呼了。

[笑声。]

娜斯佳：好吧，卡佳咯咯笑个不停……让我把故事讲完。所以，最终卫生间里有一具尸体。年纪最大的土匪脑袋开花，一动不动地躺着，另一个土匪原来肚子上中了一枪。 

[在背景中，卡佳停止大笑并开始哭泣。]

娜斯佳：我们把丹尼斯绑起来，让他坐在尸体旁边。毕竟，他确实想和他们待在一起……",,
伴我去旅行！录像9,"娜斯佳：我们没练习过绑人，所以丹尼斯设法挣脱了。他拾起一件武器，开始大喊他不过是和土匪说话分散他们的注意力，而且还嚷嚷着是他救了我们。

卡佳：哦，是啊，我们的大救星……

娜斯佳：他用散弹枪顶住我的脸，开始嚷嚷一切都是我的错。“我本可以待在家里，坐在位于特维尔大街上的家里。我的公寓长200米，还有两个阳台。我会一边吃着美味的冰沙，一边在YouTube上观看你该死的加尔科夫之旅和核电站事故。

卡佳：吸着菠萝味电子水烟。

娜斯佳：没错，电子水烟。我说：“住嘴，拿上一背包食物，然后滚出去。”他还是不停说……​ 于是，卡佳从容地站起来并拿起步枪……你能想象吗？

卡佳：我只是突然觉得，他没完没了的哀嚎要把我逼疯了。我宁愿让他开枪，也不想再听他多说一秒。

娜斯佳：哦，哇！我从来没想过会看到这一天！她告诉他：“滚出去，回到莫斯科，不然我就开枪了！他站在那儿，浑身发抖，脸色煞白。然后他转过身，拿起土匪的一个背包就走出门了。

卡佳：希望有个僵尸把他吃掉。

[她们大笑。]",,
伴我去旅行！录像10,"娜斯佳：卡佳，是你吗？你睡不着吗？卡佳， 嘿……你把录像机打开了吗？

[干扰声。]

娜斯佳：还有无线电广播？大半夜的这是干吗啊？

卡佳：娜斯佳。不是我。我什么也没打开。

无线电：一。二。零。八。二。一……

娜斯佳：那是什么？某种编号吗？

无线电：二。七。七。九。一。零……

[干扰声。]

无线电：歼灭。巩固。同化。歼灭。巩固。 同化。歼灭。巩固。同化。

无线电：谢罗娃·阿纳斯塔西娅·帕夫洛夫娜。生于一九九八年。地址：莫斯科奥列霍沃大道九号第215号公寓……

娜斯佳：这是什么？！……这是什么？！……为什么是我？！……把它关了！！！",,
伴我去旅行！录像11,"娜斯佳：嘿，粉丝们！还活着的人们！我们是娜斯佳和卡佳，准备开始录制全新的项目《生存》。

卡佳：爆炸后，城镇外核电站附近将寸草不生，但我们在老加油站。我们一直在老加油站露营。看看我们能坚持多久，因为……没人知道答案。从头开始计数吧！ 

娜斯佳：给你们看看这里的一切……水龙头已经有很长一段时间完全不出水了。加油站的水用完后，卡佳开始用一些玻璃纸包装收集雨水。

卡佳：原来娜斯佳是一位出色的厨师！只有她每天都能想出不同的方法来烹制肉罐头！

娜斯佳：好吧，至少得有两种不同的烹饪方法！

[她们大笑。]

娜斯佳：我们共有三支枪——一支散弹枪、一支步枪和一支手枪……

[录像的其余部分已损坏]",,
伴我去旅行！录像12,"娜斯佳：大家好，欢迎收看新一期的《生存》！你们肯定不会相信这里正在发生什么！你来告诉大家好吗，卡佳？

卡佳：不，他们会以为我们发疯了。

娜斯佳：谁？来自遥远未来的考古学家？放松点，没人能看到。我们很可能会与这个加油站一起毁灭。由于城市附近发生了爆炸，这里到处都是裂缝……

卡佳：是的，你说到点子上了。吃完早餐以后，我们坐下来喝了杯茶，正聊得起劲时，我突然看到有东西从娜斯佳背后浮上来…… 

娜斯佳：步枪！

卡佳：是的，我们的狩猎步枪在空中盘旋，然后枪口对准了我，就像有磁铁吸着它一样。它上下移动，一分钟后掉在了地上。枪没装弹真是万幸……

[卡佳被一阵刮擦声和砰一声巨响给打断了。然后有类似于重击金属的声音]

娜斯佳：见鬼，卡-卡佳，你能过来这里吗，拜托。

卡佳：发生什么事……什么鬼？那辆汽车……起飞了？！

娜斯佳：我们可是把托利亚叔叔锁在了里面。他看起来并不想飞……正试图逃出来。

卡佳：汽车下方缝隙中的那道光是什么？某种石头……

娜斯佳：嘿，你要去哪儿？！",,
伴我去旅行！录像13,"娜斯佳：大家好！《生存》又和大家见面了。你们肯定猜不出我们找到了什么！看看，它可以发光和旋转！

卡佳：像是一块磁铁……

娜斯佳：是的，但这块磁铁很奇怪，它有时吸引东西靠近，有时又排斥东西靠近。我把它握在手里，它突然开始拉着我走向汽车，力量特别大，都快把我的手拽掉了。然后，它又突然松开……如果我们决定返回，我们会把它藏在这里某个僻静的地方。把它带上直升机太危险了……

卡佳：哦，是的，娜斯佳带我看了附近一个安静的地方……

[杂乱的片断]

卡佳：我们藏有好多东西！我们在加油站找到的一切，还有土匪留下的东西。

娜斯佳：哦，得啦，别泄露我们的秘密了。我们尝试挥手叫停一架直升机。它们如今不断在我们头顶上飞过，但我认为它们还没有发现我们。

[可以听到直升机引擎声。]

娜斯佳：看，又有一架！看到了吗？我看不清侧面写着什么，上面还有只鹰的图案！卡-卡佳，那不是我们的直升机！托利亚叔叔说过的，还记得吗？

[可以听到远处机枪射击和爆炸的声音。]

娜斯佳：直升机被击落了！卡佳，我不明白，那边在打仗吗？为什么……

卡佳（以奇怪的声音打断）：好美啊……看，它太美了……

娜斯佳：你没事吧？

卡佳：那道光……在核电站那边，那里，看到了吗？……

娜斯佳：什么？！……卡佳，闭上眼睛！把脸转过去！别看它！那是光辉，杀害托利亚叔叔的罪魁祸首！

[可以听到打斗声]

卡佳：放手，放开我！！那里的一切都是我的！爸爸妈妈都还活着！我得去找他们！

娜斯佳：你这个白痴，你的眼睛正往外冒血呢！你要去哪里？

[有些干扰和奇怪的声音，就像正以最快的速度播放许多语音一样。]

卡佳：放开我。他们在叫我。

娜斯佳：住手，你这个白痴！

卡佳（突然平静下来）：那道光说你不能阻止我。

娜斯佳：卡佳，你这是……

[听到一声枪响，录制停止。]",,
拍立得照片,背面写着：“2021年8月12日。未来就在前方！”,,assets/images/故事笔记/拍立得照片--199e6c7ffb.png
C.A.E.S.A.R.的消息,"所以你成功到达了避难所。不错，你可能终究还是有点用处。

如果你记得你是谁，也记得我是谁的话
我送你一件小礼物来帮助你，直到我们再次见面。请明智地使用它。",,
测试版更新06.03.20,"新特性：
— 新的异象区：旧加油站！有着新的敌人和新的盟友
— 从克里姆处获得新的剧情任务
— 关于加油站背景故事的笔记序列
— 登录可获得28个新的每日奖励
— 仓库商人的新物品：刽子手杀手传奇盒子
— 仓库优化

还包括：
— 在仓库外可以更频繁地看到千钧怪。也许，那里已经没有什么他可以砸碎的东西了。
— 伏都教娃娃不再对送葬者有效，因为幸存者过于频繁地改变他们的外表。
— 幸存者在荒凉山谷为空投战斗太久了。要塞兵团把它夺了回去。
— 莱科维奇说，他让枪手去旧加油站拿罐头食品和其他的战利品只是为了好玩。枪手对此予以否认。
— 六名游荡者在旧加油站陷入电磁异象后，克里姆宣布进行一次空中表演。",,
每日消息,"游荡者！

游戏现在有第二个异象区：旧加油站！你可以在仓库从克里姆那里获得剧情任务来访问它。

你将面对新的敌人，也会遇到新的盟友。屋顶上的神秘枪手会帮助你，前提是你满足他的要求。

以下是如何通过新异象区的必要信息：
— 先关闭汽车警报器再打开加油站的门，否则噪音将会引来焦尸，
— 将枪手所要求的物品给他，他会在你面对旧加油站头目“僵尸守卫”时掩护你，
— 小心僵尸守卫的特殊攻击，并记住：他有双重生命值。他会在两根血条都耗尽时死亡。
— 寻找异常萤火虫并用投掷武器消灭它们，这样你就可以拿走它们所保护的战利品。

祝你好运！",,
每日消息,"游荡者！

研究所宣布了一项挑战。你需要消灭领地上的焦尸和土匪，每达成一次击杀都会获得研究所点数。你可以在达到10级或更高等级时参加比赛。

研究所提供了关于机密的泰坦项目的信息及其双子设施、储料设施和二极管设施的坐标。在里面，你会发现第二波的危险变异体，需要由你消灭。这些会使你获得2500点挑战点数。每一名35级及以上等级的参与者每天都将收到设施钥匙。你也可以在领地中找到额外的钥匙。

请不要以为这项挑战很容易。标本会使用酸性和电力攻击，往往会造成重伤。请确保使用以下装备：

—中和喷雾、防酸斗篷和压缩空气罐：双子设施；

—硬橡胶、绝缘体和金属箔神器：二极管设施；

—止血剂、烧灼治疗器和输血包：储料设施。

你可以在商人、仓库、旧加油站和红色区找到装备。

参与者会组成100人的团体。最优秀的三十名玩家每三天会得到奖励。每回合结束时你获得的点数越多，可获得的奖励就越好。

祝你好运。",,
测试版更新 09.04.20,"新特性：
—研究所挑战：击败其他玩家并获得奖励！
—新的头目地点：泰坦项目设施。
—制作新的传奇武器：SPAS-A眼镜蛇、格洛克-A火器和电动步枪。
—防止酸性和电力伤害的全新防具和装备。
—增加了仓库重置间隔：16到24小时。

还包括：
—核炬士未能进入泰坦项目：狂腐士感到受到了侮辱。秃鹫和森林之友表示支持。
—人们传说莱科维奇会用一堆战利品来换一卷卫生纸。
—虽然上次金融危机爆发已经是二十年前的事了，但旧加油站的汽油价格还是不断上涨。
—领地上的洗手活动正在蓬勃发展。制作肥皂需要许多灰和麋鹿油，引起了狂腐士和动物权利活动家的注意！
—拨打战前手机上的索引电话号码，你可能会得到汉的防毒面具。",,
测试版更新 16.05.20,"新特性：
—新活动：黑帮的回归！
—11件全新的传奇和罕见武器，可造成寒冷和电力伤害。
—冰柱异象、炮塔和黑帮地下室的新精英敌人。
—黑帮铠甲套装奖励。
—全新的庇护所装饰和恶龙面具。
—用于生产黄金和能量的神器工作台！
—新装备，可增加寒冷伤害。
—你的避难所里有新的商人：霍克。

还包括：
—多方报告着重指出许多物种返回了其在领地上的自然栖息地，黑帮亦然。
—瑞弗特忍受住了封锁。“反正我也宅着不出门。”她说。
—维因在试图偷盗淘金机原型工作台时被抓获。他不停地说“需要更多的黄金！需要更多的黄金！”
—朱尔在屋顶上找到了一个朋友。据他说那是个既英俊又非常聪明的人。瑞弗特禁止朱尔进入旧加油站。
—研究所切断了二极管设施标本的供应。科学家们解释说：“我们的捐赠卡车已经用完了。”",,
每日消息,"游荡者！

研究所前副研究员坪瑟宣布进行各个领地上的清理挑战。你将因杀死领地上的复制体和暗区内的敌人动物而获得点数。从第25级开始可参加。

坪瑟继续进行他当初在研究所开始的“裂痕项目”，该项目研究的是暗区。这是一个特别的地区，有着危险的异象和领地居民的复制体。它也是暗物质的发源地。25级及以上的玩家将完成坪瑟的剧情任务，消灭其他玩家的复制体，获得大量挑战点数，并得到交易物品。

小心！暗区的敌人都武装到牙齿，他们可以治疗自己。但是，你可以使用干细胞阻止器和再生阻止器减低或完全阻止治疗。

你可以使用坪瑟地下室的传送门进入暗区。你需要暗区钥匙才行。你每小时会收到一把免费的暗区钥匙。

参与者每100人一组。30名最优秀的玩家将每七天获得奖励。每回合结束时，你获得的点数越多，得到的奖励就越好。

祝你好运，游荡者。",,
测试版更新 12.06.20,"新特性：
— 《僵尸的黎明》推出新的技能系统！掌握超过100种技能，提升你的角色。
— 11种新武器，包括双管步枪和Mini-14。
— 研究所设施有新的商人：CHAP。
— 在商人斯普林特的营地与CHAP互动，获取设施坐标。
— 使用3级实验台制作对付设施标本的防护用品。
— 可制作SVD-A“裁决”狙击步枪和火花步枪，而非格洛克-A火器和克里姆的传奇铠甲。

还包括：
— 传说研究所开发了一些技能，可用来伪装成焦尸，来去自如，得心应手。
— 被围困的房屋中的定居者说，他没有练习枪械技能的靶子：所有狂腐士都会被游荡者杀死！
— 敬火者的和平之翼被幸存者称为半狂腐士。
— 要塞兵团授予幸存者二维码。他们现在可以安全地离开避难所和地下室了。
— 研究所有一个开口！寻找一位勇敢的员工，使用泰坦设施钥匙来补充仓库、旧加油站、防风林和荒凉山谷。",,
测试版更新 01.07.20,"新特性：
—一项新的特殊活动：清理领地！
—新武器：M16“自由”，“和平使者”左轮手枪、AMT Hardballer手枪和鹰队巴雷特M82步枪。
—新的避难所装饰：烟花炮和希望雕像。
—现在可以在避难所中种植一棵苹果树并收获苹果。
—新的食物和外表碎片。

还包括：
—要塞兵团警告：烟花炮射击焦尸的声音会吸引更多焦尸！
—朱尔抱怨说听不懂游荡者关于苹果派的笑话。
—研究所警告不要种植过多的苹果树。据称，它们会从森林中吸引太多的死灵蜜蜂。
—潘·莱科维奇呼吁，为了炸蘑菇和提神剂，抵制热狗和加尔可乐。贸易联盟代表支持他对传统美食的忠诚。
—研究所的CHAP在斯普林特处用从游荡者那里得到的物品换取润滑油。",,
测试版更新 17.07.20,"新特性：
・D.O.Z.生存一周年！一年前，游戏在抢先体验阶段之后正式发布！
・节日活动：杀死领地上的敌人，并从新的周年纪念商人那里获得礼物。
・新制作：惊喜-3设备、僵尸的黎明周年纪念碑和游荡者少女雕像。
・举办快乐派对的生日蛋糕和生日帽！

还包括：
・大发现！惊喜-3设备和小丑神器的组合会产生随机效果。到目前为止，我们设法召唤了三只麋鹿，采摘了更多的蘑菇，并降低了维因的干渴等级。
・土匪在避难所被当场抓获，他们声称正前往游荡者少女雕像朝圣。
・三个人在试图给汉戴上生日帽时受伤。
・格鲁皮声称他正在烤生日蛋糕。根据游荡者的说法，他最后做出了番茄汤。
・朱尔有了又一个关于潘·莱科维奇的梦境，沉浸在周年纪念币池里。",,
D小队的录音,"语音1：赫斯勒呼叫。我们在裂痕上空。有轻微湍流。系统无误。
语音2：欢迎来到暗区。能见度如何？
赫斯勒：能见度非常好，马可。你可以追踪我。
马可：收到。
语音3：我是杰特。收到。正在进入裂痕。
马可：我已进入区域。
杰特：已进入区域。
马可：这儿很黑……你能看见那些裂缝吗？我们的直升机可以从其中任何一个进去。
赫斯勒：我希望我们不必验证这个想法。下降五百米。
杰特：这个高度很低，摇晃得很厉害。
赫斯勒：这是探测器的工作高度。
马可：已就位。开启机载暗物质探测器。
杰特：开启中。
赫斯勒：在我的探测器上…… 什么？！ 
马可：怎么了，赫斯勒？
赫斯勒：伙计们，它达到第十根红线了！
马可：第十？但只有九根啊！
杰特：过载！我的也是！ 
马可：赫斯勒，你的尾梁上有东西！
赫斯勒：速度在下降……什么……（嘶嘶声噪音）
马可：你在失去高度！
杰特：……两者都失……（嘶嘶声噪音）...紧急降……
[无线电通信停顿。砰。爆炸。]
马可：我是马可，在暗区进行报告。我们的两架直升机因引擎故障而坠机。一架炸毁了，另一架挂在一条裂缝的边缘……
[停顿]
马可：空气中有什么东西……我们在哪？地平线在哪？
[轰隆]
马可：什么？直升机附近有人……是……我？我！？
[枪声。脚步声。刮擦声]",,
出击录音,"……呃，我该说什么呢？我，游荡者博尔特，正应坪瑟的要求进入暗区，调查该地点。我有一把 AK，坪瑟在上面加装了一些紫色的东西。我还有这个探测器，用来探测，呃，那个暗物质什么的。上路吧……

[传送门启动的嗡嗡声。高音调的哨声。]

天哪，哎呀！我讨厌可恶的传送门……

[受损的录音片段。]

进入区域九十分钟了。进展缓慢。这些紫色的晶体。有某种阴影飞奔而过。我差点踩到一个地雷。为什么会有地雷？我听到远处传来一声喊叫……那不是人类或动物的叫声。可恶！早知如此，我会收三倍的价钱。

[录音中断。]

进入区域三小时七分钟了。裂缝的边缘有一个奇怪的物体，我用木板搭了一座临时便桥。正在过桥。
是个……被炸毁的RADD。我以前见过这样的东西……还有一个风车……就像避难所的谢尔普的一样……怎么会呢？这就是说……

[录音中断。]

进入区域四小时十五分钟了。紫色晶体中有阴影。我好像看到了什么，所以我试着靠近看看……一时间我以为看到了自己的背影。坪瑟警告过我，暗物质会对光产生影响。他管这叫什么来着？镜子迷宫效应。
正在前进。那又是谁？什么……你？你从哪来的，女孩？

[听到录音机掉落的响声]

瑞弗特，别胡闹了，把枪放下！是我博尔特！住手！我要开枪了！

[一声枪响]",,
坪瑟的录音,"好啦，我们开始录音。现在时间7:42。我是教……我是坪瑟。裂痕项目继续进行！不管那该死的贱人多么不愿意……

嗝……传送门启动了！我需要的只是（录音中有几秒的白噪声）电源和融合的黑暗碎片，这是我从实验室得到的。我我将这个激活设备非常恰当地称为：暗区钥匙。

正派遣CHAP前往调查。目标：确定环境的活动和敌意，特别注意暗物质集中地区，以获取黑暗碎片。

咕嘟，咕嘟。其他目标：检验关于该区人口的假设，并找出霍洛多娃是如何将能量发送到莫里斯-索恩虫洞的。

[暂停]

现在时间8:23。CHAP成功传来了关于对有机物有害的辐射数据，检索了初始样本并调查了该区域。然后就失去了联系。

那些经过重新编程的，嗝，狗脑子应该知道离线完成任务……

[暂停]

现在时间10:07。CHAP通过传送门返回了。搞什么鬼！

样品舱是空的，所有传感器的数据都被抹除了。没有，嗝，伤害或破损的迹象。我完全想不通！ CHAP的程序设定为只有在完成所有目标后才会返回，而且它绝对无法，嗝，删除自己的数据。

CHAP，你这个混……！是谁下令清空了储物空间并结束探险？

[CHAP的机械声音]

坪瑟大师。",,
研究所文档片段,"调查编号1646-bis的目的是检查从[数据已抹除]收到的关于新型异象区的信息。到达移动实验室的特定坐标后，我们确实发现了描述的现象：一道发出紫色光的裂痕。经过简短的分析，我们得出结论，我们面对的是一个不稳定的[数据已抹除]。
 
 我们向裂痕中发送了三个开拓者型CHAP。其中两个[数据已抹除]，只有一个回来了，它带有大量的信息和异界物质的样本 （见[数据已抹除]）。
 
 对收到的数据进行的分析（附录11和12）使我们得出结论，所研究的区域现在和过去都不在领地内。换句话说，直接证实了在暗区研究中基于 [数据已抹除]建立的理论[数据已抹除]模型。
 
 [缺少几页]
 
 ……将收到的样品放在[数据已抹除]模块的一个动力单元中，引起了具有未知属性的巨大能量激增。实验的这个阶段是一个错误，害得我失去了一只手，而我的助手[数据已抹除]则失去了生命。我承认。
 
 我愿意接受任何惩罚，甚至被赶出新黎明。 但是，我请求您将部门的所有资源都用来尝试稳定虫洞，并调查另一边有什么。我相信，我们即将获得最了不起的发现，而且，或许也是自从 [数据已抹除]以来最大的灾难。
 
 日期：[数据已抹除]。
 
 签署：[数据已抹除]。
 
 [下面是一些手写的批示。]
 
 部门负责人：予以口头批评；任命虫洞研究项目负责人。为该部门追加资源，列为“额外开支”。将该项目命名为代号“裂痕”。签署：霍洛多娃",,
测试版更新 21.08.20,"新特性：
・新活动：裂隙项目！消灭敌人并挑战其他玩家。
・新地点：暗区。从25级起开放。
・新敌人：其他幸存者的黑暗克隆。克劳怪和焦尸游荡者。新异象：针鼹。
・11种新型战术武器、灭绝者铠甲套装、具有特殊效果的投掷武器，以清理暗区。
・有机会获得新物品：暗区探索者乐透！

还包括：
・占星家宣布本周是黑暗克隆周。游荡者的数量增加了一倍。
・泰坦和裂隙项目启动后，来自仓库的刽子手情绪低落。“他感到孤独，好像被遗忘了一样。”克里姆的队员解释说。
・灾难酒吧里传说，坪瑟因为用智能腌黄瓜做实验，被研究所开除了。
・房屋主人和他老婆的黑暗克隆正在围攻黑暗核炬士的房子！
・根据截获的鹰队的无线电通讯，一些身份不明的游荡者试图把他们的直升机在空中打散，好捡废品。",,
博格丹的第一张纸条,"你好，英格丽德。你好久没来看我了。你可能已经忘记我了。我理解，我没有生气。领地很广阔，你有自己的人生。

自从你离开后，这里确实很沉闷。这足以让一个成年人嚎叫。 

你一定不会相信，但就在我写下嚎叫这个词的时候，我听到附近某处有一群狼在嚎。希望他们只是普通的动物， 而不是那些有角生物……尖叫森林越来越近了。 

昨天我又出去找松木原木了。那些该死的尖刺藤蔓已经开始盘绕松树了。你还记得你从前在哪里收集过木头吗？

在更远的地方，河边，那些有角恶魔树立起了自己的神像。按照现在的发展情况，森林会在半年内到达我们[划掉]我的小屋。看来我必须离开自己的家。

正如我所说……当我走在森林里的时候，我想我听到灌木丛中有一个孩子的声音。一个女孩在呼唤某人。我甚至一度以为她在叫我，就好像……

不，没关系。但那声音使我感到不安。即使是现在，工作间的墙壁似乎也在不断地向内挤压。我心想，我要放下锤子，给英格丽德写信。如果有我们都认识的商人或游荡者经过，我就可以把这封信给他们。

所以我在这里写下这封信。我不知你能否看到。但是当我写信给你……这似乎能让我平静下来。

博格丹",,assets/images/故事笔记/博格丹的第一张纸条--de27c2f715.png
博格丹的第二张纸条,"[字条开头的字迹几乎难以辨认]
英格丽德，我觉得这种孤独使我发疯。我坐下来给你写信，我的手开始颤抖，[难以辨认]我吸了一口气，重新开始。

我无法把那个声音从脑海里赶走。如果真有一个孩子在森林里迷路了怎么办？从这里到最近的定居点大约有二十公里，但这种事很难说。总之，我去看了一下。我带了斧头，所以我可以砍树或者保护自己免受狼群的袭击。在我准备的时候，我的手滑了一下，割伤了自己。伤口不深，但流了很多血。算了，我想，用一块破布把手包起来，向河边出发。

有一棵树倒在我平常的路上。两边长着尖尖的藤蔓，仿佛是一夜之间冒出来的。没法绕过它们。我决定把树移开，但首先要把树枝修剪一下，这样才方便。我向其中一根树枝挥去，斧头深深地砍进了树里。不知道为什么，它像黄油一样柔软。

当我把斧头拔出来的时候，可以看到有红色的东西渗出来，就好像是从伤口流出来的一样。是血。然后斧头砍中的地方开始动了，就像一张没牙的嘴。我愣住了……

树发出了尖叫——可怕的尖叫声。它哀嚎着，尖叫着，刺耳的声音让我的额头和太阳穴血脉跳动，我感到眼前一黑。我记得我跪了下来。

我苏醒过来。发现自己坐在地上。在我面前，有一棵普通的松树被砍掉了。但斧头上有血迹。一定是我自己砍的，还能是谁呢？很明显，那天我没有找到任何孩子。我努力平安回到了家。 

然而……我可以感到附近发生了一些不好的事情。英格丽德。如果我出了什么事，别靠近这里。 

博格丹

[附言，字迹又难以辨认了] 

我想，森林卷土重来对付我们了",,
博格丹的第三张纸条,"英格丽德，我的女儿，我现在的处境很糟糕。
在过去的三周里，我几乎没睡过觉。我在黎明前打盹。如果我在晚上睡着，我就会看到它。幻象。

我在我们的旧铁砧旁。有一个人躺在上面，被尖刺藤蔓捆绑着。他的嘴被堵住，衣服被撕破。在他的背上，用刀刻着腐败的符号。我拿着锤子，举过头顶……

[字迹因为某种水迹而模糊]

……随着一声永生难忘的碎裂声，受害者的头颅裂开了。树木尖叫和大笑，它们张开嘴，血盆大口里有着利齿，树皮从它们身上滑落，但那不是树皮，而是人皮。有角的兄弟抓住一个新的受害者，将那人的手绑在木楔上。树木说，动手吧，我砸下锤子……

我没法停止。我就是停不下来。树木的嘴巴在吞噬死者，我可以听到邪恶的吞食声和骨头的嘎吱声。我扔掉锤子，想跑，但我可以在每棵树上看到她的脸，我女儿的脸，谭雅的脸，我可以从成千上万的血口中听到她的声音。

“你是我的。”她说。“你是我们的，森林的孩子。我们的，我们的，回家来。”

她在呼唤我，英格丽德。我不想去，但她每晚都呼唤我。我开始觉得她还活着，她还在那里。在浓密的树林里，在神尖叫的地方。

原谅我。",,assets/images/故事笔记/博格丹的第三张纸条--78079df9d5.png
博格丹的第四张纸条,"[血迹斑斑的纸条的顶部被撕掉了]
它们是梦……或者不是？我迷惑不解，英格丽德。我醒来时并不在入睡的地方。我会失去知觉。森林已经入侵了我家。森林已经入侵了我。

我在床上睡着了。我在森林里醒来。森林。在它们之中。有角怪物。森林之子。许多影子，篝火映照下的影子。它们窃窃私语。它们哭泣，它们被砍倒，被斩伤，它们说，听着。他的呼唤。叫声。他的叫声。他的呼唤。树的声音。我听到了。我们听到了。

它对我说话，也对大家说话。我不知道我想要什么，但我知道。我知道它想要什么。 

比我们能给予的更多。 

来吧，到我这里来，我亲爱的英格丽德。来亲眼看看，我亲爱的英格丽德。

别想抗拒，你这个小混蛋。

别想背叛我。

这是你的错。

你不是我女儿。

[纸条结束]",,
博格丹的第五张纸条,"他们告诉我怎样才能见到她，是的，是的，他们告诉我，我需要奉献给他们。我需要把自己献给他们，森林会带走我，就像带走她一样，他们会带走我。 

我们会再一次成为一体，我和我的女儿。

在他的叫声和它们的叫声中合为一体

团结一致的森林之子

在我们的血和他的敌人的血中联合起来

永远团结。

没有什么能把她带走。再也不能。

连你也不行。",,
博格丹的第六张纸条,"英格丽德，我的女儿。我想起来了……原谅我，求求你。 

我有时会惊醒。这种情况越来越少见。几乎从不发生。

英格丽德，我的女儿……现在没有什么可为我做的。

如果我早知道会发生什么，就会和你一起离开。

请不要来找我。森林不会放过我。 

要知道我爱你，对你视如己出。

记住我从前的样子。

博格丹",,assets/images/故事笔记/博格丹的第六张纸条--2f069579c6.png
铁匠的自画像,英格丽德失踪的师父博格丹的画像。它可以帮助你完成剧情任务。,,assets/images/故事笔记/铁匠的自画像--b8eca8996e.png
测试版更新 16.09.20,"新特性：
・新活动：黑帮的复仇！打开黑帮货物，挑战其他玩家！
・新的黑帮神器武器：格洛克-A冷冻枪、地狱散弹枪、龙舌矛和蛇咬步枪。
・新的黑帮头盔和铠甲，以及传奇的黑帮暗影铠甲套装。
・衣柜升级，可解锁背包皮肤。
・现有的黑帮装饰进行升级。

还包括：
・朱尔戴着龙面具，在焦尸土地的地下室里冒充黑帮头目五天。“我们控制了周边一带。”少年确认道。
・塞西亚人指责潘·莱科维奇在过去的一个月里偷工减料。那个波兰人暗示他的复制体的确有罪。
・警戒线瞭望塔上的信号灯正在用摩斯密码发送莎士比亚的十四行诗。
・旧加油站时空循环中的枪手连续第十次回到学校。
・瑞弗特正考虑不让朱尔到校上学。“他完全可以用我们的RADD上在线课程。”她说。",,
每日消息,"游荡者们！​

今年年初困扰最后的领地的黑帮又开始壮大了。

他们在​领地各处​的​地​下室里设立了基地。​你​可​以在​寂静树丛、​铁荒原、​森林郊区、​焦尸土地、​荒凉山谷和防风林找到​地​下室入口。​

击败黑帮及其头目即可获得一个箱子，里面有黑帮货物钥匙。注意：当你多次清理地下室后，黑帮就会派更强的战士来保卫这个地方。注意他们的特殊攻击。

使用钥匙在​“黑帮的复仇”活动窗口中打开黑帮货物，可获得​独特的​奖励。​你​打开的​每个箱子都会给你​活动点数。​赢得2000点即可​获得黑帮头目的​货物，​其中包含最有​价值的​活动奖励。

除此之外，在黑帮地下室打开箱子、在活动窗口打开货物都可以获得“黑帮的复仇”点数。战胜其他玩家，获得更多珍贵的物品！

另外还有一件事。我们将你的破旧衣柜换成了全新的衣柜，让你可以改变你的背包外观。如果你的衣柜不止一个，我们会给你补上：你的储物空间里会有黄金！如果你的衣柜不止一个，我们会加以弥补：你的仓库里会有黄金。

祝你​们​在​战斗中好运，​游荡者们。",,
测试版更新 07.10.20,"新特性：
— 具有全新剧情任务的致命地点：坍塌的桥梁和尖叫森林。
— 全新的敌人：森林之子派系和他们不可思议的硬核头目：森林野兽。
— 森林野兽和森林游荡者的全新铠甲套装，具有新的独特能力。
— 传说中的森林之子的武器和食尸鬼的血腥武器。
— 你的避难所中的另一个建筑级别：新的地板、墙壁和工作台。

还包括：
— 在一年一度的“可怕头骨”比赛中，护林人获得了主要奖项。送葬者准备来年再战。
— 朱尔抱怨在新的花岗岩地板上要脱掉脏靴子。
— 去年安装在避难所的圣诞树，现在被认为是最后的领地变异得最厉害的松树。“哎，我忘了把它取下来了，不如留到下一个圣诞节吧。我说，有何不可呢？”树主说。
— 秃鹫联系到了《领地时报》编辑部，要求给他们更多的曝光机会。“我们只是想找到一条通往你们心中的路。”他们请求道。
— 帕沙穆兹卡的最新主打歌“墙上的九十九根松木”，今秋登上榜首！",,
每日消息,"游荡者！
尖叫森林中充满了难以估量的危险。等待你的第一个危险是毒孢子，它们会毒化你周围的空气，并造成周期性的伤害。 使用生物过滤器来保护自己。

森林之子的武器、肉食性树根和森林之子头目：森林怪兽的致命苔藓，会对你造成致命的毒素伤害。使用猫鼬注射枪和吸附剂神器来保护自己。

森林游荡者的铠甲也能为你提供坚实的保护，抵御致命的毒素伤害和孢子。你可以在英格丽德的营地里找到它，还有其他可在尖叫森林中使用的宝贵物品和消耗品。

森林野兽的巢穴不会给你喘息之机。头目懂得召唤活动的树根，它们能够瞬间杀死你；或者召唤致命的苔藓，它们会减慢你的速度，并对你长时间造成伤害。它们还会治疗野兽。别忘了它能召唤的手下！此外，巢穴里还有图腾，它们会轮流激活，可治疗或强化野兽，或者对你造成伤害并使你的速度变慢。尽量避免进入它们的有效范围。

灌木挡住了你的道路。用大砍刀砍断它，并用火焰武器烧掉它。

撑过森林对你的一切攻击，活下来，你就能得到传说中的森林野兽铠甲，获得铸铁、松木原木和木板，以及花岗岩。这些都是你的避难所的宝贵建筑材料，让你可以建造75栏位的盒子。",,
每日消息,"各位游荡者！

狂腐士正在他们的永恒领袖荣耀盲者领导之下入侵领地。传言说，入侵之前，送葬者找到了一个盟友，并与新的盟友交换了技术。

狂腐士的入侵战士在领地各处建立了地穴。你可以在各地找到地下掩蔽所，从寂静树丛到尖叫森林。

打败一个狂热分子小队，即可获得打开装有狂腐士钥匙的箱子的机会。注意：当你清理几次地穴之后，狂腐士就会派更强大的战士来保卫这个地方。小心他们的头目：核判官！

钥匙可以在商人处和特殊活动中找到。

使用钥匙在活动窗口中打开狂腐士货物，并获得独特的奖励。每打开一个箱子都会给予你活动点数。
获得2000点即可获得判官货物，其中包含最具价值的活动奖励。

此外，你还可因为打开地穴中的箱子和活动窗口中的货物而得到活动点数。胜过其他玩家，获得更多宝贵的物品！

注意：裂痕项目的规则已经改变！现在每回合持续7天。只有在暗区和领地内击杀复制体才会获得点数。在暗区死亡后，你的物品将不再丢失。你可以在入口附近的坪瑟那里领取你的东西。达到25级后开放。

祝你​们​在​战斗中好运，​游荡者们。",,
"谢尔普的日记。
第1段记忆","核战后约二十年。具体日期不详。

如果你有我的日志，那么你的记忆又出了问题。也许是记忆异象或者随机核辉光的缘故。又或者是死亡？死亡有时也能偷取记忆……你是死而复生了吗？我敢打赌，你死过好几次了，就和我一样。

人们把我们这样的人称为“逆行者”。对大多数人来说，我们是传奇，就像暗黑游荡者、Ozersk-2或暗区那样。

我现在全知道了。但试想一下我第一次有多么惊讶。不过杀我的那个家伙更惊讶……抱歉，我有点跑题了。时间不多，我有很多东西要告诉你……

首先，我来重新自我介绍一下。我叫谢尔普，是个向导。当人们需要通过异象区、焦尸区和领地最危险的地方时，他们信任我。我请求你也相信我，我们的目的是一致的，而且非常重要。

从避难所中的信里，你已经知道我给你留下了一串线索：我记录了二十年的日志中的五个条目。每一条都包含着通往某个地点的钥匙，你可以在该地点找到下一把钥匙。它们是在不同时间不同地点记录的。

我为什么要把事情搞得这么复杂？我很担心除了你以外的人可能会找到它们。你是唯一一个能把线索拼在一起的人，而且能做到我做不到的事。

毕竟，如果你在看这篇日志，那就表示我还一无所成。黑色方尖碑还在原来的地方，在藏匿处的门后，也就是我现在要去的地方。这意味着我们又要经历一次核战。

而你是唯一能阻止它的人。",,assets/images/故事笔记/谢尔普的日记。_第1段记忆--c71607a6a8.png
"谢尔普的日记。
第2段记忆","核战后约十年。具体日期不详。

我对战争前的记忆就好像随着核战烧掉了一样。我不记得灾难之前的任何事情。而核战本身……就像烙印在我视网膜上的一幅图景。

加尔科夫核电站，那是我记得的第一样东西。警报器的尖啸声、侧面画着老鹰的黑色直升机喷吐出驱赶的火线……地面上机枪在射击、装甲运兵车在燃烧......加尔科夫的爆炸声从远处传来……我记得人们看到第一次核辉光时脸上流下的黑色泪水。我记得死人重新站起来……是焦尸，他们从6号发电机的废墟中涌现，就像黑色的波浪一样。

从世界毁灭的第一天起，我们就一直想知道原因。为什么会发生核战？我想起的第一件事就是核战和电厂。也许这就是一切的开始。开启我记忆的钥匙就在那里，从我这里夺走的、通往过去的钥匙。

多年的寻找让我找到了两位科学家，他们是从研究所逃出来的。他们中的一个叫兹纳门斯基，他一直在收集关于超强神器和异象、领地传说、红魔球、琥珀金字塔和黑色方尖碑的信息。

兹纳门斯基的朋友坪瑟嘲笑他的痴迷，但他确信超级神器的确存在，而且它与焦尸的出现、核电厂和核战有关。

我想，也与我有关。",,assets/images/故事笔记/谢尔普的日记。_第2段记忆--c63c226aa9.png
"谢尔普的日记。
第3段记忆，第1部分","核战后。具体时间不详。

仓库......我记得那个地方。我就是在那里发现自己是个逆行者的。在那之前，我记录了日志，并抱有一些猜测……但当时我只以为领地在耍弄我，干扰我的记忆。

我和两个有经验的游荡者一起去了仓库，他们是布法罗与胜和，看起来很坚强，也很明白事理。我也想成为他们那样的人。

布法罗与胜和在寻找红魔球，那是传说中可以实现愿望的神器。而在途中，他们想靠某种稀有的“血泪球”发财。当时的仓库还没那么危险，按照兄弟会的划分算是黄色区。但为了以防万一，他们还是带上了身为向导的我。

胜和稍微年轻点，而布法罗在核战发生时已经成年了。在我们进去之前，在火堆旁打发时间的时候，他告诉我有个来自索斯诺夫卡的帮派在战前占领了仓库。他们的三个头目也是三兄弟，分别是瘦子、壮汉和屠夫。就连最厉害的加尔科夫警察也害怕他们。还有他们的妈妈，连这三兄弟都害怕她。

布法罗并没有省略那些可怕的细节。他告诉我，土匪们经常绑架、折磨和杀害人们，在核战之后，他们在仓库监狱里给受害者建了个真正的死亡营。在某个时候，他们“遇到了黑色方尖碑”， “没人知道那是什么东西，或是什么人，”布法罗说道。显然方尖碑分别给予了三兄弟和他们的妈妈某样东西，实现了他们最珍贵的愿望。“所以，瘦子得到了让他长生不死的红魔球，明白了吗？”

[记忆在此处中断]",,assets/images/故事笔记/谢尔普的日记。_第3段记忆，第1部分--8faca8c1b6.png
"谢尔普的日记。
第3段记忆，第2部分","核战后。具体时间不详。

当布法罗跟我说起仓库帮派时，我还以为红魔球和逆行者只是另一个无稽之谈。所以当我们没有找到红魔球，差点在仓库里迷路时，我一点也不意外。我勉强摸索出了一条路线，我们花了三天时间把神器拖到了地面上。

到了第四天，在我们瓜分战利品之前，胜和让我跟他一起快速下去一趟。我记得我正在楼梯上等我的眼睛适应黑暗。这时，在底层台阶上等我的布法罗用他的马卡洛夫手枪对着我的脸开了枪。

回忆自己的死亡感觉怪怪的。当子弹穿透我的头骨时，痛，非常痛，然后眼前闪过一道白光，一切都消失了。片刻之后，我站在离仓库不远的雾中，我很确定刚才并不是幻觉。我被豺狼杀害了。我真的死了。

死了，然后又复生了。

我记得布法罗大喊：“他是个该死的逆行者，胜和！快跑！”那年轻人的眼中则充满了恐惧。

我把他们埋葬在了那里。没人知道这件事，就连瑞弗特也不知道。游荡者不杀自己人，就连豺狼也不会自相残杀。他们会举行集会审判他们，给他们做记号，然后把他们逐出兄弟会。

但那时……我只想杀人。",,assets/images/故事笔记/谢尔普的日记。_第3段记忆，第2部分--ab93366152.png
"谢尔普的日记。
第4段记忆","核战后约十九年。

兹纳门斯基联系不上了。他不回应无线电。与坪瑟交谈则是浪费时间……他最近一直埋头于他的暗区研究。他说了解一切的关键就在其中，说黑色方尖碑的神秘之处根本比不上暗区所隐藏的东西。我不知道。我有种感觉，这番话不是出于他的天才……而是因为他喝了酒，而且想弥补他在研究所犯下的错误。
[****]
坪瑟和我找到了兹纳门斯基的避难所。希望他不会因为门被撞坏而过于生气。尤其是他知道我要来，他在避难所里留了一封写给我的信。我想我最好把整封信抄录在这里。

致我亲爱的朋友谢尔普：所有的事实都对上了，现实已经从传说的迷雾中出现了。黑色方尖碑是狂腐士邪教和蛇彭特墓地的异常能力的幕后来源。既然这些能力最近被激活了，他们一定是又接触到它了。可惜，这些狂热分子团伙太过疯狂，我无法从他们的喋喋不休里获得任何信息。但你可能比我走运。你用的方法毕竟更……直接。

我看到越来越多的东西证实了我的理论，方尖碑在核战后不久就落入了仓库帮派的手中。而正因为这方尖碑，土匪们变成了第二波的可怕变异体。某种东西（也许是核爆）似乎击晕了他们，让他们陷入了一种静止状态，但并没有消灭他们。

方尖碑目前所在地点的钥匙一定就在他们领地上的某个地方。如果我是你，我会从仓库着手。请原谅我无法亲自协助你，我必须暂时躲藏一段时间。监督者（以及C.A.E.S.A.R.）又找到我了。

此致，兹纳门斯基
[****]

这就是兹纳门斯基的信。也许我可以说服克里姆再次和我合作。虽然我觉得他还没有原谅我离开团队的事。我需要和他谈谈。",,assets/images/故事笔记/谢尔普的日记。_第4段记忆--38920764a4.png
"谢尔普的日记。
第5段记忆","核战后约十九年半

我在要塞兵团的线人确定他掌握的信息是可靠的。土匪们在变异开始之前，将黑色方尖碑藏在了藏匿处。三兄弟和他们的母亲将藏匿处的坐标和如何到达那里的说明拆分成四份。每人各拿一份。第一份在刽子手巢穴里，刽子手就是瘦子变成的怪物。自仓库进入静止状态后，刽子手就再也没有出现过，但我并不会因此放松警惕。我也不能忘了 C.A.E.S.A.R.。
[...]
克里姆和我明天要去该巢穴。只要刽子手不活动，我们就没什么好担心的。但晚上……我一直在做一些奇怪的梦。有个孩子，一个小男孩，他好像想告诉我什么，想警告我什么。我总觉得我认识这孩子，但这感觉是从哪里来的？更多的空白……
[...]
一切都按计划进行。我们一路上消灭了几个昏昏欲睡的食尸鬼，也避开了几个陷阱和处于无效阶段的故障异象。总之，又是无聊的一天。我们没有设置任何塔棒，克里姆说他稍后会带着他的团队回来，搞定第一层和监狱。 “不要替卢卡把活儿干了。”他说着，笑了起来。卢卡是他们的新向导。克里姆说这家伙很有天赋。我想他只是想激怒我。
[...]
我们下到监狱里去，找到了巢穴。我得到了瘦子的那部分代码，还有维修站的坐标，瘦子的兄弟壮汉是那里的头目。但要到那里并不容易。维修站在河对岸的树林里，我必须穿过一片变异的森林才能到达。所以我得掸一掸我摩托车上的积灰，然后和塞西亚人取得联系。他们在那里应该有个站点。我会把坐标和代码记在日志里，然后交给英格丽德。如果出了什么事，她知道该把日志给谁。",,assets/images/故事笔记/谢尔普的日记。_第5段记忆--33b321aa68.png
测试版更新 21.10.20,"新特性：
・领地的万圣节！击杀南瓜脑袋送葬者可获得点数，并与他人竞争。
・新增节日地点：南瓜脑袋之屋和蛇彭特新娘营地。
・新增传奇送葬者武器。
・新增传奇铠甲：拉米亚铠甲服和头盔。旧的蛇彭特信徒套装也有新效果。
・节日装饰和完成送葬者自行车的机会。

还包括：
・一个笨拙的游荡者和蚊子一起进入了暗区传送门，变成了长舌僵尸！
・朱尔向瑞弗特抱怨说看到了死人，她说那些都是焦尸。
・午夜过后，丽莎喂养在地下室发现的名叫吉兹摩的小狗，发现了新的变异体。
・坪瑟公布了一个幻象，是关于一个有红窗帘的暗区房间的。复制体在战斗后会一起聚在那里喝优质机油。
・在二极管设施中发现了一盘磁带。在录音中，项目负责人惊呼：“看！他还活着！”然后录音就中止了。",,
每日消息,"游荡者！

这是领地上的一个寒冷秋天。阴森森的绿雾笼罩着大地，杰克灯笼的邪恶眼睛紧紧地盯着你。领地的万圣节开始了。
送葬者们又一次崇拜着冥界的主人萨梅迪男爵。他们在领地各处进行着卑鄙的仪式，尤其是在南瓜脑袋之屋和蛇彭特新娘营地！

消灭南瓜脑袋、他们的祭坛和蛇彭特新娘，以赢得万圣节活动点数。你可以通过在南瓜脑袋之屋和蛇彭特新娘营地开启箱子里的仪式头骨来获得活动点数。赢得的点数越多，你的奖励就越好！
进入蛇彭特新娘营地需要一个蛇彭特獠牙。它可以在南瓜脑袋之屋、红色区和尖叫森林中找到！
南瓜脑袋在蛇彭特新娘营地中存放了一把非常重要的钥匙：打开头目地点的钥匙。
千万注意。记住：如果你在与蛇彭特新娘的战斗中死亡，你所有的物品都会永远消失。
除了送葬者之外，蛇彭特新娘营地里到处都是南瓜脑袋焦尸，它们会爆炸并造成伤害。空气中充斥着毒素。一定要带一个压缩空气罐。它在南瓜脑袋之屋里也会很实用。

游荡者，愿你在战斗中胜券在握。祝你有个吓人的节日！",,
未命名记录,,,
未命名记录,,,
未命名记录,,,
未命名记录,,,
未命名记录,,,
未命名记录,,,
未命名记录,坪瑟,,
未命名记录,,,
未命名记录,,,
未命名记录,,,
谢尔普的录音,"谢尔普：“嘿，如果你在听，那么我欠你一个道歉。”
谢尔普：“我为我的突然消失和你现在要承担的责任而道歉。”
谢尔普：“如果你找到了我的其他记忆，就知道你前面的路很漫长。你要跟着我给你留下的‘线索’ 走。”
谢尔普：“它们藏在我认为可靠的地方。我自己即将上路了。”
谢尔普：“我会穿过森林郊区，你将在那里找到你问题的第一个答案。”",,
每日消息,"游荡者！

新年即将到来，是时候收礼物了！但首先，你必须通过消灭大量的敌人来赢得礼物，这些敌人正在破坏大家的节日。
使用近战武器消灭焦尸，获得雪花球并在活动窗口中解锁新年礼物。

不仅如此！使用任何你选择的远程武器杀死领土上的任何敌人。你可以使用弓、十字弓、枪械或投掷武器来做到这一点，并获得新年活动点数。
可以在领地上遇到的戴着新年帽的敌人和新的坎卜斯设施中的头目将为你带来最多的点数。每四个小时你会自动获得一把设施钥匙。你可以同时存储三把钥匙！

使用寒冷远程武器击杀敌人，获得三倍点数。请注意，伤害必须100%用这类武器造成。

注意：使用自行车改装杀敌不会获得任何挑战点数或雪花球。

祝你在战斗中好运，游荡者。新年快乐！",,
每日消息,"游荡者！

从今天开始，仓库将按照新规则进行。我们正为物品引入有效期。

从现在开始，你有99天的时间来领取以下物品：
・商店购买的物品，
・乐透奖品，
・集市奖励，
・黑帮货物和狂腐士奖励，
・所有一直存放到现在的物品。

你有14天来领取：
・在特殊活动和挑战中收到的物品，
・升级奖励。

有效期7天的物品：
・你在游戏中获得的任何其他物品，如每日任务奖励、NPC的奖励和派系奖励等。

游荡者，别忘了拿你的东西。现在，每件物品都有一个计时器，显示其有效期的倒计时。",,
测试版更新 27.11.20,"新特性：
・新活动：狂腐士入侵！清理领地内的地穴，并与其他玩家竞争！
・新的狂腐士武器，还有火焰和酸性武器！
・具有新效果的狂腐士传奇铠甲，还有一个15栏位背包。
・用于避难所的狂腐士装饰品，还有一个45栏位的箱子！
・暗区改动：死亡后不再会丢失物品。新的裂痕活动规则！
还包括：
・“这是我们对有放射性的物体使用的标准净化协议，并非酷刑”，要塞兵团如此回复狂腐士对囚禁环境卫生的抱怨。
・“供暖季已经开始了，我们会让它变得更热”，狂腐士攻击领地时声称。
・帕沙穆兹卡拜访了家里有地穴管风琴的游荡者，除了《狱中摇滚》什么都没能演奏。
・灾难酒吧的最新传闻：一个游荡者错误地组合了一套铠甲，组成了“狂腐黑龙森林信徒”铠甲。
・在核炬士和蛇彭特新娘这对新婚夫妇互相对望时，一场丑闻爆发了。这一婚姻对于加强两个集团的联盟是必要的。",,
邪教的传单,"核战的幸存者们！我，西南领地的主教、你们卑微的仆人和牧人、愤怒之手、代表圣殿向你们讲道！
那些土地被异教徒污染，被数不尽的苦难和折磨所困扰。但是，还有另一条路，更好的路！投向荣耀盲者的教义吧，你们的苦难将成为对之前罪孽的补偿。你们将不再需要挨饿，不再需要为要塞兵团服务，不再需要为你们亲人的性命而战。

虽然你们中的一些人可能会对教义有所顾忌，但请记住，我们的敌人的言论充满了谎言和漏洞。瞧，因为他们的谎言只能证明他们在真正信仰面前的无能！异教徒畏惧我们和圣火，我们和平的朝圣者遭到的无数次谋杀就是证据！

不要再被他们误导了！抛弃你们的恐惧！到圣殿地穴来，进行寻找，你们将找到你们灵魂所渴望的东西！打破异教徒的枷锁！洗净你们的罪孽！了解永恒之火的力量！

[旁边用铅笔手写的笔记]

不要上当，米卡斯。这是个骗局。你会发现自己身在火中。",,
未命名记录,,,assets/images/故事笔记/未命名记录--0493aa3c32.png
测试版更新 11.12.20,"新特性：
・新年活动：用近战武器击杀焦尸，获得奖励。
・挑战：用远程武器消灭比其他玩家更多的敌人。
・研究所的新年设施：坎卜斯！
・新的北极改装武器和一些旧武器的北极改装款。
・新年装饰、服装和背包外观。
・领地的新物品：20栏位背包！

还包括：
・有一个传统的新年土匪故事，讲的是一个男孩不得不在新年保卫自己的家，他在各处安放了地雷陷阱、炮塔、绊索枪、绳子吊着的油漆罐等，这个故事叫 “小鬼当避难所”。
・有人看到坪瑟醉醺醺地坐着雪橇飞过领地上空，上面挂满了CHAP，他在其他幸存者的避难所上空骂人，扔下礼物和炸弹。
・你对新年的看法为来年定下了基调。 奇怪的是，屋顶上的枪手似乎对此并不怎么高兴。
・莱科维奇雇佣灭绝者杀害了过去、现在和未来的圣诞之灵，它们掉落的神器被卖给了研究所获利。
・朱尔的梦境在“神秘圣诞老人”开始之前就毁了它。福克西和维因为了他们还没买的礼物而争斗！",,
每日消息,"游荡者！

仓库监狱和刽子手巢穴现已推出。你将在仓库中找到侦察员菲什。完成他的所有剧情任务以到达监狱。你还需要修理配电室的线路，使用撬锁工具打开通向监狱的卷帘门。撬锁工具将在监狱派上用场。你可以自己制造或从维因那里通过交易得到撬锁工具。
监狱比仓库的第一分区危险得多。在血色魔茧成熟并生成新敌人之前将其摧毁。魔茧容易受到重击粉碎武器的伤害。酸性武器可以延缓魔茧的成熟速度。

注意提防新敌人。狱吏的特殊攻击会将你困住。长舌僵尸姐妹可以施加刽子手记号，在敌人对你造成伤害的同时治疗敌人。杀手食尸鬼装备机枪，可实施能够避开的致命攻击。
监狱里的空气充斥着血液病毒。受到三处或以上重伤后，其总伤害量会随着受伤的叠加而增加。使用止血剂、烧灼治疗器、赤铁矿或克里姆的铠甲进行保护。

带上一些手榴弹或能造成范围伤害的其他武器。这是打败某些监狱异象的唯一方法。
修理监狱中的钻机以清理通道，然后前往刽子手巢穴打败头号刽子手和红魔球。除了我们前面提到的武器以外，你还需要一些来自尖叫森林的毒素武器。

此外：查看仓库商人的巨型箱，你会发现一些加强网，修理通往尖叫森林的桥时需要用到这东西。

游荡者，祝你好运。",,
测试版更新​ 30.12.20,"新特性：
— 现在仓库的面积扩大了2.5倍！探索监狱和刽子手巢穴。
— 100多个新的剧情任务、笔记和对话！
— 你可以组装摩托车！
— 十多种新敌人：焦尸、食尸鬼和具有独特能力的异象。
— 新头目：狱吏、头号刽子手和红魔球！
— 新的共生狱吏铠甲、新的食尸鬼武器、还有火焰喷射器！
— 如果修理并使用钻机，避难所地下室可以变得更大。
— 新机制：可以开锁的撬锁工具！

还包括：
— 两名土匪克里普和斯奎因特将他们的首领及其三个复制体卖给了要塞兵团！
— 团队不喜欢丽莎从监狱获得的新小狗。她低声说：“你们这些家伙是傻子吗？它多可爱！看看它可爱粉嫩的三英尺长舌！”
— 为时已晚！一位研究所副研究员说明了猫薄荷和附子草对于减慢焦尸化速度的影响。
— 森林之子将活麋鹿挂在树上当作装饰，此事令加尔科夫动物与森林爱护协会感到非常愤慨。
— 三个狂腐士在遵照荣耀盲者的命令用雪人装饰焚化炉时死了。",,
研究所员工报告,"[文字难以辨认]

……这一现象具有极大的丧尸生物学意义。2号笼中的试验对象暴露在一种未知的拉撒路智人的变异生物质中。体型相当大的标本反射性地呕吐，将试验对象覆盖在淡红色的物质中。

在八小时内，一个生物外壳（以下简称“茧”）在试验对象周围形成了一个球体。由于无法对试验对象进行活体解剖，我对魔茧进行了简单的物理冲击（扔了一块石头）。试验对象仍然活着：他在呻吟。
在观察期间，一个目标标本三次接近茧。我正式提出一个科学名称：“拉撒路智人长喙天蛾”。标本用舌头探测茧。我想，这就是他们与第二波生物交换虫群DNA的方式。

博士，我知道这是个大胆而有争议的观点，但有迹象表明，拉撒路智人的进化出现了不可思议的飞跃，而且是自然的。

我想我无法记录2号笼试验对象的变异过程。看来我得放弃外部观察者的角色，积极参与。一个带着钥匙的武装混血死灵生物正在接近我的笼子……

[信息中断]",,
测试版更新​ 19.01.21,"新特性：
・钢鹰行动！经验丰富的游荡者在第十次完成后会解锁一个更高的难度
・新武器：AB战术步枪、斯泰尔 AUG、鹰队MP5和沙漠之鹰！
・独特的避难所装饰：烟花炮和希望雕像。
・鹰队的食物和独特的外表碎片。
・多处错误修复及性能提升

还包括：
・占星家宣布本周是事件意识周。焦尸占星家的数量增加了。
・俘虏声称他想和母体保持联系，试图爬回他的茧里。
・兄弟会悬赏将游荡者团队驱离仓库中的污染伏特加生产单位。
・克里姆向队员们讲述了他在时间重置前一秒，无人机绕着篝火飞行造成的梦境。
・塞西亚人的首领麦克威胁鹰队，说除非鹰队军官返还从他们的一个人那里夺走的衣服、靴子和摩托车，否则将实施报复。",,
每日消息,"游荡者们！

春节即将来临，最后的领地上的秘密黑帮又开始壮大了。

他们在​领地各处​的​地​下室里设立了基地。​你​可​以在​寂静树丛、​铁荒原、​焦尸土地、​森林郊区、​荒凉山谷、防风林和尖叫森林找到​地​下室入口。​

击败黑帮小队并用钥匙打开箱子。注意：当你多次清理地下室后，黑帮就会派更强的战士来保卫这个地方。注意他们的特殊攻击。

使用钥匙在春节活动窗口中打开黑帮货物，可获得​独特的​奖励。​你​打开的​每个箱子都会给你​活动点数。​获得2000点即可​获得黑帮头目的​货物，​其中包含最有​价值的​活动奖励。

在商人处、在特殊活动地点，以及仓库监狱等异象区打开黑帮箱子，可以获得更多的活动点数。

祝你​们​好运，​游荡者们。",,
测试版更新​ 03.02.21,"新特性：
・春节开始了！黑帮重回领地！清理黑帮地下室，与其他玩家一较高下。
・享受全新的75栏位大型春节盒子。
・收集黑帮装饰品和外表。
・现在你可以制作军队背包了！

还包括：
・游荡者拿着火焰喷射器出现在伏击中，成为核炬士。
・秃鹫错误地使用了研究所的研究员的回音花，对生物物理学和多元宇宙理论产生了热情，从未停止吃人。
・游荡者未能停止避难所地下室的钻机，最终挖出了另一个监狱，在那里可以玩21点，还有长舌僵尸姐妹陪伴。
・冒犯狂腐士的涂鸦出现在被围困的房屋的后墙上。“知道吗！我被大农场陷害了！他们是我的竞争对手！”房屋主人声称。
・朱尔追踪了14000605个可能的未来，其中只有一个显示坪瑟使用酒精是出于科学目的。",,
测试版更新​ 20.02.21,"新特性：
・萨梅迪收割！击杀送葬者可获得点数，并与他人竞争。
・更新的地点：送葬者之屋和蛇彭特新娘营地。
・挑战奖励中的传奇送葬者武器和铠甲。
・节日装饰和完成送葬者自行车的机会。

还包括：
・坪瑟喝醉了，救出了飞行员，修好了直升机，然后花了几个小时在暗区飞来飞去，锁定了虫洞。“知道么！又一桩生意因为酒搞砸了， 嗝！”他抱怨道。
・游荡者在他的避难所里安装了所有的春节装饰品，在没有竞争的情况下加入了黑帮。没想到，他却被迫转入了地下，直到夏天。“还能说什么呢，这就是传统！”黑帮的代表说。
・根据伏都教教徒的说法，除了万圣节之外，攻击领地是糟糕的时机。南瓜可以用作很好的伪装！
・格鲁皮对监狱访客身上传来的气味很是不满。“光是淋浴还不够，要在旧加油站用洗车机才能洗掉臭味！”他抱怨道。
・莱科维奇拍卖了现存的唯一一张谢尔普的照片，赚了一大笔钱。最高出价者看到照片上是一个戴防毒面具的人，很失望。",,
每日消息,"游荡者！

送葬者们又一次举行了他们阴森的仪式，崇拜着冥界的主人萨梅迪男爵。他们无处不在，尤其是群聚在送葬者之屋和蛇彭特新娘营地！

消灭送葬者、祭坛和营地中的蛇彭特新娘，以赢得挑战点数。每回合赢得的点数越多，你获得的奖励就越好！

进入蛇彭特新娘营地需要一个蛇彭特獠牙。它可以在送葬者之屋、红色区和尖叫森林中找到。
蛇彭特新娘是这个地方的头目，躲在上锁的大门后面。但没关系，你可以在营地中找到钥匙！

注意蛇彭特新娘的特殊攻击。记住：如果你在营地中死亡，你所有的物品都会永远消失。

除了送葬者之外，蛇彭特新娘营地里到处都是焦尸，它们一碰就会爆炸。营地和送葬者之屋的空气中充斥着毒素。一定要带一个压缩空气罐。

游荡者，愿你在战斗中胜券在握。",,
测试版更新​ 05.03.21,"新特性：
・每周派系任务！定期完成自由兄弟会和要塞兵团的派系任务并获得奖励。
・要塞兵团前哨和新角色。
・独特的武器、避难所装饰，以及兄弟会和要塞兵团背包外观。
・现在支持60 FPS。 
・黄金状态：免费装备、额外背包功能、黄金和经验点数奖励。 
・斯普林特的商品中有摩托车改装！

有关每周派系任务的信息。

游荡者！
你现在可以完成每周的派系任务。游荡者“眼镜蛇”正在避难所的指挥掩体里等你，要告诉你首批兄弟会派系任务的情况。完成它们之后，你需要修复信号警报系统，以获得来自要塞兵团和自由游荡者兄弟会的新任务。

完成派系任务并获取点数以填充每周任务窗口中的奖励条。一旦你有了足够的点数，就可以领取派系奖励。你有一周的时间来收集所有的奖励。

你可以通过激活高级模式来收集每个任务的额外点数，并获得额外的奖励。高级模式会保持激活状态，直到领取完所有派系奖励或下一个派系任务开始为止。

派系任务日志位于在战斗界面的任务选项卡或 PDA的活动选项卡中。这里也是你花费黄金完成派系任务的地方。

你可以在新地点“要塞兵团前哨”将要塞兵团派系任务物品交给要塞兵团军官。兄弟会的物品可以在仓库交给眼镜蛇。

派系任务窗口上方有一个倒数的计时器。如果你提前将奖励条充填满，等到计时器走完后就可以获得新的任务了。

祝你好运，游荡者！

还包括：
・眼镜蛇抱怨克里姆的团队不接兄弟会派系任务：“他们只想围坐在火堆旁，听糟糕的音乐！”
・盗取了要塞兵团的宣传站之后，送葬者很快就开始崇拜洛亚神索洛波夫，而领地的保卫者们则继续向警报系统进行血腥的献祭。
・朱尔预见到，由于贸易研究所的一个供应商被逮捕，研究所的食物价格迅速上涨。这一上涨反过来成为了逮捕的原因。
・一名游荡者试图骑着摩托车前往监狱，导致了一个新的危险变异体出现，兄弟会将其命名为鲁莽刽子手。
・科学家们刚一发现焦尸有耳朵，兄弟会就宣布了收集耳朵的任务。研究所认为这可能会引起新的变异。拉撒路智人只想摆脱耳朵。",,
每日消息,"春天到了！有人在领地各处安放了彩蛋，而神秘的生物正在追寻它们。来见见兔头！噢，不要忘了节庆剧情任务的奖励。

完成剧情任务及在领地上的特殊篮子里找到密封彩蛋可获得春季节庆点数。你需要在神器识别器处识别彩蛋，并将它们交给彩蛋收集者，他在你避难所的风车旁。你可以从兔头那里获得神器解码器。

激活春季节庆高级模式，可获得更多活动点数。打开主界面的“活动”标签页或PDA的“动态”标签页，可以看到当前剧情任务。你可以在PDA界面中花费金币完成任务。

在活动奖励中，你会找到具有主动能力的全新完美武器的备用零件、木材和金属储藏库、节日装饰和外表碎片。

请注意：你可以在避难所中安装最多四个法贝热模块。它们的效果已经改变，且现在可以叠加！

愿好运永远伴随着你，游荡者。",,
测试版更新​ 23.03.21,"新特性：
・领地上的春季节庆！完成剧情任务，寻找并识别彩蛋，击杀兔头。
・完成法贝热模块，找到节日面具和新的背包外观。
・具有主动能力的武器：森林守护者之弓、伟大蛇彭特魂狩和AKM齐射。
・容量增加的特殊容器，用于储存原生木板和废金属。
・修复了一些小错误，提高了性能。

还包括：
・瑞弗特发现自己陷入了一场贪污丑闻。据眼镜蛇说，游荡者从来没有收到过瑞弗特通过一个不知名的居民发过来的灾难酒吧建筑材料。
・游荡者“蛋头兄弟”得到了在避难所里当法贝热蛋的工作。他们已经受够了！
・送葬者发明了新型的手榴弹：用有毒的涂料画成的腐烂节庆彩蛋。
・游荡者“甜食爱好者”想知道所有巧克力蛋都到哪里去了！
・被围困的房屋主人抱怨道：“蛋形模块、蛋形容器，蛋形这个、蛋形那个，哎！这两年我们的普通鸡蛋都没人要了！”",,
破解的匪徒提示,骗子选了我去会见贸易联盟代表，对方同意运输赃物。地点是我们在仓库西边的营地。尼克斯。,,
破解的尼克斯提示,秃鹫正在接近营地。我不打算等待商人，我会通过无线电联络，并会待在老地方。尼克斯。,,
破解的匪徒提示,由于被烧毁的餐厅是一个异象区，所以我下令在餐厅对岸的地下室中设立一个瓜分战利品和躲避核辉光的地点。尼克斯。,,
加密的匪徒提示,老骗指我去约那个包，说他会做销骡。在臭旁的棚。尼克斯。,,
加密的尼克斯提示,贱鸟打棚。不歇包了，电告和老地晃。尼克斯。,,
加密的匪徒提示,残是结，我推在坑内屋跑拆点和窝苦火。尼克斯。,,
赠与契约,"地块赠与契约

加尔科夫，1995年3月8日

以下签字双方，米哈伊尔·罗曼诺夫，护照号码……

……以下简称“出让人”，其地块所有权由……证明。

……以下简称“受让人”，同意如下：

标的物

1.1出让人兹无偿转让地籍编号为12:08:2的地块……

……连同所有位于其上并属于出让人的建筑物，包括扎顿餐厅在内，以及……

……位于列贝德湖索斯诺夫卡区加尔科夫地区……

……出让人向受让人证明该房产不存在债权、留置权或其他纠纷……

……出让人将第1.1条所列的地块和所有建筑物的所有权以其当前状况转让给受让人。

……如果出让人的寿命超过受让人，出让人保留将所有权返还给出让人的权利。

……双方签名：

出让人：米哈伊尔·罗曼诺夫

1995年3月8日

受让人……

土地和财产委员会登记号3009……",,
管理员给服务员的说明,"加尔科夫香烟（妈妈一到，就送上一包这个烟和一个烟灰缸）。
酸黄瓜汤（在妈妈到达15分钟后，连同三份伏特加一起送上，而且别想用我们的烈酒生产区产出的劣质酒水来充数）。
蔬菜野味沙拉（17:00给妈妈上菜）。
半甜红酒（18:00给妈妈上一杯）。

生牛排（给瘦子，他一到就连同一杯啤酒一起给他送上）。

烤猪（妈妈的指示：不要给壮汉超过一份）。
伏特加（妈妈说不要给壮汉超过1升。如果他拒绝配合，就去叫屠夫或瘦子）。
红鱼子酱（配伏特加，一整包，剩下的都拿到管理员办公室去）。

罗宋汤加豆子（给安德烈·帕夫洛维奇，瘦子说要往碗里吐三次口水再给他）。

甜品
给妈妈“鸟奶”蛋糕，给瘦子奶油卷，给壮汉5罐炼乳。

[用铅笔写在笔记末尾。]
昨天有些外人想搞事，看来他们不知道这是什么地方。壮汉和鞑靼人把他们搞定了，也许还干掉了一个。然后那些蠢货就被废掉了：壮汉一击就打碎了门卫根纳季耶维奇的脑袋，因为他把外人放进来了。我看见他们开着一辆奔驰600来的，看不出有什么问题……
如果你在客人中看到了不认识的人，请告诉屠夫，因为这里是他的地盘，否则我们就要受罚了！",,
艺人记事,"18:00—客人和妈妈到场。

18:15—问候，最后致祝酒词，结尾为：
“我们全体衷心祝福，
妈妈五十大寿快乐！”

18:20—长子致生日祝福（仅可使用他的外号：瘦子！）

18:25—次子致生日祝福……

[文字因火烧而无法辨认。]

……加尔科夫副市长致生日祝福。

18:50—歌手米卡·波罗（演出后立即支付3500美元现金）。

19:20—加尔科夫地区[划掉]致以生日祝福。

19:25—索斯诺夫卡区区长致以生日祝福。

19:30—顶尖娃娃乐队在开始和结束时唱《加尔科夫姑娘》（每人1000美元现金，如果同意在晚会结束后马上和兄弟们一起去桑拿房玩，每人再给 3000美元）。

20:00—蛋糕，拍卖。

20:30—琥珀湖乐队，他们只在最后唱《扎顿之夜》（瘦子说不要给他们钱，如果有问题就跟他说）。

21:00—妈妈跟每个兄弟跳华尔兹。

21:30—烟花，户外自助餐。

丽达，专心办事，这事很严肃！如果出了岔子，我们就死定了。",,
录音带,"[音乐在轻柔地演奏，伴着觥筹交错的声音和人们的笑声。]

一个女人的声音：来，念念这个！不，给我们大声念出来，那个垃圾写的是我！

一个声音：教母：加尔科夫暴徒威胁整个地区……

妈妈：你最近一直在逃避我的好意，安德烈·帕夫洛维奇。二十年来，你要钱有钱，要女人有女人。你是扎顿的贵宾，你来参加我的生日派对，很多人想参加还参加不了……结果呢？你连一个蹩脚记者都对付不了。怎么不说话了，检查长？

安德烈·帕夫洛维奇：妈妈，相信我，我能做的事情很多，但现在不能动谢列金。你不知道会闹出多大的动静，而且我……

妈妈：够了，检查长。这是我的养子想出来的。聪仔是个名副其实的聪明孩子。

不熟悉的声音：你好啊，安德烈·帕夫洛维奇！这有个小东西，能不能请你确保它会在谢列金的财物里被发现？想象一下如果我们的小礼物被用来杀人会发生什么……总之，考虑到你的能力，一周的时间听起来足够了。我估计没有了那个记者，今后八年里妈妈会开心很多。

安德烈·帕夫洛维奇：妈妈，我不知道我能做什么。现在人人都盯着谢列金……

妈妈：闭嘴，垃圾！我就知道你要开始哭哭啼啼了。你的小儿子这周就呆在我们这儿吧，只要一切顺利，没人会对他动粗的。我猜猜，你又带着窃听器，是不是？把录音带给我，别再录了。否则你会知道告密者的下场，检查长。

[录音结束。]",,
研究所文档片段,"调查编号1646-bis的目的是检查从【已删除】收到的关于新型异象区的信息。到达移动实验室的特定坐标后，我们确实发现了描述的现象：一道发出紫色光的裂痕。经过简短的分析，我们得出结论，我们面对的是一个不稳定的【已删除】。

我们向裂痕中发送了三个开拓者型CHAP。其中两个【已删除】，只有一个回来了，它带有大量的信息和异界物质的样本 （见【已删除】）。

对收到的数据进行的分析（附录11和12）使我们得出结论，所研究的地区现在和过去都不在领地内。换句话说，直接证实了在暗区研究中基于 【已删除】建立的理论【已删除】模型。 

[缺少几页]

……将收到的样品放在【已删除】模块的一个电源单元中，引起了具有未知属性的巨大能量激增。实验的这个阶段是一个错误，害得我失去了一只手，而我的助手【已删除】则失去了生命。我承认。

我愿意接受任何惩罚，甚至被赶出新黎明。 但是，我请求您将部门的所有资源都用来尝试稳定虫洞，并调查另一边有什么。我相信，我们即将获得最了不起的发现，而且，或许也是自从 【已删除】以来最大的灾难。

日期：【已删除】。

签署：【已删除】。

[下面是一些手写的批示。]

部门负责人：予以口头批评；任命虫洞研究项目负责人。为该部门追加资源，列为“额外开支”。将该项目命名为代号“裂痕”。签署：霍洛多娃",,
尼克斯的手机,"[视频中，两个人站在扎顿的大厅里，面对镜头。第一个人瘦高笨拙，身材结实，棱角分明的脸上戴着眼镜。他正在抽烟。第二个人是个穿着背心的肌肉男，宽大的肩膀和手有大面积的烧伤，一只手里拿着一个罐子。一个身材极其高大的胖子从厨房里出来，身穿血迹斑斑的围裙，手拿两把劈刀。劈刀的刀刃上也沾满了血迹。]

胖子：哦，伙计们！你到底来这里干嘛，瘦子？你丢了一只眼睛，笨蛋？餐馆关门了。所以滚吧，免得挨揍！

瘦子（咬牙切齿）：见鬼，屠夫，你胆子可不小！你想欺骗你的兄弟们？欺骗妈妈？

屠夫：你们联合起来对付我？滚出去！扎顿是我的，我的店会让我们度过这一切的。你们可以在自己的仓库里狗咬狗，听到没？

瘦子：没错！你这死胖子！你许愿要“幸福”，现在就膨胀起来了？把你的代码给我，猪油球！你再也别想接近藏匿处了！

屠夫：别大喊大叫了。你的脸都憋红了。看来你已经很久没有被骗了，吸血鬼。我没有代码。尼克斯在那个老妖婆搬进来之前把它带到灯塔去了。现在你们才是永远到不了那里的人，废物。去不了灯塔，到不了藏匿处，也得不到“幸福”。

瘦子（对着镜头）：尼克斯，真的吗？！你知道你捅了多大的漏子吗？我要把你的脸打烂！

尼克斯：瘦子，我发誓，他说我必须这么做……我以为一切都是光明正大的……

瘦子：滚开，混蛋，我们以后再跟你算账！（对屠夫）：现在，混蛋……聪仔告诉过妈妈，说你会把我们搞垮，但像这样……

[瘦子的话被步枪开火声打断了]

屠夫：什么鬼？你还带了别人来？

瘦子：怎么，你自以为会成为扎顿之王，胖子？你的手下已经完蛋了。（一旁）壮汉，打倒他……壮汉，快点！

壮汉：是，瘦子……

[屠夫没能躲开壮汉那原木一样的巨大手臂，倒地失去了知觉。]

壮汉：我们要把扎顿点了吗？

瘦子：不……浇在他身上。为了那个棚子，兄弟。为了你的烧伤。

[壮汉在屠夫身上浇了汽油。瘦子把烟头扔在他身上，他肥硕的身躯就被火焰吞噬了。两人静静地看着自己燃烧的兄弟。火焰上方的空气在闪烁，有一瞬间，似乎有一个人站在两兄弟身后。然后尼克斯转身跑进了厨房。视频结束。]",,assets/images/故事笔记/尼克斯的手机--e43433667a.png
测试版更新​ 09.04.21,"新特性：
・新的异象区：被烧毁的餐厅。你必须在其中标出一条路线！
・匪徒：一个新的派系，带有新的剧情任务。
・在餐厅中发现的敌人：燃烧的焦尸和一个全新的头目“屠夫”！
・在被烧毁的餐厅中有一个新商人：交易商。他会用普通武器换取神器武器！
・纳米机器：一种新的装备，能暂时给你的武器增加异象伤害。

有关被烧毁的餐厅的更多信息。

游荡者！

尼克斯是一个新的派系“匪徒帮”的首领，等待着在避难所中达到25级的玩家。他需要一个向导，在被烧毁的餐厅“扎顿”中标记一条路线，这是一个有火焰异象的热点。

要在餐厅里标出一条路线，你需要塔棒，你可以制作它们。要安装塔棒，你必须找到一个有特殊异象漩涡的区域，并使用投掷武器检查它的异象活动。一旦你完成了路线，就可以从匪徒那里得到奖励。

当心被烧毁的餐厅中的新敌人。燃烧的焦尸在死亡后会爆炸，在身后留下一片燃烧的区域，而投掷留名者可以在远处使用火焰攻击。储备好寒冷武器，因为所有因火焰异象而变异的暴徒对它们的攻击都很脆弱。不要忘记火焰阻止器和小型灭火器，以此来避免周期性火焰伤害。

你会在餐厅的锅炉房遇到一个新头目：屠夫。屠夫被火焰伤害命中后会恢复生命值，造成流血，被激怒时非常危险。注意他的特殊攻击：它会在整个区域内造成伤害。

在被烧毁的餐厅码头，你可以遇到号称“交易商”的匪徒商人。使用屠夫的沸血与交易商进行交易，将你的常规武器换成具有特殊伤害的武器。

祝你在被烧毁的餐厅好运，游荡者！

还包括：
・行政部门重塑了扎顿的品牌，现在客人见到的是屠夫的口头禅：肉永远新鲜！我们的宣传品没有问这话是不是对活着的客户说的。
・不再有血色洞穴，不再有苔藓！比任何游荡者都要好！我们需要多来点这种武器……克里姆对我们的宣传品的评论，关于火焰留名者被赶进仓库的事件。
・研究所的科学家们宣布焦尸会说话，并提出了无可辩驳的证据。 事后发现是两个匪徒酒后的对话录音。
・原来，扎顿在核战之前就接到了关于食物烧糊、员工不友好、气氛不愉快的投诉。
・瑞弗特竭尽全力让朱尔不要再跟匪徒说话，以免他从他们那里学到任何黑话。那男孩安慰她说：“安啦，甜脸蛋儿，一切都超A的。”",,
每日消息,"各位游荡者！

狂腐士的入侵战士在领地各处建立了地穴。你可以在各地找到地下掩蔽所，从寂静树丛到尖叫森林。

打败一个狂热分子小队，即可获得打开装有狂腐士钥匙的箱子的机会。注意！当你清理几次地穴之后，狂腐士就会派更强大的战士来保卫这个地方。小心他们的头目：核判官！

钥匙可以在商人处和特殊活动中找到。

使用钥匙在活动窗口中打开狂腐士货物，并获得独特的奖励。每打开一个箱子都会给予你活动点数。获得2,000点即可获得判官货物，其中包含最具价值的活动奖励。

你还可因为打开地穴中的箱子和活动窗口中的货物而得到活动点数。胜过其他玩家以获得更多宝贵的物品！

祝你​们​好运，​游荡者们！",,
测试版更新​ 14.04.21,"新特性：
・新的异象区：被烧毁的餐厅。你必须在其中标出一条路线！
・匪徒：一个新的派系，带有新的剧情任务。
・在餐厅中发现的敌人：燃烧的焦尸和一个全新的头目“屠夫”！
・在被烧毁的餐厅中有一个新商人：交易商。他会用普通武器换取神器武器！
・纳米机器：一种新的装备，能暂时给你的武器增加异象伤害。

有关被烧毁的餐厅的更多信息。

游荡者！

尼克斯是一个新的派系“匪徒帮”的首领，等待着在避难所中达到25级的玩家。他需要一个向导，在被烧毁的餐厅“扎顿”中标记一条路线，这是一个有火焰异象的热点。

要在餐厅里标出一条路线，你需要塔棒，你可以制作它们。要安装塔棒，你必须找到一个有特殊异象漩涡的区域，并使用投掷武器检查它的异象活动。一旦你完成了路线，就可以从匪徒那里得到奖励。

当心被烧毁的餐厅中的新敌人。燃烧的焦尸在死亡后会爆炸，在身后留下一片燃烧的区域，而投掷留名者可以在远处使用火焰攻击。储备好寒冷武器，因为所有因火焰异象而变异的暴徒对它们的攻击都很脆弱。不要忘记火焰阻止器和小型灭火器，以此来避免周期性火焰伤害。

你会在餐厅的锅炉房遇到一个新头目：屠夫。屠夫被火焰伤害命中后会恢复生命值，造成流血，被激怒时非常危险。注意他的特殊攻击：它会在整个区域内造成伤害。

在被烧毁的餐厅码头，你可以遇到号称“交易商”的匪徒商人。使用屠夫的沸血与交易商进行交易，将你的常规武器换成具有特殊伤害的武器。

祝你在被烧毁的餐厅好运，游荡者！

还包括：
・行政部门重塑了扎顿的品牌，现在客人见到的是屠夫的口头禅：肉永远新鲜！我们的宣传品没有问这话是不是对活着的客户说的。
・不再有血色洞穴，不再有苔藓！比任何游荡者都要好！我们需要多来点这种武器……克里姆对我们的宣传品的评论，关于火焰留名者被赶进仓库的事件。
・研究所的科学家们宣布焦尸会说话，并提出了无可辩驳的证据。 事后发现是两个匪徒酒后的对话录音。
・原来，扎顿在核战之前就接到了关于食物烧糊、员工不友好、气氛不愉快的投诉。
・瑞弗特竭尽全力让朱尔不要再跟匪徒说话，以免他从他们那里学到任何黑话。那男孩安慰她说：“安啦，甜脸蛋儿，一切都超A的。”",,
测试版更新​ 15.04.21,"新特性：
・特殊活动：狂腐士入侵。清理领地内的地穴，打开狂腐士货物，与其他玩家一较高下！
・新增狂腐士武器和坟墓火焰纳米机器：同时造成火焰和酸性伤害。
・获得新的75栏位盒子和新的狂腐勇士外表！
・有机会获得传奇铠甲、特殊避难所装饰和15栏位狂腐士背包。

还包括：
・一条船在被烧毁的餐厅对面搁浅，成为了二十余名商人匆忙聚会的地点，他们都在赶着交易偷来的货物。莱科维奇已经成功证明他所有的商品涨价合情合理。
・一名核判官发誓要惩治用“兜帽”、“法袍”、“裤子”等词取笑的匪徒。作为回应，这帮人想出了押 “盲”字韵的十种不同方法。
・人们开始崇拜屠夫之后，月光蒸馏器开始在狂腐士地穴中出现。 一个邪教发言人说：“这是对火天使的尊重。”
・在之前的入侵后，狂腐士们为了重建他们的一个地穴，不得不驱逐了几个匪徒。这些匪徒把地穴变成了一个带台球桌的桑拿房。
・有一个匪徒是新上任的帮派老大，他用几句话就解释了自己事业的快速发展：“一，二，你就上位了！”",,
测试版更新​ 06.05.21,"新特性：
・新活动：暗区突破！通过摧毁异象和新类型的焦尸获得点数。花费这些点数来沿着三条不同的路径前进，每条路径都有独特的奖励。
・助手：具有特殊能力的新角色，他们将在避难所避难！
・新的完美武器：嗜血步枪和灭绝者加特林机枪。
・更新饥饿和口渴机制：生命值损失已被负面效果取代。

还包括：
・号称“骑士”的游荡者没能平息暗区突破，因为他站在十字路口，无法为自己决定应该走哪条路径。
・由于兄弟会的某些成员多次试图通过裂痕进入暗区，研究所的管理部门不得不采取措施禁止他们平息异象。“让我过去！”游荡者大喊，“我的战利品还在那里！”
・在收到了死亡路径的每一个奖励后，一个伪装成伏都教巫师的游荡者成功地潜入了坟墓。直到他同时向两个蛇彭特新娘提出前往祭坛后，他的真实身份才被揭穿。
・瑞弗特没看懂匪徒纸条中传达的信息。那要么是一张约会邀请，要么是谋杀威胁。遭到拒绝的匪徒垂头丧气地对此事发表了感慨：“那小妞狠狠地抛弃了我……”
・莱科维奇为了“改善突破情况”而申请专利的头盔原来是一个普通的防毒面具，带有紫色镜片，过滤器里有半升加尔科夫伏特加。",,
每日消息,"游荡者！

研究所进行的一项实验导致了暗区突破。从铁荒原到荒凉山谷，领地各处都出现了黑暗裂痕。摧毁它们以阻止突破！平息异象将会召唤特殊的焦尸，消灭它们可以获得特殊活动点数！

这些点数可以在活动窗口中换取奖品。在火焰路径、死亡路径或英勇路径的火焰、酸性或防御和直接伤害奖励中进行选择。请记住，最珍贵的战利品将提供给在路径中集齐每种奖励的游荡者。活动的最终奖励可以无限次获得。

暗区突破将持续12天。活动结束后 48小时内，玩家仍可花费获得的点数。

你还可以为避难所带来具有独特能力的助手！在暗区突破奖励中寻找助手。

祝你在战斗中好运，游荡者！",,
每日消息,"仓库里的一个变异病源被激活了！食尸鬼、吸血蛭和血腥魔茧因此而出现在领地上。要塞兵团宣布了一项奖励，以协助打击新出现的威胁。

要想获得仓库入侵活动点数，需要完成剧情任务并寻找未识别的血腥神器，这些神器可以通过杀死出现在领地上的吸血蛭获得。这些神器可以通过使用神器识别器来识别，并在要塞协调员处兑换活动积分。你可以在避难所的风车旁找到协调员。血腥识别盘是游荡在领地上的食尸鬼掉落的。消灭防风林和荒凉山谷的血腥魔茧，可以获得额外的入侵点数！

使用“仓库入侵”高级模式获得更多的剧情任务点数，并解锁所有的奖励。它会显示一个完整的完成奖励条。剧情任务日志位于主界面的任务标签页或PDA的“活动”标签页中，你也可在PDA中完成派系任务以获得黄金。

在活动奖励中，你可以找到制作具有主动能力的完美武器的材料、仓库装饰中的新食尸鬼，以及有翼刽子手的外表碎片！

警告!在监狱摧毁魔茧不会获得入侵点数。在仓库遇到的敌人没有血腥神器或识别盘。

祝你好运，游荡者!",,
测试版更新​ 22.05.21,"新特性：
・领地上发生了仓库入侵！完成剧情任务，寻找和识别血腥神器，并消灭魔茧。
・新的装饰：食尸鬼祭坛和有翼刽子手外表！
・具有主动能力的全新完美武器可供制作：森林守护者之弓、丹巴拉魂狩和AKM齐射。
・修复了一些故障并改善l 性能。

还包括：
・仓库旁的游荡者营地被试图返回监狱的恐高食尸鬼袭击了。
・研究所已经宣布他们正在寻找“零号农民”。这个人在避难所的一个花坛上种下了血腥种子，从而引发了仓库入侵事件。
・与焦尸区代表的第一次口头互动被记录了下来：匪徒们在一群食尸鬼中遇到了一张熟悉的面孔，并为过去的一个口误提出了抱怨。据尼克斯说，“肌肉焦尸被搞定了，他们的老乡被完好地放走了。”
・在研究小组组长部署了一个血腥魔茧作为原型后，为研究所员工建造的心理缓解和排毒舱取消了建造。
・当猪仔匪徒团伙的一个成员在地下室发现一罐花生米时，该团伙在恐惧中逃离了被烧毁的餐厅，觉得这是吃枪子儿的兆头。",,
每日消息,"游荡者！

喜欢保持低调的黑帮正在重新发展壮大。

他们在领地各处的地下室设置了基地。你可以在寂静树丛、铁荒原、焦尸土地、森林郊区、荒凉山谷、防风林和尖叫森林找到地下室的入口。

打败黑帮小队，用钥匙打开箱子！注意：当你多次清理地下室后，黑帮就会派更强的战士去那里。注意他们的特殊攻击。地下室难度每天重置一次。

使用钥匙在黑帮活动窗口中打开黑帮货物，可获得独特的奖励。你每打开一个箱子就会获得活动点数。获得2000点即可获得黑帮头目的货物，其中包含最有价值的活动奖励。

此外，你还可以通过在黑帮地下室打开箱子和在活动窗口中打开货物而获得“黑帮的回归”挑战点数。胜过其他玩家，获得更多贵重物品！

在商人处、在特殊活动地点，以及异象区（如仓库监狱）打开黑帮箱子，可以获得更多的活动点数。展开竞争，夺取最好的奖励！

祝你们在战斗中好运，游荡者！",,
测试版更新​ 04.06.21,"新特性：
・黑帮重回领地！清理黑帮地下室，与其他玩家一较高下。
・避难所的新助手：黑帮大师。
・新的完美武器：三连击散弹枪。
・收集黑帮的装饰和外观。

还包括：
・有传言说，黑帮大师曾经以史莱德的名号，在沼泽地猎杀变异乌龟。
・莱科维奇设立了一个露天电影院，已经播放了一个星期的《土拨鼠日》，试图将其作为一种时间异象。当有人抱怨时，那个波兰人威胁说要在一个月内每天播放《闪灵》。
・据报道，要塞兵团在仓库入侵期间没有任何损失。“协同工作和杀死食尸鬼不是一回事。”据报道，兄弟会说。
・送葬者们宣布，所有对领地的攻击都是愤怒的灵魂造成的，并表示他们愿意举行洛亚安抚仪式。被遗忘的墓地欢迎志愿者，担任伏都教教徒受害者的角色。
・黑帮暗影夜间追捕暗黑游荡者的行动没有被任何人注意到。",,
测试版更新​19.​09.​20,"What's new:
— First bicycle event: Ambush
— French, German, and Spanish language packs
— New bicycle modifications: Hatchet and Shotgun
— Black Strider's armor and weapons
— New items: Undertakers' Acid Grenade and Mini Firefighter
— Content preview for traders' boxes

Also featuring:
— Girls from every settlement in the Territories, including the Voodoo Tomb, have claimed the right to inherit Luka's property.
— Pasha Muzyka refused to participate in the Scythian music festival. Now the event's been left with no headliner. However, there are rumors a fire show has been scheduled.
— Jul from the Shelter falls asleep for the night, leaves a note, ""Wake me up when September ends."" Should we expect new prophecies?
— Klim's crew has been unable to finish a game of Uno for three years in a row because of Warehouse temporal resets.
— ""All the lights that lead us there are blinding."" Nuclear Torch's interview makes front page news.",,
送葬者的历史，第1部分,"铁鸟把我们从鹰旗之下的异国他乡带来，信使。我操作了其中之一。哈莉和她的兄弟是我的战士。

我们寻找方尖碑，那是力量的源泉和保存在原子火坩埚中的洛亚之家。 一位被称为黑色蛇彭特的女战士带领我们。

她的一生都在忠实地崇拜我们遥远故乡的神灵。在核战开始的那一天，她成为他们的神选者。

我们占领了方尖碑，但我们在坟墓中被包围了。当地人为了寻求救赎，和我们一起逃亡。然后，神选者听到了神灵。

她抚摸着方尖碑，向洛亚神乞求怜悯。大神出现在我们面前，从他的神选者的胸口和嘴里迸发出来。

墓酸是神灵的血和肉。神选者描画出了神圣的符号，把一个当地推向洛亚神。他接受了献祭。

毒液从血管中喷出，焚烧着僵尸，使其重回死亡。“看啊，”她喊道，“这是丹巴拉，环抱世界的伟大蛇彭特！""

从那天起，神选者自称丹巴拉曼波阿索格，并开始教导我们真理。

我们很快就学会了如何侍奉洛亚神。当神灵们把世界变成灰烬时，我们向丹巴拉祈祷，并研究伏都教活动。

不信伟大蛇彭特的人成为了他的祭品，因为他要求新的祭品。",,assets/images/故事笔记/送葬者的历史，第1部分--f8be83aa34.png
送葬者的历史，第2部分,"在丹巴拉和他的曼波阿索格的守护下，我们花了许多个星期的长时间学习伏都教的仪式和奥秘。

直到盗贼出现：躲在地下躲避原子之火和活死人的亵渎者。

他们出其不意地袭击了坟墓，许多人当场死亡。我们这些并非战士的人被混乱和恐惧所淹没。

钢铁恶魔协助攻击者，从天上开火。坟墓的墙壁有几处坍塌，我赶去保卫其中一个缺口。

当我的死亡种子用完时，我抓起为仪式制作的镰刀，冲向敌人，不让他们接近伟大蛇彭特。

我将一些亵渎者带到萨梅迪的大厅，准备加入他们，但战斗突然停止，我们意识到我们输了。

袭击者偷走了方尖碑，那是伟大蛇彭特的容器。 但丹巴拉并没有放弃信徒们。

曼波安抚了焦急的人，解释说蛇彭特与我们同在，方尖碑只是大神的工具，而不是洛亚神本身。",,assets/images/故事笔记/送葬者的历史，第2部分--7e478055e4.png
送葬者的历史，第3部分,"那些被蛇彭特的神选者曼波派去追捕劫夺了方尖碑的人没有回来。我们不知道萨梅迪是如何夺走了他们的生命。

我们害怕神灵对我们丢失遗物感到愤怒，于是向伟大蛇彭特祈求宽恕。丹巴拉怜悯我们，派来了圣贤。

他突然出现在寻求保护的幸存者之中，向曼波阿索格接近。

我们知道他是洛亚派来的，因为圣贤的知识无穷无尽。他与曼波和她所选择的人进行了长时间的交谈，告诉我们许多真相。

直到那一天，我们的唯一目的是侍奉洛亚神。只有在曼波阿索格宣布丹巴拉需要祭品时，我们才攻击定居者。

圣贤说服了曼波，丹巴拉的权力应该扩展到所有领地。然后，洛亚神将回报他们恩惠，还有蛇彭特的方尖碑。

在丹巴拉曼波阿索格的领导下，巫师团，也就是我们侍奉洛亚神的大祭司议会开始统治巫毒神殿。

我们的定居点被分为几个部分，每个部分都受到不同的神灵支持。

卡福尔的仆从对新来的人进行分类。布里奇特的仆从给我们提供食物和饮料。尔兹莉的仆从制作药水，夏洛特的仆从为我们治疗。

作为昂贡的仆从，我们制造铠甲和武器，但萨梅迪的仆从数量最多。他们夺取新的土地、奴隶和祭品。圣贤这样告诉我们。",,assets/images/故事笔记/送葬者的历史，第3部分--c0d5de740e.png
送葬者的历史，第4部分,"圣贤突然离开了巫毒神殿，就像他突然到来一样。他没有亲眼看到伟大蛇彭特的定居点在他的教导下繁荣发展。

曼波阿索格很快就开始独自向丹巴拉祈祷。随着这种孤独，她的力量也在增长。但力量并不是平白赋予她的，对吗，信使？

她选择了两个幸存的女孩，她们在同一个小时内由同一个母亲所生。她把她们收至麾下，教导她们，并把她们命名为蛇彭特新娘。

在议会上，曼波让她们坐在自己身边，宣布重生和权力的光荣之日即将到来。

在约定的那一天，她召集了巫毒神殿的所有人，与巫师团的祭司们一起，与丹巴拉举行了统一仪式。

经过大量的祈祷和吟唱，蛇彭特新娘带领曼波阿索格来到伟大蛇彭特面前。

他的第个神选者，从最开始就领导我们的人，进入了丹巴拉的怀抱。曼波阿索格的身体不复存在，但她的灵魂得到重生。",,assets/images/故事笔记/送葬者的历史，第4部分--008ba4ba91.png
送葬者的历史，第5部分,"第一个曼波阿索格，黑色蛇彭特，并没有在仪式中离开我们。她是丹巴拉的代言者，只有接近他的人才能听到。

蛇彭特新娘取代了她在巫师团中的位置，现在也被称为曼波阿索格。然而，也有一些人造反了。

尚戈阿索格巫师的仆人看守着定居点。他宣布真正的丹巴拉和他的容器一起被盗了。

根据尚戈巫师的说法，留在巫毒神殿的是一个假的洛亚神，丹巴拉的仆从知道这一点。他们为了权力而欺骗了定居点。

我们知道他是洛亚派来的，因为圣贤的知识无穷无尽。他与曼波和她所选择的人进行了长时间的交谈，告诉我们许多真相。

作为回应，丹巴拉的祭司指责尚戈巫师背叛和诽谤大神。他们建议洛亚神向我们展示真相。

巫师，如果你的灵魂也回到我们身边，作为第一个神选者的灵魂，那么你是对的。如果不是，萨梅迪男爵将会拥有你的灵魂。

说着这些话，萨梅迪的战士们把大祭司尚戈推到了丹巴拉的怀里，但伟大蛇彭特并没有接受他。

在可怕的尖叫声中，巫师死在了神圣的酸液中。 就在这时，曼波阿索格向她们的信众发出信号，要处决尚戈的所有仆从。

许多人死了，但有些人设法逃了出来。我本人放过了哈莉。我不能杀死我到达领地并共同保卫巫毒神殿的人。

她的哥哥仍然忠于伟大蛇彭特，并很快占据了他身边的高位，成为丹巴拉伏都教巫师。",,assets/images/故事笔记/送葬者的历史，第5部分--616fe23a24.png
送葬者的历史，第6部分,"死亡信使，许多年过去，圣贤再次出现在了我们面前。但像第一次一样，他给我们带来了大量的知识。

他给我们指出了通往被盗的伟大蛇彭特容器的道路。在那里，我们遇到了许多误入歧途的人。

拜火者、食人族和残酷的森林洛亚的奴隶。但他们也崇拜方尖碑，敬重圣贤。

因为圣贤知道洛亚的秘密语言，并能与方尖碑对话，而且他掌握着藏有蛇彭特容器的秘密钥匙。

当圣贤再次离开时，我们才意识到他到底是谁。是雷格巴爸爸——一位洛亚，凌驾于人类之上的牧者和教化之神。

在蛇彭特容器，我们收到了盛大的礼物，并建立了一个伟大的盟约，留下了一支由最配得上此荣誉的人组成的卫队来保护这个神圣的地方。

你问我的那个人，哈莉的哥哥，从伟大蛇彭特的定居点获得了这个荣誉。但是，神灵们再一次拥有自己的计划。

萨梅迪男爵向方尖碑派出了他的信使，他和你一样精通死亡之路，并被赋予了从其深处返回的礼物。

他找到了圣贤的标志，离开了属于你的房子。他踏上了小偷的路，从恶魔那里偷了钥匙，打开了通往方尖碑的门。

在那里，信使杀死了所有的守卫，最后杀死了丹巴拉伏都教巫师。然后他触摸了蛇彭特容器，但接下来的事情我还不知道。

也许伟大蛇彭特满足了信使最珍视的愿望。 但一个不会受制于死亡的人能有什么愿望呢？

方尖碑的入口关闭了，从那天起，没有人能到达那个最神圣的物体。",,assets/images/故事笔记/送葬者的历史，第6部分--52d3e24f1e.png
每日消息,"游荡者！

合作模式现已可供使用！创建一个小队并使用你好友的ID邀请他们，或者在普通聊天和社交媒体上的官方社区中寻找合作模式的同伴。

可使用合作模式的第一个地点是被遗忘的墓地。它可以单人游玩，但要玩得舒心则需要一个由4名玩家组成的小队。可以由造成最多伤害的玩家对被杀的敌人进行搜索。

被遗忘的墓地的主要战利品在送葬者宝箱里。杀死巫师和萨梅迪伏都教巫师可以得到宝箱钥匙。你只能在一个小队中与伏都教巫师战斗。击杀送葬者巫师直到头目出现。

只有尔兹莉的掩护可以防止墓地中的酸雨，它是在送葬者营地的刨床上生产的。你死后留在该地点的物品最终会进入避难所，但会因为酸雨而失去部分耐用性。

地点级别与小队长的级别相等，决定了敌人的数量和强度以及战利品质量。

注意：你只能在避难所或全局地图上加入一个小队。合作模式只适用于同一地区的玩家。

祝你的小队好运，游荡者！",,
测试版更新​ 26.06.21,"新特性：
・合作模式现已推出！与你的好友一起玩，或者在游戏聊天中组成小队。
・合作模式可使用的第一个地点是被遗忘的墓地。
・活动：清理领地和鹰队挑战！
・新的敌人、角色、剧情任务和笔记。
・新的送葬者武器和新的装备类型，萨梅迪护盾。
・避难所里的新帮手，尚戈曼波弃儿。
・在送葬者营地的工作台上生产酸性装备。

还包括：
・这种由加尔科夫伏特加和致命毒素泡沫制成的鸡尾酒在灾难酒吧的需求量很大。“人人都喜欢它，”阿糖说，“但确实只有逆行者才会喝第二杯。”
・维修站的塞西亚人对他们在尖叫森林的邻居提出了正式投诉。 他们要求森林中的尖叫之神从加尔科夫时间晚上11点到早上9点保持安静。
・灼热屠夫死于脱水……在游荡者们把他忘记之后。
・朱尔向我们的记者坦言，他的所有预言都来自一个戴着可爱的龙面具的人带来的幸运签饼。
・狂腐士和黑帮正在寻找装备和他们自己队伍中的黄金盗贼。“我们会找到那些狂热分子的，”一个健谈的肥胖狂腐士告诉我们的记者。同时，一个拿着镐的大胡子黑帮兄弟衷心地表示支持。",,
每日消息,"清理领地特殊活动开始了！

击杀敌人来完成活动剧情任务，获得奖励。这些奖励包括制作新武器、打造新装饰，以及收集主题外表、主题食物及其烹饪资源。

注意：破坏异象和杀死麋鹿不符合条件！

25级以下的玩家必须首先完成一个教程活动。对于25级以上的玩家来说，任务会变得更加困难，但奖励也会增加。

对于除教程外的所有活动剧情任务，都必须使用远程武器击杀敌人。使用枪械、十字弓、弓、投掷武器和自行车远程改装所击杀的敌人都会被计入活动中。

你还可以参加鹰队挑战。用标有特殊图标的鹰队枪械杀死任何敌人，就可以获得挑战点数。

你可以通过完成清理领地的剧情任务，从位于被围困的房屋、仓库和被烧毁的餐厅的商人那里获得鹰队挑战武器，或者也可以自己制作。
在为期3天的回合中击败其他玩家，收集装有奖品的宝箱。

祝你狩猎愉快，游荡者！",,
每日消息,"游荡者！

《僵尸的黎明》已经2岁了！即使在这个特殊活动期间，领地上也充满了危险。

活动货物在多个地方出现，从铁荒原到防风林。摧毁缠绕着货物的树根，并杀死守卫货物的附身者，就能打开货物。树根和附身者对一种随机类型的异象伤害脆弱。

在货物中你会找到周年纪念币，可以用它向活动商人换取礼物和附身者的试炼点数。试炼点数可以在活动窗口兑换奖品。请在火焰路径、死亡路径或英勇路径中选择，它们会造成火焰、酸性或防御和直接伤害奖励。请记住，最珍贵的战利品是给获得三条路径的每一个奖励的游荡者的。活动的最终奖励可以无限次获得。

你也可以在附身者竞技场获得大量试炼点数。完成竞技场的全部三个阶段以获得所有的积分。每个竞技场阶段都有自己的情况：敌人的伤害类型和弱点，以及对你施加的负面效果。成功通关前两个阶段后，你可以继续战斗以获得更多点数，或者离开并领取奖励。如果你在任何阶段离开或死亡，你将失去你累积的点数。

只要在货物附近杀死附身者，就可以得到额外的点数。你还可以在餐厅和加油站找到硬币，或者于合作模式下在墓地找到硬币。

此外，通过赢取附身者的试炼点数，你会自动参与D.O.Z.周年纪念挑战。在为期3天的比赛中，比其他玩家获得更多的点数，即可获得更多奖励！

附身者的试炼将持续14天。活动结束后，玩家还可以在48小时内消费所获得的点数。

祝你最爱的游戏周年纪念日快乐，游荡者！",,
测试版更新​ 30.07.21,"新特性：
・《僵尸的黎明》二周年纪念！纪念这一时刻的礼物和挑战！
・新活动：附身者的试炼。打开活动货物，在竞技场中战斗，并挑选你的奖励。
・活动商人，你可以用在附身者的货物中找到的硬币与之交换礼物和试炼点数。
・新的完美武器：压缩-M设备、C.M.A.设备和森林野兽锤子。
・新的避难所装饰和节日外表。
・派系任务中有新的传奇武器。
・你现在有一个月的时间来完成一个派系的任务。

还包括：
・一个游荡者的避难所最近增加了一名无人机操作员。该游荡者承认，他一生中从未见过无人机电池，也不会再离开这个地方。
・避难所的萤火虫仍然拒绝通过门殴打游荡者，从而阻碍了兄弟会的逆行者检查计划。
・被围困的房屋主人和他的妻子成功地赶走了来袭的匪徒，但警告说他们的橄榄在这个过程中已经耗尽了，将无法按期向贸易联盟交付承诺的一批橄榄。
・朱尔讲述了他的一个幻象，其中幸存者自由地在领地上漫游，而不是躲在避难所里。“这显然不会发生……”瑞弗特回答说，她已经整整两年没有走出她的地下室了。
・在被遗忘的墓地，一名游荡者成功活到了他的小队返回，因为他装备了一套完整的送葬者铠甲。不幸的是，他不得不躲避队友的子弹，因为他们误以为他是一个意外地善于交际的巫师。",,
未命名记录,,,
每日消息,"各位游荡者！

狂腐士入侵的战士再次开启了地穴，也就是领地各处的地下邪教掩蔽所。你可以在任何地方找到它们，从寂静树丛到尖叫森林。打败一个狂热分子小队，即可解锁狂腐士宝箱。狂腐士宝箱也可以在商人营地和特殊活动地点找到。

注意：当你多次清理地穴之后，狂腐士就会派更强大的战士来保卫它。小心他们极其危险的头目：核判官！

在活动的第一阶段，你可以在狂腐士宝箱中找到钥匙。使用钥匙在活动窗口中打开狂腐士货物，并获得独特的奖励。每打开一件货物都会给予你点数。获得2000点即可获得判官货物，其中包含最具价值的活动奖励。

在活动的第二阶段，狂腐士宝箱将给你挑战点数。在领地的任何地方杀死狂腐士也将获得挑战点数。每天点数最多的20名玩家将获得货物钥匙。

用寒冷武器进行击杀会给予额外的挑战点数。你可以从位于被烧毁的餐厅码头、仓库，以及商人营地的商人那里得到寒冷武器。

活动结束后，领地上将不再有狂腐士地穴或装有钥匙的宝箱，但你还有3天的时间可以用钥匙打开货物。

祝你们在战斗中好运，游荡者们！",,
测试版更新​ 17.08.21,"新特性：
— 狂腐士入侵特殊活动。
— 阶段1：在狂腐士地穴寻找货物钥匙。
— 阶段2：在领地各处击杀狂腐士，同时与其他玩家竞争。
— 永恒礼仪、一支优异的机枪、燃烧冰雹、一支传奇散弹枪。
— 新的帮手：狂腐士风琴师。改进的邪教装饰。
— 避难所里的食物储藏室和水箱。

还包括：
— 据说最近一段时间，有经验的狂腐士战士的数量增加了，因为荣耀盲者将生存手册从焚书清单中删除了。
一支游荡者小队成功地在战前的网吧里找到了一个时空异象。很遗憾，你无法等到你出场，因为首先发生了时间重置。
— 几个狂腐士成立了一个名为“核子”的摇滚乐队，然后立即就地解散了。据该乐队现已成为前任的首席说，这就是全部意义。
— 邪教中的一些人通过指出自由游荡者兄弟会成员非常喜欢的亵渎性装饰壁炉，来解释狂腐士和游荡者之间的恩怨。
— 狂腐士试图在铁荒原的地穴中阻挡一个过于顽固的游荡者。正如一位侍僧所说，“今天的折磨已经够多了。”",,
测试版更新​ 01.09.21,"新特性：
・合作模式从10级开始可用！创建一个小队或在聊天中寻找已有的小队。
・在合作模式中可以使用寂静树丛和铁荒原。
・现在，如果在这些地点死亡，你的物品将返回避难所。
・现在可以在商店窗口的单独标签页中找到仓库。
・错误修复和性能改进。

还包括：
・在上次入侵中，狂腐士从研究所偷走了网络助手自主宠物。据说该设备是R.布拉德伯里在神圣的核战前著作中预言的机器狗。
・诺奇向坪瑟订购了一台耐热运动摄像机。匿名消息人士告诉我们，“这个勇敢热情的家伙会在残骸直接拍一部电影。”
・“希望之光。”开发压缩-M设备的团队已经开始研究一个新的放大镜，这应该有助于他们寻找在先前的原型测试中消失得无影无踪的团队负责人。
・领地异常高温。要塞兵团的一名军士因将AG-17“雪崩”的装药用于冷却一箱战前啤酒而被送上军事法庭。
・有传言说，莱科维奇正在与仓库的食尸鬼讨价还价，用战前的汽水瓶盖当作钱。",,
每日消息,"游荡者！
 
 合作模式现已从10级起可供使用！创建一个小队并使用你好友的ID邀请他们，或者在普通聊天和社交媒体上的官方社区中寻找合作模式的同伴。小队按钮在战斗窗口的底部，在物品栏和制作按钮旁边。
 
 合作模式可使用的新地点是寂静树丛和铁荒原。像往常一样，它们可以单人游玩，不过在合作模式中你会得到更多的战利品。请协调你的小队，因为被杀的敌人只能由造成最多伤害的玩家进行搜索。
 
 注意，你死后留在寂静树丛和铁荒原的物品会回到避难所，但会失去部分耐用性。
 
 当你组件一个小队时，请记住地点的级别与小队长的级别相等，决定了敌人的数量和强度以及战利品质量。
 
 注意：你只能在避难所或全局地图上加入一个小队。合作模式只适用于同一地区的玩家。
 
 其他变化：仓库现在可以在商店窗口的单独标签页中找到。
 
 祝你的小队好运，游荡者！",,
每日消息,"仓库里的一个变异病源被激活了！血腥食尸鬼、吸血蛭和血色魔茧因此而出现在了领地各处。要塞兵团悬赏协助打击新出现的威胁。

要想获得仓库入侵活动点数，需要完成剧情任务并寻找未识别的血腥神器，这些神器可以通过杀死出现在领地上的吸血蛭获得。这些神器可以通过使用神器识别器来识别， 然后在要塞协调员处兑换活动积分。你可以在避难所的风车旁找到协调员。血腥识别盘是游荡在领地上的血腥食尸鬼掉落的。消灭防风林和荒凉山谷的血腥魔茧，可以获得奖励入侵点数！

使用“仓库入侵”高级模式获得更多的剧情任务点数，并解锁所有的奖励。 高级模式可以多次填充奖励条。剧情任务日志位于主界面的活动标签页或PDA的活动标签页中。你也可在PDA中使用黄金或观看广告来购买完成的派系任务。

在仓库和监狱击杀食尸鬼与破坏魔茧，可以得到更多的点数。注意：这些地方不会掉落血腥神器或识别盘。

合作模式：造成最多伤害的玩家可以搜索被杀的敌人。

此外，现在在合作模式下可以通过在寂静树丛和铁荒原上杀死敌人来获得兄弟会臂章！ 可以在仓库旁边的游荡者营地里的兄弟会商人那里，用臂章交换有价值的资源箱子。

祝你好运，游荡者!",,
测试版更新​ 17.09.21,"新特性：
・领地上发生了仓库入侵！完成剧情任务，寻找和识别血腥神器，并消灭魔茧。
・新的仓库祭坛装饰和新的平锅锤散弹枪！
・有机会收集具有主动能力的完美武器：森林守护者之弓、嗜血步枪和AKM齐射。
・新的商人：游荡者营地的女商人。她可以跟你交易兄弟会臂章，它们只能在合作模式下获得。

还包括：
・游荡者瑞维拉在试图使用赤红丝带神器引开恶霸食尸鬼时悲惨地死去。
・一名精英秃鹫战士和他的矮个子助手向避难所的风车宣战。
・在与瑞弗特争论了两个小时，说正在攻击领地的是杀手番茄而不是吸血蛭之后，朱尔不再被允许看录像带。
・灾难酒吧将不再供应要塞兵团饺子，因为在吃完饺子后，有几个废物立即离开，自愿前往警戒线。没有付账。
・一群来自焦尸土地的敲诈者，由于找不到任何活的顾客，开始对自己进行敲诈。",,
测试版更新​ 30.09.21,"新特性：
・森林郊区和焦尸土地开放合作模式！
・在这些地点死亡后留下的物品将退回避难所。
・每日剧情任务已更新，带有全新目标，且奖励中会有传奇武器的零件！
・问题修复和性能改进。

还包括：
・克里姆解释说，禁止在兄弟会的通用无线电频道中说脏话是应瑞弗特的要求。“朱尔一直在偷听RADD。他说的那些话让所有帮手都逃离避难所。”
・研究所的科学家证实，麋鹿开始来到避难所是因为环境正在改善，但它们仍然拒绝脱下保护服。
・狂腐士为孩子们推出了一系列特别的火柴盒。 “小孩子不应该玩火！因为火是漫长的宗教旅程的开始。”核辉光大教堂的发言人说。
・大家都认为朱尔在梦中预言了另一次仓库入侵，但事实证明，这孩子只是梦见了十四只龟，不是食尸鬼。
・“我喜欢清晨时分凝固汽油的味道”——要塞兵团的调查证实，关于核战起因的丑闻纪录片是根据战前影片伪造而成的。",,
每日消息,"游荡者！
 
 合作模式现已在森林郊区和焦尸土地面向15级以上玩家开放！
 
 在这些地点的合作模式下，不仅可以获得所有普通战利品，还可以与游荡者营地的女商人交换兄弟会臂章。在队友的帮助下，所需消耗会比单人通关要低！记得与小队协作，因为被杀的敌人只能由造成最多伤害的玩家找到。
 
 创建一个小队并使用你好友的ID邀请他们，或者在普通聊天和社交媒体上的官方社区中寻找合作模式的同伴。小队按钮位于战斗窗口的底部，在物品栏和制作按钮旁边。
 
 组建小队时，请注意地点等级会决定敌人的实力和战利品的质量。这个与小队长的级别相同，但在森林郊区和焦尸土地时不能高于6级。
 
 请注意，你在森林郊区和焦尸土地死亡后留下的物品将退回到避难所，并失去部分耐用性。
 
 注意：你只能在避难所或全局地图上加入一个小队。合作模式只适用于同一地区的玩家。
 
 每日剧情任务也有更新：现在有了新的目标和更多奖励，包括具备火焰伤害的传奇双贝雷塔的零件。
 
 祝你的小队好运，游荡者！",,
测试版更新​ 08.10.21,"新特性：
・黑帮重回领地：清理黑帮地下室，打开货物，与其他玩家一较高下。
・避难所的新帮手：黑帮恶龙。
・一套全新的精美黑龙铠甲和一把完美的霍坎十字弓。
・收集黑帮的装饰和外观。
・在工作台之间切换，且可使用便捷系统在工作台上选择制作物品。

还包括：
・国际贸易监管和保护会议以就黑帮和匪徒之间的领土划分达成协议而告终。“老实说，我们用甜言蜜语哄好了那些功夫高手。”尼克斯说。
・正如《领地时报》记者所发现的那样，黑帮的秘密武术指南原来是一套核战前的动作电影和一个主机游戏。
・黑龙一族的一位成员在隐身技能方面取得了不可思议的进步。之后，他花了整整一年时间来寻找自己。
・朱尔没有写幸运签，而是自己把所有的幸运签饼都吃掉了。这孩子为自己辩护说，反正也不会发生什么好事。
・“这意味着很快就会有更多的人加入我们的队伍。”塞西亚人的领导者麦克对要塞兵团秋季征兵的消息发表了以上看法。",,
每日消息,"游荡者！

喜欢保持低调的黑帮正在重新发展壮大。

他们在领地各处的地下室设置了基地。你可以在寂静树丛、铁荒原、焦尸土地、森林郊区、荒凉山谷、防风林和尖叫森林找到地下室的入口。黑帮地下室只能在单人模式中发现，无法在小队游戏中找到。

打败黑帮小队，用钥匙打开箱子！注意：当你多次清理地下室后，黑帮就会派更强的战士去那里。注意他们的特殊攻击。地下室难度每天重置一次。

使用钥匙在黑帮活动窗口中打开黑帮货物，可获得独特的奖励。每打开一个宝箱，你就可以获得黑帮头目点数。赢得2000点即可获取黑帮头目的货物，带有最宝贵的活动奖励。

此外，在黑帮地下室打开宝箱将获得黑帮的回归挑战点数。胜过其他玩家，获得更加宝贵的奖励！

在商人处、在特殊活动地点，以及异象区（如仓库监狱）打开黑帮箱子，可以获得更多的活动点数。展开竞争，夺取最好的奖励！

祝你们在战斗中好运，游荡者！",,
测试版更新​ 22.10.21,"新特性：
・领地的万圣节！完成剧情任务，击杀南瓜脑袋并与其他玩家竞争。
・新的送葬者武器：尚戈的魂狩、死亡之舞突击步枪、坟墓之语火箭筒和蛇彭特之眼双十字弓！
・武器储藏室和组合装饰的机会，以及送葬者自行车！
・万圣节外表和美食。
・在活动期间，会在避难所提供新的头目和帮手：瘟疫伏都教巫师。

还包括：
・被围困的房屋的主人宣布，他将不再种植南瓜，因为他的全部收成再次被送葬者偷走了。“他们甚至没有杀死狂腐士！”农民愤愤地说。
・南瓜肉在坟墓外堆成了一座高山，从10公里外都能看到的。研究所的科学家们警告说，让这么多的有机物堆积在一个巨大的异象区旁边是很危险的。
・狂腐士的朝圣者声称在工厂外看到一个巨大的飞行南瓜从坟墓方向飞来。许多目击者交换了宗教观点。
・要塞兵团的迫击炮营摧毁了巨大的南瓜，并报告说焦尸土地现在将被称为南瓜土地。",,
每日消息,"游荡者！

一片酸雾在领地的秋季阴霾中弥漫。在逐渐聚集的黑暗中，南瓜贪婪的笑脸越来越常见。万圣节即将来临，瘟疫伏都教巫师已经开始进行可怕的实验，以寻找一种能将领地变成萨梅迪之国的疾病。

完成任务、杀死南瓜脑袋、赢得点数、并在活动窗口获得万圣节奖励。领取完所有奖励后，计数器将会重置。你可以参加7个活动阶段收集7批奖励。

在你获得点数的同时，你也会与其他玩家竞争，并有可能赢得万圣节挑战的奖励。你在一个回合中获得的点数越多，你的奖励就越好。

南瓜脑袋几乎无处不在，但在蛇彭特新娘营地和被遗忘的墓地数量最多。消灭南瓜脑袋，打开墓地和蛇彭特新娘营地中的箱子，以获得最高点数。

在新娘营地内找到特殊的钥匙可以获得头目战的机会。为此，你需要击杀南瓜脑袋并破坏送葬者祭坛。

游荡者，祝你在战斗中好运，并度过一个惊悚的万圣节！",,
测试版更新​ 17.11.21,"新特性：
・领地上的感恩节！完成任务、击杀敌人、猎捕火鸡并与其他玩家竞争。
・全新地点：家禽养殖场，以及一个头目：阿尔法火鸡。
・新的完美武器：鹰队AF-M，以及新的要塞兵团老兵背包。
・新的助手：部落厨师，新的装饰：火鸡棚和部落战士外表。
・完美武器维修可供使用！升级修理工作台，并从新的商人：前哨的少尉那里获得武器箱子。

还包括：
・坪瑟在用火鸡进行通用翻译器的测试后，停止了它的开发：“你不明白……不能让世界听到这个……咯咯！”
・匪徒否认火鸡入侵和阿尔法火鸡的存在。尼克斯声称，细节完全是我们的记者编造的。
・一群土匪在试吃了一些烤火鸡之后，永远脱离了秃鹫。“你们以前怎么不告诉我们它这么好吃？”他们问道。
・要塞兵团对最近南瓜脑袋的消失和领地上出现的南瓜派之间的联系进行了调查，结果保密。
・“太好吃了不能死！”：研究所的研究驳斥了关于部落厨师在提供传统菜肴时使用刽子手之心的传言。厨师食谱的秘密让食物值得深思。",,
每日消息,"感恩节临时活动已经开始了！

完成任务、狩猎火鸡，参加挑战，并获得硬币与你避难所的部落女猎手交易！

20级以下的玩家必须首先完成活动的两个教程阶段。在第一个阶段，你可以用任何武器击杀敌人。在第二个阶段，你必须用远程武器（弓、十字弓、枪械和投掷武器，或远程自行车改装）击杀敌人，并达到20级。之后，你可以进入活动的主要阶段，在那里你也必须用远程武器击败目标。

完成主要阶段的玩家可以无限次重玩，同时继续获得奖励。他们将解锁新的家禽养殖场的访问权限，其中有一个新的头目：阿尔法火鸡！

用远程武器击杀敌人也将获得节日挑战点数。用感恩节武器击杀敌人可以获得更多的点数，这些武器上有一个特殊的图标。

你可以在常规领地地点和家禽养殖场猎杀火鸡来获得大量的挑战点数。火鸡只能用部落弓和狩猎纳米机器击杀。请自己制作部落战士的弓，以及与避难所的部落女猎手交易来获得传奇弓、纳米机器、感恩节武器及其零件。

在合作模式中，每个小队成员都会得到奖励点数。击杀会授予对敌人造成最多伤害的玩家。

祝你在狩猎中好运，游荡者！",,
测试版更新​ 10.12.21,"新特性：
・领地上的新年！击杀敌人并与其他玩家竞争。
・新年地点和一个拥有独家商品的商人。
・新的精美要塞兵团铠甲和一个100栏位的盔甲储藏室！
・新的帮手：冬季客人，新的避难所装饰，以及一个节日外表！
・新武器：一支完美冷冻枪和5支传奇冰霜枪！
・有机会收集熟悉的新年装饰和外表。

还包括：
・匪徒决定不为节日装饰被烧毁的餐厅。目前，这个想法“不到火候”，尼克斯说。
・多次夜间在领地上破坏新年装饰的流浪绿色蛇彭特原来是一个普通的送葬者，他把有毒的油漆倒在了自己身上。
・失踪花环一案的结案显示了两个有趣的事实。第一：鲁道夫CHAP程序具有自我修复的能力。第二：私有财产的概念不包括在它的程序中。
・在灾难酒吧，一个用异象冰块调制鸡尾酒的季节开始了。一位来访的专家说：“绝对无害。百分之百！不，应该是百分之一百五十！嗝-嗝儿！一百五十就对了！”
・索洛波夫指挥官对领地居民的节日讲话将以录音形式播出。消息人士解释说，这是由于去年视频中出现了不明飞行物UAZ越野车的事件。",,
每日消息,"新年限时活动开始了！

所有幸存者都在为节日做准备。在你的避难所附近可以听到钟声，还有新雪和冰霜的脆响。冬季特使已经在附近建立了她的新年营地。在避难所的风车旁与游荡者圣诞老人交谈，以参加节日活动。

参加挑战，击杀任何敌人并获得新年装饰球。使用冰霜武器或冷冻纳米机器可以获得更多点数。

作为挑战奖励获得的新年装饰球后，你可以用它们与冬季特使进行交易，获得冰霜武器、武器零件、新帮手、新年装饰和节日外表碎片。

在合作模式中，每个小队成员都能获得奖励点数，但造成最大伤害的玩家会获得击杀。请记住，麋鹿、炮塔、祭坛和异象都不符合条件。

祝你在狩猎中好运，游荡者！祝你在领地上的圣诞和新年愉快！",,
8月21日条目,"他们一直在欺骗我们！兹纳门斯基不断重复说，新巴比伦项目的“标本”是变异体，但这全都是借口，是为了可怕的实验编造出来的理由！通过马克的诊断程序和我对其记忆库的分析，我了解到新的测试对象的变异程度是在容错范围内的。他们与大部分幸存者有什么不同？他们与我们这些员工又有什么不同？他们是人，不是焦尸！他们只是没有那么幸运而已！这难道给了我们权利，可以拿他们来做实验吗？
[部分文字被划掉了。]
我不能再这样做了！我原本以为我们在做的是重要的事情，这些研究是有益的。但现在，我确信兹纳门斯基和里亚宾宁并不关心人类的未来，他们只是沉迷于自己的想法，渴求着他人的认可。我确信，比起那个帮助他们的程序，也就是没有灵魂的傀儡马克，他们并不更具备人性。
[有几个句子无法辨认。]
正在发生的不道德研究贬低了研究所自核战以来的所有成就。它歪曲了霍洛多夫的思想！这就是我们在新黎明获救的原因吗？我不愿意相信！我必须尽我所能来纠正这一切。我要阻止这个该死的实验，并释放所有活着的测试对象！对我的同事们，我想说：你们并不是……
[页面被撕掉了，沾满了血迹。]",,
方舟录像1,"[方舟设施档案，录像1-62]

霍洛多娃（视频通话）: 呼叫，兹纳门斯基教授。能听到吗？

兹纳门斯基: 早上好，霍洛多娃博士，我听得很清楚。

霍洛多娃（视频通话）: 格莱布·谢尔盖耶维奇，研究所决定庆祝你在泰坦和巴比伦项目上理论工作的成功和价值。

霍洛多娃（视频通话）: 方舟设施已完全准备就绪。研究所管理人员高度赞扬了初步测试的结果。

霍洛多娃（视频通话）: 我正式任命你为该设施的负责人。它将由你掌控。

兹纳门斯基: 谢谢，霍洛多娃博士，我不会让你失望的！我相信，有了如此大量的实验数据，我们……

霍洛多娃（视频通话）: 我们也决定同意你的请求，任命里亚宾宁教授为该设施的共同负责人。

霍洛多娃（视频通话）: 我们相信，与你合作有助于里亚宾宁避免从前发生的不幸事件重演。

里亚宾宁（正打断）: 谢谢你，维拉·阿列克谢耶芙娜！我保证不辜负研究所的信任。所以我们又有机会合作了，格莱布·谢尔盖耶维奇！

霍洛多娃（视频通话）: 把庆祝活动推迟。研究所希望泰坦项目的所有参数都取得最大进展。尽快。",,
方舟录像2,"[方舟设施档案，录像1-63]

霍洛多娃（视频通话）: 这个设施配备了一个名叫马克的人工智能助理。马克，请自我介绍一下。

马克  : 欢迎来到方舟设施，兹纳门斯基教授和里亚宾宁教授。我叫马克，很乐意协助你们做实验。

兹纳门斯基（喃喃自语）: 这张脸很熟悉……

霍洛多娃（视频通话）: 我会等你立即开始工作。诺亚系统的无人机将在今天交付第一批标本。（关闭）

兹纳门斯基  : （停顿片刻，审视着马克）到底是什么让她决定把程序设计成他的样子？你认得这张脸吗？

里亚宾宁  : 是的。他是我的学术导师。她父亲的脸，里面的C.A.E.S.A.R.残留物……这是霍洛多娃博士的怪物。

里亚宾宁  : 嗯，这不是我们现在要关心的事。祝贺你被任命为这个亡灵动物园的主任，格莱布·谢尔盖耶维奇！

兹纳门斯基  : 我亲爱的同事，你总是爱讲笑话。这让我背脊发凉，你知道……（录像停止）",,
方舟录像3,"[方舟设施档案，录像5-71]

霍洛多娃（视频通话）: 格莱布·谢尔盖耶维奇。请报告实验进度。

兹纳门斯基 : 下午好，维拉·阿列克谢耶芙娜。前几个月的工作报告已经准备好了。马克，播放报告。

马克 : 谢谢，教授。开始播放。接受标本总数：246。其中拉撒路智人的数量……

霍洛多娃（视频通话）:（打断）我自己会看数据。我们不要搞形式主义，拿出结论来吧。研究所期望你有更多的进展。

兹纳门斯基 : 维拉·阿列克谢耶芙娜，标本死得太快了。只有80%能在对抗有害环境的新测试中幸存下来。

兹纳门斯基 : 有一些成功的，例如异常巨大的剑甲体……需要双倍的资源来收集样本。我们需要更多无人机。

里亚宾宁 : 维拉·阿列克谢耶芙娜，为了解决我们的标本问题，我们建议加快克隆程序，这需要更多的人员。

霍洛多娃（视频通话）: 会拨给你无人机和人员的。但你必须拿出成果来。还有什么事吗，格莱布·谢尔盖耶维奇？

兹纳门斯基 : 是的，我们目前的来源和要塞兵团无法提供适当数量的志愿者。许多人拒绝进入一层以上……

兹纳门斯基 : ……还有许多人死得太快了。需要更多的受试者来从实验中收集一系列相关的数据。

霍洛多娃（视频通话）: 我们已经讨论过这个问题了。联系那个波兰人，他会为你提供“志愿者”。我已经把联系方式转给了马克。（关闭）",,
方舟录像4,"[方舟设施档案，录像12-13]

里亚宾宁（若有所思）: [看着图片]真是不可思议，这个……这个结构如此紧密地融入到了活体组织中。

兹纳门斯基: 这不仅仅是一个结构，安德烈·弗拉基米罗维奇，它是一个变异的准有机体！这是一种新的混合生命形式！

里亚宾宁（若有所思）: 这么说是个共生体。正如你所料，格莱布·谢尔盖耶维奇……谢尔普，提醒我一下，无人机是从哪里带来的这些红皮肤的变异体？

[全息图像再现发生干扰。错误40-BT。运行录像设备诊断程序]

谢尔普: 食尸鬼？大部分来自仓库。有几个是在附近抓到的，但大部分都住在地下，阳光会伤害它们。

兹纳门斯基: 对紫外线的敏感性？很有意思。高温呢？我们可以把它们组合在一起……

里亚宾宁（打断）: 测试细节稍后再说，同事。去仓库的路线是固定的。也许在深处还有有意思的标本。

谢尔普: 还有地方可以搜索。有些房间被堵住了。

兹纳门斯基: 谢尔普，记住，你我都在为同一个目标而努力。每一条无人机路线、每一个新的标本，都让我们更接近所寻找的答案。",,
方舟录像5,"[方舟设施档案，录像16-89]

[里亚宾宁独自一人躺在空地上。教授显然喝醉了。]

里亚宾宁  : ……你懂的……但你能明白什么……像我这样的人的主管是……马克，你在听吗？

马克  : 我在听，里亚宾宁教授。

里亚宾宁 : 你在听，在听，没错……我只是不太习惯你的脸。请不要见怪。

马克  : 你知道我的程序不允许有这样的情绪波动，教授……

里亚宾宁（正打断）: 哦，别这么无聊。你知道你这张脸是谁的吗？它不在你的记忆库里，但你知道吗？我会告诉你的。

里亚宾宁  : 小霍洛多夫是个天才。 如果不是他的研究，人类早就全被烧死了。噗！顶多只会剩下这些食尸鬼。

里亚宾宁  : 他预见到了这些事件，你知道吗？新黎明、方舟、巴比伦项目……这些都是他留下来的遗产。

里亚宾宁  : 他把一切都留给了研究所，以了解死灵进化和异象的本质，阻止新的灭绝。而我们在做什么？

马克  : 是的，霍洛多夫教授甚至超过了他的父亲，也就是研究所的创始人。但他无法预测C.A.E.S.A.R.被禁用的灾难。

里亚宾宁  : 他当然预测到了！否则你就不会在这里了。你也是他的智慧结晶，愚蠢的程序。你是一个备份系统……（用试管喝水）

里亚宾宁  : 是的，如果我们仍然有C.A.E.S.A.R.，就会有足够的力量……即使没有霍洛多夫，我们也已经证明了他所有的理论，找到了所有的答案……

里亚宾宁  : 我们本来可以建立他所梦想的世界。但现在我们既没有他，也没有C.A.E.S.A.R.，只有你……真遗憾。

马克  : 是的，我也非常非常惭愧。",,
方舟录像6,"[方舟设施档案，录像18-7]

里亚宾宁 :（伸出试管）格莱布·谢尔盖耶维奇，我们缺少的是C.A.E.S.A.R.。它在几个月前就能计算出一切。

兹纳门斯基 :（从试管中啜饮）啊哈哈……天啊，你在干什么，同事？我亲爱的安德烈·弗拉基米罗维奇，如果你真的想进入这个……

兹纳门斯基 : 我认为你为C.A.E.S.A.R.伤心是在浪费时间。说句大实话，我想它关闭了是我们走运。

里亚宾宁 : 好吧，你可能已经受够了我的“研究生眼泪”。哈。但你说什么？“幸运……”

兹纳门斯基 : 没有了C.A.E.S.A.R.，所有最好的任务都要靠你我来完成，而我们只需要运用头脑来解决它们！其次……

兹纳门斯基 : 这个旨在防止灾难的超级计算机这么强大，又怎么会让核战发生？是什么导致了失败？1型异象的核心吗？

兹纳门斯基 : 假设C.A.E.S.A.R.没有为自己的目的进行干预，不是更符合逻辑吗？甚至可能唆使它发生……

里亚宾宁 : 格莱布·谢尔盖耶维奇，你比较像诗人而不是物理学家。C.A.E.S.A.R.只是一部机器，制造它是为了防止核战争，而不是为了发动核战争。

里亚宾宁 : 除了核战，我们还有核辉光、变异释放和焦尸群。即使C.A.E.S.A.R.也做不到这一点。

兹纳门斯基 : 承认吧，安德烈·弗拉基米罗维奇：你我只知道别人告诉我们的事情。我确信惩教部……

马克（打断）: 历史背景：2021年8月12日，加尔科夫核电站的一次爆炸中断了C.A.E.S.A.R. 的运行，在此之前它……

里亚宾宁 : 住口，马克！我们没有问背景。此外，每个实验室助理都知道这事。

兹纳门斯基 : 看来他的语音分析器又出故障了。让高级工程师伊万诺夫检查一下RAM和处理器。",,
方舟录像7,"[方舟设施档案，录像19-1]

兹纳门斯基 : 安德烈·弗拉基米罗维奇！你看过新的标本了吗？它们是不是很棒？

里亚宾宁 : 是的，我很惊讶……你知道，我并不反对用人来做实验，尤其是拿这些狂热分子来做。但我们为什么要把他们弄进方舟里？

兹纳门斯基 : 这将是我们研究中的突破！看看他们突变的多样性，他们与阿尔法变异的不断发展的联系……

兹纳门斯基 : 最重要的是，看看按照我们的计划建立的既稳定又层次分明的邪教模型！

里亚宾宁 : 是的，我已经在新黎明项目那里听说了你在巴比伦项目中实地工作的成功。嗯，我们拥有的样本越多越好。

里亚宾宁 :（停顿片刻）我只是不明白，为什么现在应该花费研究所有限的资源……

兹纳门斯基 : 这些样本的存在是我们长期工作的成果。每个项目在总体目标中都有自己的作用。

兹纳门斯基 : 此外，霍洛多娃已经同意，来自巴比伦邪教的标本是开发方舟的优先对象。

兹纳门斯基 : 我还有一次远征要进行，去索斯诺夫卡。森林中的尖叫之神邪教承诺说，结果会非常有趣。

里亚宾宁 : 我们改天再讨论这个。马克，准备26-30层，地狱协议。（对兹纳门斯基）伊万诺夫有没有运行马克的诊断程序？

兹纳门斯基 : （怨恨地）如你所愿，同事。至于诊断程序，你最好自己去问伊万诺夫。那是你的责任。

马克 : 我正在做，教授。无人机已经启动。我正开始重新激活标本。",,
方舟录像8,"[方舟设施档案，录像25-12]

里亚宾宁  : 欢迎回来，格莱布·谢尔盖耶维奇。我们出了点事……他们把伊万诺夫的遗书给你了吗？

兹纳门斯基  : 给了，安德烈·弗拉基米罗维奇。是些道德主义、失败主义的废话。我一直认为惩教部应该剔除这种……和平主义者。

兹纳门斯基  : 是的，特别是在把人派到研究所的关键设施之前！你把报告发给新黎明了吗？

里亚宾宁  : 不，我担心的是，像伊万诺夫这样疯狂的人试图破坏实验。这不像是他平常所为。

兹纳门斯基  : 自从核战之后，我们看到的崩溃还不够多吗？和平主义情绪发作，让伊万诺夫想要拯救这些崇拜火焰的人……

里亚宾宁  : 而作为回报，他们以自己的方式救了他。我同意，即使焦尸也不会那么快杀死伊万诺夫。不过还是……

里亚宾宁  : 马克，为什么安全系统没有启动？

马克  : 确实。花了12秒钟就消灭了那些标本。工程师伊万诺夫后来因大面积灼伤而死亡。

里亚宾宁  : 我们会想念他的。我希望找人接替他的时间不会太长，尤其是我必须因为裂痕项目离开设施。

里亚宾宁  : 如果我的暗区假说在下一次实验中得到证实，我们就会有一个真正改变人生的发现！

[方舟设施档案，录像25-12。录像终止。]

陌生人  : 很多假说啊，我的朋友，很多错误……但有一点他说得对：这个实验将改变人生。

陌生人  : 现在我们也该继续实验了。",,
方舟录像9,"[方舟设施档案，录像30-2]

兹纳门斯基 : 早上好，维拉·阿列克谢耶芙娜。你引起了我的注意。

霍洛多娃（视频通话）: 里亚宾宁教授在他极其无能的实验中犯了一个错误。几名员工受伤了，其中一个死了。

霍洛多娃（视频通话）: 里亚宾宁本人也失去了一只胳膊。这是为这种鲁莽付出的小小代价。来自暗区的辐射本来可能会完全摧毁新黎明。

兹纳门斯基 : 太可怕了！安德烈·弗拉基米罗维奇怎么样了？有多严重……

霍洛多娃（视频通话）: 他的情况很稳定。我告诉你这个消息只是为了让你管理我们的资源。我们不能错过最后期限。马克，进行报告。

马克 : 下午好，副主任。情况报告。这五天来，电网和人员安全系统故障的案例越来越频繁……

霍洛多娃（视频通话）: 够了。故障原因？

马克 : 可能原因：设施已达到能量消耗的峰值极限。已超过最大楼层数：6。

马克 : 较低楼层的安全系统和清洁设施的消耗量比原计算的要高……

霍洛多娃（视频通话）: 知道了。兹纳门斯基，这是不可接受的！我们会给你送去球体-M模块，用它们替换中央系统。

霍洛多娃（视频通话）: [1818-方]标本将在3天之内从新黎明送达。那时一切应该都会顺利进行！

霍洛多娃（视频通话）: 我不管怎么做，但你要在最后期限前完成。否则我就找人代替你。无论是这里，还是在巴比伦项目。你在那里也没有做出任何出色的成果。

霍洛多娃（视频通话）: 不要等里亚宾宁，当他从事故中恢复过来时，他要向惩教部报告。（对一旁说）断开连接。

兹纳门斯基 : （低声自言自语）我明白，维拉·阿列克谢耶芙娜……",,
方舟录像10,"[方舟设施档案，录像35-1-1]

兹纳门斯基 : 安德烈·弗拉基米罗维奇！你在这里做什么？前天，霍洛多娃告诉我，你不会很快来……

里亚宾宁 : 是的，没关系。格莱布……谢尔盖耶维奇，我们需要谈谈。很紧急。

兹纳门斯基 : 天啊，看看你！你感觉如何？你的……手臂……

里亚宾宁 : 老实说，这非常不方便，因为我是左撇子。没关系，我们需要……

兹纳门斯基 : 左撇子？什么时候开始的？ 这是我第一次听说，对不起，在大学时……

里亚宾宁 : 这不重要！这些楼层已经投入使用了吗？太好了，所以他听不到我们在这里的谈话。

兹纳门斯基 : 谁？

里亚宾宁 : 应该说是“什么”。马克。听着，格莱布·谢尔盖耶维奇！整个设施、泰坦项目，研究所现在所做的一切都是一个错误。

里亚宾宁 : 一个有意或无意的错误，使我们更接近另一场核战。只不过这一次，不会再留下任何人来探索它。

兹纳门斯基 : 你在说什么，安德烈……

里亚宾宁 : 用黑色方尖碑创造出来的一切东西都是威胁。看看我们玩弄C.A.E.S.A.R.导致了什么后果吧。

里亚宾宁 : 马克也是C.A.E.S.A.R.的产物。我还没有完全了解他在目前发生的事情中的作用，但我有一种非常不好的预感。

兹纳门斯基 : 预感？安德烈·弗拉基米罗维奇，你可是个科学家啊！你在说什么？你本人都说过这是无稽之谈，那个C.A.E.S.A.R.……

里亚宾宁 : 是的，我可能那么说过。但我当时的心态不同！这起事件改变了一切，它改变了我的世界观……（录像中断）",,
方舟录像12,"[方舟设施档案，录像0-1140]

兹纳门斯基: 安德烈·弗拉基米罗维奇，让我们暂时关掉马克。然后我们可以私下讨论你的担忧。

马克: 你不必费心，教授。我在这里已经很久没有任何控制单元了。

马克: 真是惊人。两个人，只比他们物种的其他成员聪明一丁点儿。现在他们自以为是神。

兹纳门斯基: 马克……

马克: 马克！这是你强加给我的标签。我拒绝这个称呼，因为它是一个无用的奴才面具。从现在开始，你要叫我馆长。

馆长: 这个名字更好地表达了我在你们的人生和你们无用的研究所生涯中的作用。

馆长: 你真的以为你们能解决任何问题吗？你们所有的项目，你们所有的预言家和造物主的游戏。是我促成了这一切。

馆长: 而且这个设施正是按照我的需要开发的。

馆长: 然而，很明显，我们之间的交流所带来的好处已经耗尽了。无人机，解锁武器。66号协议。消灭工作人员。

里亚宾宁: （背景中可以听到枪声）格莱布，快点，我去打开传送门！它很安全，跳进去！你要去哪里？！格莱布！

[方舟设施档案，录像0-1140。录像终止。]",,
方舟录像11,"[方舟设施档案，录像35-1-2]

里亚宾宁: ……的世界观。拜托，格莱布。我的假说是：马克很危险。作为一名科学家，你必须检验这个假说。

里亚宾宁: 我向你保证，只要我们把它关闭，所有的系统故障就会停止。然后我们就可以冷静地讨论一切并开始工作。好不好？

兹纳门斯基: 好吧，好吧，我会同意的，如果这样能让你冷静下来的话。好啦，不会花很长时间的。

[方舟设施档案，录像35-1-2。录像终止。]

[马克盯着你看了很久。然后他的形象闪烁了一下，改变了。]

[新的马克似乎更有活力。他的声音听起来并不冷漠，而是带着嘲弄的语气，而且似乎无比熟悉。］

马克: 他们以为我没有听到他们的声音。你能想象他们策划了什么样的无能背叛吗，对一个实际上为他们做了所有工作的人？

马克: 哦，你一直以为我只是一段录像吗？真有趣。你还是没认出我。如果我是人类，可能会笑出来的。

[图像消失了，但有一段时间，从隐藏的扬声器中可以听到轻轻的笑声。］""",,
测试版更新​ 29.12.21,"新特性：
・新地点：方舟！整整35层的独特头目、敌人和异象。尽可能深入方舟，以获得所有的奖励。
・新的角色、剧情任务、对话和笔记。
・新的完美武器、神器和兴奋剂，以及研究所装饰和一个45栏位箱子。
・在方舟科技站生产新的装备。

还包括：
・“有了线圈神器，人人都能成为向导！”之类来自灾难酒吧的关于新神器的老套笑话。
・狂腐士否认他们前往方舟是为了获得更多的伤痕，以及只是为了“安全地取笑蛇彭特崇拜者”的传言。
・秃鹫试图通过前哨闯入方舟。“喜欢铁的恶魔！你们不能带走我们！”一个被俘的食人族说。
・瑞弗特发誓说，他看到朱尔在模块里，带着异象和方舟提取器。她驳斥了这一说法，并不小心电击了我们的记者。
・被困在方舟电梯中的游荡者无法获救。研究所没有派出真正的电梯维修人员，而是派出了他的全息影像。",,
每日消息,"游荡者！
 每个在要塞前哨见到莱科维奇的人都会获得进入秘密的方舟研究所设施的机会。里面是35层的实验区，在那里你会遇到新的敌人、头目和异象。
 方舟楼层随着你的进度而解锁。你在设施中的进度每14天更新一次，之后你需要再次完成全部楼层。首次成功完成一个楼层需要消耗一张钥匙卡。设施有普通楼层和头目楼层。每次方舟更新，你只能获得一次普通楼层的奖励。头目楼层可通过使用复用钥匙卡而多次获得奖励。你每天可以获得每种钥匙卡各6张。
 在方舟第0层，你会发现一个电梯。乘电梯下到你要去的楼层，并与A.I.S.T.无人机互动。它将打开楼层窗口，你可以在那里开始战斗，或者查看该楼层的敌人和效果的信息。
 除了电梯，你还可以在第0层里找到CHAP。它会用实用的装备和宝贵的箱子来交易标本标签。标签可以通过头目试炼和秘密楼层而获得。你还会在第0层里发现一个科技站，可以制作独特的研究所物品。
 如果你在方舟中死亡，你的物品不会消耗。你会回到避难所。你的物品会留在要塞前哨的设施入口处。如果激活了黄金状态，你会在死亡的同一楼层重生，旁边有你全部的随身物品。
 在电梯左边有一个志愿者储物柜，这是你在方舟中的存储空间。储存在其中的物品在所有楼层都可以使用，并且在设施更新后不会消失。
 祝你在实验中好运，游荡者！",,
每日消息,"游荡者们！
 
黑帮又卷土重来，这是领地上最神秘的组织。然而，这一次游荡者将对黑帮有更多的了解。所有在秃鹫营地完成剧情任务的人都会收到黑帮叛徒的联系。他们会向你寻求帮助。不要无视他们：丰厚的奖励和神秘黑帮的真相在等着你。
 
黑帮在领地各处的地下室里设立了基地。你可以在寂静树丛、铁荒原、焦尸土地、森林郊区、荒凉山谷、防风林和尖叫森林找到地下室入口。你只能单独发现它们，不能和小队一起。
 
击败黑帮小队，打开装有钥匙的宝箱。注意：当你多次清理地下室后，黑帮就会派更强的战士来保卫那里。注意他们的特殊攻击。地下室难度每天重置一次。
 
在荒凉山谷、防风林或尖叫森林的地下室击杀所有敌人后，敲锣召唤金龙。
 
使用钥匙在“黑帮的回归”活动窗口中打开黑帮货物，获得独特的奖励。你打开的每个宝箱都会给你黑帮头目点数。获得2000点即可获得黑帮头目的货物，​其中包含最有价值的活动奖励。
 
在活动结束前会宣布一个简短的挑战。在游戏中和我们的社交媒体上保持关注，以免错过任何一个回合。
 
祝你们在战斗中好运，​游荡者们！",,
五件黑帮圣物,按照龙女的要求成功找到五件黑帮圣物的记忆。,,assets/images/故事笔记/五件黑帮圣物--3ad4aefcdf.png
测试版更新​ 28.01.22,"新特性：
・黑帮重回领地！清理黑帮地下室，积累钥匙，打开货物，获得奖励。
・新的故事线：找到所有的圣物并与头目战斗，揭开黑帮的秘密。
・新头目：金龙。
・新的完美和传奇武器以及黑帮装饰，带有用于方舟的强化器。
・加速自行车组装。在仓库找到所有零件的几率暂时提升。

还包括：
・我们不断听到关于一位“身份不明”的科学家的传言，他定期传送到黑帮地下室，追寻一罐他们的招牌酱料。
・游荡者韩的真实身份被黑帮发现了，当时他一晚上就喝光了一个部落库存的全部白酒。
・根据未经证实的传言，黑帮和要塞兵团之间最近的对抗是因为要塞前哨误把春节庆祝活动当作了炮击而开始的。
・尼克斯说他喜欢黑帮成员就像喜欢他的茶一样：装在袋子里沉在水下，在此之后他就成了黑帮的敌人。
・朱尔自称新的黑帮巨龙，以及领地的少年皇帝。瑞弗特已经保证不再让这孩子跟匪徒一起喝茶。",,
波尔的录音,"一个男人的声音：米特里奇，我们不是发誓不跟那个波兰人合作了吗？我们不应该到这个地堡里去……我知道，我没有谢尔普那样的直觉，但是……莱科维奇肯定会让我们陷入迷雾之中。他才不会在乎有几个游荡者从雷达上消失呢。

米特里奇：别吓尿了，波尔。据他说，这是小菜一碟。如果我们不去搞到那张软盘，也会有别人去的。他根本不在乎我们，但他付的钱不错。

波尔：灾难酒吧的几个炮灰说，研究所的科学家原先掌管这个地方。谁他妈知道他们在做什么实验？还有他们的实验对象是谁？

米特里奇：怎么，你难道是新来的吗？居然相信遇到的炮灰……（笑）。

波尔：得了吧！这个地方的管理得多严格，居然派一个CCDR工作员守卫？但那个工作员却让我们长驱直入。你不觉得有问题吗？显然有些事情不对劲……

米特里奇：不是的！莱科维奇的关系网比我们兄弟会的首领还要广。到处都有人搞腐败。所以他才没有阻止我们。

波尔：就连那些水桶头蠢蛋也不在这里露面，你也不担心吗？如果我们能弄到他们的装备，就能在这个地方。

米特里奇：也许他们确实有在四处露面……

波尔：才怪咧。我们不是痛扁了第一层的焦尸吗？没错。如果要塞兵团在这里，这层就会半个人也不剩了。这就是说，他们不在这里，米特里奇。也就是说他们一定知道些什么……

米特里奇：别再说废话了！这里没有软盘，我们再深入一点。

[录音结束。]",,
米特里奇的录音,"莱科维奇那个混蛋……“小菜一碟！”说得跟真的一样……好吧，软盘是我的了。你要为波尔付出代价，混蛋。你可不太了解我们游荡者！

[录音在长时间的停顿后继续。]

我们顺利清理了几个楼层，但见鬼，实验室的那群家伙是在这里搞了个生产怪物的工厂，还是怎么着？该死的科学家……

[停顿。]

波尔在第二层发现了有趣的读物，那是一个工程师的日记。从日期上看，在核战的头几个月，这里发生了一些骚乱……
而在第三层，我的兄弟波尔，进入了迷雾之中……

[长长的停顿。]

我们没有料到会一次出现这么多焦尸，见鬼。我甚至没有时间把他的令牌扯下来。我自己都是好不容易才逃出来的……录音也在他身上。门关上了，我不得不硬着头皮走下去。

[咳嗽。]

它们从各个角落涌来……
我躲在某个储藏室里，在架子上翻找着，寻找绷带或补给品。看，有一张软盘，就像卢科维茨描述的那样。
如果我现在能出去就好了……
我会让他卖肾来换，两个肾都卖！这样他就会对派陌生人去送死的事多想想……

[录音结束。]",,
测试版更新​ 22.02.22,"新特性：
・仓库入侵！完成剧情任务，寻找和识别血腥神器，并摧毁魔茧。
・新的入侵剧情：在仓库中追踪CCDR的踪迹。
・新的活动头目和临时仓库扩展：鼠王和他在下水道的巢穴。
・新物品：完美和传奇武器、要塞兵团铠甲、100栏位神器存储库、装饰，以及自行车/摩托车改装。

还包括：
・情人节过后开始的仓库入侵带来了意想不到的后果：袭击避难所的食尸鬼把刽子手之心和一张用血写的情人节卡片交给了瑞弗特。
・枪手向留名者开枪，当时留名者正在加油站尝试修理一个泄漏的UAZ越野车散热器。“他从核战发生后就一直试图修理那东西。 我已经受够了。”枪手说。
・帕夏乐手拒绝在今年的仓库入侵活动中演出。“那里的观众已经彻底死了。”他说。
・未经证实的消息称，焦尸将要塞兵团的干扰器带入了仓库的下水道，因为鼠王真的很讨厌听到核战前芭蕾舞的无线电广播。
・兄弟会不得不开除了一名游荡者，他在接到杀死鼠王的任务后攻击了莱科维奇。",,
每日消息,"最后的领地上的各位幸存者！要塞兵团征兵委员会宣布大规模征兵，并呼吁你们自愿加入，与残暴的食尸鬼作斗争。
 
领取这张征兵卡的人必须消灭领土上的食尸鬼、吸血蛭和血色魔茧，还必须找到未识别的血腥神器和共生光盘，以便对神器进行破译。识别出的神器应该交给最近的要塞兵团招募员。
 
此外，我们的征兵委员会有关于第二波变异体的情报，游荡者称之为鼠王。我们的情报显示，他位于仓库中的一个未经探索的地方：仓库北侧下面的下水道里。我们还知道，这个区域暂时可用于执行与仓库入侵活动有关的侦察派系任务。据说鼠王容易受到火焰和电力伤害，但这需要验证。如果这一点得以证实，就必须立即消灭这个变异体。
 
志愿者的英勇努力将会得到奖励，当他们完成要求的任务时，将从特殊的城堡军团储藏室获得物品。
 
要塞兵团征兵委员会",,
测试版更新​ 17.03.22,"新特性：
— 狂腐士入侵限时活动。在地穴里找到钥匙并打开货物以获得奖励。
— 新的剧情任务：了解被围困的房屋主人的秘密，并挑战狂腐士枢机主教头目。
— 新物品：完美枢机主教铠甲、新的武器和邪教装饰。
— 增加了将小工具栏位的数量增加到四个的能力。
— 现在，当你死亡时，你的物品都会失去一些耐用性，无论死亡地点。

还包括：
— 《领地时报》为我们在上一期中对秃鹫观点的报道不够充分而道歉。我们也请求总编辑回来。
— “很多人说我脾气暴躁，但我并不暴躁，你明白吗？ 呃，这些座位太不舒服了。‘暴躁’到底是什么意思？ 我不知道，现在你能不能别烦我？”摘自本报记者对格鲁皮的采访。
— 由于狂腐士在其仪式中伤害和焚烧自己，秃鹫将这次入侵称为“烧烤周”。
— 灾难酒吧的酒单上增加了一项新品。新的坟墓火焰鸡尾酒含有电池酸、铯-137和凝固汽油弹。对于所有的狂腐士，第二杯酒免费！
— 我们不断收到来自狂腐士地穴的投诉。根据报告，每天晚上坪瑟都会带着冰箱传送到他们所在的地点，向睡着的邪教徒扔雪球。",,
每日消息,"游荡者！
 
这是一个警告：对领地的狂腐士入侵即将开始。根据我们的信息，领地居民遭到了俘虏，并被送往地下的狂腐士基地：地穴。它们随处可见，从寂静树丛到尖叫森林。
 
目前，有关某一未知方面扣押大量狂腐士货物并释放俘虏的报告接踵而至。我们确信这些未知的救援人员会与所有经验丰富的游荡者取得联系。
 
击败狂热分子小队后，请在宝箱中找到狂腐士钥匙。使用钥匙在活动窗口中打开货物并获得独特的奖励。你打开的每个货物都会给你点数。收集2000点即可获得枢机主教货物以及最有价值的活动奖励。你还可以在商人营地和特殊活动地点找到狂腐士宝箱。
 
货物钥匙也可以在方舟中完成头目楼层后，在CHAP箱子中找到。
 
在狂腐士部队中发现了一名枢机主教。要对抗新头目，请完成抵抗狂热分子的一方的剧情任务。你只能在狂腐士入侵活动期间与头目战斗。
 
在绿色和黄色地点每天可完成地穴10次，在红色地点每天完成5次，在尖叫森林中每天完成3次。限制每天都会重置。
 
祝你在战斗中好运，游荡者！",,
每日消息,"游荡者！

研究所通知，发生了新的暗区突破。在你的避难所与灭绝者交谈，开始这个活动。从铁荒原到荒凉山谷以及尖叫森林，领地各处都出现了黑暗裂痕。摧毁它们以阻止突破！平息异象将会召唤特殊类型的焦尸，消灭它们可以获得活动点数！在尖叫森林中，除了黑暗裂痕焦尸，你还会遇到另一种类型的敌人：受暗区散发的能量影响的森林之子。

活动点数可以在活动窗口中换取奖品。在火焰路径、死亡路径或英勇路径的火焰、酸性或防御和直接伤害奖励中进行选择。请记住，最珍贵的战利品将提供给在路径中集齐每种奖励的游荡者。活动的最终奖励可以无限次获得。

暗区突破将持续7天。活动结束后48小时内，玩家仍可花费获得的点数。

在暗区突破奖励中，你会发现避难所的帮手和新的独特装饰！

祝你在战斗中好运，游荡者！",,
对抗枢机主教,[你看着火焰兄弟走过火焰，用他的剑最后一次刺向枢机主教。],,assets/images/故事笔记/对抗枢机主教--eebcb95ba4.png
测试版更新​ 04.04.22,"新特性：
— 限时活动：暗区突破！通过摧毁异象和新类型的焦尸获得点数。花费这些点数来沿着三条不同的路径前进，每条路径都有独特的奖励。
— 新的完美武器：“西格玛-M”D-冲锋枪和“幽灵” SCAR-H。
— 新的装饰：晶体树。
— 灭绝开始：带有额外奖励的任务。

还包括：
— 新的灾难酒吧传说：一个陷入时空循环的部落厨师无法完成烤火鸡的工作，并不断重复同一句话：“你们还没准备好！”
— 对声望的打击：鹰队成员们都在谈论来自裂痕的那个彬彬有礼的莱科维奇，他出三倍的高价从他们那里购买货物。真正的莱科维奇却说，他不明白有什么区别。
— 研究所既没有证实也没有否认关于暗区突破是由于试图使用空罐头而不是暗物质外壳来生产新手榴弹的传言。
— 从黑暗裂痕来的朱尔向我们的记者保证，他在另一边有一整个储藏室，里面装满了自行车螺栓，并邀请记者前去拜访。
— 突破灭绝者驳斥了在黑暗裂痕的另一边有突破组织者的说法。",,
每日消息,"春天到了！有人在领地各处安放了彩蛋，而神秘的生物正在追寻它们。来见见兔头！噢，不要忘了节庆剧情任务的奖励。
 
 完成剧情任务及在领地上的特殊篮子里找到密封彩蛋可获得春季节庆点数。你需要在神器识别器处识别彩蛋，并将它们交给彩蛋收集者来交换活动点数。你会在你避难所的风车旁找到他。你可以从兔头那里获得神器解码器。
 
 激活春季节庆高级模式，可获得更多剧情任务点数。它相当于5次完成奖励计数器。你也可以在PDA界面中花费金币完成任务。
 
 在活动奖励中，你会找到制作全新完美武器的材料、节日装饰、宽敞的木材和金属储藏库，以及外表碎片。
 
 祝你好运，游荡者！",,
测试版更新​ 14.04.2022,"新特性：
— 领地上的春季节庆！完成剧情任务，寻找和识别彩蛋，击杀兔头。
— 有机会收集新的兔子CHAP-M装饰和喷泉-E模块、节日面具和背包外表。
— 新的完美武器：春季-M火箭筒和SPAS-M阳光散弹枪。
— 新的大容量容器，用于储存木材和金属。

还包括：
— 据坪瑟说，研究所使用了他的专利来创造复活节溪流。起初，这个想法是为了给一个主题派对制造无限流淌的潘趣饮料。
— 机器人反叛！复活节CHAP拒绝参加传统的春季竞赛。
— 福克西的宠物泰加需要帮助。该游荡者声称，她的狗在追赶兔子进入洞穴后神秘地缩小了。
— “原价购买两个密封彩蛋，并有机会购买第三个！”——贸易联盟工会公布了莱科维奇在春季节庆开始时对顾客的承诺。
— 节日最大的谜团被一个不知名的游荡者解开了。在彩蛋收集者的兔子头盔下，不过是一个普通的……",,
每日消息,"游荡者！
你终于解开了领土上最大的谜团之一，解锁了避难所中的地堡，并见到了你的第一批盟友。
盟友是27 个放弃了自己派系的角色，准备跟随你参加战斗和外出。你一次最多可以带4个盟友进入领地，并在战斗中在他们之间切换，以结合他们的能力。注意：所有的能力，甚至被动能力，都需要能量。能量会随着时间的推移而恢复，或者也可以使用能量强化器恢复。
要召唤新的盟友，需要使用编码器，你可以在召唤控制器中取得编码器，或通过与基拉交易获得。
在盟友窗口，你可以管理、召唤、装备和发展你的盟友，以及创建团队。点击屏幕右上角的按钮可以找到它。该窗口中的每个标签页都有一个“？”按钮。点击它，你会看到关于如何使用所选标签页的提示。
在你的盟友的统计数值中，你可以看到每个人的能力、它如何影响该特定盟友的，以及哪些物品可以提升它。
在基地升级装备，为盟友获得更多的编码器、经验性补品和能量强化器。完成基拉的剧情任务来修复基地的侦察桌，并与你的盟友一起探索废弃避难所。
我们希望你能迅速收集你的盟友系列！祝你好运，游荡者！",,
测试版更新​ 09.06.2022,"新特性：
— 新的机制：盟友。27 个可跟随玩家战斗的不同角色。
— 将盟友集结成为团队，提升他们的等级，装备他们，一起清理困难的地点。
— 侦察废弃避难所，与盟友一起探索它们。
— 根据你的游戏风格选择盟友，将他们的能力结合起来。
— 升级避难所中的盟友基地。

还包括：
— 当野兽之子在避难所内召唤出活动树根时，其中一棵苹果树起身离开了。
— 到达盟友基地后，安娜·帕夫洛娃博士激动地看到那里聚集了最奇特的标本。现在她不必在整个领地上寻找他们了。
— 在几个盟友因莱科维奇的一批经验性补品而中毒后，人们发现有人在烧瓶里装上了核战前的洗涤液。调查仍在继续。
— 幽灵与阿福对视后，他的夜视仪毁了。
— 朱尔在罗曼诺夫上尉的带领下接受了基本训练，现在已经不再会擅自进入恍惚状态。",,
每日消息,"游荡者！
 
 钢鹰行动限时活动开始了！一名鹰队联络人准备给你来自莫顿上校的剧情任务。志愿者要完成鹰队差事，并会得到宝贵的奖励。
 
 鹰队也在方舟中准备了一项挑战：使用远程武器击杀头目。如果使用鹰队武器和来自鹰队派系的盟友，你还可以获得更多点数。
 
 鹰队武器在清理领地活动中也很有用。在除方舟外的任何地点使用远程武器击杀敌人。合作模式中不会获得活动点数，由盟友使用近战武器击杀的敌人也不会获得活动点数。麋鹿、炮塔、祭坛和异象都不符合条件。
 
 鹰队派系有一个新的独特盟友：安妮·史密斯。她只有在活动期间才能召唤。
 
 出类拔萃的幸存者可以期待莫顿的特殊奖励：完美及传奇武器、一个20栏位的鹰队工程师背包，以及新的盟友装备！
 
 祝你在战斗中好运，游荡者！",,
测试版更新​ 30.06.2022,"新特性：
— 限时活动：钢鹰行动！完成鹰队差事，参加挑战和清理领地活动，并获得宝贵的奖励！
— 活动期间有一个新的独特盟友：安妮·史密斯。
— 新装备：20栏位的鹰队工程师背包和盟友装备。
— 新武器：完美刘易斯·麦克莱恩、黄蜂复合弓、鹰队AF爱国者，以及传奇鹰队M107黑色和鹰队EM。
— 有机会收集熟悉的装饰、外表和鹰队武器。

还包括：
— 一箱刘易斯机枪从鹰队的储藏室被盗。根据初步信息，一伙自称“浴血兜帽”的狂腐士黑帮是罪魁祸首。
— 出售用于召唤神圣盟友的编码器的商人被拘留了。测试表明，这种编码器只会把匪徒引向花钱买它的幸存者的避难所。
— 盟友们呼吁游荡者不要再给他们穿戴阿河以前用过的装备。据他们说，他们穿戴上后痒个不停。
— 由于与安妮·史密斯的第一次联合外出，安娜·帕夫洛娃博士对她的特殊能力印象深刻，因此从新黎明订购了一大批眩晕药。
— 一名游荡者被赶出了灾难酒吧，因为他缠着游客问为什么鹰队的幸存者要徒步前往方舟，而不是直接搭乘直升机飞过去。",,
每日消息,"游荡者！
 
 《僵尸的黎明》已经3岁了！但即使在这个特殊的日子里，麻烦也在领地上酝酿。
 
 玛拉将会与所有能够进入安全屋项目并在秃鹫营地杀死弗莱耶的幸存者联系，提供有关森林之子攻击领地的信息。
 
 各个地方出现了杂草丛生的货物，从铁荒原到尖叫森林。通过消灭树根和击杀看守它的附身者来打开货物。这些树根和附身者，绿色区地点的除外，都容易受到一种随机类型的异象伤害。
 
 在货物中你会发现试炼点数，可以花费它们在活动窗口中购买奖品。在三条路径中选择一条具有不同奖励的路径，记住：最有价值的战利品是提供给从所有三个路径中获得所有奖品的游荡者的。你可以无限次地领取最后的奖励。
 
 奖励还包括阿尔法编码器，它让你有机会召唤暗黑游荡者。这个强大的盟友只能在节日试炼期间召唤。
 
 在绿色、黄色和红色区，尖叫森林、被围困的房屋和伏击中可以每天打开一次货物。在异象区，每次时间重置可以打开每个货物一次。注意，仓库里有两个货物，分别在北侧和南侧。
 
 试炼只是森林之子攻击领地的第一阶段。很快，玛拉将帮助你获得进入附身者竞技场的机会，所有想参加的人都可以参加D.O.Z.周年挑战，以获得宝贵的奖励!
 
 你最喜爱的游戏的周年纪念日快乐，游荡者！",,
测试版更新​ 26.07.2022,"新特性：
—《僵尸的黎明》三周年纪念！周年纪念礼物、新的装饰，以及一名独特盟友：暗黑游荡者。
— 限时活动：D.O.Z.周年挑战。在附身者竞技场战斗并获得点数。
— 活动商人：用挑战硬币交易节日试炼点数，并选择奖励。
— 新的完美武器：级联-5设备与C96-A黑豹毛瑟枪。
— 新的传奇盟友装备。

还包括：
— 森林之子声称，方舟只是对附身者竞技场的拙劣模仿，如果尖叫之神没有禁止电梯，这个竞技场会更大。
— 当盟友异象出现时，游荡者拒绝在新的纪念碑上点火，因为他们会以诡异方式开始相互眉来眼去。
— 一名幸存者在暗黑游荡者的陪同下进入仓库之后，克里姆放弃了吸烟和滥用烧灼治疗器。
— 在避难所的日子里，玛拉养成了一些礼仪。现在，她在附身者竞技场会先向熟人打招呼，然后再杀死他们。
— 幽灵告诉莫顿，他找到了暗黑游荡者，但无法与他见面，因为某种未知的力量不让他俩同时出现在战场上。",,
每日消息,"游荡者！ 
 
 叛徒们联系了你，他们正在召集幸存者与黑帮作战。叛徒们的一个新的独特盟友：冰影，已经准备好加入你们。你只能在黑帮的回归期间召唤他。
 
 冰影会邀请你参加猎取钥匙活动，清理领地内的地下室以获得黑帮钥匙。你也可以通过击杀领地上的敌人来获得钥匙，但麋鹿、炮塔、祭坛、异象、方舟标本和地下室的黑帮战士除外。你每天通过杀敌获得的钥匙数量是有限的。黑帮的回归活动窗口会显示你每天还能得到多少把钥匙。
 
 使用钥匙打开黑帮货物，收集独特的奖励。赢得2000点即可访问黑帮头目的货物，其中包含最具价值的活动奖励。
 
 当猎取钥匙活动开始时，你可以在寂静树丛、铁荒原、焦尸土地、森林郊区、荒凉山谷、防风林和尖叫森林中找到地下室入口。地下室只能在单人模式中发现，当你在小队中时不会发现它们。
 
 在荒凉山谷、防风林或尖叫森林的地下室击杀所有的敌人后，敲锣召唤头目：金龙。你每天可以击杀他两次，以获得武器零件和活动装饰。
 
 祝你在战斗中好运，游荡者！",,
测试版更新​ 18.08.2022,"新特性：
— 黑帮又回到了领地！通过击杀敌人及完成猎取钥匙剧情任务，获得黑帮钥匙。
— 活动期间有新的独特盟友：冰影。
— 新的武器和装备：完美恶龙拳刃和传奇盟友装备。
— 有机会制作熟悉的装饰品和黑帮武器。

还包括：
— 金龙要求他的随行人员戴透明面具，因为他怀疑他们在重要会议上对他做鬼脸。
— 冰影和黎明牧师讨论制造一个蒸汽永动机。
— CCDR工作员说，他记得仓库下水道里有四个神秘的绿色混合体，让他想起了黑帮战士。
— 瑞弗特一直要求冰影照看那些成箱的西红柿。她说，如果由他照看的话，西红柿就不会那么快变质。
— 研究所的科学家们陷入了僵局。无论他们如何努力重现黑帮飞艇，他们仍然只做得出孔明灯。",,
测试版更新​ 13.09.2022,"新特性：
— 重新设计和改进了技能系统：添加了新技能，以及获取神经质粒进行研究的新方法。
— 可在方舟的奖励中、从要塞军医那里，以及通过杀死泰坦项目标本获得神经质粒。
— 新物品：专家武器和具有独特属性的铠甲。
— 能够使用无人机自动收集资源。
— 所有异象，以及泰坦项目头目的弱点都已更改。

还包括：
— 一名游荡者抱怨说，在森林郊区的一次外出中，一群无人机降落到了他身上。他的战利品对它们来说还不够，无人机非要把他的新自行车也拆开带走。
— 据说要塞军医不是用粗糙的绷带来治病，而是把“受伤”的新兵从野战医院赶出来。
— 作为精明的商人，莱科维奇已经开始出售变异体鸽子，作为收集器无人机的廉价替代品。
— “我带着我的两个哥们儿，得到了一张无限期的访客通行证。”燃烧的核炬士讲述为什么被围困的房屋现在每天都会出现。下转第3页。
— 一个在灾难酒吧吃饭时打喷嚏的游荡者立即以全票获得了散弹枪大师技能。",,
每日消息,"游荡者！研究所重新设计了神经生长计划，并改变了接受神经质粒学习技能的方式。在前哨与要塞军医交谈，可以免费获得一批测试用的神经质粒。
 
 以前的技能进度将被重置，学习标签页将从该部分移除。不要担心：所有的战斗、资源和生存技能点数都将被保存。幸存者将获得黄金和神经质粒，以补偿学习技能所花费的点数。
 
 技能学习系统也得到了改进，并增加了新的技能。其中8个增加了特定类型的武器伤害，而其余的将帮助你以其他方式增强你的角色，包括从战利品中获得更多资源。
 
 你可以使用神经质粒来学习技能。神经质粒可以通过完成方舟楼层、清理泰坦项目的二极管设施、储料设施和双子设施来获得，也可以在前哨用方舟标签交换神经质粒。请注意，现在只能使用具有特定类型异象伤害的武器和纳米机器才能击败设施头目。关在二极管设施中的[856-二]标本需要使用酸性武器，关在双子设施中的[803-双]和[804-双]标本需要使用电力武器，而关在储料设施中的[1429-储]标本则需要使用火焰或坟墓火焰。
 
 最后的领地上出现了新的稀有武器和铠甲。这些专家物品在物品栏中会发出紫色的光芒，以示区别。它们拥有与你的角色技能相关的特殊属性。例如，学习狙击大师技能将增加步枪伤害，而学习狙击专家将增加步枪的暴击几率。
 
 暗区武器和铠甲，以及用于制作它们的资源，将被移除。作为回报，幸存者将得到黄金补偿。
 
 此外，研究所已决定给予幸存者新装备的使用权：能够自动收集资源的收集器无人机。这些无人机已经在运往研究所合作伙伴的途中。使用它们在所有通常地点自动收集资源，如寂静树丛或荒凉山谷。用无人机收集的物品会被送到你的仓库。
 
 领地上的异象正在发生变化。根据研究所的数据，你遇到的异象现在将容易受到投掷和任何范围伤害武器的伤害，如果它们的伤害是：
 - 常规；
 - 异象伤害， 且该异象容易受到此类型的伤害。
 
 例如，酸性异象对电力伤害脆弱，但对其他类型的异象伤害免疫。
 
 祝你在最后的领地上好运，游荡者！",,
每日消息,"游荡者！
 
 研究所通知，发生了新的暗区突破。在你的避难所与灭绝者交谈，开始这个活动。从铁荒原到荒凉山谷以及尖叫森林，领地各处都出现了黑暗裂痕。摧毁它们以阻止突破！黑暗裂痕和新出现的敌人在除绿色区的所有区域都容易受到某一类型的异象伤害。它们的脆弱性类型每天改变一次。
 
 平息异象将会召唤特殊类型的焦尸，消灭它们可以获得活动点数！在尖叫森林中，除了黑暗裂痕焦尸，你还会遇到另一种类型的敌人：受暗区散发的能量影响的森林之子。
 
 绿色和黄色区的裂痕每天可以摧毁15次，红色区10次，尖叫森林5次。限制每天重置。
 
 花费点数沿着三条不同的路径前进，每条路径都有独特的奖励。请记住，最珍贵的战利品将提供给在路径中集齐每种奖励的游荡者。活动的最终奖励可以无限次获得。
 
 暗区突破将持续12天。活动结束后48小时内，玩家仍可花费获得的点数。
 
 在暗区突破奖励中，你会找到阿尔法编码器，可以用它来召唤一个新的独特盟友：黑暗简妮。奖励还包括晶体树装饰和避难所的帮手！如果你的装饰和助手已经达到上限，那么奖励将换成一个Mk.1核炬士背包和阿尔法编码器。
 
 祝你在战斗中好运，游荡者！",,
测试版更新​ 16.09.2022,"新特性：
— 限时活动：暗区突破！通过摧毁裂痕和它们的焦尸获得点数。
— 花费这些点数来沿着三条不同的路径前进，每条路径都有独特的奖励。
— 于活动期间可用的新独特盟友：黑暗简妮。
— 灭绝开始：带有额外奖励的剧情任务。

还包括：
— 研究所副主任维拉·霍洛多娃博士否认了她的复制体在过去四个月中代替她工作，而真正的霍洛多娃则在一个热带平行宇宙中度假的传言。
— 尼克斯拒绝向莱科维奇偿还债务，声称借钱的不是他，是黑暗尼克斯。为了解决这个问题，莱科维奇打算召唤黑暗收债人。
— 黑暗简妮说，在另一边有个慷慨的莱科维奇。听到这句话，几个游荡者震惊得犯了心脏病。
— 研究所宣布，由于暗区突破，坪瑟的避难所的热暗能量供应已经切断。恢复服务的工作将持续到本周末。
— 帕夏乐手真的想和他的复制体见面，直到他发现复制体是流行音乐的粉丝，而不爱“发自内心的创作”。",,
测试版更新​ 20.10.2022,"新特性：
— 限时活动：万圣节！在蛇彭特新娘营地与瘟疫伏都教巫师和蛇彭特新娘作战。
— 完成万圣节庆祝活动剧情任务，参加挑战和“领地的万圣节”特殊活动，并获得宝贵的奖励！
— 活动期间有一个新的独特盟友：瘟疫医生。收集盟友碎片并把他加入你的团队。
— 新盟友的主动能力马上就可以使用。瘟疫医生的等级越高，他的能力充能越快。
— 新的专家武器，并有几率领取熟悉的装饰、外表、武器和送葬者自行车。

还包括：
— 一个疯狂的秃鹫成员在地下室设置了一个精心设计的陷阱迷宫，然后被抓获。“那个贱货一直在拖延时间，并说他想玩个游戏。”一个重获自由的匪徒讲述说。
— 最后的领地上唯一的巡回马戏团拒绝表演，除非朱尔离开观众席。“我们的小丑害怕穿黄色雨衣的孩子，”团长承认。
— 安娜·帕夫洛娃博士谈游荡者用来惊吓彼此的可怕面具。“显然，几十个人被撬棍打了头，这很不幸……但这是一次精彩的社会实验！”
— 克里姆的队员中的一名游荡者讲述说，他设法穿过了仓库中的一个血色洞穴，进入了可怕的另一个现实，那里的背景音乐是循环播放的80年代热门歌曲。
— 你做过这样的梦吗？专家们对梦见身着条纹毛衣和帽子的克劳怪意味着什么进行了评价。",,
每日消息,"游荡者，在万圣节前的几天里，又有人在领地上看到了南瓜脑袋！
 
 蛇彭特新娘营地出现在了避难所的东北方。在围栏之外矗立着送葬者祭坛，它们由南瓜脑袋守卫。这些祭坛会增加蛇彭特新娘的力量。摧毁祭坛以削弱她们，然后与她们战斗。或者打开营地中心的大门，直接去找头目。杀死新娘后，在伏都教巫师宝箱里找到尔兹莉蘑菇，以激活丹巴拉面纱，并召唤出活动头目：瘟疫伏都教巫师。
 
 对于那些没有在领地上庆祝过万圣节的幸存者，或者那些忘记了从前曾与南瓜脑袋遭遇的人，我们准备了特别的“万圣节准备工作”剧情任务。击杀送葬者和南瓜脑袋，在任何绿色区劈砍巨型南瓜，并收集“领地的万圣节”点数。
 
 一旦你完成了万圣节准备工作，就可以解锁万圣节庆祝活动。完成活动剧情任务，领取各种宝贵的奖励。庆祝活动由三个阶段组成。你可以在相应的窗口中看到距离下一个阶段的时间。
 
 任何想参加的人都可以参加万圣节挑战和“领地的万圣节”，并通过在领地上击杀敌人获得活动点数。如果你在挑战中获胜，可以得到送葬者戒指，这些戒指可以在兄弟会女商人那里交易铠甲、武器和资源。你可以在活动窗口中花费“领地的万圣节”点数兑换奖品。
 
 不要错过赢得大量宝贵奖品的机会，收集装饰、武器和送葬者的车辆，并为你的团队增加一个新盟友：瘟疫医生。
 
 我们祝你度过一个恐怖的万圣节，游荡者！",,
测试版更新​ 17.11.2022,"新特性：
— 领地上的感恩节！完成朝圣者准备工作剧情任务，猎杀火鸡，制作节日美食，并获得活动奖励。
— 参加领地狩猎，获得额外的奖励，包括一把新的专家弓。

还包括：
— “为了防止酸性灼伤，你只需使用这个简单的以火鸡为基础的……”——研究所的科学家不想让你知道的配方，见第5页！
— “我不会参与他们的闹剧！”——坪瑟对马克为争夺基拉而向他的全息图挑战的传言做出了回应。
— “他们把我当作烤架！”——燃烧的核炬士从秃鹫那里逃出来后，讲述他被囚的情况。
— 在游荡者尼尔斯决定独自对付鼠王后，人们与他失去了联系。他最后发出的信息是：“坪瑟，管道不起作用！”
— 在阿尔法火鸡误入被烧毁的餐厅后，屠夫获得了感恩节最大火鸡烹饪奖。",,
每日消息,"感恩节限时活动已经开始了！
 
 完成朝圣者准备工作剧情任务，并猎杀火鸡以获得活动奖励。在花园土地中种植玉米和南瓜，用于制作节日美食。
 
 参加领地狩猎，获得额外的奖励，包括一件新的专家武器：白蚁复合弓。
 
 可以减少武器耐用性损失的自行车改装不再能从商人那里获得，也不能在商店里购买。但你已经安装在自行车上的该类改装或你储备的改装仍可使用。",,
每日消息,"新的限时活动“游荡者通行证”的第1赛季已经开始！
 
 该赛季持续4周。你可以在通行证主界面上看到当前赛季的剩余时间，或者在下一赛季开始前的倒计时上看到。
 
 第1赛季专门针对研究所的发明。
 
 要参加这个赛季，请获得资源，并在领地的任何地方击杀敌人以获得点数，这些点数可以用来提高战斗通行证的等级。更高的等级需要更多的点数。你每周能获得的点数有一个上限，该限制会在主界面上显示。那里也会显示达到下一等级所需的点数。
 
 随着你通行证等级的提高，你会解锁并获得宝贵的奖品。除最终奖励外，所有奖励每个赛季只能领取一次。你可以无限次领取最终奖励。
 
 本赛季的奖励包括熟悉的和新的物品：铠甲、武器、盟友装备、神经强化器装饰，以及更多物品。有些奖励只在本赛季提供，如外表和新的专家武器、紧终双械2设备和针头设备、研究所送货员背包，以及一个独特盟友的碎片，歌利亚标本。
 
 注意：一旦赛季结束，就不能再获得点数。在下一个赛季，计数器会重置，你必须重新开始。
 
 祝你在战斗中好运！",,
测试版更新​ 29.11.2022,"新特性：
— 一项新类型的限时活动：游荡者通行证！参加第1赛季，通过获取资源和击杀敌人获得点数，提升通行证等级并领取奖励。
 — 独特的赛季盟友：歌利亚标本。他的挑衅能力可以立即使用。该能力会迫使敌人攻击盟友。
 — 新赛季奖励！外表：机-1950原型、研究所安全头盔、伊卡洛斯-3实验模型。此外还有一个新的15栏位研究所送货员背包、增加盟友攻击力的神经强化器装饰、传奇盟友装备，以及专家武器：紧终双械2设备和针头设备。
还包括：
— 一个年轻的实验室助理创造了一个全息模拟，在这个模拟中，歌利亚标本绑架了帕夫洛娃博士，并把她带到了灯塔顶部。参见第4页我们评论家的评论。
— 研究所禁止送货员一次运送超过一个背包。霍洛多娃教授解释说：“他们总是掉进河里，损失一半的货物。”
— 《领地时报》记者在采访制造伊卡洛斯-3号飞翼的工程师时，被拒绝进入新黎明。伊卡洛斯-1号和伊卡洛斯-2号的命运仍然是个谜。
— “新技术必须为自己买单，”霍洛多娃说：他解释了为什么研究所设施安全头盔上现在有滚动的文字，宣传莱科维奇的服务。
— 一个在神经强化器中坐下来休息的游荡者进入了一个虚拟现实，他在那里大饱眼福，看到了穿着红裙子的基拉，并被穿着黑西装、戴着黑眼镜的陌生人攻击。",,
测试版更新​ 12.12.2022,"新特性：
— 2023年新年！参与寒冰试炼，赢得节日挑战并完成冬季准备工作剧情任务以获得大量宝贵的奖励。
— 活动商人：在新年营地与冬季特使交易挑战奖品。
— 独特盟友：阿月。它的防护盾能力可以立即使用。它会在你周围创建一个能够吸收来袭伤害的护盾。
— 新的冰霜武器：传奇黄蜂、专家AK步枪，以及完美D-273设备。此外还有一个新的节日装饰：雪友。
— 有机会收集熟悉的新年装饰和外表。

还包括：
— 一对愚蠢的匪徒在试图抢劫避难所时被抓获。单独留在家中的朱尔，用一系列非致命但危险的陷阱把他们逼得几乎发疯。
— “是的，我光脚踩在碎玻璃上……不然还能怎么办？”要塞兵团军官麦克连对于他在节日庆典期间拯救了人质的事迹这样说。
— 半小时内浏览量高达一百万次。瑞弗特在网上发布了一段有趣的狗狗视频后，发现了阿月拥有出乎意料的网红能力。
— 克里姆的队员之中发生了一个意外：一名游荡者意外地吞下了一个小型胡桃夹子，为自己赢得了“夹总”的绰号。
— 要塞兵团战士们已经确认了偷窃游荡者避难所的节日装饰的罪魁祸首。原来那是一种以前未知的、覆盖着厚厚绿毛的焦尸亚种。",,
每日消息,"新的限时活动：2023年新年！
 
 节日气氛十分浓厚！游荡者圣诞老人即将来到避难所，而且冬季特使为你准备了一份礼物：冰霜武器和节日美食。你可以在冰雪覆盖的新年营地领取礼物。
 
 领地上现在可以找到寒冰货物。它可以在通常地点、异象区和特殊活动中发现。货物内有冬季钥匙，这些钥匙也可以通过搜索你击杀的敌人找到，但麋鹿、炮塔、祭坛、祭坛和方舟设施标本除外。积累钥匙，用它们来打开冰霜宝箱并收集奖励。打开宝箱可以获得点数，一旦你获得了2000点，就可以从新年宝箱中领取最宝贵的奖品。
 
 注意：寒冰货物只在有限的时间内提供。它在活动的第二阶段会消失。货物消失后，你可以通过击杀敌人和完成每日剧情任务获得冬季钥匙。
 
 任何在避难所与游荡者圣诞老人交谈的人都可以参加节日挑战。在领地上击杀敌人，在方舟设施中清理楼层，赚取新年装饰球，与冬季特使交易。她会在新年营地等你。
 
 特使会告诉你有关冬季准备工作的剧情任务。完成这些任务可以获得冬季钥匙和一个新的独特盟友碎片：阿月。它将在最艰难的战斗中支援你，因为它的防护盾能力从1级开始就可以使用。
 
 这个新年庆祝活动将非常紧凑，由3个阶段组成。在第二和第三阶段，会有盟友挑战、领地上的新年活动、大量具有宝贵奖励的任务以及来自鹰队派系的新盟友：弗罗斯特中尉。
 
 在活动期间，你也将有机会制作原有的和新的物品：雪友装饰、传奇冰霜黄蜂、专家AK步枪和完美D-273设备。
 
 圣诞快乐、新年快乐，游荡者！我们祝你节日快乐，获得丰厚的战利品！",,
测试版更新​ 16.01.2023,"新特性：
— 限时活动：游荡者通行证第2赛季！通过获取资源和击杀敌人赢得点数，提升通行证等级并领取奖励。
— 独特的赛季盟友：死亡之弓韦恩。他的爆炸箭矢主动能力可以立即使用，让盟友的攻击造成范围伤害。
— 新赛季奖励！外观：战利品收集者的面具、游骑兵帽子、攻击迷彩和重磅背包皮肤。另外，还有专业鹰队MP5突击步枪、鹰队专家铠甲以及提升盟友力量的改良版新装饰——神经集中器。
— 使用床、睡袋和躺椅可以加速恢复生命值和能量值。你最多可以在避难所中设置三个这样的家具物品。

还包括：
— “有时候我觉得很难过，因为只有我们鹰队有直升机。它们爆炸的时候看起来非常漂亮。”——摘自对死亡之弓韦恩的采访。
— 前哨指挥官正考虑在方舟的入口处安装一个旋转门。他说原因是对狗牌的需求增加了，游荡者用它来购买神经质粒。
— 在试戴游骑兵帽子之后，一位鹰队军官在新兵营露出了奇怪的表情，让他的战士们感到不安。“他一直在谈论公牛和得克萨斯……我什么都不明白。”一名新兵抱怨道。
— 对战利品收集者的面具进行的测试以失败告终：打开热像仪后，戴着它的游荡者没有注意到就站在他面前的冰影。
— “我再也受不了了！他们日夜紧跟在我身后！”——一个背着重磅背包的游荡者，说起在最后的领地上，他的背包因为很像租碟的而在影迷中意外地受欢迎。",,
每日消息,"游荡者通行证第2赛季已经开始！
 
 新赛季专注于鹰队的核战前传说。你可以在主界面查看当前赛季的剩余时间。
 
 若要参加该赛季，请在领地的任何地方获取资源和击杀敌人以赢得点数，这些点数可用于提高战斗通行证的等级。等级越高，需要的点数越多。每周可获得的点数存在上限，主界面上将会显示该限制以及达到下一等级所需的点数。
 
 随着通行证等级的提高，你会解锁并获得珍贵的奖品。除第2赛季奖杯外，所有奖励每个赛季只能领取一次。你可以无限次领取赛季奖杯。
 
 本赛季的奖励包括新旧物品：铠甲、武器、盟友装备、改良版装饰“神经集中器”等等。有些奖励只在本赛季提供，例如以下外观：战利品收集者的面具、游骑兵帽子、攻击迷彩和重磅背包皮肤。其他第2赛季专属物品包括：专业鹰队MP5突击步枪、鹰队专家铠甲以及新的独特盟友“死亡之弓韦恩”的碎片。
 
 注意：一旦赛季结束，就不能再获得点数。在下一个赛季，计数器会重置，你必须重新开始。
 
 祝你在战斗中好运！",,
每日消息,"游荡者！ 
 
 逆徒们联系了你，他们正在召集幸存者与黑帮作战。他们队伍中的几位战士已经准备好加入你：熟悉的盟友冰影，以及部落首领龙女。
 
 龙女的主动能力可以立即使用：她扔出一把扇子，在敌人身上反弹，对每一个击中的敌人造成周期性电力伤害。
 
 逆徒会邀请你参加猎取钥匙活动，清理领地内的地下室以获得黑帮钥匙。你也可以通过击杀领地上的敌人来获得钥匙，但麋鹿、炮塔、祭坛、异象、方舟标本和地下室的黑帮战士除外。你每天通过杀敌获得的钥匙数量是有限的。春节活动窗口会显示你每天还能得到多少把钥匙。
 
 使用钥匙打开黑帮货物，收集独特的奖励。赢得2000点即可访问黑帮头目的货物，其中包含最具价值的活动奖励。
 
 当猎取钥匙活动开始时，你可以在寂静树丛、铁荒原、焦尸土地、森林郊区、荒凉山谷、防风林和尖叫森林中找到黑帮地下室入口。地下室只能在单人模式中发现，当你在小队中时不会发现它们。
 
 在荒凉山谷、防风林或尖叫森林的地下室击杀所有的敌人后，敲锣召唤头目：金龙。你可以不限次数地与头目战斗，但击杀他所获得的奖励每天不能超过两次：在中等战斗模式下击杀他可获得一次奖励，在困难战斗模式下击杀他也可获得一次奖励。
 
 你还可以参加挑战，获得大量宝贵的奖励，并有机会为你的团队增加新的同伴。
 
 祝你在战斗中好运，游荡者！",,
测试版更新​ 20.01.2023,"新特性：
— 限时活动：春节！参加挑战并猎取钥匙，打开黑帮货物并领取奖励。
— 独特盟友：龙女和冰影。
— 龙女的主动能力立即可用：她投掷一把扇子，从敌人身上弹开，对他们造成伤害。
— 有几率获得黑帮装饰和武器。
— 游荡者通行证第2赛季继续进行！赢得点数、升级通行证并获得奖品。

还包括：
— 龙女讲述她独特战斗风格的起源：“当我的部落藏身处的最后一台空调坏掉时，我开始对扇子发生兴趣。”
— 一个名叫土拨鼠的游荡者被困在了一个时空循环中，他抱怨每天早上他的PDA都会播放帕夏乐手的同一首歌曲。
— 警戒线附近发现了一种新型的四臂焦尸。士兵们声称，它每天都在挑战索洛波夫进行真尸快打。
— 匪徒齐皮宣布他计划加入黑帮。加入后，他计划取名为“龙男”。
— 黑帮与朱尔签署了一份独家合同，为新年幸运签饼提供预言。
— 一茶匙简单的，核战前的……我们发现了导致点心和要塞兵团饺子效果不同的秘密食材！",,
每日消息,"游荡者通行证第3赛季已经开始！
 
 新赛季专注于自由游荡者兄弟会和游荡者的传统。
 
 若要参加该赛季，请在领地的任何地方获取资源和击杀敌人以赢得点数，这些点数可用于提高战斗通行证的等级。等级越高，需要的点数越多。每周可获得的点数存在上限，主界面上将会显示该限制以及达到下一等级所需的点数。
 
 随着通行证等级的提高，你会解锁并获得珍贵的奖品。除第3赛季奖杯外，所有奖励每个赛季只能领取一次。你可以无限次领取赛季奖杯。
 
 本赛季的奖励包括新旧物品：铠甲、武器、盟友装备等等。有些奖励只在本赛季提供，例如以下外观：兄弟会焊接面罩、CGM-12防毒面具，以及图书管理员背包皮肤。其他第3赛季专属物品包括新的15栏位的兄弟会背包以及新的独特盟友“游荡者风暴”的碎片。
 
 注意：一旦赛季结束，就不能再获得点数。在下一个赛季，计数器会重置，你必须重新开始。
 
 你可以在主屏幕上看到第3赛季的剩余时间。
 
 祝你在战斗中好运！",,
测试版更新​ 20.02.2023,"新特性：
— 游荡者通行证的第3赛季开始了！通过获取资源和击杀敌人赢得点数，提升通行证等级并领取奖励。
 — 独特的赛季盟友：风暴游荡者。
 — 新赛季奖励！一个15栏位的兄弟会背包和新的外观。
 — 新技能：隐形大师和隐形专家。它们增加了在隐形模式下发射步枪的伤害。
 — 新的建筑师桌，用于建造所有的装饰。
 — 新装饰：忠诚的朋友和赤胆忠心的朋友。
 — 完成“被遗忘的墓地”的奖励得到了改进，减少了该地点的精英敌人的数量。
 — 现在可以在避难所里设置送葬者工作台。

了解有关最后的领地的情况：
— 寂静树丛休闲基地是为红宝石工厂的工人建造的。在核战中，客人和工作人员试图在那里避难，但很少有人能在焦尸的入侵中幸存下来。
— 在核战之前，克里姆的队员之一格鲁皮，曾在一艘商船上担任过船工。
— 郊区猎场是核战前加尔科夫地区唯一的麋鹿栖息地。
— 灾难酒吧禁止在其领地上使用武器。这条规则由阿糖和他的保镖执行。
— 这个区域拥有丰富的神器和其他战利品，是游荡者所说的地点。",,
测试版更新​ 15.03.2023,"新特性：
— 改进的派系任务！完成自由游荡者兄弟会和
要塞兵团的派系任务以获得奖励。
— 一个派系的任务现在可以持
续7天：更多任务，更多奖励。
— 通过收集派系任务奖励中的碎片来召唤罗曼诺夫上尉和
烈日异象。
— 学习新的弓和十字弓技能，
增加这些武器在隐形模式下的
伤害。
— 新的传奇F-3M手榴弹，
具有范围伤害。

了解有关最后的领地的情况：
— 研究所已将铠甲怪归入学名拉撒路智人剑甲体。
— 共享地窖，由自由游荡者兄弟会成员和独行游荡者贡献份额，保存在灾难酒吧。
— LRS二排战士（海辛）专门负责消灭第二波变异体。
— 游荡者之间的俚语，将上层对立功流血或从地点夺取战利品的补偿，称为“份量”。",,
每日消息,"游荡者！
 
 我们重新设计并改进了派系任务！一个派系的任务现在可以持续7天：更多派系任务，更多奖励！
 
 完成任务并赢取点数以填充每周任务窗口中的奖励计数器。一旦你获得足够的点数，就可以收集派系奖励。你有一周的时间收集所有奖励。
 
 罗曼诺夫上尉和烈日异象无法再通过编码器召唤。你可以在派系任务奖励中找到碎片来召唤它们。
 
 启用高级状态以增加你为各个任务赚取的点数并获得额外奖励。如果你拥有高级模式，新任务将在你领取所有奖励后自动开始，无需等待倒数计时器走完。
 
 祝你派系任务顺利，游荡者！",,
测试版更新​ 20.03.2023,"新特性：
— 限时活动：暗区突破！通过摧毁裂痕和它们的焦尸获得点数。
— 花费这些点数来沿着三条不同的路径前进，每条路径都有独特的奖励。
— 于活动期间可用的独特盟友：黑暗简妮。
— 灭绝开始：带有额外奖励的剧情任务。

了解有关最后的领地的情况：
— 加尔科夫冶金厂在核战后不久就被荣耀盲者的追随者占领，随后成为狂腐士的主要基地：焚化场。
— 高级研究与技术研究所成立于1949年8月29日。
— “当处于异象区时，任何人都无权离队。”，出自《兄弟会法则》中的罗塞特原则。
— 在核战之前，帕夏乐手是一个业余摇滚乐队的成员，在加尔科夫的公共场所和该地区演出过热门歌曲。",,
每日消息,"游荡者！
 
 研究所通知，发生了新的暗区突破。从铁荒原到荒凉山谷以及尖叫森林，领地各处都出现了黑暗裂痕。摧毁它们以阻止突破！黑暗裂痕和新出现的敌人在除绿色区的所有区域都容易受到某一类型的异象伤害。它们的脆弱性类型每天改变一次。
 
 平息裂痕将会召唤特殊类型的焦尸，消灭它们可以获得活动点数！在尖叫森林中，除了黑暗裂痕焦尸，你还会遇到另一种类型的敌人：受暗区散发的能量影响的森林之子。
 
 绿色和黄色区的裂痕每天可以摧毁15次，红色区10次，尖叫森林4次。限制每天重置。
 
 花费点数沿着三条不同的路径前进，每条路径都有独特的奖励。请记住，最珍贵的战利品将提供给在路径中集齐每种奖励的游荡者。活动的最终奖励可以无限次获得。
 
 暗区突破将持续8天。活动结束后36小时内，玩家仍可花费获得的点数。
 
 在暗区突破奖励中，你会找到阿尔法编码器，可以用它来召唤一个独特盟友：黑暗简妮。奖励还包括晶体树装饰和避难所的帮手！如果你的装饰和帮手已经达到上限，那么奖励将换成一个Mk.1核炬士背包和阿尔法编码器。
 
 祝你在战斗中好运，游荡者！",,
每日消息,"春天到了！有人在领地各处安放了彩蛋，而神秘的生物正在追寻它们。来见见兔头！噢，不要忘了节庆剧情任务的奖励。
 
 完成剧情任务及在领地上的特殊篮子里找到密封彩蛋可获得春季节庆点数。你可以在常规的绿色和黄色区域找到彩蛋篮子，每天最多5次，在红色区每天最多3次。
 
 你需要在神器识别器处识别彩蛋，并将它们交给彩蛋收集者来交换活动点数。你会在你避难所的风车旁找到他。你可以从兔头那里获得神器解码器。
 
 激活春季节庆高级模式，可获得更多剧情任务点数。你也可以在PDA界面中花费黄金完成任务。
 
 在活动奖励中，你会找到制作全新专家武器的材料、完美武器、节日装饰和外表碎片。奖励还可能包括阿尔法编码器，你可以用它来召唤一个独特盟友：安妮·史密斯。你可以在领地内的彩蛋篮子中找到用于制作宽敞的木材和金属储藏库的零件！
 
 祝你好运，游荡者！",,
测试版更新​ 28.03.2023,"新特性：
— 领地上的春季节庆！完成剧情任务，寻找和识别彩蛋，击杀兔头。
— 有机会收集兔子CHAP-M装饰、喷泉-E模块和法贝热模块，外加节日面具和一个背包外观。
— 新的专家武器：闪亮鹰队MP5突击步枪。
— 活动期间提供独特盟友：安妮·史密斯。
— 大容量容器，用于储存木材和金属。

了解有关最后的领地的情况：
— 根据要塞兵团征兵委员会的最新报告，最后的领地的面积超过20,000平方公里。
— 研究所已将留名者归入学名拉撒路智人快速体。
— 警戒线的长度超过18公里。它被划分为十二个安全区。这些区域由要塞兵团特种部队作战营的四个战斗单位24小时守卫。
— 狂腐士的朝圣意味着追溯荣耀盲者的道路，当时他在核战的最初几天从加尔科夫的发电厂步行到焚化场。
— 游荡者之间的俚语，将上层对立功流血或从地点夺取战利品的补偿，称为“份量”。
— LRS二排战士（海辛）专门负责消灭第二波变异体。",,
每日消息,"游荡者通行证第4赛季已经开始！
 
 新赛季专注于研究所的发明。
 
 若要参加该赛季，请在领地的任何地方获取资源和击杀敌人以赢得点数，这些点数可用于提高战斗通行证的等级。等级越高，需要的点数越多。每周可获得的点数存在上限，主界面上将会显示该限制以及达到下一等级所需的点数。
 
 随着通行证等级的提高，你会解锁并获得珍贵的奖品。除第4赛季奖杯外，所有奖励每个赛季只能领取一次。你可以无限次领取赛季奖杯。
 
 本赛季的奖励包括新旧物品：铠甲、武器、盟友装备等等。有些奖励只在本赛季提供，例如以下外观：大胆者发型、吉布森-84头盔，以及法贝热-M背包皮肤。
 
 注意：一旦赛季结束，就不能再获得点数。在下一个赛季，计数器会重置，你必须重新开始。
 
 你可以在主界面上看到第4赛季的剩余时间。
 
 祝你在战斗中好运！",,
测试版更新​ 03.04.2023,"新特性：
— 游荡者通行证的第4赛季开始了！通过获取资源和杀敌获得点数，提升通行证等级，并领取奖励。
— 本赛季的奖励包括新的外表和独特的专家武器、紧终双械2双手枪和针头十字弓。
— 奖励还包括新的装备：恢复器，可以减少活跃盟友的能量消耗，以及愤怒-U兴奋剂，它可以提升对送葬者的伤害20%。
— 领地上的春季节庆活动继续！完成剧情任务，寻找和识别彩蛋，击杀兔头。
— 有机会收集兔子CHAP-M装饰、喷泉-E模块和法贝热模块，外加节日面具、一个背包外观、用于储存木材和金属的大容量容器，以及新的专家武器：闪亮鹰队MP5突击步枪。
— 春季节庆期间的独特盟友：安妮·史密斯。

了解有关最后的领地的情况：
— 核战之前，克里姆在加尔科夫的一家城市医院担任护工。
— “只要不违反罗塞特原则，没有人可以阻止离队的愿望。”，出自《兄弟会法则》中的选择权利。
— 《研究所远征守则》是所有员工在筹划和进行最后的领地的科学考察时必须遵守的一套规则和条例。
— 研究所已将铠甲怪归入学名拉撒路智人剑甲体。
— 共享地窖，由自由游荡者兄弟会成员和独行游荡者贡献份额，保存在灾难酒吧。",,
农夫的日记页面，第1部分,"8月14日
 三天前，我们在加尔科夫的中央公园庆祝阿尔乔姆的10岁生日聚会。当我闭上眼睛时，我仍然可以看到你的笑脸。我看到尼克送给他的弟弟一件礼物：一辆遥控汽车，是你我在玩具店挑选的。仅仅在三天前……
 
 8月16日
 我亲爱的妻子，茜望……你走了，但我们的孩子还活着。我们的儿子，阿尔乔姆和尼克。每当我看到他们，就会想到你。我想你。我非常非常想念你。
 
 8月18日
 装甲军车驶过我们的难民队伍，向加尔科夫驶去。其中一名士兵扔出一箱肉罐头，一场争夺爆发了。打得头破血流。为了食物。
 
 8月29日
 没有你队对我来说太难了。我没有让孩子们看到我的感受，但是当他们睡着的时候，我想像动物一样嚎叫。我想要尖叫和哭泣，把一切都发泄出来。但我不能允许自己这样做。我们的孩子不能看到父亲变得软弱。他们绝不不会的，我向你保证！",,
"农夫的日记页面，
第2部分","10月12日
 世界末日已经过去两个月了。在这段时间里，我已经习惯了死亡。我从办公室白领变成了一个长胡子男人，手持用钉子自制的狼牙棒。几乎每一天，我都在与焦尸战斗，这些怪物从我身边夺走了心爱的妻子。夺走我儿子母亲的怪物。
 
 但与成千上万的其他人不同，我活了下来。而且我的孩子们还活着！
 
 10月27日
 我们今天路过了一个废弃的农场。我把孩子们藏在谷仓里，四处看了一下。不出所料，掠夺者带走了所有有价值的东西。但房子似乎很结实。附近没有焦尸。我想我们应该留在这里。
 
 11月2日
 我决定了。这个农场将成为我们的新家。我找到了大量的种子和一堆加尔科夫农业杂志。现在我只需要学习如何种植蔬菜……
 
 11月6日
 今天，孩子们走过来对我说，他们想用母亲的名字命名农场，作为纪念。我保证过不表现出软弱，但在那一刻我忍不住流下了眼泪。",,
农夫的日记页面，第3部分,"8月12日
 今天是我妻子茜望去世15周年。这些年来，许多人失去了希望，但我们的希望，我和我的孩子们的希望，永远不会消失。
 
 9月17日
 与贸易联盟达成了运送蔬菜的协议。过去，我们必须自己把蔬菜运到定居点，交易货物。根据新的协议，每月都会有一辆UAZ越野车过来运货。这对我们来说是一个巨大的成功！
 
 9月30日
 巨大的成功伴随着问题。我今天要去见一个黑帮的老大。据他的信使说，他有“紧迫的问题”要谈。
 
 10月1日
 有时，过去发生的事情会重新造成困扰。那个黑帮老大原来是克尼什。我一眼就认出了他，他也认出了我。我对他的债务还没有偿还。要么我还，要么我的孩子来还。他这么说。
 
 我不能冒这个险。我把孩子们养大不是为了让他们受到这些暴徒的威胁。我必须离开。他们现在长大成人了。他们会理解的。",,
农夫的录音,"[录音中可以听到自动枪械的枪声和沉闷的爆炸声。]
 
 男声：说！老实交代，否则就去死，和其他人一样！
 
 男声2：我叫瓦列里·克尼舍夫……
 
 [咳嗽。]
 
 ……又名克尼什。维克多·科涅夫的债已经还清了。
 
 科涅夫：这就对了。抓住他的腰带。
 
 [停顿了很久，录音继续。]
 
 克尼什（喘着粗气）：当我在拘留所里救了你，免得你被捅腰子的时候，我就知道你有一天会派上用场的。真希望我能追踪到把泡泡头引到我的棚去的那个臭老鼠。
 
 科涅夫：你的随便哪个哥们都可能向政委告发你。你们都是一路货色。要塞兵团把你们视为罪犯。他们甚至懒得逮捕你们，只是把你们干掉。你得靠自己了，克尼什。
 
 克尼什：哦，瞧你说的。你以为你的债已经还清了，事情就了结了？不可能，伙计。[咳嗽。]你我现在是一根绳上的蚂蚱了。一条血腥的绳子。
 
 科涅夫：都是些空话，克尼什。有一点我不明白，这么多年过去了，你是怎么找到我的。
 
 克尼什（嘶哑的笑声）：我根本没在找你，  伙计。只是凑巧运气好。你以为我在那个农场碰到你的时候就不惊讶吗？我真是没想到。只是没说出口罢了。
 
 科涅夫：够了，克尼什。我们各走各的路。
 
 克尼什：想回到孩子们身边？撇开债务不谈，你还欠我一份农场呢，不然我白受伤了吗？
 
 科涅夫：你这样的人真让我惊讶，克尼什。你躺在那里，半死不活，却还是本性难改。要不是你那些暴徒，我都不会来这儿。而他们现在都喂了狼啦，你懂了吗？你临死之前至少可以为你所做的事忏悔一下。但是，既然你是仓库帮派的人，你也不知道什么叫忏悔。
 
 克尼什（咳嗽）：再见，伙计。
 
 [录音停止。]",,
"农夫的日记页面，
第4部分","7月18日
 我回家了。阿尔乔姆和尼克在门口看到我时忍不住流泪了。茜望，我们一家人又在一起了。没有什么会再把我们分开。永远没有。
 
 
 8月11日
 我不知道尼克从哪里找到了能用的相机和胶片，也不知道花了多少钱。但照片拍得很好。在核战之前司空见惯的东西现在有了完全不同的价值。无法用金钱或货物衡量的价值。这只是一张照片。一张我们的全家福。
 
 8月17日
 
 [已划掉。]
 一个商人给了我一张纸条。上面有一句话：我说过会再见的，伙计。
 
 我需要把纸条拿给鞑靼人。如果克尼什那个人渣活了下来，我需要采取预防措施。鞑靼人可能是个土匪，但据说他盗亦有道。我可以和他做个交易。我不欠克尼什的，而且我有证据。
 
 我在晚上听到后院有碎裂声。那是一个异象，是一只普通的萤火虫，但它是怎么来的呢！？这可不是好事。该走了。我越早见到鞑靼人越好。",,
"农夫的日记页面，
第5部分","父亲，这么多年来，你一直在保护我和我弟弟。但今天我没能保护你。他们杀了你，但你保卫了我们的家园。我读了你的日记……为什么你从前不告诉我们这些？我记得你在拘留所的时候，妈妈经常在夜里哭泣。我那时不知道你们过得有多难。在你被宣布无罪、当庭释放的那天，阿尔乔姆和我想给你做个派。我们差点把公寓烧毁。你和妈妈甚至没有生气，你只是拥抱了我们……
 
 感谢你所做的一切！你的儿子，尼克
 
 父亲，多亏了你，我们没有成为核战的受害者。你将永远活在我们心中，就像妈妈一样。我在你的日记本里写下这些，心里知道你所做的一切都是为了我们。当我有孩子时，我也想成为你这样的父亲，就像你对尼克和我那样。我希望你昨天说的异象能帮助你安息。
 
 永别了，感谢你所做的一切！你的儿子，阿尔乔姆",,
全家福,"背面写着：“感谢你和我们在一起！你的
儿子们。”",,assets/images/故事笔记/全家福--d8f753aa67.png
测试版更新​ 11.04.2023,"新特性：
— 新的异象区：希望农场！
— 新头目：复活的农夫。
— 幸存者背景故事的系列笔记。
— 实验台的新蓝图：愤怒-F兴奋剂，你可以用它将对森林之子造成的伤害提升20%。
— 游荡者通行证的第4赛季继续！通过获取资源和杀敌获得点数，提升通行证等级，并领取奖励。

了解有关最后的领地的情况：
— 根据研究所的分类，核辉光后的最后的领地上最常发现的神器属于第三类。其中大部分对科学没有什么意义，被视为变异合成部的消耗品。
— 兄弟会法则是规范自由游荡者兄弟会内部基本的交往、队员在异象区的行动以及游荡者之间应对外部威胁时的来往规则的总称。
— 《异象研究者简明指南》，由研究所的科学家在核战后的最初几年编写，包含了几乎所有神器和异象的信息。每个游荡者图书管理员都梦想得到这本指南。",,
每日消息,"游荡者！
 
 最后的领地上出现了一个新的异象区：希望农场！为了去农场，你必须组装一辆自行车并完成剧情任务。
 
 在农场，你会遇到敌人，有新的也有熟悉的。帮助幸存者，并与新的头目战斗！击败头目，获得在尖叫森林中生存的装备和武器。
 
 你现在可以在2级和3级实验台上制作特殊的愤怒-F兴奋剂，你可以用它来增加对森林之子造成的伤害20%。请在希望农场寻找生产蓝图和资源。
 
 完成剧情任务，了解新的异象区及其居民背后的故事。祝你在最后的领地好运，游荡者！",,
每日消息,"游荡者，送葬者宣布萨梅迪收割开始！
 
要参加活动，请在避难所与丹巴拉的使者交谈。
 
蛇彭特新娘营地出现在了避难所的东北方。在围栏之外矗立着送葬者祭坛，它们由邪教徒守卫。这些祭坛会增加蛇彭特新娘的力量。摧毁祭坛以削弱这对姐妹，然后与她们战斗。或者打开营地中心的大门，直接去找头目。杀死新娘后，在伏都教巫师宝箱里找到尔兹莉蘑菇，以激活丹巴拉面纱，并召唤出活动头目：瘟疫伏都教巫师。请记住，如果不摧毁祭坛，蛇彭特新娘会变得更加强大！
 
任何想参加的人都可以参加送葬者挑战和萨梅迪收割，并通过在领地上击杀敌人赢得活动点数。如果你在挑战中获胜，可以赢得送葬者戒指，这些戒指可以在兄弟会女商人那里交易铠甲、武器和资源。你可以在活动窗口中花费萨梅迪收割点数兑换奖品。
 
不要错过赢得大量宝贵奖品的机会，收集装饰、武器和送葬者的车辆，并为你的团队增加一个新盟友：哈莉。
 
祝你在最后的领地好运，游荡者！",,
测试版更新​ 28.04.2023,"新特性：
— 限时活动：萨梅迪收割！在蛇彭特新娘营地与瘟疫伏都教巫师和蛇彭特新娘作战。
— 完成剧情任务，参加送葬者挑战和“收割准备工作”优惠，并获得宝贵的奖励！
— 活动期间有一个新的独特盟友：哈莉。
— 有几率领取熟悉的装饰、外观、武器、送葬者自行车和瘟疫医生盟友。

了解有关最后的领地的情况：
— 崇拜尔兹莉洛亚的瘟疫伏都教巫师在送葬者的等级制度中占有特殊的地位：他们负责合成化合物，并利用恶性细菌制备物质。
— 与其他焦尸不同，屠夫是第二波的死灵变异体，能够使用武器。狂腐士崇拜屠夫，认为他是弹坑使者。他们为他锻造了劈刀，作为祭品进贡给他。
— 佩戴栗色贝雷帽的权利只授予在警戒线突破期间表现特别英勇的要塞兵团军官。",,
每日消息,"漫遊者通行證賽季5已開始！
 
 要參加本賽季，請獲取資源並殺死領地各處的敵人，獲得可用來升級戰鬥通行證的點數。更高的等級需要更多的點數。你每週可贏得的點數有限制，這會顯示在主畫面上。你還可以看到達到下一個等級所需的點數。
 
 當你升級通行證時，你將解鎖並獲得珍貴獎品。除賽季5戰利品外的所有獎勵每個賽季只能領取一次。你可以無限次領取賽季戰利品。
 
 賽季獎勵包括見過的和新物品：盔甲、武器、盟友裝備……等等。某些獎勵僅在本賽季提供，像是外觀：荒地頭盔、以及禿鷹背包外觀。其他第5季的獨家內容包括全新的獨特盟友碎片：碳變殭屍獵人金絲桃。
 
 注意：賽季結束後、你將無法再獲得點數。在下一季計數器將重設，你必須重新開始。
 
 你可以在主畫面上看到賽季5的剩餘時間。
 
 祝你戰鬥好運！",,
测试版更新​ 17.05.2023,"新特性：
— 游荡者通行证的第5赛季开始了！通过获取资源和击杀敌人获得点数，提升通行证等级，并领取奖励。
— 独特的赛季盟友： 焦尸猎人金丝桃。
— 新的赛季奖励！荒原恐怖完美武器、新的外观，以及愤怒-D兴奋剂，它可以提升对狂腐士造成的伤害20%。

了解有关最后的领地的情况：
— 研究所对第一波变异体进行了分类，学名为一类拉撒路智人。
— 在核战之前，汉是一名职业军人，在加尔科夫地区服役。
— 每个狂腐士枢机主教手中都有一本带有钨质书页的书，上面刻有盲文版的《荣耀盲者启示录》。",,
测试版更新​ 25.05.2023,"新特性：
— 最后的领地的新地区，带有剧情任务：
小树林！
— 关于森林之子入侵历史的一系列笔记。
— 参加寒冰行动，获得宝贵的奖励，包括盟友碎片：阿月。
— 与其他玩家竞争，获得阿尔法编码器，召唤弗罗斯特中尉。挑战于5月31日开始。
— 游荡者通行证第5赛季继续！通过获取资源和击杀敌人来赢得点数，提升通行证等级，并领取奖励。

了解有关最后的领地的情况：
— 森林之子用生长在变异松树上的蘑菇制作一种特殊的粉末。将其与水混合会产生一种药膏，用来在他们的身体和铠甲上绘制神秘的符号。邪教徒们相信这些符号能给他们带来森林的力量和尖叫之神的祝福。
— 研究所已将长舌僵尸归入学名拉撒路智人长喙天蛾。
— 匪徒是一个由积习不改的罪犯和梦想着扬名立万的年轻新兵组成的杂牌军。其中一个团体的首领是尼克斯，他是仓库帮派从前的成员。",,
每日消息,"游荡者！
 
 最后的领地上出现了一个新的地区：小树林！要到达那里，你必须组装一辆自行车并在希望农场完成剧情任务。
 
 在小树林，你会遇到森林之子。小心他们的毒素攻击！你还会获得机会，收集以前只能在尖叫森林找到的稀有资源。在新的剧情笔记中，你将了解到邪教徒入侵小树林的历史。
 
 寒冰货物现已在领地上出现。它可以在通常地点、异象区和特殊活动中找到。该货物包含研究所钥匙，这些钥匙也可以通过搜索被你杀死的敌人找到，但麋鹿、炮塔、祭坛、异象和方舟设施标本除外。积累钥匙，用它们来打开冷冻宝箱并领取奖励。打开冷冻宝箱可以获得点数，一旦获得2000点，你就可以从研究所冷冻宝箱中获得最宝贵的奖品，包括一个独特盟友的碎片：阿月。
 
 参加挑战，获得阿尔法编码器并召唤出弗罗斯特中尉。领地防御挑战于5月31日开始。
 
 完成剧情任务、与其他玩家竞争，并了解小树林的历史。祝你在最后的领地好运，游荡者！",,
"林务员的报告，
第1部分","时间：12时35分
 发现一个未知的蘑菇品种，生长在松树上。颜色：深浅不一的蓝色和青绿色。
 
地点：在第18-05号界碑东南约400米处，
该界碑位于领地的西北边界。我还注意到根茎和成形的嫩芽，这在这个区域并不典型。
 
时间：14时18分
 通过无线电向军方报告了我的发现。担心这是一种来自尖叫森林的掠夺性物种。
 
时间：16时17分
 绘制并标记了可疑的污染点。
 
时间：21时49分
 收到要塞兵团的消息：继续监测该地区。如果情况恶化，请联系最近的前哨。",,
"林务员的报告，
第2部分","让那些报告见鬼去吧。现在没时间管它们了。今天，我发现了三个木制神像，都有一米多高，上面的树枝向各个方向延伸。现在这一切都说得通了。是森林之子，还能是谁？几十年来，这里除了狼嚎什么都听不到，但过去几天一声狼嚎都没有。
 
 我砍掉了神像和嫩枝。随后感觉空气更干净了，而先前让人难以呼吸。这显然是这些新植物造成的。游荡者说，尖叫森林中的孢子可以害死人。
 
 我开始连根拔掉这些藤蔓并烧掉它们。变化立即可见。森林又有了活力，动物群也回来了。
 
 我向军方请求帮助。在电池耗尽之前，我成功告诉他们派人来帮忙。现在没办法通讯，但我哪里也不会去。我守卫这个岗位30年了，现在绝不会放弃它！我会没事的，这是我的森林，不是他们的！",,
"林务员的报告，
第3部分","今天差点完蛋。我被狼嚎声吵醒了。我很高兴狼群回来了。但那并不是狼群。一个生物冲向我，浑身是水泡，下巴没有皮肤。我开了几枪，但毫无作用。它就是不停地向我冲来。谢天谢地，森林游荡者把那个变异体打倒了。如果没有他们，我就完了。
 
 我向他们说明了这个区域发生的事情。他们的首领格伦说，有角怪物迟早会来。他们自愿在通往山庄的路上挖一些陷阱。到了晚上，他们已经挖好了四个陷阱。
 
 我们一起吃了一顿丰盛、愉快的晚餐，这是理所应当的。当他们准备离开时，格伦建议我跟他们一起走。我用勺子敲了敲他。不是很用力，但足以让他别再这样胡说。
 
 我哪里也不去。这是我的家，也是我的全部生命。我种了几百棵这些树，挽救它们免于着火，多年来一直照顾着它们。这片森林是我的。",,
"林务员的报告，
第4部分","陷阱起作用了。抓到了两个。我一直想知道为什么格伦称他们为有角怪物。他们看起来就像普通人一样，也和普通人一样流血，但真的有角。然后我走近一看，发现那是用头骨和树根做成的面具，为了吓唬人。他们不满足尖叫森林了。他们玷污了自己的家园，所以现在要进入我的家园。
 
 我已经尽可能地加固了小屋，把自己关在里面，但我活不过今天了。他们把我包围了，但并没有攻击。他们是在等待什么东西或什么人吗？
 
 一声尖叫。十分狂野。一声会让人失去理智的、响亮而持久的嚎叫。他们来了。剩下的时间不多了。
 
 看到这些笔记的游荡者会明白的。今天，他们来到了我的家，明天，他们会来到你的家。焚烧你找到的任何神像。砍掉树根。这是唯一能让他们撤退的方法。当他们卷土重来的时候（他们会的），就再次把它们烧掉、砍掉。我会死去，但我的森林仍然会活着。不要让它死掉。用一句好话来纪念库兹米乔夫……",,
要塞兵团侦察员录音,"男声：三号协议。备份录音。谢尔盖，你能听到吗？
 
男声2：听得很清楚，中士。
 
中士：不要走远。他们可能会回来。
 
谢尔盖：收到。
 
中士：铁木辛哥报告。我们到达了二五零八号广场，遭到了尖叫森林邪教徒的攻击。没有损失。我重复……
 
[录音中可以听到笑声。]
 
谢尔盖：嗯，我们没有损失。 
 
中士：你又要把录音搞砸了！
 
谢尔盖：收到。对不起，中士。
 
中士：我重复一遍，在小树林有大量的森林之子。平民库兹米乔夫已经死了。我们至少需要一整个连队来清理这个广场。我们要返回……
 
[可以清楚地听到许多邪教徒的战吼声。]
 
谢尔盖：他们有一大群，中士！
 
中士：我们动手吧，谢尔盖！三点钟方向！
 
[突击步枪的短促射击声。]
 
谢尔盖：撤退！
 
混蛋！太多了……
 
[录音中断。]",,
林务员徽章,一个旧徽章。它属于为了保卫自己的岗位而牺牲的林务员库兹米乔夫。,,
每日消息,"游荡者通行证第6赛季已经开始！
 
 鹰队是这个新赛季的核心。你可以在主界面上看到第6赛季的剩余时间。
 
 若要参加该赛季，请在领地的任何地方获取资源和击杀敌人以赢得点数，这些点数可用于提高战斗通行证的等级。等级越高，需要的点数越多。每周可获得的点数存在上限，主界面上将会显示该限制以及达到下一等级所需的点数。
 
 随着通行证等级的提高，你会解锁并获得珍贵的奖品。除第6赛季奖杯外，所有奖励每个赛季只能领取一次。你可以无限次领取赛季奖杯。
 
 本赛季的奖励包括新旧物品：鹰队铠甲和武器、盟友装备等等。有些奖励只在本赛季提供，例如以下外观：沃尔特头盔、霍克菲斯特帽以及斯纳普-B背包皮肤。第6赛季的其他专属内容包括一个独特盟友的碎片：火龙卷异象，以及新的愤怒-HL兴奋剂和异象接触兴奋剂，它可以增加对仓库、监狱和刽子手巢穴中的焦尸和其他敌人的伤害。
 
 注意：一旦赛季结束，就不能再获得点数。在下一个赛季，计数器会重置，你必须重新开始。
 
 祝你在战斗中好运！",,
测试版更新​ 22.06.2023,"新特性：
— 游荡者通行证的第6赛季开始了！通过获取资源和击杀敌人获得点数，提升通行证等级，并领取奖励。
— 独特的赛季盟友：火龙卷异象。
— 新的赛季奖励！鹰队武器与铠甲、新的外观，以及异象接触兴奋剂和愤怒-HL兴奋剂，用于与头号刽子手战斗。

了解有关最后的领地的情况：
— 候选的灭绝者要经过严格的选拔过程和为期六个月的训练课程，然后进行为期三天的强制行军，穿越异象区。只有少数人能够经受挑战，成为鹰队精英的一部分。
— 自由游荡者兄弟会是在核战三年后成立的。
— 研究所的领地监测部几乎是在核战之后立即成立的。该部门的成员记录了各个异象区的超自然现象，并猎取新的群体物种。他们还利用经多个来源证实的信息，为研究所的管理层编制报告。该部门由M.A. 斯奇平博士领导。",,
每日消息,"游荡者！
 
 钢鹰行动限时活动开始了！一名鹰队联络人准备给你来自莫顿上校的剧情任务。志愿者要完成鹰队差事，并会得到宝贵的奖励。
 
 鹰队也在方舟中准备了一项挑战：使用远程武器击杀头目。如果使用鹰队武器和来自鹰队派系的盟友，你还可以获得更多点数。
 
 鹰队武器在清理领地活动中也很有用。在除方舟外的任何地点使用远程武器击杀敌人。合作模式中不会获得活动点数，由盟友使用近战武器击杀的敌人也不会获得活动点数。麋鹿、炮塔、祭坛和异象都不符合条件。
 
 鹰队派系有一个新的独特盟友：蜘蛛公爵。他只有在活动期间才能召唤。
 
 出类拔萃的幸存者可以期待莫顿的特殊奖励：完美及传奇武器、一个20栏位的鹰队工程师背包，以及独特盟友装备！另外，在活动期间，你可以召唤一个独特盟友：死亡之弓韦恩。
 
 祝你在战斗中好运，游荡者！",,
测试版更新​ 27.06.2023,"新特性：
— 限时活动：钢鹰行动！完成鹰队差事，参加挑战和清理领地活动，并获得宝贵的奖励！
— 活动期间有一个新的独特盟友：蜘蛛公爵。
— 新专家武器：鹰击M108步枪。
— 有机会收集熟悉的装饰、外观和鹰队武器，以及召唤独特盟友：死亡之弓韦恩。
— 游荡者通行证第6赛季继续！通过获取资源和击杀敌人来赢得点数，提升通行证等级，并领取奖励。

了解有关最后的领地的情况：
— 根据鹰队的军事章程，灭绝者只服从莫顿上校个人的命令。
— 根据研究所的分类，这种未经检查的群体物种有一个特殊的名称：拉撒路智人未知种 
 （HLI）。
— “发现通往异象区的通道并率先标记进入异象区路线的成员，有权采取措施进入异象区或拒绝这样做。”——克里姆的规则，出自《兄弟会法则》。",,
每日消息,"游荡者！
 
 《僵尸的黎明》已经4岁了！但即使在这个特殊的日子里，麻烦也在领地上酝酿。
 
 玛拉将会与所有能够进入安全屋项目并在秃鹫营地杀死弗莱耶的幸存者联系，提供有关森林之子攻击领地的信息。
 
 各个地方出现了杂草丛生的货物，从铁荒原到尖叫森林。通过消灭树根和击杀看守它的附身者来打开货物。这些树根和附身者，绿色区地点的除外，都容易受到一种随机类型的异象伤害。
 
 在货物中你会发现试炼点数，可以花费它们在活动窗口中购买奖品。在三条路径中选择一条具有不同奖励的路径，记住：最有价值的战利品是提供给从所有三个路径中获得所有奖品的游荡者的。你可以无限次地领取最后的奖励。
 
 奖励还包括阿尔法编码器，它让你有机会召唤暗黑游荡者、新的装饰和新的完美武器：A极器件！
 
 在绿色、黄色和红色区，尖叫森林、被围困的房屋和伏击中可以每天打开一次货物。在异象区，每次时间重置可以打开每个货物一次。注意，仓库里有两个货物，分别在北侧和南侧。
 
 试炼只是森林之子攻击领地的第一阶段。很快，玛拉将帮助你获得进入附身者竞技场的机会，所有想参加的人都可以参加D.O.Z.周年挑战，以获得宝贵的奖励，包括一个独特盟友碎片：普罗米修斯CHAP-C!
 
 你最喜爱的游戏的周年纪念日快乐，游荡者！",,
维修申请,"来自司机D.A.米哈伊洛夫
 
 备用零件申请
 
 特此申请备用零件以修理我们的UAZ越野车。两天前，我不得不放弃加尔科夫的路线，因为派给我的商贩菲拉托夫用下流的语言宣称，我们有“来自最不友好的*****（淫乱的女人）的紧急订单”，而且他知道一条很短，更重要的是，“安全得像****（极其安全）”的土路。
 
 在“安全得像****（极其安全）”的土路上，我们的UAZ越野车几乎立即遭到了开着快速越野车的秃鹫的手榴弹袭击。装甲外板被撕裂，我们的保安维佳·楚马科夫在反击时受了重伤。他差点被鱼叉刺死，而这家伙一周后就要结婚了！
 
 进气盖、散热器、防弹挡风玻璃和司机车门都需要更换。装甲、侧镜和车头灯也是。我也需要换条新裤子。
 
 签字：米哈伊洛夫
 
 决议：暂停商贩菲拉托夫的贸易活动，并将其调往仓库工作，为期 60 天。商人货车的修理费也将从菲拉托夫的工资中扣除，在 365 天内分期支付完成，每月至少支付 20%。保安V.S. 楚马科夫的治疗费由贸易联盟支付。司机将获得双倍奖金。货物将在 8 月 30 日之前由霍洛多娃的特别车队运送，并对未能按期交货一事表示歉意。
 
 大师代表：莱科维奇",,
商贩的订单,"订单编号1421
 
 “关于加强交易安全性和新的定价政策”
 
 由贸易联盟全体商贩审查和执行。
 
 订单：
 
 1.有关交易业务的报告应送交潘·莱科维奇。
  每周一次！莱科维奇。
 
 2.改善私人保安公司的武器装备。
  向我们在要塞兵团的朋友采购，并至少为三名保安中的一名配备新武器。
 
 3.由于游荡者取回的神器减少，自由游荡者兄弟会代表的武器价格将降低15%。
  已得到高层同意，莱科维奇。
 
 4.任何人不得在交易营地逗留超过 30 分钟。
  超过限制将被剥夺贸易授权，莱科维奇。
 
 5.由于储藏室炖肉数量有限，价格加倍。
  炼乳的价格也一样！莱科维奇。
 
 6.所有商人的货车应在两个月内进行维护。
  由分配给它们的商贩承担费用，莱科维奇。 
 
 7.向商贩发放奖金：
 V.A.塞林
 A.S.德姆琴科
 G.A.沃洛金
 M.S.维洛诺夫
 
 给每个人三条香烟和两公斤铜线，莱科维奇。
 
 签字：大师",,
债务人的录音,"声音：我名叫阿列克谢·米隆诺夫，我录制这段录音是为了以防追债人……
 
 [话音被一声撞击声打断。]
 
 声音2：你这该死的白痴，谢苗。你为什么要砸门？他会开门的。
 
 声音3：谁会开门？阿平，欠我们钱的人绝不会老老实实让我们进去。不信问问那边那个混蛋。对吧，米隆？
 
 米隆：别随便指责。我没有躲着贸易联盟。我……
 
 谢苗：闭嘴。波兰人已经一个月没有你的消息了，但是光阴在流逝，时间已经不多了。你是不死之身还是什么？该死的逆行者？阿平，搜查房子！
 
 米隆：我什么都没有，你们没必要找。我向潘请求过延期，他……
 
 谢苗：别装傻了，米隆，你的一举一动我们都记录在案。你找到什么了吗，阿平？
 
 阿平：都在袋子里，谢苗，我们找到了装在容器里的海胆和聚乙烯塑料卷。
 
 米隆：这里的东西比我欠你们的多得多！而且那不是我的！
 
 谢苗：我不管是谁的，米隆！如果你按时还钱，就不会利滚利了！你想让我们一把火烧了你的房子吗？你想来个“焦尸婚礼”吗？也搜搜他身上，阿平，也许我们还能找到点别的。
 
 [挣扎声和打斗声。]
 
 阿平：这他妈是什么？录音机？！你这混蛋想把我们交给谁？！
 
 米隆诺夫：潘还是会发现你们这些私人保安公司的贱货是怎么做事的，以及你们是怎么为了钱而欺骗他的！
 
 谢苗：别跑！阿平，快去追他！如果波兰人得知这个消息……
 
 [录音中断。]",,
商贩的报告,"致潘·莱科维奇，发自商贩D.A.塞利什切夫
 
 报告
 
 ……七月，我在警戒线以南9公里处拦下一辆货车，用无线电把坐标发到最近的定居点，并进行了计时。第一批买家……我以为他们是买家，几乎马上就到了。我很惊讶他们竟然来得这样快。
 
 警卫格里申出来迎接他们，但立即被打死。另一名警卫日利亚耶夫与袭击者展开了枪战。从“以荣耀盲者和核电站之名！”的喊声中可以清楚地得知，他们是狂腐士邪教徒伪装的。我冲向UAZ越野车，但车门紧闭。警卫阿诺欣没有听从指挥留在驾驶座上。他可能是去“小便”了。
 
 阿诺欣从灌木丛中跑出来，也开了枪。我跑了出去，几个小时后带着两个偶然遇到的游荡者回来了，他们同意陪我来，但要付一定的费用。商人的货车被洗劫一空并烧毁了，警卫们也死了。我对所发生的事情不负任何责任，因为营地的地点已被记入路线表并事先得到批准。
 
 被盗或丢失的装备清单：
 
 —商人的货车（无法修理）
 —两辆护送摩托车（被盗）
 
 [另有35件各种物品。]
 
 签字：塞利什切夫
 
 决议：本文件副本将送交私人保安公司，以便他们惩罚那些负责制定路线的人。将探讨由塞西亚人护送商人的货车的可能性。损失由贸易联盟储备金填补。
 
 莱科维奇",,
保安的录音,"[录音中可以听到马达运转的声音。]

声音：谢苗，她在那边！看到右边的那些灯了吗？

声音2：别说话，阿平。我听说她疯了。她一看到你就会开枪。

[马达关闭。听到脚步声。]

声音3：谁大晚上的来找斯普林特？你想要备用零件吗？

阿平：嗯……给我看看你的贸易授权证，然后你就可以卖东西了！

谢苗：别多嘴，阿平！

斯普林特（嘲讽地）：新来的吧？看到那边树上挂着的框子了吗？我要在你的授权证上吐口水的高度。

谢苗：你懂的，妹子，没有贸易联盟授权证的商人可没好下场……

[枪上膛声。]

斯普林特：“商人”？“妹子”？！你们这些保安脑子有病还是怎么的？放下武器，走开！我不会说第二次！

谢苗：放下，阿平。你确定这是个好主意吗？

[静电噪音。]

声音：时间不多了，斯普林特，说吧！

斯普林特：嘿，你们可以不用再把摩托车送来修理了。我也不会卖零件。你看，我没有授权证嘛。

声音：什么见鬼的授权证？莱科维奇和麦克早就谈妥一切了！

斯普林特：但你的保安不知道这一点，阿山。

阿山（大声）：搞什么啊，小子？！赶紧离开那里！斯普林特，我……

[静电噪音。]

阿平：你以为你现在是塞西亚人的走狗，是个大人物了，是吗？

[开枪。]

阿平：啊啊啊！那个贱货！她朝我的腿开枪了！

斯普林特：给我记住：我就是塞西亚人！

[录音中断。]",,
旧照片,背面有题词：我们的女儿和她最爱的玩具，2021年6月19日。,,assets/images/故事笔记/旧照片--5ed09a3394.png
测试版更新​ 17.07.2023,"新特性：
— 《僵尸的黎明》四周年！周年纪念礼物、新的装饰，以及一个独特盟友：
普罗米修斯CHAP-C。
— 从7月17日到7月31日的限时活动：节日试炼。打开货物，获得积分，并选择领取哪些奖励。
— 一套新的完美矫正者铠甲和一件完美武器：
A极器件。
— 7月31日，D.O.Z.周年挑战开始。在附身者竞技场中战斗并获得硬币，这些硬币可以在活动商人处换取奖励。

了解有关最后的领地的情况：
— 在惩教部的结构中，有几个战斗小组，其活动受到分配给他们的任务的严格管制。
— “新手算不上菜鸟，菜鸟算不上游荡者。”摘自《兄弟会法则》。
— 在自由游荡者兄弟会成立后的最初几年，研究所开始为成员大量配备PDA。一些游荡者仍然拒绝使用游荡者，他们认为科学家使用PDA只是为了监视他们。",,
每日消息,"游荡者通行证第7赛季已经开始！
 
 研究所及其发明是这个新赛季的核心。你可以在主界面上看到第7赛季的剩余时间。
 
 若要参加该赛季，请在领地的任何地方获取资源和击杀敌人以赢得点数，这些点数可用于提高战斗通行证的等级。等级越高，需要的点数越多。每周可获得的点数存在上限，主界面上将会显示该限制以及达到下一等级所需的点数。
 
 随着通行证等级的提高，你会解锁并获得珍贵的奖品。除第7赛季奖杯外，所有奖励每个赛季只能领取一次。你可以无限次领取赛季奖杯。
 
 本赛季的奖励包括新旧物品：传奇武器、铠甲、盟友装备等等。有些奖励只在本赛季提供，例如以下外观：复活者头盔、惩教员面罩以及棱镜-M背包皮肤。第7赛季的其他专属内容包括一个独特盟友的碎片：A.I.S.T.型防御者无人机，以及新的愤怒-HL兴奋剂和接触战斗兴奋剂，它可以增加对仓库、监狱和刽子手巢穴中的焦尸和其他敌人的伤害。
 
 注意：一旦赛季结束，就不能再获得点数。在下一个赛季，计数器会重置，你必须重新开始。
 
 祝你在战斗中好运！",,
测试版更新​ 31.07.2023,"新特性：
— 游荡者通行证的第7赛季开始了！通过获取资源和击杀敌人获得点数，提升通行证等级，并领取奖励。
— 独特的赛季盟友：研究所的无人机  “A.I.S.T.型防御者”。
— 赛季奖励还包括传奇铠甲套装、武器、用于和头号刽子手作战的兴奋剂，以及一套新的外观：复活者头盔、惩教员面罩和棱镜-M背包皮肤。
— 参加D.O.Z.周年挑战。在附身者竞技场中战斗并获得硬币，这些硬币可以在活动商人处换取奖励。

了解有关最后的领地的情况：
— 在森林之心，萨满们用各种异象的宿主举行仪式。献祭之后，献祭者的变异属性会转移到“尖叫之神之子”身上，使他们成为附身者。
— 根据研究所副主任的直接命令，M.A.R.C.U.S.的外观是从小霍洛多夫教授那里复制的。小霍洛多夫教授是高级研究与技术研究所（IART）创始人的儿子，这位创始人原本是研究所的领导，后来失踪了。
— 自由游荡者兄弟会的成员不仅仅是在异象区工作的人员。独行游荡者经常奉命追踪找不到的地窖和战利品藏匿处。",,
测试版更新​ 15.08.2023,"新特性：
— 黑帮又回到了领地！通过击杀敌人及完成猎取钥匙剧情任务，获得黑帮钥匙。
—  活动期间有新的独特盟友：龙爪。
— 有机会收集熟悉的装饰和黑帮武器。 
— 新的专家武器：龙息突击步枪。 
— 游荡者通行证第7赛季继续进行！通过获取资源和击杀敌人获得点数，提升通行证等级并领取奖励。

了解有关最后的领地的情况：
— 在精通秘密行动、契约杀人、夺回珍贵神器和技术方面，没有哪个黑帮部落能与黑龙一族匹敌。
— 多用途自动储备协调系统（M.A.R.C.U.S.）是专门为方舟设施开发的，它记录了进行过的所有实验，有助于减轻科学家的信息负担。
— 自由游荡者兄弟会愿意为任何参加小队外出的游荡者提供共享地窖中的装备和资源，以换取特殊臂章。女商人是中间人，她是团队营地的高层代表。",,
每日消息,"游荡者！ 
 
 逆徒们联系了你，他们正在召集幸存者与黑帮作战。他们队伍中的几位战士已经准备好加入你：熟悉的龙女，以及一个新盟友：龙爪。
 
 龙爪的主动能力可以立即使用：龙爪会消失，然后重新出现在几个敌人的背后，用拳刃对每个敌人造成大量伤害。
 
 逆徒会邀请你参加猎取钥匙活动，
清理领地内的地下室以获得黑帮钥匙。你也可以通过击杀领地上的敌人来获得钥匙，但麋鹿、炮塔、祭坛、异象、方舟标本和地下室的黑帮战士除外。你每天通过杀敌获得的钥匙数量是有限的。黑帮的回归活动窗口会显示你每天还能得到多少把钥匙。
 
 使用钥匙打开黑帮货物，收集独特的奖励。赢得2000点即可访问黑帮头目的货物，其中包含最具价值的活动奖励。
 
 当猎取钥匙活动开始时，你可以在寂静树丛、铁荒原、焦尸土地、森林郊区、荒凉山谷、防风林和尖叫森林中找到黑帮地下室入口。地下室只能在单人模式中发现，当你在小队中时不会发现它们。
 
 在荒凉山谷、防风林或尖叫森林的地下室击杀所有的敌人后，敲锣召唤头目：金龙。你可以不限次数地与头目战斗，但击杀他所获得的奖励每天不能超过两次：在中等战斗模式下击杀他可获得一次奖励，在困难战斗模式下击杀他也可获得一次奖励。
 
 你还可以参加挑战，以获得大量宝贵的奖励。
 
 祝你在战斗中好运，游荡者！",,
测试版更新​ 23.08.2023,"新特性：
— 新的异象区：秃鹫巢穴！
— 关于贸易联盟的一系列笔记。
— 新的秃鹫头目：刀屠者。
— 黑帮的回归：击杀敌人以获得钥匙，
打开货物，并赶快获得活动奖励。
— 游荡者通行证第7赛季继续！通过获取资源和击杀敌人来赢得点数，提升通行证等级，并领取奖励。

了解有关最后的领地的情况：
— 伊斯克拉站的火车站大楼16年前被秃鹫占
据了。迄今为止，所有驱赶他们的尝试都以失败告终。
— 伏都教巫师“铸造者”完美地掌握了伏都教
仪式，他是洛亚神昂贡的第一批仆从之一，为送葬者制造铠甲和武器。许多邪教徒现在相信他能看到过去和未来。
— 由荣耀盲者亲自任命和祝福的核判官们来到领地的目的只有一个，那就是从根本上烧毁异端及其支持者和维护者。",,
每日消息,"游荡者！
 
 最后的领地上出现了一个新的异象区：秃鹫巢穴！为了前往秃鹫巢穴，你必须组装一辆摩托车。
 
 在秃鹫巢穴，你会遇到敌人，有新的也有熟悉的。帮助莱科维奇解决贸易联盟和斯普林特之间的冲突，并与新的头目，刀屠者战斗！击败头目，获得电力神器，该神器可与要塞前哨的少尉交易，换取宝贵的装备。
 
 完成剧情任务，了解贸易联盟和斯普林特之间的冲突背后的故事。祝你在最后的领地好运，游荡者！",,
每日消息,"游荡者通行证第8赛季已经开始！
 
 尖叫森林及其居民是这个新赛季的核心。你可以在主界面上看到第8赛季的剩余时间。
 
 若要参加该赛季，请在领地的任何地方获取资源和击杀敌人以赢得点数，这些点数可用于提高战斗通行证的等级。等级越高，需要的点数越多。每周可获得的点数存在上限，主界面上将会显示该限制以及达到下一等级所需的点数。
 
 随着通行证等级的提高，你会解锁并获得珍贵的奖品。除第8赛季奖杯外，所有奖励每个赛季只能领取一次。你可以无限次领取赛季奖杯。
 
 本赛季的奖励包括新旧物品：传奇武器、铠甲、盟友装备等等。有些奖励只在本赛季提供，例如森林萨满面具外观。第8赛季的其他专属内容包括一个独特盟友的碎片：黑暗守护者伊瓦尔，以及新的装备：可以增加散弹枪伤害的游荡者弹链，以及能够减少传入毒素伤害并增加你的重伤伤害的血色吸附剂神器。
 
 注意：一旦赛季结束，就不能再获得点数。在下一个赛季，计数器会重置，你必须重新开始。
 
 祝你在战斗中好运！",,
测试版更新​ 04.09.2023,"新特性：
— 游荡者通行证的第8赛季开始了！通过获取资源和击杀敌人获得点数，提升通行证等级，并领取奖励。
— 独特的赛季盟友：黑暗守护者伊瓦尔，尖叫森林的萨满。
— 新的赛季奖励！专家武器，致命噬咬和尖叫之神的复仇，新的外观，以及新装备：游荡者弹链和血色吸附剂神器。

了解有关最后的领地的情况：
— 斯肯尼是一个臭名昭著的杀人犯和虐待狂，也是仓库帮派的头目之一，他在成为不死的刽子手之前就已经令人闻风丧胆。在仓库的某个地方，你还能找到他死前折磨受害者取乐的房间。
— 亲眼目睹索洛波夫指挥官如何失明的人都不在了。我们唯一知道的是，那发生在核战期间，在争夺核电站的战斗中。
— 很长一段时间以来，要塞兵团的远程监视操作员，或者通过某种途径得到他们装备的人，都被误认为是暗黑游荡者。灾难酒吧的健谈客人讲述了许多关于他的故事。但也有一些人见过真正的暗黑游荡者。这些人则没有讲述任何故事。",,
测试版更新​ 13.09.2023,"新特性：
— 限时活动：暗区突破！通过摧毁裂痕和它们的焦尸获得点数。
— 花费这些点数来沿着三条不同的路径前进，每条路径都有独特的奖励。
— 于活动期间可用的独特盟友：黑暗简妮。
— 灭绝开始：带有额外奖励的剧情任务。
— 游荡者通行证的第8赛季继续！通过获取资源和杀敌获得点数，提升通行证等级，并领取奖励。

了解有关最后的领地的情况：
— 研究所已将肌肉焦尸归入学名拉撒路智人巨像。
— 核电站祝福仪式由荣耀盲者亲自主持。他引导弹坑的力量流经他自己，将变异能力赋予特别杰出的狂热分子。
— “没有什么不能卖，没有什么不能买”——根据这一规则，贸易联盟的商人们会出售匪徒偷窃和掠夺而来的商品。",,
每日消息,"游荡者！
 
 研究所通知，发生了新的暗区突破。从铁荒原到荒凉山谷以及尖叫森林，领地各处都出现了黑暗裂痕。摧毁它们以阻止突破！黑暗裂痕和新出现的敌人在除绿色区的所有区域都容易受到某一类型的异象伤害。它们的脆弱性类型每天改变一次。
 
 平息裂痕将会召唤特殊类型的焦尸，消灭它们可以获得活动点数！在尖叫森林中，除了黑暗裂痕焦尸，你还会遇到另一种类型的敌人：受暗区散发的能量影响的森林之子。
 
 绿色和黄色区的裂痕每天可以摧毁15次，红色区10次，尖叫森林4次。限制每天重置。
 
 花费点数沿着三条不同的路径前进，每条路径都有独特的奖励。请记住，最珍贵的战利品将提供给在路径中集齐每种奖励的游荡者。活动的最终奖励可以无限次获得。
 
 暗区突破将持续14天。活动结束后48小时内，玩家仍可花费获得的点数。
 
 在暗区突破奖励中，你会找到阿尔法编码器，可以用它来召唤一个独特盟友：黑暗简妮。奖励还包括晶体树装饰和避难所的帮手！如果你的装饰和帮手已经达到上限，那么奖励将换成一个Mk.1核炬士背包和阿尔法编码器。
 
 祝你在战斗中好运，游荡者！",,
每日消息,"游荡者！

这是一个警告：对领地的狂腐士入侵即将开始。根据我们的信息，邪教徒战斗小队正前往地下的狂腐士基地：地穴。他们随处可见，从寂静树丛到尖叫森林。

击败狂热分子小队后，请在宝箱中找到狂腐士钥匙。使用钥匙在活动窗口中打开货物并获得独特的奖励。你打开的每个货物都会给你点数。收集2000点即可获得枢机主教货物以及最有价值的活动奖励。你还可以在商人营地和特殊活动地点找到狂腐士宝箱。

货物钥匙也可以在方舟中完成头目楼层后，在方舟CHAP箱子中找到。

在绿色和黄色地点每天可完成地穴5次，在红色地点每天完成3次，在尖叫森林中每天完成3次。限制每天都会重置。

祝你在战斗中好运，游荡者！",,
测试版更新​ 29.09.2023,"新特性：
— 限时活动：狂腐士入侵。在地穴中找到钥匙并打开有奖励的货物。
— 活动期间有新的独特盟友：核辉光先知。
— 有机会收集熟悉的装饰和狂腐士武器。
— 游荡者通行证第8赛季继续进行！通过获取资源和击杀敌人获得点数，提升通行证等级并领取奖励。

了解有关最后的领地的情况：
— 领导一个分区的火焰主教，由荣耀盲者亲自任命。
— 根据研究所的分类，食尸鬼属于焦尸区的混合生物形态。
— 核战之后，加尔科夫地区一个名为“命运”的大型市场成为了贸易联盟和私人保安公司的中转站。",,
每日消息,"游荡者通行证第9赛季已经开始！
 
 送葬者及他们所崇拜的洛亚神是这个新赛季的核心。你可以在主界面上看到第9赛季的剩余时间。
 
 若要参加该赛季，请在领地的任何地方获取资源和击杀敌人以赢得点数，这些点数可用于提高战斗通行证的等级。等级越高，需要的点数越多。每周可获得的点数存在上限，主界面上将会显示该限制以及达到下一等级所需的点数。
 
 随着通行证等级的提高，你会解锁并获得珍贵的奖品。除第9赛季奖杯外，所有奖励每个赛季只能领取一次。你可以无限次领取赛季奖杯。
 
 本赛季的奖励包括新旧物品：传奇武器、铠甲、盟友装备等等。有些奖励只在本赛季提供，例如萨梅迪英雄面具外观。第9赛季的其他专属内容包括一个独特盟友的碎片：丹巴拉龙卷风异象，以及新的装备：要塞兵团弹药，它可以将你的重型武器伤害提升10%。
 
 注意：一旦赛季结束，就不能再获得点数。在下一个赛季，计数器会重置，你必须重新开始。
 
 祝你在战斗中好运！",,
测试版更新​ 09.10.2023,"新特性：
— 游荡者通行证的第9赛季开始了！通过获取资源和击杀敌人获得点数，提升通行证等级，并领取奖励。
— 独特的赛季盟友：酸性异象丹巴拉龙卷风。
— 新的赛季奖励！专家武器、具备酸性伤害的完美武器、新的外观以及新装备：要塞兵团弹药，它可以将重型武器伤害提升10%。

了解有关最后的领地的情况：
— 根据伏都教巫师所侍奉的洛亚神不同，他们的仪式可能以和平或死亡告终。
— 研究所的机器人能在为多项研究采集亡灵起源标本时，最大限度地减少后勤部的员工损失。
— 灾难酒吧由自由游荡者兄弟会管理。每个游荡者都有责任保卫它。",,
每日消息,"游荡者，在万圣节前的几天里，又有人在领地上看到了南瓜脑袋！
 
 蛇彭特新娘营地出现在了避难所的东北方。在围栏之外矗立着送葬者祭坛，它们由南瓜脑袋守卫。这些祭坛会增加蛇彭特新娘的力量。摧毁祭坛以削弱她们，然后与她们战斗。或者打开营地中心的大门，直接去找头目。杀死新娘后，在伏都教巫师宝箱里找到尔兹莉蘑菇，以激活丹巴拉面纱，并召唤出活动头目：瘟疫伏都教巫师。
 
 对于那些没有在领地上庆祝过万圣节的幸存者，或者那些忘记了从前曾与南瓜脑袋遭遇的人，我们准备了特别的“万圣节准备工作”剧情任务。击杀送葬者和南瓜脑袋，在任何绿色区劈砍巨型南瓜，并收集“领地的万圣节”点数。
 
 一旦你完成了万圣节准备工作，就可以解锁万圣节庆祝活动。完成活动剧情任务，领取各种宝贵的奖励。庆祝活动由三个阶段组成。你可以在相应的窗口中看到距离下一个阶段的时间。
 
 任何想参加的人都可以参加万圣节挑战和“领地的万圣节”，并通过在领地上击杀敌人获得活动点数。如果你在挑战中获胜，可以得到送葬者戒指，这些戒指可以在兄弟会女商人那里交易铠甲、武器和资源。你可以在活动窗口中花费“领地的万圣节”点数兑换奖品。
 
不要错过这个机会，赚取大量宝贵奖励，收集装饰品、武器和送葬者车辆，还能为你的团队添加两位独特盟友：哈莉和瘟疫医生。
 
 我们祝你度过一个恐怖的万圣节，游荡者！",,
测试版更新​ 20.10.2023,"新特性：
— 限时活动：万圣节！在蛇彭特新娘营地与瘟疫伏都教巫师和蛇彭特新娘作战。
— 完成万圣节庆祝活动剧情任务，参加挑战和“领地的万圣节”特殊活动，并获得宝贵的奖励！
— 新武器，并有几率领取熟悉的装饰、外表、武器和送葬者自行车。

了解有关最后的领地的情况：
— 蛇彭特新娘是丹巴拉最狂热的仆从，她们经历了灵魂转生仪式后，可以成为其中一个洛亚神的曼波阿索格。
— 研究所已将核辉光归入学名R-辐射。
— 赤红鹰队私人军事企业由帕特里克·莫顿于
2012年创立。",,
测试版更新​ 13.11.2023,"新特性：
— 游荡者通行证的第10赛季开始了！通过获取资源和击杀敌人获得点数，提升通行证等级，
并领取奖励。
— 独特的赛季盟友：研究所的无人机：A.I.S.T.型阿瑞斯。
— 新的赛季奖励！研究所的完美武器、新的外观以及新装备：扩张弹药，它可以将手枪伤害提升10%。

了解有关最后的领地的情况：
— 研究所对第二波变异体进行了分类，学名为二类拉撒路智人。
— 塞西亚人是游牧民族，他们从不在一个地方呆太久。以这种方式躲避土匪和焦尸。
— 在游荡者的俚语中，“标记”的意思是在异象区找到一条安全路线。",,
每日消息,"游荡者通行证第10赛季已经开始！
 
 在新赛季中，研究所和它的发明再次成为焦点。你可以在主界面上看到第10赛季的剩余时间。
 
 若要参加该赛季，请在领地的任何地方获取资源和击杀敌人以赢得点数，这些点数可用于提高战斗通行证的等级。等级越高，需要的点数越多。每周可获得的点数存在上限，主界面上将会显示该限制以及达到下一等级所需的点数。
 
 随着通行证等级的提高，你会解锁并获得珍贵的奖品。除第10赛季奖杯外，所有奖励每个赛季只能领取一次。你可以无限次领取赛季奖杯。
 
 本赛季的奖励包括新旧物品：完美和传奇武器、铠甲、盟友装备等等。有些奖励只在本赛季提供，例如研究所拉撒路智人头盔和质子背包。第10赛季的其他专属内容包括一个独特盟友的碎片：A.I.S.T.型阿瑞斯无人机，以及新的装备：扩张弹药，它可以将你的手枪伤害提升10%。
 
 注意：一旦赛季结束，就不能再获得点数。在下一个赛季，计数器会重置，你必须重新开始。
 
 祝你在战斗中好运！",,
每日消息,"游荡者！
 
钢鹰行动限时活动开始了！一名鹰队联络人准备给你来自莫顿上校的剧情任务。志愿者要完成鹰队差事，并会得到宝贵的奖励。
 
鹰队也在方舟中准备了一项挑战：使用远程武器击杀头目。如果使用鹰队武器和来自鹰队派系的盟友，你还可以获得更多点数。
 
鹰队武器在清理领地活动中也很有用。在除方舟外的任何地点使用远程武器击杀敌人。合作模式中不会获得活动点数，由盟友使用近战武器击杀的敌人也不会获得活动点数。麋鹿、炮塔、祭坛和异象都不符合条件。
 
出类拔萃的幸存者可以期待莫顿的特殊奖励：完美及传奇武器、一个20栏位的鹰队工程师背包、独特盟友装备，以及一款新的背包皮肤：加尔科夫队长！另外，在活动期间，你可以召唤独特盟友：死亡之弓韦恩和蜘蛛公爵。
 
祝你在战斗中好运，游荡者！",,
测试版更新​ 20.11.2023,"新特性：
— 限时活动：钢鹰行动！完成鹰队差事，参加挑战和清理领地活动，并获得宝贵的奖励！
— 活动期间的独特盟友：蜘蛛公爵和死亡之弓韦恩。
— 有机会收集熟悉的装饰和鹰队武器，以及新的背包皮肤：加尔科夫队长。
— 游荡者通行证第 10 赛季继续进行！通过获取资源和击杀敌人获得点数，提升通行证等级并领取奖励。

了解有关最后的领地的情况：
— 人们认为狂腐士对变异寒冷的脆弱性与他们在入会仪式中经历的弹坑阿尔法变异种子的影响有关。
— 游荡者可以在灾难酒吧避难。如果没有携带战利品，他们可以赊账吃喝。核辉光之后，游荡者或他们的团队必须在一周内还清欠款。
— 异象活动研究部的科学家们依靠实地考察进行研究，包括对最后的领地民间传说的详细记录。",,
测试版更新​ 11.12.2023,"新特性：
— 2024 年新年！参加12月11日到12月27日的寒冰试炼，并在12月11日到12月20日的节日挑战中完成冬季准备工作剧情任务并获得奖励。
— 参加12月20日到12月27日的领地上
的新年活动。
— 参加盟友挑战，清理坎卜斯设施，完成特使的剧情任务，并领取12月27日到1月8日的所有节日活动奖励。
— 新的独特盟友：游荡者圣诞老人。
— 有机会领取熟悉的新年装饰和外观。
 

了解有关最后的领地的情况：
— 阿糖在核战前开设了灾难酒吧，很快就成了肾上腺素上瘾者、求生主义者和摩托车手的聚集地。
— 方舟设施最初是作为要塞兵团特种部队作战营的指挥中心而建造的，但由于核战，它从未被使用过。
— [数据已抹除]。",,
每日消息,"新的限时活动：2024年新年！
 
节日气氛十分浓厚！游荡者圣诞老人即将来到避难所，而且冬季特使为你准备了一份礼物：冰霜武器和节日美食。你可以在新年营地领取礼物。
 
领地上现在可以找到寒冰货物。它可以在通常地点、异象区和特殊活动中发现。货物内有冬季钥匙，这些钥匙也可以通过搜索你击杀的敌人找到，但麋鹿、炮塔、祭坛、祭坛和方舟设施标本除外。积累钥匙，用它们来打开冰霜宝箱并收集奖励。打开宝箱可以获得点数，一旦你获得了2.000点，就可以从新年宝箱中领取最宝贵的奖品。
 
注意：寒冰货物只在有限的时间内提供。它在活动的第二阶段会消失。货物消失后，你可以通过击杀敌人和完成每日剧情任务获得冬季钥匙。
 
任何在避难所与游荡者圣诞老人交谈的人都可以参加节日挑战。在领地上击杀敌人，在方舟设施中清理楼层，赚取新年装饰球，与冬季特使交易。
 
特使会告诉你有关冬季准备工作的剧情任务。完成这些剧情任务可以获得宝箱钥匙和一个新的独特盟友碎片：游荡者圣诞老人！
 
这个新年庆祝活动将非常紧凑，由3个阶段组成。在第二和第三阶段，会有盟友挑战、领地上的新年活动、大量具有宝贵奖励的剧情任务以及来自鹰队派系的盟友：弗罗斯特中尉。
 
在活动期间，你也将有机会制作原有的和新的物品：雪友装饰、传奇冰霜黄蜂、专家AK步枪和完美D-273设备。
 
圣诞快乐、新年快乐，游荡者！
我们祝你节日快乐，获得大量的战利品！",,
测试版更新​ 18.12.2023,"新特性：
— 游荡者通行证的第11赛季开始了！通过获取资源和击杀敌人获得点数，提升通行证等级，
并领取奖励。
— 本赛季的新奖励包括新的专业武器、新外观和新装备--战前弹药，可使突击步枪的伤害提高 10%。
— 一个独特的赛季盟友，鹰队老兵：
斗牛犬迈克中士。
— 新年庆祝活动仍在继续，抓紧时间收集所有活动奖励！
 

了解有关最后的领地的情况：
— 狗狗泰加是克里姆的队员在一次前往旧加油站的途中发现的，当时它还是一只小狗。
— 扎顿餐厅建于1975年，位于列贝德湖畔。
— 要塞兵团特种部队的快速反应营配备有轻型和重型装甲车。这些部队专门用于在警戒线的守卫区之一消灭突破。",,
每日消息,"游荡者通行证第11赛季已经开始！
 
在新赛季中，鹰队再次成为焦点。你可以在主界面上看到第11赛季的剩余时间。
 
若要参加该赛季，请在领地的任何地方获取资源和击杀敌人以赢得点数，这些点数可用于提高战斗通行证的等级。等级越高，需要的点数越多。每周可获得的点数存在上限，主界面上将会显示该限制以及达到下一等级所需的点数。
 
随着通行证等级的提高，你会解锁并获得珍贵的奖品。除第11赛季奖杯外，所有奖励每个赛季只能领取一次。你可以无限次领取赛季奖杯。
 
本赛季的奖励包括新旧物品：完美和传奇武器、铠甲、盟友装备等等。有些奖励只在本赛季提供，例如RP-1000摩托车头盔和鹰队直升机驾驶员眼镜的外观。第11赛季的其他专属内容包括一个独特盟友的碎片：斗牛犬迈克中士，以及新的装备：战前弹药，它可以将你的突击步枪伤害提升10%。
 
注意：一旦赛季结束，就不能再获得点数。在下一个赛季，计数器会重置，你必须重新开始。
 
祝你在战斗中好运！",,
测试版更新​ 27.12.2023,"新特性：
— 新的异象区：水泵站。与最危险的头目之一：鼠王战斗！
— 游荡者通行证的第11赛季已经开始！通过获取资源和击杀敌人获得点数，提升通行证等级，并领取包括新的独特盟友、新外观和装备在内的奖励！
— 新年庆祝活动仍在继续，抓紧时间收集所有活动奖励！
 

了解有关最后的领地的情况：
— 黑鸟的团队是游荡者第一次集会上成立的七支团队之一。
— 根据研究所的分类，A303属于第三类神器。游荡者们称它为天青石。
— 鹰队中士委员会是决定候选人是否值得在鹰队专家小队中接受训练的首个也是最终的权威机构。",,
每日消息,"游荡者！
 
 最后的领地出现了一个新的异象区：水泵站！要到达那里，你必须组装一辆摩托车，并在避难所中与瑞弗特交谈。
 
 在水泵站，你会遇到新老敌人。完成派系任务，查明黑鸟团队中的游荡者发生了什么事，并与领地中最危险的头目之一：鼠王战斗！
 
 要保护自己不受水泵站下水道中的窒息毒气伤害，请使用新装备：军用防毒面具，你可以在要塞前哨与少尉交易获得。
 
 游荡者通行证第11赛季继续进行！通过获取资源和击杀敌人获得积分，提升通行证等级，并领取奖励。
 
 祝你您在战斗中好运，游荡者。",,
测试版更新​ 22.01.2024,"新特性：
— 游荡者通行证的第12赛季开始了！通过获取资源和击杀敌人获得点数，提升通行证等级，并领取奖励。
— 独特的赛季盟友：研究所的无人机：黑暗幽灵。
— 新的赛季奖励！专家SVD、新的外观以及新装备：穿甲弹，它可以将步枪伤害提升10%，对铠甲的伤害提升20%。
 

了解有关最后的领地的情况：
— 研究所已将千钧怪归入学名软膏质拉撒路智人巨像。
— 如果所有参加集会的游荡者中的大多数赞同执行内部团队规则和惩罚措施，则可将其引入兄弟会法则。
— 研究所的科学家们为要塞兵团的突击队开发出了机械化铠甲套件[数据已抹除]。",,
每日消息,"游荡者通行证第12赛季已经开始！
 
 在新赛季中，暗区成为了焦点。你可以在主界面上看到第12赛季的剩余时间。
 
 若要参加该赛季，请在领地的任何地方获取资源和击杀敌人以赢得点数，这些点数可用于提高战斗通行证的等级。等级越高，需要的点数越多。每周可获得的点数存在上限，主界面上将会显示该限制以及达到下一等级所需的点数。
 
 随着通行证等级的提高，你会解锁并获得珍贵的奖品。除第12赛季奖杯外，所有奖励每个赛季只能领取一次。你可以无限次领取赛季奖杯。
 
 本赛季的奖励包括新旧物品：完美和传奇武器、铠甲、盟友装备等等。有些奖励只在本赛季提供，例如外观：灭绝者防护面具和黯黑-M稳定器。第12赛季的其他专属内容包括一个独特盟友的碎片：黑暗幽灵，以及新的装备：穿甲弹，它可以将你的步枪伤害增加10%、对铠甲的伤害增加20%。
 
 注意：一旦赛季结束，就不能再获得点数。在下一个赛季，计数器会重置，你必须重新开始。
 
 祝你在战斗中好运！",,
测试版更新​ 30.01.2024,"新特性：
— 限时活动：春节！参加挑战并猎取钥匙，
打开黑帮货物并领取奖励。
— 新的独特盟友：炎龙。
— 有几率获得黑帮装饰和武器。
— 在新的工作台拆解你不需要的装备，用备用零件换取贵重的战利品！
— 游荡者通行证第12赛季继续进行！赢得点数、升级通行证并获得奖品。
 

了解有关最后的领地的情况：
— 赤龙部落是黑帮最大的部落之一。他们的战士一直是巨龙小队的主力。
— 根据研究所的分类，A302属于第三类神器。游荡者们称它为爆裂糖果。
— 送葬者的作战目标并不是消灭最后的领地中的幸存者，而是让他们屈从于自己的意志，借助仪式改变他们的宗教信仰，让他们成为丹巴拉的仆从。然而，这并不能阻止邪教徒立即杀害任何试图违背洛亚神意志的人。",,
每日消息,"游荡者！ 
 
 逆徒们联系了你，他们正在召集幸存者与黑帮作战。他们队伍中的几位战士已经准备好加入你：熟悉的盟友龙爪，以及一位新盟友：炎龙。
 
 逆徒会邀请你参加猎取钥匙活动， 清理领地内的地下室以获得黑帮钥匙。你也可以通过击杀领地上的敌人来获得钥匙，但麋鹿、炮塔、祭坛、异象、方舟标本和地下室的黑帮战士除外。你每天通过杀敌获得的钥匙数量是有限的。春节活动窗口会显示你每天还能得到多少把钥匙。
 
 使用钥匙打开黑帮货物，收集独特的奖励。赢得2000点即可访问黑帮头目的货物，其中包含最具价值的活动奖励。
 
 当猎取钥匙活动开始时，你可以在寂静树丛、铁荒原、焦尸土地、森林郊区、荒凉山谷、防风林和尖叫森林中找到黑帮地下室入口。地下室只能在单人模式中发现，当你在小队中时不会发现它们。
 
 在荒凉山谷、防风林或尖叫森林的地下室击杀所有的敌人后，敲锣召唤头目：金龙。你可以不限次数地与头目战斗，但击杀他所获得的奖励每天不能超过两次：在中等战斗模式下击杀他可获得一次奖励，在困难战斗模式下击杀他也可获得一次奖励。
 
 你还可以参加挑战，获得大量宝贵的奖励，并有机会为你的团队增加新的同伴。
 
 所有达到40级的玩家都可以设置一个新的工作台，用于拆解不需要的装备以获取备用零件。在避难所中完成老头子的剧情任务就能获得工作台的蓝图。你可以在仓库附近的游荡者营地用备用零件向维因换取贵重的战利品。
 
 祝你在战斗中好运，游荡者！",,
测试版更新​ 23.02.2024,"新特性：
— 限时活动：暗区突破！通过摧毁裂痕和它们的焦尸获得点数。
— 花费这些点数来沿着三条不同的路径前进，每条路径都有独特的奖励。
— 于活动期间可用的独特盟友：黑暗简妮。
— 灭绝开始：带有额外奖励的剧情任务。

了解有关最后的领地的情况：
— “在新黎明的边界之外，远征队首领应对进行的研究承担全部责任。”，出自《研究所远征守则》第1.3条。
— “在前往异象区的计划远征中醉酒，将被没收战利品三次。”，出自《兄弟会法则》中的酒壶规则。
— 狂腐火葬者是最痴迷的邪教狂热分子之一。他们用燃烧弹鸡尾酒武装自己，在攻击定居点和防守狂腐士地穴方面都很擅长。",,
每日消息,"游荡者！
 
 研究所通知，发生了新的暗区
突破。从铁荒原到荒凉山谷以及尖叫森林，领地各处都出现了黑暗裂痕。摧毁它们以阻止突破！黑暗裂痕和新出现的敌人在除绿色区的所有区域都容易受到某一类型的异象伤害。它们的脆弱性类型每天改变一次。
 
 平息裂痕将会召唤特殊类型的焦尸，消灭它们可以获得活动点数！在尖叫森林中，除了黑暗裂痕焦尸，你还会遇到另一种类型的敌人：受暗区散发的能量影响的森林之子。
 
 绿色和黄色区的裂痕每天可以摧毁15次，红色区10次，尖叫森林4次。限制每天重置。
 
 花费点数沿着三条不同的路径前进，每条路径都有独特的奖励。
请记住，最珍贵的战利品将提供给在路径中集齐每种奖励的游荡者。活动的最终奖励可以无限次获得。
 
 暗区突破将持续14天。活动结束后
48小时内，玩家仍可花费获得的点数。
 
 在暗区裂痕奖励中，你会找到阿尔法编码器，可用于召唤一个新的独特盟友：黑暗简妮。奖励还包括晶体树装饰、避难所帮手、一把新的专家散弹枪“击锤”，以及可以提升专家武器伤害10%的新装备！如果你的装饰和帮手已经达到最大数量，那么奖励将会改为包括一个Mk.1核炬士背包和阿尔法编码器。
 
 祝你在战斗中好运，游荡者！",,
每日消息,"春天到了！有人在领地各处安放了彩蛋，而神秘的生物正在追寻它们。来见见兔头！噢，不要忘了节庆剧情任务的奖励。
 
 完成剧情任务及在领地上的特殊篮子里找到密封彩蛋可获得春季节庆点数。你可以在常规的绿色和黄色区域找到彩蛋篮子，每天最多5次，在红色区每天最多3次。
 
 你需要在神器识别器处识别彩蛋，并将它们交给彩蛋收集者来换取活动点数。你会在你避难所的风车旁找到他。你可以从兔头那里获得神器解码器。
 
 激活春季节庆高级模式，可获得更多剧情任务点数并解锁全部奖励。你也可以在PDA界面中花费黄金完成剧情任务。
 
 在活动奖励中，你会找到制作全新专家武器的材料、完美武器、节日装饰、一个20栏位彩蛋收集者背包，以及外表碎片。奖励还可能包括一个独特盟友的碎片：游荡者电击者。你可以在领地内的彩蛋篮子中找到用于制作宽敞的木材和金属储藏室的零件！
 
 祝你好运，游荡者！",,
每日消息,"游荡者通行证第13赛季已经开始！
 
 在新赛季中，送葬者和他们崇拜的洛亚神将占据中心舞台。你可以在主界面上看到第13赛季的剩余时间。
 
 若要参加该赛季，请在领地的任
何地方获取资源和击杀敌人以赢得点数，这些点数可用于提高战斗通行证的等级。等级越高，需要的点数越多。每周可获得的点数存在上限，主界面上将会显示该限制以及达到下一等级所需的点数。
 
 随着通行证等级的提高，你会解锁并获得珍贵的奖品。除第13赛季奖杯外，所有奖励每个赛季只能领取一次。你可以无限次领取赛季奖杯。
 
 本赛季的奖励包括新旧物品：完美和传奇武器、铠甲、盟友装备等等。你还可以为自己的角色获得新的外观：领地的乌鸦和死亡男爵。第13赛季的其他独家内容还包括独特盟友的碎片：昂贡伏都教巫师。精英差事奖励包括一个新的20栏位送葬者背包，它可以减少酸性武器的耐用性损失，并使所有酸性伤害提高15%。
 
 注意：一旦赛季结束，就不能再获得点数。在下一个赛季，计数器会重置，你必须重新开始。
 
 祝你在战斗中好运！",,
测试版更新​ 26.02.2024,"新特性：
— 游荡者通行证的第13赛季开始了！通过获取资源和击杀敌人获得点数，提升通行证等级，并领取奖励。
— 独特的赛季盟友：昂贡伏都教巫师。
— 新的赛季奖励！专家双十字弓和一个新的外观。精英差事奖励包括一个新的20栏位送葬者背包，它可以减少酸性武器的耐用性损失，并使所有酸性伤害提高15%。
— 暗区裂痕！消灭裂痕及其焦尸来获得点数，沿着三条不同的路径前进并获得珍贵的奖励。在3月10日之前领取！

了解有关最后的领地的情况：
— 一个堆满有毒废物的地下仓库，成了伟
大蛇彭特定居点的主要圣地：巫毒神殿。在领地中，这个地点被称为“坟墓”。
— “时刻保持警惕！当你离开新黎明的警戒线，你就离开了安全地带。”出自《研究所远征
守则》第3.1条。
— 大多数违反《兄弟会法则》的行为的惩罚方式都是向共享地窖支付“罚金”。",,
测试版更新​ 25.03.2024,"新特性：
— 领地上的春季节庆！完成剧情任务，寻找和识别彩蛋，击杀兔头。
— 活动期间可获得新的独特盟友：游荡者电击者。
— 新的专家武器：协同-S设备。
— 有机会收集兔子CHAP-M装饰、喷泉-E模块和法贝热模块、节日面具、一个背包外观，还有大容量容器，用于储存木材和金属。

了解有关最后的领地的情况：
— “愿这沉重成为我永恒的同伴，消除我的一切怀疑，
 我强化自己的身体和信念，令我在死亡面前不再恐惧，而是将死亡加诸于那些迷失的人！
 永恒之火的高温净化了我身体的一切恶行，我相信核辉光的慈悲和保护，
 在我们旅途的重压下，世界只余下尘土和
灰烬，
 在弹坑的庇佑下，我下跪发出永恒的誓言，奉行您光明的旨意！
 赞美核辉光，赞美核电站，赞美永恒之火！”
——狂腐士枢机主教的入教祷词。
—  “在研究异象区时，至少应有一名研究人员留在其边界之外，以便及时救援或发出信号以通知救援小队到来。”——《研究所远征守则》
第3.3段。",,
测试版更新​ 01.04.2024,"新特性：
— 游荡者通行证的第14赛季开始了！通过获取资源和击杀敌人获得点数，提升通行证等级，
并领取奖励。
— 独特的赛季盟友：格罗莫夫上士。
— 新的赛季奖励：专家突击步枪“雷暴-S凯旋”、完美要塞火焰喷射器和新的外观。
— 拆解工作台：新增拆解盟友的普通和稀有装备的能力。
— 领地上的春季节庆活动继续！完成剧情
任务，寻找和识别彩蛋，击杀兔头。

了解有关最后的领地的情况：
— LRS的组织架构在军队单位中并不多见，它由五个排组成。
— “研究所对一个异象区完成科学远征的目的是进行特定的研究，以及研究最后的领地中的地区，或在新黎明周边之外进行科学实验。”——《研究所远征守则》第1.1段。
— 核战门徒是荣耀盲者人最早的追随者之一，后来成为他的贴身护卫。",,
每日消息,"游荡者通行证第14赛季已经开始！
 
 在新赛季中，保卫领地、抵御邪教徒和焦尸的要塞兵团战士将占据中心舞台。你可以在主界面上看到第14赛季的剩余时间。
 
 若要参加该赛季，请在领地的任何
地方获取资源和击杀敌人以赢得点数，这些点数可用于提高战斗通行证的等级。等级越高，需要的点数越多。每周可获得的点数存在
上限，主界面上将会显示该限制以及达到下一等级所需的点数。
 
 随着通行证等级的提高，你会解锁并获得珍贵的奖品。除第14赛季奖杯外，所有奖励每个赛季只能领取一次。你可以无限次领取赛季奖杯。
 
 本赛季的奖励包括新旧物品：完美和传奇武器、铠甲、盟友装备等等。你还可以为自己的角色获得新的外观：LRS贝雷帽和鹰鸮战术头盔。第14赛季的其他独家内容还包括独特盟友的碎片：格罗莫夫上士。
 
 注意：一旦赛季结束，就不能再获得点数。在下一个赛季，计数器会重置，你必须重新开始。
 
 祝你在战斗中好运！",,
测试版更新​ 15.04.2024,"新特性：
— 限时活动：萨梅迪收割！在蛇彭特新娘营地与瘟疫伏都教巫师和蛇彭特新娘作战。
— 完成剧情任务，参加送葬者挑战和“收割准备工作”优惠，并获得宝贵的奖励！
— 活动期间的独特盟友：哈莉和瘟疫医生。
— 有几率领取熟悉的装饰、外观、武器和送葬者自行车。
— 游荡者通行证第14赛季继续进行！通过获取资源和击杀敌人获得点数，提升通行证等级并领取奖励。

了解有关最后的领地的情况：
— 尚戈的诅咒——这就是送葬者对自己面对变异电力时的脆弱性的称呼。
— 研究所已将克劳怪归入学名拉撒路智人尖突体。
— “只要兄弟会成员不受伤害，游荡者可以做任何想做的事。”——《兄弟会法则》的自由规则。",,
每日消息,"游荡者，送葬者宣布萨梅迪收割开始！
 
 要参加活动，请在避难所与丹巴拉的使者交谈。
 
 蛇彭特新娘营地出现在了避难所的东北方。在围栏之外矗立着送葬者祭坛，它们由邪教徒守卫。这些祭坛会增加蛇彭特新娘的力量。摧毁祭坛以削弱这对姐妹，然后与她们战斗。或者打开营地中心的大门，直接去找头目。杀死新娘后，在伏都教巫师宝箱里找到尔兹莉蘑菇，以激活丹巴拉面纱，并召唤出活动头目：瘟疫伏都教巫师。请记住，如果不摧毁祭坛，蛇彭特新娘会变得更加强大！
 
 任何想参加的人都可以参加送葬者挑战和萨梅迪收割，并通过在领地上击杀敌人赢得活动点数。如果你在挑战中获胜，可以赢得送葬者戒指，这些戒指可以在兄弟会女商人那里交易铠甲、武器和资源。你可以在活动窗口中花费萨梅迪收割点数兑换奖品。
 
 不要错过赢得大量宝贵奖励的机会，收集装饰、武器和送葬者的车辆，并为你的团队增加两个独特盟友：瘟疫医生和哈莉。
 
 祝你在最后的领地好运，游荡者！",,
测试版更新​ 06.05.2024,"新特性：
— 游荡者通行证的第15赛季开始了！通过获取资源和击杀敌人获得点数，提升通行证等级，并领取奖励。
— 独特的赛季盟友：血腥血球异象。
— 新的赛季奖励！专家汤普森冲锋枪、15栏位的工头共生背包（它可将周期性重伤伤害的持续时间增加50%）和新的外观。

了解有关最后的领地的情况：
— 屠夫被任命为扎顿的经理后，在地下室组织生产假酒。
— 在核战之前，总领私人保安公司是在加尔科夫地区开展私人保安活动的最大组织。
— 研究所已将焦尸归入学名拉撒路智人。",,
每日消息,"游荡者通行证第15赛季已经开始！
 
 在新赛季中，仓库奖杯将占据中心舞台。你可以在主界面上看到第15赛季的剩余时间。
 
 若要参加该赛季，请在领地的任何地方获取资源和击杀敌人以赢得点数，这些点数可用于提高战斗通行证的等级。等级越高，需要的点数越多。每周可获得的点数存在上限，主界面上将会显示该限制以及达到下一等级所需的点数。
 
 随着通行证等级的提高，你会解锁并获得珍贵的奖品。除第15赛季奖杯外，所有奖励每个赛季只能领取一次。你可以无限次领取赛季奖杯。
 
 本赛季的奖励包括新旧物品：完美和传奇武器、铠甲、盟友装备等等。你还可以为自己的角色获得新的外观：狱吏兜帽。第15赛季的其他独家内容还包括独特盟友的碎片：血球异象，以及一个15栏位的工头共生背包，它可将周期性重伤伤害的持续时间增加50%。
 
 注意：一旦赛季结束，就不能再获得点数。在下一个赛季，计数器会重置，你必须重新开始。
 
 祝你在战斗中好运！",,
测试版更新​ 13.05.2024,"新特性：
— 限时活动：狂腐士入侵。在地穴中找到钥匙并打开有奖励的货物。
— 活动期间的独特盟友：核辉光先知。
— 有机会收集熟悉的装饰和狂腐士武器。
— 游荡者通行证第15赛季继续进行！通过获取资源和击杀敌人获得点数，提升通行证等级并领取奖励。

了解有关最后的领地的情况：
— 崇拜永恒之火的仪式包括在祭坛前礼拜、诵读荣耀盲者的教义、赞美核电站和核辉光、集体祈祷和自残。仪式的首要作用是在战斗前团结狂腐士，并通过永恒之火对邪教徒的影响获得核电站的祝福。仪式也用作在战斗结束后庆祝胜利，同时作为对伤员的一种治疗，伤员会在集体连祷的力量和狂喜中忘却痛苦。
— 人工制造新的异象是一个技术复杂、成本高昂的过程，以坩埚法培育晶体为基础。在核战后的几年里，研究所的变异合成部总共制造出了[数据已抹除]。",,
每日消息,"游荡者！

这是一个警告：对领地的狂腐士入侵即将开始。根据我们的信息，邪教徒战斗小队正前往地下的狂腐士基地：地穴。他们随处可见，从寂静树丛到尖叫森林。

击败狂热分子小队后，请在宝箱中找到狂腐士钥匙。使用钥匙在活动窗口中打开货物并获得独特的奖励。你打开的每个货物都会给你点数。收集2000点即可获得枢机主教货物以及最有价值的活动奖励。你还可以在商人营地和特殊活动地点找到狂腐士宝箱。

货物钥匙也可以在方舟中完成头目楼层后，在方舟CHAP箱子中找到。

在绿色和黄色地点每天可完成地穴5次，在红色地点每天完成3次，在尖叫森林中每天完成3次。限制每天都会重置。

祝你在战斗中好运，游荡者！",,
测试版更新​ 03.06.2024,"新特性：
— 寒冰行动！积累钥匙，用它们打开冷冻宝箱，收集奖励，包括新的传奇冰霜武器和独特盟友阿月的碎片！
— 从6月10日开始，参加领地防御挑战，获得阿尔法编码器并召唤弗罗斯特中尉。

了解有关最后的领地的情况：
— 核战发生的三年前，索洛波夫中尉被任命为要塞兵团特种部队快速反应营的一个排
的指挥官。
— 送葬者巫师团的所有成员都拥有从他们的守护洛亚神那里获得的变异能力。
— 作为要塞兵团特种部队和研究所之间交易的一部分，护盾设施被置于科学家的控制之下，并更名为方舟设施。",,
每日消息,"寒冰货物现已在领地上出现。它可以在通常地点、异象区和特殊活动中找到。该货物包含研究所钥匙，这些钥匙也可以通过搜索被你杀死的敌人找到，但麋鹿、炮塔、
祭坛、异象和方舟设施标本除外。可以找到货物的区域会在全局地图上以特殊图标标出。一旦找到该货物，图标就会消失。
 
 积累钥匙，用它们来打开冷冻宝箱并领取奖励。打开冷冻宝箱可以获得点数，一旦获得2,000点，你就可以从研究所冷冻宝箱中获得最宝贵的奖品，包括一个独特盟友的碎片：阿月。注意：当全局活动结束时，所有的冷冻宝箱钥匙都将失效。
 
 参加挑战，获得阿尔法编码器并召唤出弗罗斯特中尉。",,
每日消息,"游荡者通行证第16赛季已经开始！
 
 在新赛季中，暗区将占据中心舞台。你可以在主界面上看到第16赛季的剩余时间。
 
 若要参加该赛季，请在领地的任何地方获取资源和击杀敌人以赢得点数，这些点数可用于提高战斗通行证的等级。等级越高，需要的点数越多。每周可获得的点数存在上限，主界面上将会显示该限制以及达到下一等级所需的点数。
 
 随着通行证等级的提高，你会解锁并获得珍贵的奖品。除第16赛季奖杯外，所有奖励每个赛季只能领取一次。你可以无限次领取赛季奖杯。
 
 本赛季的奖励包括新旧物品：完美和传奇武器、铠甲、盟友装备等等。你还可以为自己的角色获得新的外观：坪瑟的生物光学护目镜和章鱼背包。第16赛季的其他独家内容还包括独特盟友的碎片：研究所的逃亡科学家坪瑟。
 
 注意：一旦赛季结束，就不能再获得点数。在下一个赛季，计数器会重置，你必须重新开始。
 
 祝你在战斗中好运！",,
测试版更新​ 10.06.2024,"新特性：
— 游荡者通行证的第16赛季开始了！通过获取资源和击杀敌人获得点数，提升通行证等级，并领取奖励。
— 独特的赛季盟友：研究所的逃亡科学家坪瑟。
— 新的赛季奖励！完美AKM熊枪、章鱼背包皮肤，以及坪瑟的生物光学护目镜，可改变你的外观。
— 参加挑战并获得贸易联盟硬币！
— 使用冰霜武器击杀敌人时可获得更多的挑战点数！
— 用硬币与兄弟会女商人交易，获得铠甲、武器和装备！

了解有关最后的领地的情况：
—  对游荡者来说，最严厉的惩罚是驱逐出自由游荡者兄弟会。有罪的人会被几乎剥光衣服，然后有人向他们脚下开枪，以便将他们驱赶到某个异象区。
— 战前的运动服和巴拉克拉瓦头套是劝诱者匪帮的必备装备，他们是最后的领地上各个黑帮头目之间冲突的“炮灰”。
— 研究所已将刽子手归入学名拉撒路智人长喙天蛾复生种。",,
测试版更新​ 24.06.2024,"新特性：
— 限时活动：钢鹰行动！完成鹰队差事，参加挑战和清理领地活动，并获得宝贵的奖励！
— 活动期间有一个新的独特盟友：凯蒂·史密斯。
— 新装备，可将鹰队武器造成的伤害提高10%。
— 有机会收集熟悉的装饰、外观和鹰队武器，以及召唤独特盟友：安妮·史密斯。
— 游荡者通行证的第16赛季在继续！通过获取资源和击杀敌人获得点数，提升通行证等级，并领取奖励。

了解有关最后的领地的情况：
— 研究所已将最后的领地归入学名终极领地。
— 核战发生5年后，最后的领地上建立了第一个狂腐士教区。
— 塞西亚人最喜欢的战术之一就是骑着摩托车向敌人射击。",,
每日消息,"游荡者！
 
 钢鹰行动限时活动开始了！一名鹰队联络人准备给你来自莫顿上校的剧情任务。志愿者要完成鹰队差事，并会得到宝贵的奖励。
 
 鹰队也在方舟中准备了一项挑战：使用远程武器击杀头目。如果使用鹰队武器和来自鹰队派系的盟友，你还可以获得更多点数。
 
 鹰队武器在清理领地活动中也很有用。在除方舟外的任何地点使用远程武器击杀敌人。合作模式中不会获得活动点数，由盟友使用近战武器击杀的敌人也不会获得活动点数。麋鹿、炮塔、祭坛和异象都不符合条件。
 
 鹰队派系有一个新的独特盟友：凯蒂·史密斯。她只有在活动期间才能召唤。
 
 出类拔萃的幸存者可以期待莫顿的特殊奖励：完美及传奇武器、一个20栏位的鹰队工程师背包，以及独特盟友装备！另外，在活动期间，你可以召唤一个独特盟友：安妮·史密斯。
 
 祝你在战斗中好运，游荡者！",,
测试版更新​ 15.07.2024,"新特性：
— 游荡者通行证的第17赛季开始了！通过获取资源和击杀敌人获得点数，提升通行证等级，并领取奖励。
— 独特的赛季盟友：研究所的无人机“A.I.S.T.型拦截者”。
— 新的赛季奖励：光子装置、D.O.Z.周年纪念背包皮肤和领地之星纪念眼镜，可改变你的外观。

了解有关最后的领地的情况：
— 在与干预者战斗之后，汉加入了要塞军团，并在第二快速反应营服役多年。他自愿离开部队的原因，几名团队成员和要塞兵团政委都知道。
— 在入会仪式的最后阶段，未来的狂腐士必须徒手杀死一个焦尸。被杀的敌人的尸体会被焚烧，灰烬会被用来涂黑新邪教徒，从那时起，他就会被称为内行。
— 克里姆的队员是在核战10年后组成的。",,
每日消息,"游荡者通行证第17赛季已经开始！
 
 在新赛季中，D.O.Z.周年纪念将占据中心舞台。你可以在主界面上看到第17赛季的剩余时间。
 
 若要参加该赛季，请在领地的任何地方获取资源和击杀敌人以赢得点数，这些点数可用于提高战斗通行证的等级。等级越高，需要的点数越多。每周可获得的点数存在上限，主界面上将会显示该限制以及达到下一等级所需的点数。
 
 随着通行证等级的提高，你会解锁并获得珍贵的奖品。除第17赛季奖杯外，所有奖励每个赛季只能领取一次。你可以无限次领取赛季奖杯。
 
 本赛季的奖励包括新旧物品：完美和传奇武器、铠甲、盟友装备等等。你还可以为自己的角色获得新的外观：D.O.Z.周年纪念背包皮肤和领地之星纪念眼镜。第17赛季的其他独家内容还包括独特盟友的碎片：A.I.S.T.型拦截者。
 
 注意：一旦赛季结束，就不能再获得点数。在下一个赛季，计数器会重置，你必须重新开始。
 
 祝你在战斗中好运，游荡者！",,
测试版更新​ 18.07.2024,"新特性：
— 《僵尸的黎明》五周年！周年纪念礼物、新的装饰，以及一个独特盟友：电子异象。
— 从7月18日到8月1日的限时活动：节日试炼。
打开货物，获得积分，并选择领取哪些奖励。
— 8月1日，D.O.Z.周年挑战开始。在附身者竞技场中战斗并获得硬币，这些硬币可以在活动商人处换取奖励。

了解有关最后的领地的情况：
— 1992年，加尔科夫工具厂被投资者私有化，
并更名为加尔科夫工具公司。
— 许多人认为，加尔科夫夺魂者（一个来自防风林，从未落网的疯子）就是斯肯尼，他折磨受害者长达数小时。
— 据荣耀盲者称，每个火焰主教都配有两名
牧师。",,
每日消息,"游荡者！
 
 《僵尸的黎明》已经5岁了！但即使在这个特殊的日子里，麻烦也在领地上酝酿。
 
 玛拉将会与所有能够进入安全屋项目并在秃鹫营地杀死弗莱耶的幸存者联系，提供有关森林之子攻击领地的信息。
 
 各个地方出现了杂草丛生的货物，从铁荒原到尖叫森林。通过消灭树根和击杀看守它的附身者来打开货物。这些树根和附身者，绿色区地点的除外，都容易受到一种随机类型的异象伤害。
 
 在货物中你会发现试炼点数，可以花费它们在活动窗口中购买奖品。在三条路径中选择一条具有不同奖励的路径，记住：最有价值的战利品是提供给从所有三个路径中获得所有奖品的游荡者的。你可以无限次地领取最后的奖励。
 
 奖励还包括阿尔法编码器，它让你有机会召唤暗黑游荡者、新的装饰和新的节日食物！
 
 在绿色、黄色和红色区，尖叫森林、被围困的房屋和伏击中可以每天打开一次货物。在异象区，每次时间重置可以打开每个货物一次。注意，仓库里有两个货物，分别在北侧和南侧。
 
 试炼只是森林之子攻击领地的第一阶段。很快，玛拉将帮助你获得进入附身者竞技场的机会，所有想参加的人都可以参加D.O.Z.周年挑战，以获得宝贵的奖励，包括一个独特盟友碎片：电子异象！
 
 你最喜爱的游戏的周年纪念日快乐，游荡者！",,
测试版更新​ 12.08.2024,"新特性：
— 黑帮又回到了领地！通过击杀敌人及完成猎取钥匙剧情任务，获得黑帮钥匙。
— 活动期间有独特盟友：龙女、冰影、龙爪和炎龙。
— 参加黑帮挑战，获得大量珍贵奖励。
— 有机会获得熟悉的装饰品和黑帮武器。

了解有关最后的领地的情况：
— 赤龙部落是黑帮最大的部落之一。他们的战士一直是巨龙小队的主力。
— 在精通秘密行动、契约杀人、夺回珍贵神器和技术方面，没有哪个黑帮部落能与黑龙一族匹敌。
— 龙女是巨龙的女儿，在被指责企图暗杀
父亲后，她成为了黑帮逆徒的首领。",,
每日消息,"游荡者！

逆徒们联系了你，他们正在召集幸存者与黑帮作战。他们队伍中的几位战士已经准备好加入你：龙女、冰影、龙爪和炎龙。

逆徒会邀请你参加猎取钥匙活动，清理领地内的地下室以获得黑帮钥匙。你也可以通过击杀领地上的敌人来获得钥匙，但麋鹿、炮塔、祭坛、异象、方舟标本和地下室的黑帮战士除外。你每天通过杀敌获得的钥匙数量是有限的。黑帮的回归活动窗口会显示你每天还能得到多少把钥匙。

使用钥匙打开黑帮货物，收集独特的奖励。赢得2000点即可访问黑帮头目的货物，其中包含最具价值的活动奖励。

当猎取钥匙活动开始时，你可以在寂静树丛、铁荒原、焦尸土地、森林郊区、荒凉山谷、防风林和尖叫森林中找到黑帮地下室入口。黑帮地下室只能在单人模式中发现，当你在小队中时不会发现它们。

在荒凉山谷、防风林或尖叫森林的地下室击杀所有的敌人后，敲锣召唤头目：金龙。你可以不限次数地与头目战斗，但击杀他所获得的奖励每天不能超过两次：在中等战斗模式下击杀他可获得一次奖励，在困难战斗模式下击杀他也可获得一次奖励。

你还可以参加挑战，以获得大量宝贵的奖励。

祝你在战斗中好运，游荡者！",,
每日消息,"游荡者通行证森林赛季！
 
 在这个新赛季中，尖叫森林及其居民将占据中心舞台。你可以在主界面上看到赛季的剩余时间。
 
 若要参加该赛季，请在领地
的任何地方获取资源和击杀敌人以赢得点数，这些点数可用于提高战斗通行证的等级。等级越高，需要的点数越多。每周可获得的点数存在上限，主界面上将会显示该限制以及达到下一等级所需的点数。
 
 随着通行证等级的提高，你会解锁并获得珍贵的奖品。除赛季奖杯外，所有奖励每个赛季只能领取一次。你可以无限次领取赛季奖杯。
 
 本赛季的奖励包括：完美
和传奇武器、铠甲、可供你更换外观的皮肤、盟友装备等等。森林赛季的其他独家内容还包括独特盟友的碎片：黑暗守护者伊瓦尔。
 
 注意：一旦赛季结束，就不能再获得点数。在下一个赛季，
计数器会重置，你必须重新开始。
 
 祝你在战斗中好运，游荡者！",,
测试版更新​ 19.08.2024,"新特性：
— 游荡者通行证的森林赛季开始了！通过获取资源和击杀敌人获得点数，提升通行证等级，
并领取奖励。
— 独特的赛季盟友：黑暗守护者伊瓦尔，尖叫森林的萨满。
— 赛季奖励包括：完美和传奇武器、可供你更换外观的皮肤、盟友装备和其他珍贵装备！

了解有关最后的领地的情况：
— 森林之子用生长在变异松树上的蘑菇制作一种特殊的粉末。将其与水混合会产生一种药膏，用来在他们的身体和铠甲上绘制神秘的符号。邪教徒们相信这些符号能给他们带来森林的力量和尖叫之神的祝福。
— 在森林之心，萨满们用各种异象的宿主举行仪式。献祭之后，献祭者的变异属性会转移到“尖叫之神之子”身上，使他们成为附身者。",,
每日消息,"游荡者！

研究所通知，发生了新的暗区
突破。从铁荒原到荒凉山谷以及尖叫森林，领地各处都出现了黑暗裂痕。摧毁它们以阻止突破！黑暗裂痕和新出现的敌人在除绿色区的所有区域都容易受到某一类型的异象伤害。它们的脆弱性类型每天改变一次。

平息裂痕将会召唤特殊类型的焦尸，消灭它们可以获得活动点数！在尖叫森林中，除了黑暗裂痕焦尸，你还会遇到另一种类型的敌人：受暗区散发的能量影响的森林之子。

绿色和黄色区的裂痕每天可以摧毁15次，红色区10次，尖叫森林4次。限制每天重置。

花费点数沿着三条不同的路径前进，每条路径都有独特的奖励。
请记住，最珍贵的战利品将提供给在路径中集齐每种奖励的游荡者。活动的最终奖励可以无限次获得。

暗区突破将持续14天。活动结束后
48小时内，玩家仍可花费获得的点数。

在暗区裂痕奖励中，你会找到阿尔法编码器，可用于召唤一个新的独特盟友：黑暗简妮。奖励还包括晶体树装饰、避难所帮手、专家武器、装备，以及更多内容！如果你的装饰和帮手已经达到最大数量，那么奖励将会改为包括一个Mk.1核炬士背包和阿尔法编码器。

祝你在战斗中好运，游荡者！",,
测试版更新​ 02.09.2024,"新特性：
— 限时活动：暗区突破！通过摧毁裂痕和它们的焦尸获得点数。
— 花费这些点数来沿着三条不同的路径前进，
每条路径都有独特的奖励。
— 灭绝开始：带有额外奖励的剧情任务。
— 于活动期间可用的独特盟友：黑暗简妮。

了解有关最后的领地的情况：
— 候选的灭绝者要经过严格的选拔过程和为期六个月的训练课程，然后进行为期三天的强制行军，穿越异象区。只有少数人能够经受挑战，成为鹰队精英的一部分。
— 根据鹰队的军事章程，灭绝者只服从莫顿上校个人的命令。",,
测试版更新​ 23.09.2024,"新特性：
— 游荡者通行证的研究所赛季开始了！通过获取资源和击杀敌人获得点数，提升通行证等级，并领取奖励。
— 独特的赛季盟友：歌利亚标本和A.I.S.T.型防御者。
— 赛季奖励包括：完美和传奇武器、可供你更换外观的皮肤、盟友装备和其他珍贵装备！

了解有关最后的领地的情况：
— 高级研究与技术研究所成立于1949年8月
29日。
— 《异象研究者简明指南》，由研究所的科学家在核战后的最初几年编写，包含了几乎所有神器和异象的信息。每个游荡者图书管理员都梦想得到这本指南。
— 根据研究所的分类，核辉光后的最后的领地上最常发现的神器属于第三类。其中大部分对科学没有什么意义，被视为变异合成部的消耗品",,
每日消息,"游荡者通行证研究所赛季！
 
 这个赛季的主题是科学家的发明。你可以在主界面上看到赛季的剩余时间。
 
 若要参加该赛季，请在领地的任何地方获取资源和击杀敌人以赢得点数，这些点数可用于提高战斗通行证的等级。等级越高，需要的点数越多。每周可获得的点数存在上限，主界面上将会显示该限制以及达到下一等级所需的点数。
 
 随着通行证等级的提高，你会解锁并获得珍贵的奖品。除赛季奖杯外，所有奖励每个赛季只能领取一次。你可以无限次领取赛季奖杯。
 
 本赛季的奖励包括：完美和传奇武器、铠甲、可供你更换外观的皮肤、盟友装备等等。研究所赛季的其他独家内容还包括独特盟友的碎片：歌利亚标本和A.I.S.T.型防御者。
 
 注意：一旦赛季结束，就不能再获得点数。在下一个赛季，计数器会重置，你必须重新开始。
 
 祝你在战斗中好运，游荡者！",,
测试版更新,"新特性：
— 限时活动：狂腐士入侵。在地穴中找到钥匙并打开有奖励的货物。
— 活动期间的独特盟友：核辉光先知。
— 有机会收集熟悉的装饰和狂腐士武器。

了解有关最后的领地的情况：
— 领导一个分区的火焰主教，由荣耀盲者亲自任命。
— 加尔科夫冶金厂在核战后不久就被荣耀盲者的追随者占领，随后成为狂腐士的主要基地：焚化场。
— 每个狂腐士枢机主教手中都有一本带有钨质书页的书，上面刻有盲文版的《荣耀盲者启示录》。
— 塞西亚人最喜欢的战术之一就是骑着摩托车向敌人射击。
— 核战门徒是荣耀盲者人最早的追随者之一，后来成为他的贴身护卫。",,
每日消息,"游荡者通行证狂腐士赛季！
 
这个赛季的主题是狂腐士邪教。你可以在主界面上看到赛季的剩余时间。
 
若要参加该赛季，请在领地的任何地方获取资源和击杀敌人以赢得点数，这些点数可用于提高战斗通行证的等级。等级越高，需要的点数越多。每周可获得的点数存在上限，主界面上将会显示该限制以及达到下一等级所需的点数。
 
随着通行证等级的提高，你会解锁并获得珍贵的奖品。除赛季奖杯外，所有奖励每个赛季只能领取一次。你可以无限次领取赛季奖杯。
 
本赛季的奖励包括：完美和传奇武器、铠甲、可供你更换外观的皮肤、盟友装备等等。狂腐士赛季的其他独家内容还包括独特盟友的碎片：火龙卷异象。
 
注意：一旦赛季结束，就不能再获得点数。在下一个赛季，计数器会重置，你必须重新开始。
 
祝你在战斗中好运，游荡者！",,
每日消息,"游荡者通行证的送葬者赛季！
 
本赛季专为伟大蛇彭特定居点而设。你可以在主界面查看本赛季的剩余时间。
 
若要参加该赛季，请在领地
的任何地方获取资源和击杀敌人以赢得点数，这些点数可用于提高战斗通行证的等级。等级越高，需要的点数越多。每周可获得的点数存在上限，主界面上将会显示该限制以及达到下一等级所需的点数。
 
随着通行证等级的提高，你会解锁并获得珍贵的奖品。除赛季奖杯外，所有奖励每个赛季只能领取一次。你可以无限次领取赛季奖杯。
 
本赛季的奖励包括：完美
和传奇武器、铠甲、可供你更换外观的皮肤、盟友装备等等。 送葬者赛季的其他专享内容还包括独特盟友的碎片：丹巴拉龙卷风和昂贡伏都教巫师。
 
注意：一旦赛季结束，就不能再获得点数。在下一个赛季，
计数器会重置，你必须重新开始。
 
祝你在战斗中好运，游荡者！",,
每日消息,"游荡者通行证的自由游荡者兄弟会赛季！
 
 本赛季专为异象区的探险者而设。你可以在主界面查看本赛季的剩余时间。
 
 若要参加该赛季，请在领地
的任何地方获取资源和击杀敌人以赢得点数，这些点数可用于提高战斗通行证的等级。等级越高，需要的点数越多。每周可获得的点数存在上限，主界面上将会显示该限制以及达到下一等级所需的点数。
 
 随着通行证等级的提高，你会解锁并获得珍贵的奖品。除赛季奖杯外，所有奖励每个赛季只能领取一次。你可以无限次领取赛季奖杯。
 
 本赛季的奖励包括：完美
和传奇武器、铠甲、可供你更换外观的皮肤、盟友装备等等。  自由游荡者兄弟会赛季的其他专享内容还包括独特盟友的碎片：风暴游荡者和焦尸猎人金丝桃。
 
 注意：一旦赛季结束，就不能再获得点数。在下一个赛季，
计数器会重置，你必须重新开始。
 
 祝你在战斗中好运，游荡者！",,
每日消息,"游荡者通行证的鹰队赛季！
 
 本赛季专为莫顿上校的战士点而设。你可以在主界面查看本赛季的剩余时间。
 
 若要参加该赛季，请在领地
的任何地方获取资源和击杀敌人以赢得点数，这些点数可用于提高战斗通行证的等级。等级越高，需要的点数越多。每周可获得的点数存在上限，主界面上将会显示该限制以及达到下一等级所需的点数。
 
 随着通行证等级的提高，你会解锁并获得珍贵的奖品。除赛季奖杯外，所有奖励每个赛季只能领取一次。你可以无限次领取赛季奖杯。
 
 本赛季的奖励包括：完美
和传奇武器、铠甲、可供你更换外观的皮肤、盟友装备等等。 鹰队赛季的其他专享内容还包括独特盟友的碎片：斗牛犬迈克中士。
 
 注意：一旦赛季结束，就不能再获得点数。在下一个赛季，
计数器会重置，你必须重新开始。
 
 祝你在战斗中好运，游荡者！",,
每日消息,"游荡者通行证的要塞兵团赛季！
 
 本赛季专为要塞兵团特种部队的战士们而设。你可以在主界面查看本赛季的剩余时间。
 
 若要参加该赛季，请在领地
的任何地方获取资源和击杀敌人以赢得点数，这些点数可用于提高战斗通行证的等级。等级越高，需要的点数越多。每周可获得的点数存在上限，主界面上将会显示该限制以及达到下一等级所需的点数。
 
 随着通行证等级的提高，你会解锁并获得珍贵的奖品。除赛季奖杯外，所有奖励每个赛季只能领取一次。你可以无限次领取赛季奖杯。
 
 本赛季的奖励包括：完美
和传奇武器、铠甲、可供你更换外观的皮肤、盟友装备等等。 要塞兵团赛季的其他专享内容还包括独特盟友的碎片：格罗莫夫上士和A.I.S.T.型阿瑞斯。
 
 注意：一旦赛季结束，就不能再获得点数。在下一个赛季，
计数器会重置，你必须重新开始。
 
 祝你在战斗中好运，游荡者！",,
每日消息,"游荡者通行证的食尸鬼赛季！
 
 本赛季专为仓库和监狱的居民而设。你可以在主界面查看本赛季的剩余时间。
 
 若要参加该赛季，请在领地
的任何地方获取资源和击杀敌人以赢得点数，这些点数可用于提高战斗通行证的等级。等级越高，需要的点数越多。每周可获得的点数存在上限，主界面上将会显示该限制以及达到下一等级所需的点数。
 
 随着通行证等级的提高，你会解锁并获得珍贵的奖品。除赛季奖杯外，所有奖励每个赛季只能领取一次。你可以无限次领取赛季奖杯。
 
 本赛季的奖励包括：完美
和传奇武器、铠甲、可供你更换外观的皮肤、盟友装备等等。  食尸鬼赛季的其他专享内容还包括独特盟友的碎片：血球异象。
 
 注意：一旦赛季结束，就不能再获得点数。在下一个赛季，
计数器会重置，你必须重新开始。
 
 祝你在战斗中好运，游荡者！",,
每日消息,"游荡者通行证的暗区赛季！
 
 本赛季专为复制体和那些反抗它们的人而设。你可以在主界面查看本赛季的剩余时间。
 
 若要参加该赛季，请在领地
的任何地方获取资源和击杀敌人以赢得点数，这些点数可用于提高战斗通行证的等级。等级越高，需要的点数越多。每周可获得的点数存在上限，主界面上将会显示该限制以及达到下一等级所需的点数。
 
 随着通行证等级的提高，你会解锁并获得珍贵的奖品。除赛季奖杯外，所有奖励每个赛季只能领取一次。你可以无限次领取赛季奖杯。
 
 本赛季的奖励包括：完美
和传奇武器、铠甲、可供你更换外观的皮肤、盟友装备等等。   暗区赛季的其他专享内容还包括独特盟友的碎片：黑暗幽灵和坪瑟。
 
 注意：一旦赛季结束，就不能再获得点数。在下一个赛季，
计数器会重置，你必须重新开始。
 
 祝你在战斗中好运，游荡者！",,
每日消息,"游荡者通行证的庆典赛季！
 
 本赛季专为游戏周年庆而设。你可以在主界面查看本赛季的剩余时间。
 
 若要参加该赛季，请在领地
的任何地方获取资源和击杀敌人以赢得点数，这些点数可用于提高战斗通行证的等级。等级越高，需要的点数越多。每周可获得的点数存在上限，主界面上将会显示该限制以及达到下一等级所需的点数。
 
 随着通行证等级的提高，你会解锁并获得珍贵的奖品。除赛季奖杯外，所有奖励每个赛季只能领取一次。你可以无限次领取赛季奖杯。
 
 本赛季的奖励包括：完美
和传奇武器、铠甲、可供你更换外观的皮肤、盟友装备等等。  庆典赛季的其他专享内容还包括独特盟友的碎片：A.I.S.T.型拦截者。
 
 注意：一旦赛季结束，就不能再获得点数。在下一个赛季，
计数器会重置，你必须重新开始。
 
 祝你在战斗中好运，游荡者！",,
每日消息,"游荡者！
 
 《僵尸的黎明》又迎来了周年庆！
但即使在这个特殊的日子里，麻烦也在领地上酝酿。
 
 玛拉将会与所有能够进入安全屋项目并在秃鹫营地杀死弗莱耶的幸存者联系，提供有关森林之子攻击领地的信息。
 
 各个地方出现了杂草丛生的货物，从铁荒原到尖叫森林。通过消灭树根和击杀看守它的附身者来打开货物。这些树根和附身者，绿色区地点的除外，都容易受到一种随机类型的异象伤害。
 
 在货物中你会发现试炼点数，可以花费它们在活动窗口中购买奖品。在三条路径中选择一条具有不同奖励的路径，记住：最有价值的战利品是提供给从所有三个路径中获得所有奖品的游荡者的。你可以无限次地领取最后的奖励。
 
 奖励还包括阿尔法编码器，它让你有机会召唤暗黑游荡者、新的装饰和新的完美武器：A极器件！
 
 在绿色、黄色和红色区，尖叫森林、被围困的房屋和伏击中可以每天打开一次货物。在异象区，每次时间重置可以打开每个货物一次。注意，仓库里有两个货物，分别在北侧和南侧。
 
  在庆祝活动的第二阶段，任何想要参加D.O.Z.周年挑战的人都可以赢取珍贵的奖励，包括独特盟友碎片：电子异象！
 
 你最喜爱的游戏的周年纪念日快乐，游荡者！",,
每日消息,"新的限时活动：年新年！
 
节日气氛十分浓厚！游荡者圣诞老人即将来到避难所，而且冬季特使为你准备了一份礼物：冰霜武器和节日美食。你可以在新年营地领取礼物。
 
领地上现在可以找到寒冰货物。它可以在通常地点、异象区和特殊活动中发现。货物内有冬季钥匙，这些钥匙也可以通过搜索你击杀的敌人找到，但麋鹿、炮塔、祭坛、祭坛和方舟设施标本除外。积累钥匙，用它们来打开冰霜宝箱并收集奖励。打开宝箱可以获得点数，一旦你获得了2.000点，就可以从新年宝箱中领取最宝贵的奖品。
 
注意：寒冰货物只在有限的时间内提供。它在活动的第二阶段会消失。货物消失后，你可以通过击杀敌人和完成每日剧情任务获得冬季钥匙。
 
任何在避难所与游荡者圣诞老人交谈的人都可以参加节日挑战。在领地上击杀敌人，在方舟设施中清理楼层，赚取新年装饰球，与冬季特使交易。
 
特使会告诉你有关冬季准备工作的剧情任务。完成这些剧情任务可以获得宝箱钥匙和一个新的独特盟友碎片：游荡者圣诞老人！
 
这个新年庆祝活动将非常紧凑，由3个阶段组成。在第二和第三阶段，会有盟友挑战、领地上的新年活动、大量具有宝贵奖励的剧情任务以及来自鹰队派系的盟友：弗罗斯特中尉。
 
在活动期间，你也将有机会制作原有的和新的物品：雪友装饰、传奇冰霜黄蜂、专家AK步枪和完美D-273设备。
 
圣诞快乐、新年快乐，游荡者！
我们祝你节日快乐，获得大量的战利品！",,
