名称,英文名称,品质,类型,说明,基础属性,特殊能力,来源提示,图片文件,图片类型
焦尸,Charred,未标注,普通敌人,,基础伤害：20–25；攻击间隔：1秒；攻击距离（配置）：0.4；基础生命：360；移动速度（配置）：1.5,,当前档案有 36 条同名记录；可能来自不同场景、活动或难度，请比较基础属性。,,暂缺
麋鹿,Moose,未标注,普通敌人,麋鹿,基础生命：250；移动速度（配置）：6,,当前档案有 2 条同名记录；可能来自不同场景、活动或难度，请比较基础属性。,,暂缺
游荡者,Strider,未标注,普通敌人,,基础伤害：50–60；攻击间隔：0.73秒；攻击距离（配置）：0.4；基础生命：2；储物栏位：10；移动速度（配置）：4.5,,当前档案有 2 条同名记录；可能来自不同场景、活动或难度，请比较基础属性。,,暂缺
焦尸,Charred,未标注,普通敌人,,基础伤害：25–35；攻击间隔：1秒；攻击距离（配置）：0.5；基础生命：360；移动速度（配置）：1.5,,当前档案有 36 条同名记录；可能来自不同场景、活动或难度，请比较基础属性。,,暂缺
狂腐士,Decayer,未标注,普通敌人,,移动速度（配置）：4,,这条怪物记录未直接提供可确认的生命数值，未用同名怪物的属性代填。；当前档案有 2 条同名记录；可能来自不同场景、活动或难度，请比较基础属性。,,暂缺
猎头者,Raider,未标注,普通敌人,,移动速度（配置）：4；生成生命（候选）：220–900；生成伤害（候选）：10–90,,生成属性来自初始化关联的附加对象，是静态数值候选；等级、触发条件和场景规则可能改变生效结果。；当前档案有 5 条同名记录；可能来自不同场景、活动或难度，请比较基础属性。,,暂缺
枪手,Gunslinger,未标注,普通敌人,,移动速度（配置）：3,,这条怪物记录未直接提供可确认的生命数值，未用同名怪物的属性代填。；当前档案有 3 条同名记录；可能来自不同场景、活动或难度，请比较基础属性。,,暂缺
猎头者,Raider,未标注,普通敌人,,移动速度（配置）：4；生成生命（候选）：250–950；生成伤害（候选）：13–100,,生成属性来自初始化关联的附加对象，是静态数值候选；等级、触发条件和场景规则可能改变生效结果。；当前档案有 5 条同名记录；可能来自不同场景、活动或难度，请比较基础属性。,,暂缺
枪手,Gunslinger,未标注,普通敌人,,移动速度（配置）：3；生成生命（候选）：160–665；生成伤害（候选）：9–70,,生成属性来自初始化关联的附加对象，是静态数值候选；等级、触发条件和场景规则可能改变生效结果。；当前档案有 3 条同名记录；可能来自不同场景、活动或难度，请比较基础属性。,,暂缺
Пустынный мясник,Пустынный мясник,未标注,首领,,移动速度（配置）：5；生成生命（候选）：1850–4000；生成伤害（候选）：104–320,,生成属性来自初始化关联的附加对象，是静态数值候选；等级、触发条件和场景规则可能改变生效结果。,,暂缺
Худ,Худ,未标注,普通敌人,,移动速度（配置）：4,,这条怪物记录未直接提供可确认的生命数值，未用同名怪物的属性代填。,,暂缺
首领,Leader,未标注,首领,,移动速度（配置）：4.5；生成生命（候选）：4750–6500；生成伤害（候选）：304–422,,生成属性来自初始化关联的附加对象，是静态数值候选；等级、触发条件和场景规则可能改变生效结果。,,暂缺
Tame Wolf,Tame Wolf,未标注,普通敌人,,移动速度（配置）：6.5；生成生命（候选）：380–750；生成伤害（候选）：60–126,,生成属性来自初始化关联的附加对象，是静态数值候选；等级、触发条件和场景规则可能改变生效结果。,,暂缺
死亡之爪,Death Claw,未标注,首领,死亡之爪,移动速度（配置）：5.7；生成生命（候选）：780–3490；生成伤害（候选）：90–5925,,生成属性来自初始化关联的附加对象，是静态数值候选；等级、触发条件和场景规则可能改变生效结果。,,暂缺
焦尸,Charred,未标注,普通敌人,,移动速度（配置）：1.5；生成生命（候选）：450；生成伤害（候选）：35–40,,生成属性来自初始化关联的附加对象，是静态数值候选；等级、触发条件和场景规则可能改变生效结果。；当前档案有 36 条同名记录；可能来自不同场景、活动或难度，请比较基础属性。,,暂缺
焦尸,Charred,未标注,普通敌人,,移动速度（配置）：1.5；生成生命（候选）：540–2250；生成伤害（候选）：55–420,,生成属性来自初始化关联的附加对象，是静态数值候选；等级、触发条件和场景规则可能改变生效结果。；当前档案有 36 条同名记录；可能来自不同场景、活动或难度，请比较基础属性。,,暂缺
焦尸,Charred,未标注,普通敌人,,移动速度（配置）：1.5；生成生命（候选）：650–2430；生成伤害（候选）：85–630,,生成属性来自初始化关联的附加对象，是静态数值候选；等级、触发条件和场景规则可能改变生效结果。；当前档案有 36 条同名记录；可能来自不同场景、活动或难度，请比较基础属性。,,暂缺
狼,Wolf,未标注,普通敌人,,移动速度（配置）：5.6；生成生命（候选）：390；生成伤害（候选）：25–30,,生成属性来自初始化关联的附加对象，是静态数值候选；等级、触发条件和场景规则可能改变生效结果。；当前档案有 6 条同名记录；可能来自不同场景、活动或难度，请比较基础属性。,,暂缺
留名者,Tagger,未标注,普通敌人,,移动速度（配置）：5.7；生成生命（候选）：410；生成伤害（候选）：35–45,,生成属性来自初始化关联的附加对象，是静态数值候选；等级、触发条件和场景规则可能改变生效结果。；当前档案有 18 条同名记录；可能来自不同场景、活动或难度，请比较基础属性。,,暂缺
狼,Wolf,未标注,普通敌人,,移动速度（配置）：5.6；生成生命（候选）：525–1975；生成伤害（候选）：35–280,,生成属性来自初始化关联的附加对象，是静态数值候选；等级、触发条件和场景规则可能改变生效结果。；当前档案有 6 条同名记录；可能来自不同场景、活动或难度，请比较基础属性。,,暂缺
狼,Wolf,未标注,普通敌人,,移动速度（配置）：5.6；生成生命（候选）：700–2270；生成伤害（候选）：50–385,,生成属性来自初始化关联的附加对象，是静态数值候选；等级、触发条件和场景规则可能改变生效结果。；当前档案有 6 条同名记录；可能来自不同场景、活动或难度，请比较基础属性。,,暂缺
留名者,Tagger,未标注,普通敌人,,移动速度（配置）：5.7；生成生命（候选）：535–2100；生成伤害（候选）：55–455,,生成属性来自初始化关联的附加对象，是静态数值候选；等级、触发条件和场景规则可能改变生效结果。；当前档案有 18 条同名记录；可能来自不同场景、活动或难度，请比较基础属性。,,暂缺
爪子,Claw,未标注,普通敌人,,移动速度（配置）：5.7；生成生命（候选）：400–4000；生成伤害（候选）：33–7400,,生成属性来自初始化关联的附加对象，是静态数值候选；等级、触发条件和场景规则可能改变生效结果。；当前档案有 22 条同名记录；可能来自不同场景、活动或难度，请比较基础属性。,,暂缺
留名者,Tagger,未标注,普通敌人,,移动速度（配置）：5.7；生成生命（候选）：690–3100；生成伤害（候选）：80–630,,生成属性来自初始化关联的附加对象，是静态数值候选；等级、触发条件和场景规则可能改变生效结果。；当前档案有 18 条同名记录；可能来自不同场景、活动或难度，请比较基础属性。,,暂缺
爪子,Claw,未标注,普通敌人,,移动速度（配置）：5.7；生成生命（候选）：780–3490；生成伤害（候选）：90–5925,,生成属性来自初始化关联的附加对象，是静态数值候选；等级、触发条件和场景规则可能改变生效结果。；当前档案有 22 条同名记录；可能来自不同场景、活动或难度，请比较基础属性。,,暂缺
爪子,Claw,未标注,普通敌人,,移动速度（配置）：5.7；生成生命（候选）：600–3075；生成伤害（候选）：65–4235,,生成属性来自初始化关联的附加对象，是静态数值候选；等级、触发条件和场景规则可能改变生效结果。；当前档案有 22 条同名记录；可能来自不同场景、活动或难度，请比较基础属性。,,暂缺
长舌僵尸,Stinger,未标注,普通敌人,,移动速度（配置）：5.7；生成生命（候选）：1000–3600；生成伤害（候选）：120–4202,,生成属性来自初始化关联的附加对象，是静态数值候选；等级、触发条件和场景规则可能改变生效结果。；当前档案有 7 条同名记录；可能来自不同场景、活动或难度，请比较基础属性。,,暂缺
Торпедо,Торпедо,未标注,普通敌人,,移动速度（配置）：4,,这条怪物记录未直接提供可确认的生命数值，未用同名怪物的属性代填。,,暂缺
内行狂腐士,Adept Decayer,未标注,普通敌人,,移动速度（配置）：4；生成生命（候选）：420；生成伤害（候选）：25–30,,生成属性来自初始化关联的附加对象，是静态数值候选；等级、触发条件和场景规则可能改变生效结果。；当前档案有 17 条同名记录；可能来自不同场景、活动或难度，请比较基础属性。,,暂缺
内行狂腐士,Adept Decayer,未标注,普通敌人,,移动速度（配置）：4,,这条怪物记录未直接提供可确认的生命数值，未用同名怪物的属性代填。；当前档案有 17 条同名记录；可能来自不同场景、活动或难度，请比较基础属性。,,暂缺
Торо,Торо,未标注,普通敌人,,移动速度（配置）：4,,这条怪物记录未直接提供可确认的生命数值，未用同名怪物的属性代填。,,暂缺
探路者,Pathfinder,未标注,普通敌人,,移动速度（配置）：4,,这条怪物记录未直接提供可确认的生命数值，未用同名怪物的属性代填。；当前档案有 14 条同名记录；可能来自不同场景、活动或难度，请比较基础属性。,,暂缺
内行狂腐士,Adept Decayer,未标注,普通敌人,,移动速度（配置）：4,,这条怪物记录未直接提供可确认的生命数值，未用同名怪物的属性代填。；当前档案有 17 条同名记录；可能来自不同场景、活动或难度，请比较基础属性。,,暂缺
信徒狂腐士,Devotee Decayer,未标注,普通敌人,,移动速度（配置）：4；生成生命（候选）：340；生成伤害（候选）：25–30,,生成属性来自初始化关联的附加对象，是静态数值候选；等级、触发条件和场景规则可能改变生效结果。；当前档案有 16 条同名记录；可能来自不同场景、活动或难度，请比较基础属性。,,暂缺
信徒狂腐士,Devotee Decayer,未标注,普通敌人,,移动速度（配置）：4,,这条怪物记录未直接提供可确认的生命数值，未用同名怪物的属性代填。；当前档案有 16 条同名记录；可能来自不同场景、活动或难度，请比较基础属性。,,暂缺
探路者,Pathfinder,未标注,普通敌人,,移动速度（配置）：4,,这条怪物记录未直接提供可确认的生命数值，未用同名怪物的属性代填。；当前档案有 14 条同名记录；可能来自不同场景、活动或难度，请比较基础属性。,,暂缺
信徒狂腐士,Devotee Decayer,未标注,普通敌人,,移动速度（配置）：4,,这条怪物记录未直接提供可确认的生命数值，未用同名怪物的属性代填。；当前档案有 16 条同名记录；可能来自不同场景、活动或难度，请比较基础属性。,,暂缺
追逐者,Beater,未标注,普通敌人,,移动速度（配置）：4,,这条怪物记录未直接提供可确认的生命数值，未用同名怪物的属性代填。；当前档案有 11 条同名记录；可能来自不同场景、活动或难度，请比较基础属性。,,暂缺
狂热者狂腐士,Zealot Decayer,未标注,普通敌人,,移动速度（配置）：4；生成生命（候选）：295；生成伤害（候选）：20–25,,生成属性来自初始化关联的附加对象，是静态数值候选；等级、触发条件和场景规则可能改变生效结果。；当前档案有 22 条同名记录；可能来自不同场景、活动或难度，请比较基础属性。,,暂缺
狂热者狂腐士,Zealot Decayer,未标注,普通敌人,,移动速度（配置）：4,,这条怪物记录未直接提供可确认的生命数值，未用同名怪物的属性代填。；当前档案有 22 条同名记录；可能来自不同场景、活动或难度，请比较基础属性。,,暂缺
猎人,Hunter,未标注,普通敌人,,移动速度（配置）：4,,这条怪物记录未直接提供可确认的生命数值，未用同名怪物的属性代填。；当前档案有 4 条同名记录；可能来自不同场景、活动或难度，请比较基础属性。,,暂缺
狂热者狂腐士,Zealot Decayer,未标注,普通敌人,,移动速度（配置）：4,,这条怪物记录未直接提供可确认的生命数值，未用同名怪物的属性代填。；当前档案有 22 条同名记录；可能来自不同场景、活动或难度，请比较基础属性。,,暂缺
复仇者狂腐士,Vindicator Decayer,未标注,普通敌人,,移动速度（配置）：4,,这条怪物记录未直接提供可确认的生命数值，未用同名怪物的属性代填。；当前档案有 6 条同名记录；可能来自不同场景、活动或难度，请比较基础属性。,,暂缺
猎人,Hunter,未标注,普通敌人,,移动速度（配置）：4,,这条怪物记录未直接提供可确认的生命数值，未用同名怪物的属性代填。；当前档案有 4 条同名记录；可能来自不同场景、活动或难度，请比较基础属性。,,暂缺
野兽之友,Friend of the Beasts,未标注,普通敌人,,移动速度（配置）：4,,这条怪物记录未直接提供可确认的生命数值，未用同名怪物的属性代填。；当前档案有 3 条同名记录；可能来自不同场景、活动或难度，请比较基础属性。,,暂缺
野兽之友,Friend of the Beasts,未标注,普通敌人,,移动速度（配置）：4,,这条怪物记录未直接提供可确认的生命数值，未用同名怪物的属性代填。；当前档案有 3 条同名记录；可能来自不同场景、活动或难度，请比较基础属性。,,暂缺
森林管理员,Forest Keeper,未标注,普通敌人,,移动速度（配置）：4,,这条怪物记录未直接提供可确认的生命数值，未用同名怪物的属性代填。,,暂缺
送葬者,Undertaker,未标注,普通敌人,,移动速度（配置）：4,,这条怪物记录未直接提供可确认的生命数值，未用同名怪物的属性代填。；当前档案有 9 条同名记录；可能来自不同场景、活动或难度，请比较基础属性。,,暂缺
送葬者,Undertaker,未标注,普通敌人,,移动速度（配置）：4,,这条怪物记录未直接提供可确认的生命数值，未用同名怪物的属性代填。；当前档案有 9 条同名记录；可能来自不同场景、活动或难度，请比较基础属性。,,暂缺
幸存者,Survivor,未标注,普通敌人,,基础伤害：50–60；攻击间隔：0.73秒；攻击距离（配置）：0.4；储物栏位：10；移动速度（配置）：4.5,,这条怪物记录未直接提供可确认的生命数值，未用同名怪物的属性代填。；当前档案有 37 条同名记录；可能来自不同场景、活动或难度，请比较基础属性。,,暂缺
游荡者,Strider,未标注,普通敌人,,基础伤害：50–60；攻击间隔：0.73秒；攻击距离（配置）：0.4；基础生命：2；储物栏位：10；移动速度（配置）：4.5,,当前档案有 2 条同名记录；可能来自不同场景、活动或难度，请比较基础属性。,,暂缺
猎头者,Raider,未标注,普通敌人,,基础伤害：100；攻击间隔：1秒；攻击距离（配置）：0.4；生成生命（候选）：450–11160,,生成属性来自初始化关联的附加对象，是静态数值候选；等级、触发条件和场景规则可能改变生效结果。；当前档案有 5 条同名记录；可能来自不同场景、活动或难度，请比较基础属性。,,暂缺
幸存者,Survivor,未标注,普通敌人,,基础伤害：50–60；攻击间隔：0.73秒；攻击距离（配置）：0.4；储物栏位：10；移动速度（配置）：4.5,,这条怪物记录未直接提供可确认的生命数值，未用同名怪物的属性代填。；当前档案有 37 条同名记录；可能来自不同场景、活动或难度，请比较基础属性。,,暂缺
焦尸,Charred,未标注,普通敌人,,基础伤害：20–25；攻击间隔：1秒；攻击距离（配置）：0.4；基础生命：500；移动速度（配置）：1.5；生成生命（候选）：450–11160,,生成属性来自初始化关联的附加对象，是静态数值候选；等级、触发条件和场景规则可能改变生效结果。；当前档案有 36 条同名记录；可能来自不同场景、活动或难度，请比较基础属性。,,暂缺
枪手,Gunslinger,未标注,普通敌人,,移动速度（配置）：3；生成生命（候选）：160–665；生成伤害（候选）：9–70,,生成属性来自初始化关联的附加对象，是静态数值候选；等级、触发条件和场景规则可能改变生效结果。；当前档案有 3 条同名记录；可能来自不同场景、活动或难度，请比较基础属性。,,暂缺
猎头者,Raider,未标注,普通敌人,,移动速度（配置）：4；生成生命（候选）：220–900；生成伤害（候选）：10–90,,生成属性来自初始化关联的附加对象，是静态数值候选；等级、触发条件和场景规则可能改变生效结果。；当前档案有 5 条同名记录；可能来自不同场景、活动或难度，请比较基础属性。,,暂缺
幸存者,Survivor,未标注,普通敌人,,基础伤害：50–60；攻击间隔：0.73秒；攻击距离（配置）：0.4；储物栏位：10；移动速度（配置）：4.5；生成生命（候选）：1650,,生成属性来自初始化关联的附加对象，是静态数值候选；等级、触发条件和场景规则可能改变生效结果。；当前档案有 37 条同名记录；可能来自不同场景、活动或难度，请比较基础属性。,,暂缺
幸存者,Survivor,未标注,普通敌人,,基础伤害：50–60；攻击间隔：0.73秒；攻击距离（配置）：0.4；储物栏位：10；移动速度（配置）：4.5；生成生命（候选）：2950,,生成属性来自初始化关联的附加对象，是静态数值候选；等级、触发条件和场景规则可能改变生效结果。；当前档案有 37 条同名记录；可能来自不同场景、活动或难度，请比较基础属性。,,暂缺
幸存者,Survivor,未标注,普通敌人,,基础伤害：50–60；攻击间隔：0.73秒；攻击距离（配置）：0.4；储物栏位：10；移动速度（配置）：4.5；生成生命（候选）：5350,,生成属性来自初始化关联的附加对象，是静态数值候选；等级、触发条件和场景规则可能改变生效结果。；当前档案有 37 条同名记录；可能来自不同场景、活动或难度，请比较基础属性。,,暂缺
速射炮塔,MG Turret,未标注,普通敌人,一旦高灵敏度传感器发现敌人，两把机枪就会在180度角之内瞄准他们。,基础伤害：150–160；攻击间隔：0.2秒；攻击距离（配置）：6；暴击几率：5%；暴击倍率：2倍；基础生命：4000,,当前档案有 8 条同名记录；可能来自不同场景、活动或难度，请比较基础属性。,,暂缺
内行狂腐士,Adept Decayer,未标注,普通敌人,,移动速度（配置）：4,,这条怪物记录未直接提供可确认的生命数值，未用同名怪物的属性代填。；当前档案有 17 条同名记录；可能来自不同场景、活动或难度，请比较基础属性。,,暂缺
内行狂腐士,Adept Decayer,未标注,普通敌人,,移动速度（配置）：4,,这条怪物记录未直接提供可确认的生命数值，未用同名怪物的属性代填。；当前档案有 17 条同名记录；可能来自不同场景、活动或难度，请比较基础属性。,,暂缺
速射炮塔,MG Turret,未标注,普通敌人,一旦高灵敏度传感器发现敌人，两把机枪就会在180度角之内瞄准他们。,基础伤害：150–160；攻击间隔：0.2秒；攻击距离（配置）：6；暴击几率：2%；暴击倍率：2倍；基础生命：6000；叠加上限：1,,当前档案有 8 条同名记录；可能来自不同场景、活动或难度，请比较基础属性。,assets/images/建筑设施/速射炮塔--5960655109.png,原版图鉴
猎头者,Raider,未标注,普通敌人,,移动速度（配置）：4；生成生命（候选）：500–1900；生成伤害（候选）：13–100,,生成属性来自初始化关联的附加对象，是静态数值候选；等级、触发条件和场景规则可能改变生效结果。；当前档案有 5 条同名记录；可能来自不同场景、活动或难度，请比较基础属性。,,暂缺
焦尸,Charred,未标注,普通敌人,,移动速度（配置）：1.5,,这条怪物记录未直接提供可确认的生命数值，未用同名怪物的属性代填。；当前档案有 36 条同名记录；可能来自不同场景、活动或难度，请比较基础属性。,,暂缺
幸存者,Survivor,未标注,普通敌人,,基础伤害：50–60；攻击间隔：0.73秒；攻击距离（配置）：0.4；储物栏位：10；移动速度（配置）：4.5,,这条怪物记录未直接提供可确认的生命数值，未用同名怪物的属性代填。；当前档案有 37 条同名记录；可能来自不同场景、活动或难度，请比较基础属性。,,暂缺
复活的,Risen,未标注,普通敌人,,基础伤害：20–25；攻击间隔：1秒；攻击距离（配置）：0.4；基础生命：400；移动速度（配置）：1.5；生成生命（候选）：450–11160,,生成属性来自初始化关联的附加对象，是静态数值候选；等级、触发条件和场景规则可能改变生效结果。,,暂缺
焦尸,Charred,未标注,普通敌人,,基础伤害：20–25；攻击间隔：1秒；攻击距离（配置）：0.4；基础生命：360；移动速度（配置）：1.5,,当前档案有 36 条同名记录；可能来自不同场景、活动或难度，请比较基础属性。,,暂缺
萤火虫,Firefly,未标注,普通敌人,萤火虫,暴击倍率：1.5倍；基础生命：250,,当前档案有 10 条同名记录；可能来自不同场景、活动或难度，请比较基础属性。,assets/images/资源材料/混凝土--eab7c0232b.png,原版图鉴
焦尸,Charred,未标注,普通敌人,,移动速度（配置）：1.5；生成生命（候选）：450；生成伤害（候选）：35–40,,生成属性来自初始化关联的附加对象，是静态数值候选；等级、触发条件和场景规则可能改变生效结果。；当前档案有 36 条同名记录；可能来自不同场景、活动或难度，请比较基础属性。,,暂缺
萤火虫,Firefly,未标注,普通敌人,萤火虫,暴击倍率：1.5倍；基础生命：400,,当前档案有 10 条同名记录；可能来自不同场景、活动或难度，请比较基础属性。,assets/images/资源材料/混凝土--eab7c0232b.png,原版图鉴
囚禁的长舌僵尸,Imprisoned Stinger,未标注,普通敌人,,移动速度（配置）：5.7；生成生命（候选）：1000–3600；生成伤害（候选）：120–4202,,生成属性来自初始化关联的附加对象，是静态数值候选；等级、触发条件和场景规则可能改变生效结果。,,暂缺
萤火虫,Firefly,未标注,普通敌人,萤火虫,暴击倍率：1.5倍；基础生命：500,,当前档案有 10 条同名记录；可能来自不同场景、活动或难度，请比较基础属性。,assets/images/资源材料/混凝土--eab7c0232b.png,原版图鉴
萤火虫,Firefly,未标注,普通敌人,萤火虫,暴击倍率：1.5倍；基础生命：700,,当前档案有 10 条同名记录；可能来自不同场景、活动或难度，请比较基础属性。,assets/images/资源材料/混凝土--eab7c0232b.png,原版图鉴
萤火虫,Firefly,未标注,普通敌人,萤火虫,暴击倍率：1.5倍；基础生命：800,,当前档案有 10 条同名记录；可能来自不同场景、活动或难度，请比较基础属性。,assets/images/资源材料/混凝土--eab7c0232b.png,原版图鉴
萤火虫,Firefly,未标注,普通敌人,萤火虫,暴击倍率：1.5倍；基础生命：900,,当前档案有 10 条同名记录；可能来自不同场景、活动或难度，请比较基础属性。,assets/images/资源材料/混凝土--eab7c0232b.png,原版图鉴
内行狂腐士,Adept Decayer,未标注,普通敌人,,移动速度（配置）：4,,这条怪物记录未直接提供可确认的生命数值，未用同名怪物的属性代填。；当前档案有 17 条同名记录；可能来自不同场景、活动或难度，请比较基础属性。,,暂缺
内行狂腐士,Adept Decayer,未标注,普通敌人,,移动速度（配置）：4,,这条怪物记录未直接提供可确认的生命数值，未用同名怪物的属性代填。；当前档案有 17 条同名记录；可能来自不同场景、活动或难度，请比较基础属性。,,暂缺
内行狂腐士,Adept Decayer,未标注,普通敌人,,移动速度（配置）：4,,这条怪物记录未直接提供可确认的生命数值，未用同名怪物的属性代填。；当前档案有 17 条同名记录；可能来自不同场景、活动或难度，请比较基础属性。,,暂缺
内行狂腐士,Adept Decayer,未标注,普通敌人,,移动速度（配置）：4,,这条怪物记录未直接提供可确认的生命数值，未用同名怪物的属性代填。；当前档案有 17 条同名记录；可能来自不同场景、活动或难度，请比较基础属性。,,暂缺
Турель заряжаемая [y],Турель заряжаемая [y],未标注,普通敌人,Описание Турель заряжаемая [y],基础伤害：80–90；攻击间隔：0.45秒；攻击距离（配置）：6；暴击几率：10%；暴击倍率：1.2倍；基础生命：3000；叠加上限：1,,,assets/images/建筑设施/十字弓炮塔--8339b3a3ea.png,原版图鉴
焦尸,Charred,未标注,普通敌人,,移动速度（配置）：1.5,,这条怪物记录未直接提供可确认的生命数值，未用同名怪物的属性代填。；当前档案有 36 条同名记录；可能来自不同场景、活动或难度，请比较基础属性。,,暂缺
留名者,Tagger,未标注,普通敌人,,移动速度（配置）：5.7,,这条怪物记录未直接提供可确认的生命数值，未用同名怪物的属性代填。；当前档案有 18 条同名记录；可能来自不同场景、活动或难度，请比较基础属性。,,暂缺
爪子,Claw,未标注,普通敌人,,移动速度（配置）：5.7,,这条怪物记录未直接提供可确认的生命数值，未用同名怪物的属性代填。；当前档案有 22 条同名记录；可能来自不同场景、活动或难度，请比较基础属性。,,暂缺
粉碎者,Grabber,未标注,普通敌人,,移动速度（配置）：4,,这条怪物记录未直接提供可确认的生命数值，未用同名怪物的属性代填。；当前档案有 6 条同名记录；可能来自不同场景、活动或难度，请比较基础属性。,,暂缺
穿孔者,Perforator,未标注,普通敌人,,移动速度（配置）：3,,这条怪物记录未直接提供可确认的生命数值，未用同名怪物的属性代填。；当前档案有 5 条同名记录；可能来自不同场景、活动或难度，请比较基础属性。,,暂缺
信徒狂腐士,Devotee Decayer,未标注,普通敌人,,移动速度（配置）：4,,这条怪物记录未直接提供可确认的生命数值，未用同名怪物的属性代填。；当前档案有 16 条同名记录；可能来自不同场景、活动或难度，请比较基础属性。,,暂缺
内行狂腐士,Adept Decayer,未标注,普通敌人,,移动速度（配置）：4,,这条怪物记录未直接提供可确认的生命数值，未用同名怪物的属性代填。；当前档案有 17 条同名记录；可能来自不同场景、活动或难度，请比较基础属性。,,暂缺
狂热者狂腐士,Zealot Decayer,未标注,普通敌人,,移动速度（配置）：4,,这条怪物记录未直接提供可确认的生命数值，未用同名怪物的属性代填。；当前档案有 22 条同名记录；可能来自不同场景、活动或难度，请比较基础属性。,,暂缺
复仇者狂腐士,Vindicator Decayer,未标注,普通敌人,,移动速度（配置）：4,,这条怪物记录未直接提供可确认的生命数值，未用同名怪物的属性代填。；当前档案有 6 条同名记录；可能来自不同场景、活动或难度，请比较基础属性。,,暂缺
狂热者狂腐士,Zealot Decayer,未标注,普通敌人,,移动速度（配置）：4,,这条怪物记录未直接提供可确认的生命数值，未用同名怪物的属性代填。；当前档案有 22 条同名记录；可能来自不同场景、活动或难度，请比较基础属性。,,暂缺
牧师狂腐士,Chaplain Decayer,未标注,普通敌人,,移动速度（配置）：4,,这条怪物记录未直接提供可确认的生命数值，未用同名怪物的属性代填。；当前档案有 2 条同名记录；可能来自不同场景、活动或难度，请比较基础属性。,,暂缺
狂腐士的祭坛,Decayers' Altar,未标注,普通敌人,,,,这条怪物记录未直接提供可确认的生命数值，未用同名怪物的属性代填。；参考图来自同名记录；完整模型属性集合一致且原始图标引用唯一。本记录自身未配置图鉴图标。；当前档案有 8 条同名记录；可能来自不同场景、活动或难度，请比较基础属性。,assets/images/怪物/狂腐士的祭坛--5fcd7d3ee9.png,同模型参考图
弗莱耶,Flayer,未标注,首领,,移动速度（配置）：4,,这条怪物记录未直接提供可确认的生命数值，未用同名怪物的属性代填。；当前档案有 2 条同名记录；可能来自不同场景、活动或难度，请比较基础属性。,,暂缺
狂热者狂腐士,Zealot Decayer,未标注,普通敌人,,移动速度（配置）：4,,这条怪物记录未直接提供可确认的生命数值，未用同名怪物的属性代填。；当前档案有 22 条同名记录；可能来自不同场景、活动或难度，请比较基础属性。,,暂缺
信徒狂腐士,Devotee Decayer,未标注,普通敌人,,移动速度（配置）：4,,这条怪物记录未直接提供可确认的生命数值，未用同名怪物的属性代填。；当前档案有 16 条同名记录；可能来自不同场景、活动或难度，请比较基础属性。,,暂缺
送葬者,Undertaker,未标注,普通敌人,,移动速度（配置）：4,,这条怪物记录未直接提供可确认的生命数值，未用同名怪物的属性代填。；当前档案有 9 条同名记录；可能来自不同场景、活动或难度，请比较基础属性。,,暂缺
萨梅迪奴隶,Samedi Slave,未标注,普通敌人,,移动速度（配置）：3,,这条怪物记录未直接提供可确认的生命数值，未用同名怪物的属性代填。,,暂缺
墓地巫师,Tomb Houngan,未标注,首领,,移动速度（配置）：5,,这条怪物记录未直接提供可确认的生命数值，未用同名怪物的属性代填。,,暂缺
内行狂腐士,Adept Decayer,未标注,普通敌人,,移动速度（配置）：4,,这条怪物记录未直接提供可确认的生命数值，未用同名怪物的属性代填。；当前档案有 17 条同名记录；可能来自不同场景、活动或难度，请比较基础属性。,,暂缺
狂热者狂腐士,Zealot Decayer,未标注,普通敌人,,移动速度（配置）：3,,这条怪物记录未直接提供可确认的生命数值，未用同名怪物的属性代填。；当前档案有 22 条同名记录；可能来自不同场景、活动或难度，请比较基础属性。,,暂缺
复仇者狂腐士,Vindicator Decayer,未标注,首领,,移动速度（配置）：5,,这条怪物记录未直接提供可确认的生命数值，未用同名怪物的属性代填。；当前档案有 6 条同名记录；可能来自不同场景、活动或难度，请比较基础属性。,,暂缺
Работорговец 1 [X7],Работорговец 1 [X7],未标注,普通敌人,,移动速度（配置）：4,,这条怪物记录未直接提供可确认的生命数值，未用同名怪物的属性代填。,,暂缺
幸存者,Survivor,未标注,普通敌人,,基础伤害：50–60；攻击间隔：0.73秒；攻击距离（配置）：0.4；储物栏位：10；移动速度（配置）：4.5,,这条怪物记录未直接提供可确认的生命数值，未用同名怪物的属性代填。；当前档案有 37 条同名记录；可能来自不同场景、活动或难度，请比较基础属性。,,暂缺
幸存者,Survivor,未标注,普通敌人,,基础伤害：50–60；攻击间隔：0.73秒；攻击距离（配置）：0.4；储物栏位：10；移动速度（配置）：4.5,,这条怪物记录未直接提供可确认的生命数值，未用同名怪物的属性代填。；当前档案有 37 条同名记录；可能来自不同场景、活动或难度，请比较基础属性。,,暂缺
幸存者,Survivor,未标注,普通敌人,,基础伤害：50–60；攻击间隔：0.73秒；攻击距离（配置）：0.4；储物栏位：10；移动速度（配置）：4.5,,这条怪物记录未直接提供可确认的生命数值，未用同名怪物的属性代填。；当前档案有 37 条同名记录；可能来自不同场景、活动或难度，请比较基础属性。,,暂缺
核炬士,Nuclear Torch,未标注,首领,,移动速度（配置）：4,,这条怪物记录未直接提供可确认的生命数值，未用同名怪物的属性代填。；参考图来自同名记录；完整模型属性集合一致且原始图标引用唯一。本记录自身未配置图鉴图标。；当前档案有 8 条同名记录；可能来自不同场景、活动或难度，请比较基础属性。,assets/images/怪物/核炬士--00ad50e3b5.png,同模型参考图
核炬士,Nuclear Torch,未标注,首领,,移动速度（配置）：4,,这条怪物记录未直接提供可确认的生命数值，未用同名怪物的属性代填。；参考图来自同名记录；完整模型属性集合一致且原始图标引用唯一。本记录自身未配置图鉴图标。；当前档案有 8 条同名记录；可能来自不同场景、活动或难度，请比较基础属性。,assets/images/怪物/核炬士--00ad50e3b5.png,同模型参考图
速射炮塔,MG Turret,未标注,普通敌人,一旦高灵敏度传感器发现敌人，两把机枪就会在180度角之内瞄准他们。,基础伤害：150–160；攻击间隔：0.2秒；攻击距离（配置）：6；暴击几率：5%；暴击倍率：2倍；基础生命：4000,,当前档案有 8 条同名记录；可能来自不同场景、活动或难度，请比较基础属性。,,暂缺
狂腐士的祭坛,Decayers' Altar,未标注,普通敌人,,,,这条怪物记录未直接提供可确认的生命数值，未用同名怪物的属性代填。；参考图来自同名记录；完整模型属性集合一致且原始图标引用唯一。本记录自身未配置图鉴图标。；当前档案有 8 条同名记录；可能来自不同场景、活动或难度，请比较基础属性。,assets/images/怪物/狂腐士的祭坛--5fcd7d3ee9.png,同模型参考图
焦尸,Charred,未标注,普通敌人,,移动速度（配置）：1.5；生成生命（候选）：450；生成伤害（候选）：35–40,,生成属性来自初始化关联的附加对象，是静态数值候选；等级、触发条件和场景规则可能改变生效结果。；当前档案有 36 条同名记录；可能来自不同场景、活动或难度，请比较基础属性。,,暂缺
焦尸,Charred,未标注,普通敌人,,移动速度（配置）：1.5；生成生命（候选）：540–2250；生成伤害（候选）：55–420,,生成属性来自初始化关联的附加对象，是静态数值候选；等级、触发条件和场景规则可能改变生效结果。；当前档案有 36 条同名记录；可能来自不同场景、活动或难度，请比较基础属性。,,暂缺
爪子,Claw,未标注,普通敌人,,移动速度（配置）：5.7；生成生命（候选）：600–3075；生成伤害（候选）：65–4235,,生成属性来自初始化关联的附加对象，是静态数值候选；等级、触发条件和场景规则可能改变生效结果。；当前档案有 22 条同名记录；可能来自不同场景、活动或难度，请比较基础属性。,,暂缺
仓库刽子手,Warehouse Carnifex,未标注,首领,,移动速度（配置）：5.6；生成生命（候选）：1000–3600；生成伤害（候选）：120–4202,,生成属性来自初始化关联的附加对象，是静态数值候选；等级、触发条件和场景规则可能改变生效结果。；当前档案有 2 条同名记录；可能来自不同场景、活动或难度，请比较基础属性。,,暂缺
狂热者狂腐士,Zealot Decayer,未标注,普通敌人,,移动速度（配置）：4,,这条怪物记录未直接提供可确认的生命数值，未用同名怪物的属性代填。；当前档案有 22 条同名记录；可能来自不同场景、活动或难度，请比较基础属性。,,暂缺
复活的刽子手,Risen Carnifex,未标注,首领,,移动速度（配置）：6；生成生命（候选）：1500–6200；生成伤害（候选）：165–6430,,生成属性来自初始化关联的附加对象，是静态数值候选；等级、触发条件和场景规则可能改变生效结果。；当前档案有 3 条同名记录；可能来自不同场景、活动或难度，请比较基础属性。,,暂缺
留名者,Tagger,未标注,普通敌人,,移动速度（配置）：5.7；生成生命（候选）：410；生成伤害（候选）：35–45,,生成属性来自初始化关联的附加对象，是静态数值候选；等级、触发条件和场景规则可能改变生效结果。；当前档案有 18 条同名记录；可能来自不同场景、活动或难度，请比较基础属性。,,暂缺
留名者,Tagger,未标注,普通敌人,,移动速度（配置）：5.7；生成生命（候选）：535–2100；生成伤害（候选）：55–455,,生成属性来自初始化关联的附加对象，是静态数值候选；等级、触发条件和场景规则可能改变生效结果。；当前档案有 18 条同名记录；可能来自不同场景、活动或难度，请比较基础属性。,,暂缺
焦尸,Charred,未标注,普通敌人,,移动速度（配置）：1.5；生成生命（候选）：540–2250；生成伤害（候选）：55–420,,生成属性来自初始化关联的附加对象，是静态数值候选；等级、触发条件和场景规则可能改变生效结果。；当前档案有 36 条同名记录；可能来自不同场景、活动或难度，请比较基础属性。,,暂缺
爪子,Claw,未标注,普通敌人,,移动速度（配置）：5.7,,这条怪物记录未直接提供可确认的生命数值，未用同名怪物的属性代填。；当前档案有 22 条同名记录；可能来自不同场景、活动或难度，请比较基础属性。,,暂缺
狂热者狂腐士,Zealot Decayer,未标注,普通敌人,,移动速度（配置）：4,,这条怪物记录未直接提供可确认的生命数值，未用同名怪物的属性代填。；当前档案有 22 条同名记录；可能来自不同场景、活动或难度，请比较基础属性。,,暂缺
狂热者狂腐士,Zealot Decayer,未标注,普通敌人,,移动速度（配置）：4,,这条怪物记录未直接提供可确认的生命数值，未用同名怪物的属性代填。；当前档案有 22 条同名记录；可能来自不同场景、活动或难度，请比较基础属性。,,暂缺
留名者,Tagger,未标注,普通敌人,,移动速度（配置）：5.7；生成生命（候选）：535–2100；生成伤害（候选）：55–455,,生成属性来自初始化关联的附加对象，是静态数值候选；等级、触发条件和场景规则可能改变生效结果。；当前档案有 18 条同名记录；可能来自不同场景、活动或难度，请比较基础属性。,,暂缺
地鼠食尸鬼,Gopher Ghoul,未标注,普通敌人,,移动速度（配置）：4,,这条怪物记录未直接提供可确认的生命数值，未用同名怪物的属性代填。；当前档案有 4 条同名记录；可能来自不同场景、活动或难度，请比较基础属性。,,暂缺
土匪食尸鬼,Bandit Ghoul,未标注,普通敌人,,移动速度（配置）：4,,这条怪物记录未直接提供可确认的生命数值，未用同名怪物的属性代填。；当前档案有 5 条同名记录；可能来自不同场景、活动或难度，请比较基础属性。,,暂缺
狂腐士,Decayer,未标注,普通敌人,,移动速度（配置）：4,,这条怪物记录未直接提供可确认的生命数值，未用同名怪物的属性代填。；当前档案有 2 条同名记录；可能来自不同场景、活动或难度，请比较基础属性。,,暂缺
信徒狂腐士,Devotee Decayer,未标注,普通敌人,,移动速度（配置）：4,,这条怪物记录未直接提供可确认的生命数值，未用同名怪物的属性代填。；当前档案有 16 条同名记录；可能来自不同场景、活动或难度，请比较基础属性。,,暂缺
木偶,Wooden Dummy,未标注,普通敌人,,基础伤害：100；攻击间隔：1秒；攻击距离（配置）：0.4；储物栏位：5,,这条怪物记录未直接提供可确认的生命数值，未用同名怪物的属性代填。；当前档案有 3 条同名记录；可能来自不同场景、活动或难度，请比较基础属性。,,暂缺
地鼠食尸鬼,Gopher Ghoul,未标注,普通敌人,,移动速度（配置）：4,,这条怪物记录未直接提供可确认的生命数值，未用同名怪物的属性代填。；当前档案有 4 条同名记录；可能来自不同场景、活动或难度，请比较基础属性。,,暂缺
土匪食尸鬼,Bandit Ghoul,未标注,普通敌人,,移动速度（配置）：4,,这条怪物记录未直接提供可确认的生命数值，未用同名怪物的属性代填。；当前档案有 5 条同名记录；可能来自不同场景、活动或难度，请比较基础属性。,,暂缺
内行狂腐士,Adept Decayer,未标注,普通敌人,,移动速度（配置）：4,,这条怪物记录未直接提供可确认的生命数值，未用同名怪物的属性代填。；当前档案有 17 条同名记录；可能来自不同场景、活动或难度，请比较基础属性。,,暂缺
信徒狂腐士,Devotee Decayer,未标注,普通敌人,,移动速度（配置）：4,,这条怪物记录未直接提供可确认的生命数值，未用同名怪物的属性代填。；当前档案有 16 条同名记录；可能来自不同场景、活动或难度，请比较基础属性。,,暂缺
看守者狂腐士,Keeper Decayer,未标注,普通敌人,,移动速度（配置）：4；生成生命（候选）：665–1075；生成伤害（候选）：150–250,,生成属性来自初始化关联的附加对象，是静态数值候选；等级、触发条件和场景规则可能改变生效结果。,,暂缺
狂热者狂腐士,Zealot Decayer,未标注,普通敌人,,移动速度（配置）：4,,这条怪物记录未直接提供可确认的生命数值，未用同名怪物的属性代填。；当前档案有 22 条同名记录；可能来自不同场景、活动或难度，请比较基础属性。,,暂缺
信徒狂腐士,Devotee Decayer,未标注,普通敌人,,移动速度（配置）：4；生成生命（候选）：525–850；生成伤害（候选）：60–100,,生成属性来自初始化关联的附加对象，是静态数值候选；等级、触发条件和场景规则可能改变生效结果。；当前档案有 16 条同名记录；可能来自不同场景、活动或难度，请比较基础属性。,,暂缺
狂热者狂腐士,Zealot Decayer,未标注,普通敌人,,移动速度（配置）：4；生成生命（候选）：455–740；生成伤害（候选）：35–62,,生成属性来自初始化关联的附加对象，是静态数值候选；等级、触发条件和场景规则可能改变生效结果。；当前档案有 22 条同名记录；可能来自不同场景、活动或难度，请比较基础属性。,,暂缺
狂腐士的祭坛,Decayers' Altar,未标注,普通敌人,,生成生命（候选）：1800–2600,,生成属性来自初始化关联的附加对象，是静态数值候选；等级、触发条件和场景规则可能改变生效结果。；参考图来自同名记录；完整模型属性集合一致且原始图标引用唯一。本记录自身未配置图鉴图标。；当前档案有 8 条同名记录；可能来自不同场景、活动或难度，请比较基础属性。,assets/images/怪物/狂腐士的祭坛--5fcd7d3ee9.png,同模型参考图
核炬士,Nuclear Torch,未标注,首领,,移动速度（配置）：4；生成生命（候选）：2600–3500；生成伤害（候选）：185–625,,生成属性来自初始化关联的附加对象，是静态数值候选；等级、触发条件和场景规则可能改变生效结果。；当前档案有 8 条同名记录；可能来自不同场景、活动或难度，请比较基础属性。,,暂缺
粉碎者,Grabber,未标注,普通敌人,,移动速度（配置）：4；生成生命（候选）：420；生成伤害（候选）：25–30,,生成属性来自初始化关联的附加对象，是静态数值候选；等级、触发条件和场景规则可能改变生效结果。；当前档案有 6 条同名记录；可能来自不同场景、活动或难度，请比较基础属性。,,暂缺
穿孔者,Perforator,未标注,普通敌人,,移动速度（配置）：3；生成生命（候选）：295；生成伤害（候选）：20–25,,生成属性来自初始化关联的附加对象，是静态数值候选；等级、触发条件和场景规则可能改变生效结果。；当前档案有 5 条同名记录；可能来自不同场景、活动或难度，请比较基础属性。,,暂缺
粉碎者,Grabber,未标注,普通敌人,,移动速度（配置）：4；生成生命（候选）：560–1125；生成伤害（候选）：45–100,,生成属性来自初始化关联的附加对象，是静态数值候选；等级、触发条件和场景规则可能改变生效结果。；当前档案有 6 条同名记录；可能来自不同场景、活动或难度，请比较基础属性。,,暂缺
穿孔者,Perforator,未标注,普通敌人,,移动速度（配置）：3；生成生命（候选）：395–790；生成伤害（候选）：32–70,,生成属性来自初始化关联的附加对象，是静态数值候选；等级、触发条件和场景规则可能改变生效结果。；当前档案有 5 条同名记录；可能来自不同场景、活动或难度，请比较基础属性。,,暂缺
弗莱耶,Flayer,未标注,首领,,移动速度（配置）：4；生成生命（候选）：1700；生成伤害（候选）：85–250,,生成属性来自初始化关联的附加对象，是静态数值候选；等级、触发条件和场景规则可能改变生效结果。；当前档案有 2 条同名记录；可能来自不同场景、活动或难度，请比较基础属性。,,暂缺
狂热者狂腐士,Zealot Decayer,未标注,普通敌人,,移动速度（配置）：4；生成生命（候选）：455–740；生成伤害（候选）：35–62,,生成属性来自初始化关联的附加对象，是静态数值候选；等级、触发条件和场景规则可能改变生效结果。；当前档案有 22 条同名记录；可能来自不同场景、活动或难度，请比较基础属性。,,暂缺
信徒狂腐士,Devotee Decayer,未标注,普通敌人,,移动速度（配置）：4；生成生命（候选）：525–850；生成伤害（候选）：60–100,,生成属性来自初始化关联的附加对象，是静态数值候选；等级、触发条件和场景规则可能改变生效结果。；当前档案有 16 条同名记录；可能来自不同场景、活动或难度，请比较基础属性。,,暂缺
焦尸,Charred,未标注,普通敌人,,移动速度（配置）：1.5；生成生命（候选）：650–2430；生成伤害（候选）：85–630,,生成属性来自初始化关联的附加对象，是静态数值候选；等级、触发条件和场景规则可能改变生效结果。；当前档案有 36 条同名记录；可能来自不同场景、活动或难度，请比较基础属性。,,暂缺
疯狂萤火虫,Mad Firefly,未标注,普通敌人,疯狂萤火虫,移动速度（配置）：5.25；生成生命（候选）：420–2730；生成伤害（候选）：115–850,,生成属性来自初始化关联的附加对象，是静态数值候选；等级、触发条件和场景规则可能改变生效结果。；当前档案有 6 条同名记录；可能来自不同场景、活动或难度，请比较基础属性。,assets/images/资源材料/混凝土--eab7c0232b.png,原版图鉴
狂热者狂腐士,Zealot Decayer,未标注,普通敌人,,移动速度（配置）：4；生成生命（候选）：455–740；生成伤害（候选）：35–62,,生成属性来自初始化关联的附加对象，是静态数值候选；等级、触发条件和场景规则可能改变生效结果。；当前档案有 22 条同名记录；可能来自不同场景、活动或难度，请比较基础属性。,,暂缺
狂热者狂腐士,Zealot Decayer,未标注,普通敌人,,移动速度（配置）：4,,这条怪物记录未直接提供可确认的生命数值，未用同名怪物的属性代填。；当前档案有 22 条同名记录；可能来自不同场景、活动或难度，请比较基础属性。,,暂缺
内行狂腐士,Adept Decayer,未标注,普通敌人,,移动速度（配置）：4,,这条怪物记录未直接提供可确认的生命数值，未用同名怪物的属性代填。；当前档案有 17 条同名记录；可能来自不同场景、活动或难度，请比较基础属性。,,暂缺
信徒狂腐士,Devotee Decayer,未标注,普通敌人,,移动速度（配置）：4；生成生命（候选）：525–850；生成伤害（候选）：60–100,,生成属性来自初始化关联的附加对象，是静态数值候选；等级、触发条件和场景规则可能改变生效结果。；当前档案有 16 条同名记录；可能来自不同场景、活动或难度，请比较基础属性。,,暂缺
信徒狂腐士,Devotee Decayer,未标注,普通敌人,,移动速度（配置）：4；生成生命（候选）：340；生成伤害（候选）：0,,生成属性来自初始化关联的附加对象，是静态数值候选；等级、触发条件和场景规则可能改变生效结果。；当前档案有 16 条同名记录；可能来自不同场景、活动或难度，请比较基础属性。,,暂缺
狂腐士炮塔,Decayers' Turret,未标注,普通敌人,一旦高灵敏度传感器发现敌人，两把机枪就会在180度角之内瞄准他们。,,,这条怪物记录未直接提供可确认的生命数值，未用同名怪物的属性代填。；当前档案有 2 条同名记录；可能来自不同场景、活动或难度，请比较基础属性。,,暂缺
狂腐士的祭坛,Decayers' Altar,未标注,普通敌人,,,,这条怪物记录未直接提供可确认的生命数值，未用同名怪物的属性代填。；参考图来自同名记录；完整模型属性集合一致且原始图标引用唯一。本记录自身未配置图鉴图标。；当前档案有 8 条同名记录；可能来自不同场景、活动或难度，请比较基础属性。,assets/images/怪物/狂腐士的祭坛--5fcd7d3ee9.png,同模型参考图
内行狂腐士,Adept Decayer,未标注,普通敌人,,移动速度（配置）：4,,这条怪物记录未直接提供可确认的生命数值，未用同名怪物的属性代填。；当前档案有 17 条同名记录；可能来自不同场景、活动或难度，请比较基础属性。,,暂缺
狂腐士的祭坛,Decayers' Altar,未标注,普通敌人,,基础伤害：1；攻击间隔：1秒；攻击距离（配置）：1；暴击几率：1%；暴击倍率：2倍；生成生命（候选）：1800–2600,,生成属性来自初始化关联的附加对象，是静态数值候选；等级、触发条件和场景规则可能改变生效结果。；参考图来自同名记录；完整模型属性集合一致且原始图标引用唯一。本记录自身未配置图鉴图标。；当前档案有 8 条同名记录；可能来自不同场景、活动或难度，请比较基础属性。,assets/images/怪物/狂腐士的祭坛--5fcd7d3ee9.png,同模型参考图
信徒狂腐士,Devotee Decayer,未标注,普通敌人,,移动速度（配置）：4,,这条怪物记录未直接提供可确认的生命数值，未用同名怪物的属性代填。；当前档案有 16 条同名记录；可能来自不同场景、活动或难度，请比较基础属性。,,暂缺
狂腐士炮塔,Decayers' Turret,未标注,普通敌人,绊线系统可以让炮塔自动射击敌人 。,,,这条怪物记录未直接提供可确认的生命数值，未用同名怪物的属性代填。；当前档案有 2 条同名记录；可能来自不同场景、活动或难度，请比较基础属性。,,暂缺
爪子,Claw,未标注,普通敌人,,移动速度（配置）：5.7,,这条怪物记录未直接提供可确认的生命数值，未用同名怪物的属性代填。；当前档案有 22 条同名记录；可能来自不同场景、活动或难度，请比较基础属性。,,暂缺
复活的刽子手,Risen Carnifex,未标注,首领,,移动速度（配置）：5.6,,这条怪物记录未直接提供可确认的生命数值，未用同名怪物的属性代填。；当前档案有 3 条同名记录；可能来自不同场景、活动或难度，请比较基础属性。,,暂缺
爪子,Claw,未标注,普通敌人,,移动速度（配置）：5.7；生成生命（候选）：900–3500；生成伤害（候选）：90–5925,,生成属性来自初始化关联的附加对象，是静态数值候选；等级、触发条件和场景规则可能改变生效结果。；当前档案有 22 条同名记录；可能来自不同场景、活动或难度，请比较基础属性。,,暂缺
焦尸,Charred,未标注,普通敌人,,移动速度（配置）：1.5；生成生命（候选）：450；生成伤害（候选）：35–40,,生成属性来自初始化关联的附加对象，是静态数值候选；等级、触发条件和场景规则可能改变生效结果。；当前档案有 36 条同名记录；可能来自不同场景、活动或难度，请比较基础属性。,,暂缺
地鼠食尸鬼,Gopher Ghoul,未标注,普通敌人,,移动速度（配置）：4,,这条怪物记录未直接提供可确认的生命数值，未用同名怪物的属性代填。；当前档案有 4 条同名记录；可能来自不同场景、活动或难度，请比较基础属性。,,暂缺
焦尸,Charred,未标注,普通敌人,,移动速度（配置）：1.5,,这条怪物记录未直接提供可确认的生命数值，未用同名怪物的属性代填。；当前档案有 36 条同名记录；可能来自不同场景、活动或难度，请比较基础属性。,,暂缺
地鼠食尸鬼,Gopher Ghoul,未标注,普通敌人,,移动速度（配置）：4,,这条怪物记录未直接提供可确认的生命数值，未用同名怪物的属性代填。；当前档案有 4 条同名记录；可能来自不同场景、活动或难度，请比较基础属性。,,暂缺
土匪食尸鬼,Bandit Ghoul,未标注,普通敌人,,移动速度（配置）：4,,这条怪物记录未直接提供可确认的生命数值，未用同名怪物的属性代填。；当前档案有 5 条同名记录；可能来自不同场景、活动或难度，请比较基础属性。,,暂缺
土匪食尸鬼,Bandit Ghoul,未标注,普通敌人,,移动速度（配置）：4,,这条怪物记录未直接提供可确认的生命数值，未用同名怪物的属性代填。；当前档案有 5 条同名记录；可能来自不同场景、活动或难度，请比较基础属性。,,暂缺
牛肉,Beef,未标注,普通敌人,,移动速度（配置）：1.22,,这条怪物记录未直接提供可确认的生命数值，未用同名怪物的属性代填。；当前档案有 10 条同名记录；可能来自不同场景、活动或难度，请比较基础属性。,assets/images/怪物/牛肉--40833d7116.png,原版图鉴
长舌僵尸,Stinger,未标注,普通敌人,,移动速度（配置）：5.7,,这条怪物记录未直接提供可确认的生命数值，未用同名怪物的属性代填。；当前档案有 7 条同名记录；可能来自不同场景、活动或难度，请比较基础属性。,,暂缺
长舌僵尸,Stinger,未标注,普通敌人,,移动速度（配置）：5.7,,这条怪物记录未直接提供可确认的生命数值，未用同名怪物的属性代填。；当前档案有 7 条同名记录；可能来自不同场景、活动或难度，请比较基础属性。,,暂缺
留名者,Tagger,未标注,普通敌人,,移动速度（配置）：5.7,,这条怪物记录未直接提供可确认的生命数值，未用同名怪物的属性代填。；当前档案有 18 条同名记录；可能来自不同场景、活动或难度，请比较基础属性。,,暂缺
爪子,Claw,未标注,普通敌人,,移动速度（配置）：5.7,,这条怪物记录未直接提供可确认的生命数值，未用同名怪物的属性代填。；当前档案有 22 条同名记录；可能来自不同场景、活动或难度，请比较基础属性。,,暂缺
焦尸,Charred,未标注,普通敌人,,移动速度（配置）：1.5；生成生命（候选）：540–2250；生成伤害（候选）：55–420,,生成属性来自初始化关联的附加对象，是静态数值候选；等级、触发条件和场景规则可能改变生效结果。；当前档案有 36 条同名记录；可能来自不同场景、活动或难度，请比较基础属性。,,暂缺
焦尸,Charred,未标注,普通敌人,,移动速度（配置）：1.5；生成生命（候选）：540–2250；生成伤害（候选）：55–420,,生成属性来自初始化关联的附加对象，是静态数值候选；等级、触发条件和场景规则可能改变生效结果。；当前档案有 36 条同名记录；可能来自不同场景、活动或难度，请比较基础属性。,,暂缺
狂热者狂腐士,Zealot Decayer,未标注,首领,,移动速度（配置）：4,,这条怪物记录未直接提供可确认的生命数值，未用同名怪物的属性代填。；当前档案有 22 条同名记录；可能来自不同场景、活动或难度，请比较基础属性。,,暂缺
新娘阿依达·维铎,Bride Ayida-Weddo,未标注,首领,,移动速度（配置）：5,,这条怪物记录未直接提供可确认的生命数值，未用同名怪物的属性代填。；当前档案有 3 条同名记录；可能来自不同场景、活动或难度，请比较基础属性。,,暂缺
狂腐士的祭坛,Decayers' Altar,未标注,普通敌人,,,,这条怪物记录未直接提供可确认的生命数值，未用同名怪物的属性代填。；参考图来自同名记录；完整模型属性集合一致且原始图标引用唯一。本记录自身未配置图鉴图标。；当前档案有 8 条同名记录；可能来自不同场景、活动或难度，请比较基础属性。,assets/images/怪物/狂腐士的祭坛--5fcd7d3ee9.png,同模型参考图
疯狂萤火虫,Mad Firefly,未标注,普通敌人,疯狂萤火虫,移动速度（配置）：5.25；生成生命（候选）：420；生成伤害（候选）：115–125,,生成属性来自初始化关联的附加对象，是静态数值候选；等级、触发条件和场景规则可能改变生效结果。；当前档案有 6 条同名记录；可能来自不同场景、活动或难度，请比较基础属性。,assets/images/资源材料/混凝土--eab7c0232b.png,原版图鉴
新娘拉米亚,Bride Lamia,未标注,首领,,移动速度（配置）：3.8；生成伤害（候选）：0,,生成属性来自初始化关联的附加对象，是静态数值候选；等级、触发条件和场景规则可能改变生效结果。；这条怪物记录未直接提供可确认的生命数值，未用同名怪物的属性代填。；当前档案有 4 条同名记录；可能来自不同场景、活动或难度，请比较基础属性。,,暂缺
南瓜脑袋,Pumpkin Head,未标注,普通敌人,,移动速度（配置）：4,,这条怪物记录未直接提供可确认的生命数值，未用同名怪物的属性代填。；当前档案有 14 条同名记录；可能来自不同场景、活动或难度，请比较基础属性。,,暂缺
南瓜脑袋,Pumpkin Head,未标注,普通敌人,,移动速度（配置）：4,,这条怪物记录未直接提供可确认的生命数值，未用同名怪物的属性代填。；当前档案有 14 条同名记录；可能来自不同场景、活动或难度，请比较基础属性。,,暂缺
萨梅迪英雄,Samedi Hero,未标注,普通敌人,,移动速度（配置）：4,,这条怪物记录未直接提供可确认的生命数值，未用同名怪物的属性代填。；当前档案有 7 条同名记录；可能来自不同场景、活动或难度，请比较基础属性。,,暂缺
萨梅迪巫师,Samedi Houngan,未标注,普通敌人,,移动速度（配置）：4,,这条怪物记录未直接提供可确认的生命数值，未用同名怪物的属性代填。；当前档案有 5 条同名记录；可能来自不同场景、活动或难度，请比较基础属性。,,暂缺
死亡仆从,Death Hounsi,未标注,普通敌人,,移动速度（配置）：4,,这条怪物记录未直接提供可确认的生命数值，未用同名怪物的属性代填。；当前档案有 2 条同名记录；可能来自不同场景、活动或难度，请比较基础属性。,,暂缺
焦尸,Charred,未标注,普通敌人,,基础伤害：20–25；攻击间隔：1秒；攻击距离（配置）：0.4；基础生命：360；移动速度（配置）：1.5,,当前档案有 36 条同名记录；可能来自不同场景、活动或难度，请比较基础属性。,,暂缺
送葬者祭坛,Undertakers' Altar,未标注,普通敌人,,,,这条怪物记录未直接提供可确认的生命数值，未用同名怪物的属性代填。；当前档案有 4 条同名记录；可能来自不同场景、活动或难度，请比较基础属性。,,暂缺
新娘拉米亚,Bride Lamia,未标注,首领,,移动速度（配置）：3.8；生成伤害（候选）：0,,生成属性来自初始化关联的附加对象，是静态数值候选；等级、触发条件和场景规则可能改变生效结果。；这条怪物记录未直接提供可确认的生命数值，未用同名怪物的属性代填。；当前档案有 4 条同名记录；可能来自不同场景、活动或难度，请比较基础属性。,,暂缺
南瓜脑袋,Pumpkin Head,未标注,普通敌人,,移动速度（配置）：4；生成生命（候选）：420；生成伤害（候选）：20–25,,生成属性来自初始化关联的附加对象，是静态数值候选；等级、触发条件和场景规则可能改变生效结果。；当前档案有 14 条同名记录；可能来自不同场景、活动或难度，请比较基础属性。,,暂缺
南瓜脑袋,Pumpkin Head,未标注,普通敌人,,移动速度（配置）：4；生成生命（候选）：350；生成伤害（候选）：24–27,,生成属性来自初始化关联的附加对象，是静态数值候选；等级、触发条件和场景规则可能改变生效结果。；当前档案有 14 条同名记录；可能来自不同场景、活动或难度，请比较基础属性。,,暂缺
焦尸,Charred,未标注,普通敌人,,基础伤害：20–25；攻击间隔：1.3秒；攻击距离（配置）：0.4；基础生命：360；移动速度（配置）：0.7,,当前档案有 36 条同名记录；可能来自不同场景、活动或难度，请比较基础属性。,,暂缺
大吸血蛭,Big Leecher,未标注,普通敌人,大吸血蛭,生成生命（候选）：420–2730；生成伤害（候选）：115–850,,生成属性来自初始化关联的附加对象，是静态数值候选；等级、触发条件和场景规则可能改变生效结果。,assets/images/资源材料/混凝土--eab7c0232b.png,原版图鉴
血色祭坛,Bloody Altar,未标注,普通敌人,,,,这条怪物记录未直接提供可确认的生命数值，未用同名怪物的属性代填。；当前档案有 5 条同名记录；可能来自不同场景、活动或难度，请比较基础属性。,,暂缺
杀手食尸鬼,Killer Ghoul,未标注,普通敌人,,移动速度（配置）：4,,这条怪物记录未直接提供可确认的生命数值，未用同名怪物的属性代填。；当前档案有 11 条同名记录；可能来自不同场景、活动或难度，请比较基础属性。,,暂缺
火鸡,Turkey,未标注,普通敌人,火鸡,基础伤害：25–30；攻击间隔：0.8秒；攻击距离（配置）：0.2；基础生命：840；移动速度（配置）：5,,当前档案有 6 条同名记录；可能来自不同场景、活动或难度，请比较基础属性。,,暂缺
袭击者食尸鬼,Raider Ghoul,未标注,普通敌人,,移动速度（配置）：4,,这条怪物记录未直接提供可确认的生命数值，未用同名怪物的属性代填。；当前档案有 4 条同名记录；可能来自不同场景、活动或难度，请比较基础属性。,,暂缺
锤击食尸鬼,Ramming Ghoul,未标注,普通敌人,,移动速度（配置）：3,,这条怪物记录未直接提供可确认的生命数值，未用同名怪物的属性代填。；当前档案有 9 条同名记录；可能来自不同场景、活动或难度，请比较基础属性。,,暂缺
恶霸食尸鬼,Bully Ghoul,未标注,普通敌人,,移动速度（配置）：3,,这条怪物记录未直接提供可确认的生命数值，未用同名怪物的属性代填。；当前档案有 2 条同名记录；可能来自不同场景、活动或难度，请比较基础属性。,,暂缺
铠甲怪,Armored Claw,未标注,普通敌人,,移动速度（配置）：5.7,,这条怪物记录未直接提供可确认的生命数值，未用同名怪物的属性代填。,,暂缺
酋长食尸鬼,Chieftain Ghoul,未标注,普通敌人,,移动速度（配置）：4,,这条怪物记录未直接提供可确认的生命数值，未用同名怪物的属性代填。,,暂缺
吸血蛭,Leecher,未标注,普通敌人,吸血蛭,生成生命（候选）：420–2730；生成伤害（候选）：115–850,,生成属性来自初始化关联的附加对象，是静态数值候选；等级、触发条件和场景规则可能改变生效结果。；当前档案有 8 条同名记录；可能来自不同场景、活动或难度，请比较基础属性。,assets/images/资源材料/混凝土--eab7c0232b.png,原版图鉴
火鸡,Turkey,未标注,普通敌人,火鸡,基础生命：1100；移动速度（配置）：5,,当前档案有 6 条同名记录；可能来自不同场景、活动或难度，请比较基础属性。,,暂缺
火鸡,Turkey,未标注,普通敌人,火鸡,基础生命：1100；移动速度（配置）：5,,当前档案有 6 条同名记录；可能来自不同场景、活动或难度，请比较基础属性。,,暂缺
木偶,Wooden Dummy,未标注,普通敌人,,基础伤害：100；攻击间隔：1秒；攻击距离（配置）：0.4；储物栏位：5,,这条怪物记录未直接提供可确认的生命数值，未用同名怪物的属性代填。；当前档案有 3 条同名记录；可能来自不同场景、活动或难度，请比较基础属性。,,暂缺
幸存者,Survivor,未标注,普通敌人,,基础伤害：50–60；攻击间隔：0.73秒；攻击距离（配置）：0.4；储物栏位：10；移动速度（配置）：4.5,,这条怪物记录未直接提供可确认的生命数值，未用同名怪物的属性代填。；当前档案有 37 条同名记录；可能来自不同场景、活动或难度，请比较基础属性。,,暂缺
大火鸡,Large Turkey,未标注,普通敌人,火鸡,基础生命：4000；移动速度（配置）：5,,当前档案有 2 条同名记录；可能来自不同场景、活动或难度，请比较基础属性。,,暂缺
仓库刽子手,Warehouse Carnifex,未标注,首领,,移动速度（配置）：5.6,,这条怪物记录未直接提供可确认的生命数值，未用同名怪物的属性代填。；当前档案有 2 条同名记录；可能来自不同场景、活动或难度，请比较基础属性。,,暂缺
幸存者,Survivor,未标注,普通敌人,,基础伤害：50–60；攻击间隔：0.73秒；攻击距离（配置）：0.4；储物栏位：10；移动速度（配置）：4.5,,这条怪物记录未直接提供可确认的生命数值，未用同名怪物的属性代填。；当前档案有 37 条同名记录；可能来自不同场景、活动或难度，请比较基础属性。,,暂缺
牛肉,Beef,未标注,普通敌人,,移动速度（配置）：1.22,,这条怪物记录未直接提供可确认的生命数值，未用同名怪物的属性代填。；当前档案有 10 条同名记录；可能来自不同场景、活动或难度，请比较基础属性。,assets/images/怪物/牛肉--40833d7116.png,原版图鉴
爪子,Claw,未标注,普通敌人,,移动速度（配置）：5.7,,这条怪物记录未直接提供可确认的生命数值，未用同名怪物的属性代填。；当前档案有 22 条同名记录；可能来自不同场景、活动或难度，请比较基础属性。,,暂缺
恶霸食尸鬼,Bully Ghoul,未标注,普通敌人,,移动速度（配置）：3,,这条怪物记录未直接提供可确认的生命数值，未用同名怪物的属性代填。；当前档案有 2 条同名记录；可能来自不同场景、活动或难度，请比较基础属性。,,暂缺
锤击食尸鬼,Ramming Ghoul,未标注,普通敌人,,移动速度（配置）：3,,这条怪物记录未直接提供可确认的生命数值，未用同名怪物的属性代填。；当前档案有 9 条同名记录；可能来自不同场景、活动或难度，请比较基础属性。,,暂缺
要塞兵团的炮塔,Citadel Corps' Turret,未标注,普通敌人,要塞兵团的炮塔,,,这条怪物记录未直接提供可确认的生命数值，未用同名怪物的属性代填。；当前档案有 2 条同名记录；可能来自不同场景、活动或难度，请比较基础属性。,,暂缺
送葬者,Undertaker,未标注,普通敌人,,移动速度（配置）：4；生成生命（候选）：420；生成伤害（候选）：25–30,,生成属性来自初始化关联的附加对象，是静态数值候选；等级、触发条件和场景规则可能改变生效结果。；当前档案有 9 条同名记录；可能来自不同场景、活动或难度，请比较基础属性。,,暂缺
送葬者,Undertaker,未标注,普通敌人,,移动速度（配置）：4；生成生命（候选）：420；生成伤害（候选）：25–30,,生成属性来自初始化关联的附加对象，是静态数值候选；等级、触发条件和场景规则可能改变生效结果。；当前档案有 9 条同名记录；可能来自不同场景、活动或难度，请比较基础属性。,,暂缺
爪子,Claw,未标注,普通敌人,,移动速度（配置）：5.7,,这条怪物记录未直接提供可确认的生命数值，未用同名怪物的属性代填。；当前档案有 22 条同名记录；可能来自不同场景、活动或难度，请比较基础属性。,,暂缺
锤击食尸鬼,Ramming Ghoul,未标注,普通敌人,,移动速度（配置）：3,,这条怪物记录未直接提供可确认的生命数值，未用同名怪物的属性代填。；当前档案有 9 条同名记录；可能来自不同场景、活动或难度，请比较基础属性。,,暂缺
杀手食尸鬼,Killer Ghoul,未标注,普通敌人,,攻击间隔：0.9秒；攻击距离（配置）：3；暴击几率：10%；暴击倍率：1.3倍；移动速度（配置）：4,,这条怪物记录未直接提供可确认的生命数值，未用同名怪物的属性代填。；当前档案有 11 条同名记录；可能来自不同场景、活动或难度，请比较基础属性。,,暂缺
土匪食尸鬼,Bandit Ghoul,未标注,普通敌人,,攻击间隔：0.9秒；攻击距离（配置）：3；暴击几率：10%；暴击倍率：1.3倍；移动速度（配置）：4,,这条怪物记录未直接提供可确认的生命数值，未用同名怪物的属性代填。；当前档案有 5 条同名记录；可能来自不同场景、活动或难度，请比较基础属性。,,暂缺
杀手食尸鬼,Killer Ghoul,未标注,普通敌人,,攻击间隔：0.9秒；攻击距离（配置）：3；暴击几率：10%；暴击倍率：1.3倍；移动速度（配置）：4,,这条怪物记录未直接提供可确认的生命数值，未用同名怪物的属性代填。；当前档案有 11 条同名记录；可能来自不同场景、活动或难度，请比较基础属性。,,暂缺
杀手食尸鬼,Killer Ghoul,未标注,普通敌人,,攻击间隔：0.9秒；攻击距离（配置）：3；暴击几率：10%；暴击倍率：1.3倍；移动速度（配置）：4,,这条怪物记录未直接提供可确认的生命数值，未用同名怪物的属性代填。；当前档案有 11 条同名记录；可能来自不同场景、活动或难度，请比较基础属性。,,暂缺
黑帮林奇,Triad Lingchi,未标注,普通敌人,,移动速度（配置）：4.5；生成生命（候选）：420,,生成属性来自初始化关联的附加对象，是静态数值候选；等级、触发条件和场景规则可能改变生效结果。；当前档案有 3 条同名记录；可能来自不同场景、活动或难度，请比较基础属性。,assets/images/怪物/黑帮林奇--459b6ceb15.png,原版图鉴
黑帮林奇,Triad Lingchi,未标注,普通敌人,,移动速度（配置）：4.5,,这条怪物记录未直接提供可确认的生命数值，未用同名怪物的属性代填。；当前档案有 3 条同名记录；可能来自不同场景、活动或难度，请比较基础属性。,assets/images/怪物/黑帮林奇--459b6ceb15.png,原版图鉴
黑帮林奇,Triad Lingchi,未标注,普通敌人,,移动速度（配置）：4.5,,这条怪物记录未直接提供可确认的生命数值，未用同名怪物的属性代填。；当前档案有 3 条同名记录；可能来自不同场景、活动或难度，请比较基础属性。,assets/images/怪物/黑帮林奇--459b6ceb15.png,原版图鉴
黑帮花枪,Triad Qian Fa,未标注,首领,,基础生命：10；移动速度（配置）：4.5,,,assets/images/怪物/黑帮花枪--b90c6c659e.png,原版图鉴
黑帮蜘蛛,Triad Spider,未标注,普通敌人,,移动速度（配置）：4.5；生成生命（候选）：300；生成伤害（候选）：7–8,,生成属性来自初始化关联的附加对象，是静态数值候选；等级、触发条件和场景规则可能改变生效结果。；当前档案有 3 条同名记录；可能来自不同场景、活动或难度，请比较基础属性。,assets/images/怪物/黑帮蜘蛛--3c4bcb0448.png,原版图鉴
黑帮蜘蛛,Triad Spider,未标注,普通敌人,,移动速度（配置）：4.5,,这条怪物记录未直接提供可确认的生命数值，未用同名怪物的属性代填。；当前档案有 3 条同名记录；可能来自不同场景、活动或难度，请比较基础属性。,assets/images/怪物/黑帮蜘蛛--3c4bcb0448.png,原版图鉴
黑帮蜘蛛,Triad Spider,未标注,普通敌人,,移动速度（配置）：4.5,,这条怪物记录未直接提供可确认的生命数值，未用同名怪物的属性代填。；当前档案有 3 条同名记录；可能来自不同场景、活动或难度，请比较基础属性。,assets/images/怪物/黑帮林奇--459b6ceb15.png,原版图鉴
黑帮妖怪,Triad Yao Guai,未标注,首领,,基础生命：10；移动速度（配置）：4.5,,,assets/images/怪物/黑帮妖怪--844c48bc24.png,原版图鉴
木偶,Wooden Dummy,未标注,普通敌人,,储物栏位：5；生成生命（候选）：999990；生成伤害（候选）：10–100,,生成属性来自初始化关联的附加对象，是静态数值候选；等级、触发条件和场景规则可能改变生效结果。；当前档案有 3 条同名记录；可能来自不同场景、活动或难度，请比较基础属性。,,暂缺
焦尸游荡者,Charred Roamer,未标注,普通敌人,,移动速度（配置）：1.5；生成生命（候选）：450–1200；生成伤害（候选）：35–210,,生成属性来自初始化关联的附加对象，是静态数值候选；等级、触发条件和场景规则可能改变生效结果。；当前档案有 15 条同名记录；可能来自不同场景、活动或难度，请比较基础属性。,,暂缺
留名者洗车工,Tagger Washer,未标注,普通敌人,,移动速度（配置）：5.7；生成生命（候选）：410–1050；生成伤害（候选）：35–215,,生成属性来自初始化关联的附加对象，是静态数值候选；等级、触发条件和场景规则可能改变生效结果。,,暂缺
信徒狂腐士,Devotee Decayer,未标注,普通敌人,,移动速度（配置）：4,,这条怪物记录未直接提供可确认的生命数值，未用同名怪物的属性代填。；当前档案有 16 条同名记录；可能来自不同场景、活动或难度，请比较基础属性。,,暂缺
狂热者狂腐士,Zealot Decayer,未标注,普通敌人,,移动速度（配置）：4,,这条怪物记录未直接提供可确认的生命数值，未用同名怪物的属性代填。；当前档案有 22 条同名记录；可能来自不同场景、活动或难度，请比较基础属性。,,暂缺
肌肉焦尸司机,Beef Driver,未标注,普通敌人,,移动速度（配置）：1.22；生成生命（候选）：530；生成伤害（候选）：35–45,,生成属性来自初始化关联的附加对象，是静态数值候选；等级、触发条件和场景规则可能改变生效结果。；当前档案有 3 条同名记录；可能来自不同场景、活动或难度，请比较基础属性。,assets/images/怪物/牛肉--40833d7116.png,原版图鉴
焦尸游荡者,Charred Roamer,未标注,普通敌人,,移动速度（配置）：1.5；生成生命（候选）：540–2250；生成伤害（候选）：55–420,,生成属性来自初始化关联的附加对象，是静态数值候选；等级、触发条件和场景规则可能改变生效结果。；当前档案有 15 条同名记录；可能来自不同场景、活动或难度，请比较基础属性。,,暂缺
留名者服务员,Tagger Attendant,未标注,普通敌人,,移动速度（配置）：5.7；生成生命（候选）：535–2100；生成伤害（候选）：55–455,,生成属性来自初始化关联的附加对象，是静态数值候选；等级、触发条件和场景规则可能改变生效结果。,,暂缺
肌肉焦尸司机,Beef Driver,未标注,普通敌人,,移动速度（配置）：1.22,,这条怪物记录未直接提供可确认的生命数值，未用同名怪物的属性代填。；当前档案有 3 条同名记录；可能来自不同场景、活动或难度，请比较基础属性。,assets/images/怪物/牛肉--40833d7116.png,原版图鉴
僵尸守卫,Dead Watchman,未标注,首领,,基础生命：10；移动速度（配置）：1.22,,,assets/images/怪物/僵尸守卫--49769b7831.png,原版图鉴
牧师狂腐士,Chaplain Decayer,未标注,普通敌人,,移动速度（配置）：4,,这条怪物记录未直接提供可确认的生命数值，未用同名怪物的属性代填。；当前档案有 2 条同名记录；可能来自不同场景、活动或难度，请比较基础属性。,,暂缺
萤火虫,Firefly,未标注,普通敌人,萤火虫,暴击倍率：1.5倍；基础生命：400,,当前档案有 10 条同名记录；可能来自不同场景、活动或难度，请比较基础属性。,assets/images/怪物/萤火虫--2f28fb2203.png,原版图鉴
疯狂萤火虫,Mad Firefly,未标注,普通敌人,疯狂萤火虫,移动速度（配置）：5.25；生成生命（候选）：420–2730；生成伤害（候选）：115–850,,生成属性来自初始化关联的附加对象，是静态数值候选；等级、触发条件和场景规则可能改变生效结果。；当前档案有 6 条同名记录；可能来自不同场景、活动或难度，请比较基础属性。,assets/images/怪物/萤火虫--2f28fb2203.png,原版图鉴
爪子,Claw,未标注,普通敌人,,移动速度（配置）：5.7,,这条怪物记录未直接提供可确认的生命数值，未用同名怪物的属性代填。；当前档案有 22 条同名记录；可能来自不同场景、活动或难度，请比较基础属性。,,暂缺
焦尸游荡者,Charred Roamer,未标注,普通敌人,,移动速度（配置）：1.5；生成生命（候选）：450–1200；生成伤害（候选）：35–210,,生成属性来自初始化关联的附加对象，是静态数值候选；等级、触发条件和场景规则可能改变生效结果。；当前档案有 15 条同名记录；可能来自不同场景、活动或难度，请比较基础属性。,,暂缺
焦尸游荡者,Charred Roamer,未标注,普通敌人,,移动速度（配置）：1.5；生成生命（候选）：450–1200；生成伤害（候选）：35–210,,生成属性来自初始化关联的附加对象，是静态数值候选；等级、触发条件和场景规则可能改变生效结果。；当前档案有 15 条同名记录；可能来自不同场景、活动或难度，请比较基础属性。,,暂缺
肌肉焦尸司机,Beef Driver,未标注,普通敌人,,移动速度（配置）：1.22；生成生命（候选）：530；生成伤害（候选）：35–45,,生成属性来自初始化关联的附加对象，是静态数值候选；等级、触发条件和场景规则可能改变生效结果。；当前档案有 3 条同名记录；可能来自不同场景、活动或难度，请比较基础属性。,assets/images/怪物/牛肉--40833d7116.png,原版图鉴
爪子,Claw,未标注,普通敌人,,移动速度（配置）：5.7；生成生命（候选）：600–3075；生成伤害（候选）：65–4235,,生成属性来自初始化关联的附加对象，是静态数值候选；等级、触发条件和场景规则可能改变生效结果。；当前档案有 22 条同名记录；可能来自不同场景、活动或难度，请比较基础属性。,,暂缺
爪子,Claw,未标注,普通敌人,,移动速度（配置）：5.7；生成生命（候选）：780–3490；生成伤害（候选）：90–5925,,生成属性来自初始化关联的附加对象，是静态数值候选；等级、触发条件和场景规则可能改变生效结果。；当前档案有 22 条同名记录；可能来自不同场景、活动或难度，请比较基础属性。,,暂缺
焦尸游荡者,Charred Roamer,未标注,普通敌人,,移动速度（配置）：1.5；生成生命（候选）：450–1200；生成伤害（候选）：35–210,,生成属性来自初始化关联的附加对象，是静态数值候选；等级、触发条件和场景规则可能改变生效结果。；当前档案有 15 条同名记录；可能来自不同场景、活动或难度，请比较基础属性。,,暂缺
牛肉,Beef,未标注,普通敌人,,移动速度（配置）：1.22,,这条怪物记录未直接提供可确认的生命数值，未用同名怪物的属性代填。；当前档案有 10 条同名记录；可能来自不同场景、活动或难度，请比较基础属性。,assets/images/怪物/牛肉--40833d7116.png,原版图鉴
牛肉,Beef,未标注,普通敌人,,移动速度（配置）：1.22,,这条怪物记录未直接提供可确认的生命数值，未用同名怪物的属性代填。；当前档案有 10 条同名记录；可能来自不同场景、活动或难度，请比较基础属性。,assets/images/怪物/牛肉--40833d7116.png,原版图鉴
[856-二]标本,856-D Specimen,未标注,首领,,基础生命：10；移动速度（配置）：3.5；生成伤害（候选）：450–525,,生成属性来自初始化关联的附加对象，是静态数值候选；等级、触发条件和场景规则可能改变生效结果。；当前档案有 2 条同名记录；可能来自不同场景、活动或难度，请比较基础属性。,assets/images/怪物/僵尸守卫--49769b7831.png,原版图鉴
[803-双]标本,803-T Specimen,未标注,首领,,移动速度（配置）：3.8；生成生命（候选）：10；生成伤害（候选）：96–115000,,生成属性来自初始化关联的附加对象，是静态数值候选；等级、触发条件和场景规则可能改变生效结果。,,暂缺
[804-双]标本,804-T Specimen,未标注,首领,,移动速度（配置）：3.8；生成生命（候选）：10；生成伤害（候选）：45–15000,,生成属性来自初始化关联的附加对象，是静态数值候选；等级、触发条件和场景规则可能改变生效结果。,,暂缺
萨梅迪骑手,Samedi Rider,未标注,普通敌人,,移动速度（配置）：4,,这条怪物记录未直接提供可确认的生命数值，未用同名怪物的属性代填。；当前档案有 3 条同名记录；可能来自不同场景、活动或难度，请比较基础属性。,,暂缺
[1429-储]标本,1429-S Specimen,未标注,首领,,移动速度（配置）：5；生成生命（候选）：10,,生成属性来自初始化关联的附加对象，是静态数值候选；等级、触发条件和场景规则可能改变生效结果。；当前档案有 2 条同名记录；可能来自不同场景、活动或难度，请比较基础属性。,,暂缺
留名者,Tagger,未标注,普通敌人,,移动速度（配置）：5.7,,这条怪物记录未直接提供可确认的生命数值，未用同名怪物的属性代填。；当前档案有 18 条同名记录；可能来自不同场景、活动或难度，请比较基础属性。,,暂缺
疯狂萤火虫,Mad Firefly,未标注,普通敌人,疯狂萤火虫,移动速度（配置）：2；生成生命（候选）：420；生成伤害（候选）：152–168,,生成属性来自初始化关联的附加对象，是静态数值候选；等级、触发条件和场景规则可能改变生效结果。；当前档案有 6 条同名记录；可能来自不同场景、活动或难度，请比较基础属性。,assets/images/怪物/萤火虫--2f28fb2203.png,原版图鉴
疯狂萤火虫,Mad Firefly,未标注,普通敌人,疯狂萤火虫,移动速度（配置）：5.25；生成生命（候选）：1260–2730；生成伤害（候选）：150–850,,生成属性来自初始化关联的附加对象，是静态数值候选；等级、触发条件和场景规则可能改变生效结果。；当前档案有 6 条同名记录；可能来自不同场景、活动或难度，请比较基础属性。,assets/images/资源材料/混凝土--eab7c0232b.png,原版图鉴
萤火虫,Firefly,未标注,普通敌人,萤火虫,暴击倍率：1.5倍；生成生命（候选）：250–900,,生成属性来自初始化关联的附加对象，是静态数值候选；等级、触发条件和场景规则可能改变生效结果。；当前档案有 10 条同名记录；可能来自不同场景、活动或难度，请比较基础属性。,assets/images/怪物/萤火虫--2f28fb2203.png,原版图鉴
冰柱,Icicle,未标注,普通敌人,冰柱,移动速度（配置）：5.25；生成生命（候选）：300–1000；生成伤害（候选）：150–850,,生成属性来自初始化关联的附加对象，是静态数值候选；等级、触发条件和场景规则可能改变生效结果。,assets/images/资源材料/混凝土--eab7c0232b.png,原版图鉴
黑帮炮塔,Triad Turret,未标注,普通敌人,,,,这条怪物记录未直接提供可确认的生命数值，未用同名怪物的属性代填。,,暂缺
克劳怪游荡者,Claw Strider,未标注,普通敌人,,移动速度（配置）：5.7；生成生命（候选）：900–6000；生成伤害（候选）：90–1020,,生成属性来自初始化关联的附加对象，是静态数值候选；等级、触发条件和场景规则可能改变生效结果。；当前档案有 5 条同名记录；可能来自不同场景、活动或难度，请比较基础属性。,,暂缺
幸存者,Survivor,未标注,普通敌人,,基础伤害：50–60；攻击间隔：0.73秒；攻击距离（配置）：0.4；储物栏位：10；移动速度（配置）：4.5,,这条怪物记录未直接提供可确认的生命数值，未用同名怪物的属性代填。；当前档案有 37 条同名记录；可能来自不同场景、活动或难度，请比较基础属性。,,暂缺
焦尸游荡者,Charred Strider,未标注,普通敌人,,移动速度（配置）：1.5；生成生命（候选）：540–3800；生成伤害（候选）：55–640,,生成属性来自初始化关联的附加对象，是静态数值候选；等级、触发条件和场景规则可能改变生效结果。；当前档案有 15 条同名记录；可能来自不同场景、活动或难度，请比较基础属性。,,暂缺
黯黑模块,Tenebrae Module,未标注,普通敌人,,生成生命（候选）：4500–23000,,生成属性来自初始化关联的附加对象，是静态数值候选；等级、触发条件和场景规则可能改变生效结果。,,暂缺
重生的刽子手,Reborn Carnifex,未标注,首领,,移动速度（配置）：5；生成生命（候选）：10,,生成属性来自初始化关联的附加对象，是静态数值候选；等级、触发条件和场景规则可能改变生效结果。；当前档案有 2 条同名记录；可能来自不同场景、活动或难度，请比较基础属性。,,暂缺
黑暗炮塔,Dark Turret,未标注,普通敌人,一旦高灵敏度传感器发现敌人，两把机枪就会在180度角之内瞄准他们。,生成生命（候选）：1000–5200；生成伤害（候选）：30–700,,生成属性来自初始化关联的附加对象，是静态数值候选；等级、触发条件和场景规则可能改变生效结果。；当前档案有 5 条同名记录；可能来自不同场景、活动或难度，请比较基础属性。,,暂缺
黑暗炮塔,Dark Turret,未标注,普通敌人,,生成生命（候选）：1200；生成伤害（候选）：80–90,,生成属性来自初始化关联的附加对象，是静态数值候选；等级、触发条件和场景规则可能改变生效结果。；当前档案有 5 条同名记录；可能来自不同场景、活动或难度，请比较基础属性。,,暂缺
克劳怪游荡者,Claw Strider,未标注,普通敌人,,移动速度（配置）：5.7；生成生命（候选）：600–5300；生成伤害（候选）：65–760,,生成属性来自初始化关联的附加对象，是静态数值候选；等级、触发条件和场景规则可能改变生效结果。；当前档案有 5 条同名记录；可能来自不同场景、活动或难度，请比较基础属性。,,暂缺
针鼹,Echidna,未标注,普通敌人,针鼹,移动速度（配置）：5；生成生命（候选）：420–3000；生成伤害（候选）：230–4300,,生成属性来自初始化关联的附加对象，是静态数值候选；等级、触发条件和场景规则可能改变生效结果。,assets/images/资源材料/混凝土--eab7c0232b.png,原版图鉴
幸存者,Survivor,未标注,普通敌人,,基础伤害：50–60；攻击间隔：0.73秒；攻击距离（配置）：0.4；储物栏位：10；移动速度（配置）：4.5,,这条怪物记录未直接提供可确认的生命数值，未用同名怪物的属性代填。；当前档案有 37 条同名记录；可能来自不同场景、活动或难度，请比较基础属性。,,暂缺
黑暗炮塔,Dark Turret,未标注,普通敌人,一旦高灵敏度传感器发现敌人，两把机枪就会在180度角之内瞄准他们。,基础伤害：1；攻击间隔：0.2秒；攻击距离（配置）：9；暴击几率：5%；暴击倍率：2倍；基础生命：4000；生成生命（候选）：1000–5200；生成伤害（候选）：30–700,,生成属性来自初始化关联的附加对象，是静态数值候选；等级、触发条件和场景规则可能改变生效结果。；存在等级分段配置，基础数值不代表所有等级的实战数值。；当前档案有 5 条同名记录；可能来自不同场景、活动或难度，请比较基础属性。,,暂缺
幸存者,Survivor,未标注,普通敌人,,基础伤害：50–60；攻击间隔：0.73秒；攻击距离（配置）：0.4；储物栏位：10；移动速度（配置）：4.5,,这条怪物记录未直接提供可确认的生命数值，未用同名怪物的属性代填。；当前档案有 37 条同名记录；可能来自不同场景、活动或难度，请比较基础属性。,,暂缺
幸存者,Survivor,未标注,普通敌人,,基础伤害：50–60；攻击间隔：0.73秒；攻击距离（配置）：0.4；储物栏位：10；移动速度（配置）：4.5,,这条怪物记录未直接提供可确认的生命数值，未用同名怪物的属性代填。；当前档案有 37 条同名记录；可能来自不同场景、活动或难度，请比较基础属性。,,暂缺
幸存者,Survivor,未标注,普通敌人,,基础伤害：50–60；攻击间隔：0.73秒；攻击距离（配置）：0.4；储物栏位：10；移动速度（配置）：4.5,,这条怪物记录未直接提供可确认的生命数值，未用同名怪物的属性代填。；当前档案有 37 条同名记录；可能来自不同场景、活动或难度，请比较基础属性。,,暂缺
幸存者,Survivor,未标注,普通敌人,,基础伤害：50–60；攻击间隔：0.73秒；攻击距离（配置）：0.4；储物栏位：10；移动速度（配置）：4.5,,这条怪物记录未直接提供可确认的生命数值，未用同名怪物的属性代填。；当前档案有 37 条同名记录；可能来自不同场景、活动或难度，请比较基础属性。,,暂缺
幸存者,Survivor,未标注,普通敌人,,基础伤害：50–60；攻击间隔：0.73秒；攻击距离（配置）：0.4；储物栏位：20；移动速度（配置）：4.5,,这条怪物记录未直接提供可确认的生命数值，未用同名怪物的属性代填。；当前档案有 37 条同名记录；可能来自不同场景、活动或难度，请比较基础属性。,,暂缺
幸存者,Survivor,未标注,普通敌人,,基础伤害：50–60；攻击间隔：0.73秒；攻击距离（配置）：0.4；储物栏位：20；移动速度（配置）：4.5,,这条怪物记录未直接提供可确认的生命数值，未用同名怪物的属性代填。；当前档案有 37 条同名记录；可能来自不同场景、活动或难度，请比较基础属性。,,暂缺
幸存者,Survivor,未标注,普通敌人,,基础伤害：50–60；攻击间隔：0.73秒；攻击距离（配置）：0.4；储物栏位：20；移动速度（配置）：4.5,,这条怪物记录未直接提供可确认的生命数值，未用同名怪物的属性代填。；当前档案有 37 条同名记录；可能来自不同场景、活动或难度，请比较基础属性。,,暂缺
幸存者,Survivor,未标注,普通敌人,,基础伤害：50–60；攻击间隔：0.73秒；攻击距离（配置）：0.4；储物栏位：20；移动速度（配置）：4.5,,这条怪物记录未直接提供可确认的生命数值，未用同名怪物的属性代填。；当前档案有 37 条同名记录；可能来自不同场景、活动或难度，请比较基础属性。,,暂缺
幸存者,Survivor,未标注,普通敌人,,基础伤害：50–60；攻击间隔：0.73秒；攻击距离（配置）：0.4；储物栏位：20；移动速度（配置）：4.5,,这条怪物记录未直接提供可确认的生命数值，未用同名怪物的属性代填。；当前档案有 37 条同名记录；可能来自不同场景、活动或难度，请比较基础属性。,,暂缺
幸存者,Survivor,未标注,普通敌人,,基础伤害：50–60；攻击间隔：0.73秒；攻击距离（配置）：0.4；储物栏位：20；移动速度（配置）：4.5,,这条怪物记录未直接提供可确认的生命数值，未用同名怪物的属性代填。；当前档案有 37 条同名记录；可能来自不同场景、活动或难度，请比较基础属性。,,暂缺
核炬士,Nuclear Torch,未标注,首领,,移动速度（配置）：5,,这条怪物记录未直接提供可确认的生命数值，未用同名怪物的属性代填。；参考图来自同名记录；完整模型属性集合一致且原始图标引用唯一。本记录自身未配置图鉴图标。；当前档案有 8 条同名记录；可能来自不同场景、活动或难度，请比较基础属性。,assets/images/怪物/核炬士--00ad50e3b5.png,同模型参考图
核炬士,Nuclear Torch,未标注,首领,,移动速度（配置）：4,,这条怪物记录未直接提供可确认的生命数值，未用同名怪物的属性代填。；参考图来自同名记录；完整模型属性集合一致且原始图标引用唯一。本记录自身未配置图鉴图标。；当前档案有 8 条同名记录；可能来自不同场景、活动或难度，请比较基础属性。,assets/images/怪物/核炬士--00ad50e3b5.png,同模型参考图
幸存者,Survivor,未标注,普通敌人,,基础伤害：50–60；攻击间隔：0.73秒；攻击距离（配置）：0.4；储物栏位：20；移动速度（配置）：4.5,,这条怪物记录未直接提供可确认的生命数值，未用同名怪物的属性代填。；当前档案有 37 条同名记录；可能来自不同场景、活动或难度，请比较基础属性。,,暂缺
幸存者,Survivor,未标注,普通敌人,,基础伤害：50–60；攻击间隔：0.73秒；攻击距离（配置）：0.4；储物栏位：10；移动速度（配置）：4.5,,这条怪物记录未直接提供可确认的生命数值，未用同名怪物的属性代填。；当前档案有 37 条同名记录；可能来自不同场景、活动或难度，请比较基础属性。,,暂缺
幸存者,Survivor,未标注,普通敌人,,基础伤害：50–60；攻击间隔：0.73秒；攻击距离（配置）：0.4；储物栏位：20；移动速度（配置）：4.5,,这条怪物记录未直接提供可确认的生命数值，未用同名怪物的属性代填。；当前档案有 37 条同名记录；可能来自不同场景、活动或难度，请比较基础属性。,,暂缺
幸存者,Survivor,未标注,普通敌人,,基础伤害：50–60；攻击间隔：0.73秒；攻击距离（配置）：0.4；储物栏位：20；移动速度（配置）：4.5,,这条怪物记录未直接提供可确认的生命数值，未用同名怪物的属性代填。；当前档案有 37 条同名记录；可能来自不同场景、活动或难度，请比较基础属性。,,暂缺
黑暗肌肉焦尸,Dark Beef,未标注,普通敌人,,移动速度（配置）：1.22；生成生命（候选）：1350–9000；生成伤害（候选）：135–1530,,生成属性来自初始化关联的附加对象，是静态数值候选；等级、触发条件和场景规则可能改变生效结果。,assets/images/怪物/牛肉--40833d7116.png,原版图鉴
幸存者,Survivor,未标注,普通敌人,,基础伤害：50–60；攻击间隔：0.73秒；攻击距离（配置）：0.4；储物栏位：20；移动速度（配置）：4.5,,这条怪物记录未直接提供可确认的生命数值，未用同名怪物的属性代填。；当前档案有 37 条同名记录；可能来自不同场景、活动或难度，请比较基础属性。,,暂缺
幸存者,Survivor,未标注,普通敌人,,基础伤害：50–60；攻击间隔：0.73秒；攻击距离（配置）：0.4；储物栏位：20；移动速度（配置）：4.5,,这条怪物记录未直接提供可确认的生命数值，未用同名怪物的属性代填。；当前档案有 37 条同名记录；可能来自不同场景、活动或难度，请比较基础属性。,,暂缺
幸存者,Survivor,未标注,普通敌人,,基础伤害：50–60；攻击间隔：0.73秒；攻击距离（配置）：0.4；储物栏位：20；移动速度（配置）：4.5,,这条怪物记录未直接提供可确认的生命数值，未用同名怪物的属性代填。；当前档案有 37 条同名记录；可能来自不同场景、活动或难度，请比较基础属性。,,暂缺
幸存者,Survivor,未标注,普通敌人,,基础伤害：50–60；攻击间隔：0.73秒；攻击距离（配置）：0.4；储物栏位：20；移动速度（配置）：4.5,,这条怪物记录未直接提供可确认的生命数值，未用同名怪物的属性代填。；当前档案有 37 条同名记录；可能来自不同场景、活动或难度，请比较基础属性。,,暂缺
幸存者,Survivor,未标注,普通敌人,,基础伤害：50–60；攻击间隔：0.73秒；攻击距离（配置）：0.4；储物栏位：20；移动速度（配置）：4.5,,这条怪物记录未直接提供可确认的生命数值，未用同名怪物的属性代填。；当前档案有 37 条同名记录；可能来自不同场景、活动或难度，请比较基础属性。,,暂缺
追逐者,Beater,未标注,普通敌人,,移动速度（配置）：5.7；生成生命（候选）：4125–5700,,生成属性来自初始化关联的附加对象，是静态数值候选；等级、触发条件和场景规则可能改变生效结果。；当前档案有 11 条同名记录；可能来自不同场景、活动或难度，请比较基础属性。,,暂缺
追逐者,Beater,未标注,普通敌人,,移动速度（配置）：5.7；生成生命（候选）：6187–8550,,生成属性来自初始化关联的附加对象，是静态数值候选；等级、触发条件和场景规则可能改变生效结果。；当前档案有 11 条同名记录；可能来自不同场景、活动或难度，请比较基础属性。,,暂缺
森林监督员,Forest Warden,未标注,普通敌人,,移动速度（配置）：5.7,,这条怪物记录未直接提供可确认的生命数值，未用同名怪物的属性代填。；当前档案有 3 条同名记录；可能来自不同场景、活动或难度，请比较基础属性。,,暂缺
森林守护者,Forest Guardian,未标注,普通敌人,,移动速度（配置）：5.7；生成生命（候选）：1875–2595,,生成属性来自初始化关联的附加对象，是静态数值候选；等级、触发条件和场景规则可能改变生效结果。；当前档案有 5 条同名记录；可能来自不同场景、活动或难度，请比较基础属性。,,暂缺
森林守护者,Forest Guardian,未标注,普通敌人,,移动速度（配置）：5.7；生成生命（候选）：2815–3890,,生成属性来自初始化关联的附加对象，是静态数值候选；等级、触发条件和场景规则可能改变生效结果。；当前档案有 5 条同名记录；可能来自不同场景、活动或难度，请比较基础属性。,,暂缺
疯狂守护者,Insane Guardian,未标注,普通敌人,,移动速度（配置）：5.7,,这条怪物记录未直接提供可确认的生命数值，未用同名怪物的属性代填。,,暂缺
焦尸,Charred,未标注,普通敌人,,移动速度（配置）：1.5；生成生命（候选）：3300–4500；生成伤害（候选）：350–1320,,生成属性来自初始化关联的附加对象，是静态数值候选；等级、触发条件和场景规则可能改变生效结果。；当前档案有 36 条同名记录；可能来自不同场景、活动或难度，请比较基础属性。,,暂缺
焦尸,Charred,未标注,普通敌人,,移动速度（配置）：1.5；生成生命（候选）：5500–7500；生成伤害（候选）：420–1620,,生成属性来自初始化关联的附加对象，是静态数值候选；等级、触发条件和场景规则可能改变生效结果。；当前档案有 36 条同名记录；可能来自不同场景、活动或难度，请比较基础属性。,,暂缺
驯养狼,Tame Wolf,未标注,普通敌人,,移动速度（配置）：5.6；生成生命（候选）：3000–4000；生成伤害（候选）：220–840,,生成属性来自初始化关联的附加对象，是静态数值候选；等级、触发条件和场景规则可能改变生效结果。,,暂缺
狼,Wolf,未标注,普通敌人,,移动速度（配置）：5.6；生成生命（候选）：5000–7000；生成伤害（候选）：260–1020,,生成属性来自初始化关联的附加对象，是静态数值候选；等级、触发条件和场景规则可能改变生效结果。；当前档案有 6 条同名记录；可能来自不同场景、活动或难度，请比较基础属性。,,暂缺
森林野兽,Forest Beast,未标注,首领,,移动速度（配置）：6.3；生成生命（候选）：10；生成伤害（候选）：650–274000,,生成属性来自初始化关联的附加对象，是静态数值候选；等级、触发条件和场景规则可能改变生效结果。；当前档案有 2 条同名记录；可能来自不同场景、活动或难度，请比较基础属性。,,暂缺
探路者,Pathfinder,未标注,普通敌人,,移动速度（配置）：5.7；生成生命（候选）：3713–5130,,生成属性来自初始化关联的附加对象，是静态数值候选；等级、触发条件和场景规则可能改变生效结果。；当前档案有 14 条同名记录；可能来自不同场景、活动或难度，请比较基础属性。,,暂缺
探路者,Pathfinder,未标注,普通敌人,,移动速度（配置）：5.7；生成生命（候选）：5569–7695；生成伤害（候选）：240–24075,,生成属性来自初始化关联的附加对象，是静态数值候选；等级、触发条件和场景规则可能改变生效结果。；当前档案有 14 条同名记录；可能来自不同场景、活动或难度，请比较基础属性。,,暂缺
森林看守人,Forest Watchman,未标注,普通敌人,,移动速度（配置）：5.7；生成生命（候选）：1690–2335,,生成属性来自初始化关联的附加对象，是静态数值候选；等级、触发条件和场景规则可能改变生效结果。；当前档案有 4 条同名记录；可能来自不同场景、活动或难度，请比较基础属性。,,暂缺
森林看守人,Forest Watchman,未标注,普通敌人,,移动速度（配置）：5.7；生成生命（候选）：2535–3500；生成伤害（候选）：240–24075,,生成属性来自初始化关联的附加对象，是静态数值候选；等级、触发条件和场景规则可能改变生效结果。；当前档案有 4 条同名记录；可能来自不同场景、活动或难度，请比较基础属性。,,暂缺
森林之子的炮塔,Forest Children's Turret,未标注,普通敌人,森林之子的炮塔,生成生命（候选）：3500–7500；生成伤害（候选）：190–37000,,生成属性来自初始化关联的附加对象，是静态数值候选；等级、触发条件和场景规则可能改变生效结果。,,暂缺
狂腐士的祭坛,Decayers' Altar,未标注,普通敌人,,生成生命（候选）：2000–7500；生成伤害（候选）：200–3100,,生成属性来自初始化关联的附加对象，是静态数值候选；等级、触发条件和场景规则可能改变生效结果。；参考图来自同名记录；完整模型属性集合一致且原始图标引用唯一。本记录自身未配置图鉴图标。；当前档案有 8 条同名记录；可能来自不同场景、活动或难度，请比较基础属性。,assets/images/怪物/狂腐士的祭坛--5fcd7d3ee9.png,同模型参考图
送葬者,Undertaker,未标注,普通敌人,,移动速度（配置）：5.7；生成生命（候选）：4125–5700；生成伤害（候选）：150–16254,,生成属性来自初始化关联的附加对象，是静态数值候选；等级、触发条件和场景规则可能改变生效结果。；当前档案有 9 条同名记录；可能来自不同场景、活动或难度，请比较基础属性。,,暂缺
新娘拉米亚,Bride Lamia,未标注,首领,,移动速度（配置）：3.8；生成生命（候选）：10；生成伤害（候选）：96–115000,,生成属性来自初始化关联的附加对象，是静态数值候选；等级、触发条件和场景规则可能改变生效结果。；当前档案有 4 条同名记录；可能来自不同场景、活动或难度，请比较基础属性。,,暂缺
新娘阿依达·维铎,Bride Ayida-Weddo,未标注,首领,,移动速度（配置）：3.8；生成生命（候选）：10；生成伤害（候选）：45–15000,,生成属性来自初始化关联的附加对象，是静态数值候选；等级、触发条件和场景规则可能改变生效结果。；当前档案有 3 条同名记录；可能来自不同场景、活动或难度，请比较基础属性。,,暂缺
南瓜脑袋留名者,Pumpkin Head Tagger,未标注,普通敌人,,移动速度（配置）：6.2；生成生命（候选）：250–1100；生成伤害（候选）：1–20000,,生成属性来自初始化关联的附加对象，是静态数值候选；等级、触发条件和场景规则可能改变生效结果。；当前档案有 4 条同名记录；可能来自不同场景、活动或难度，请比较基础属性。,assets/images/怪物/南瓜脑袋留名者--531d8e0c43.png,原版图鉴
南瓜脑袋肌肉焦尸,Pumpkin Head Beef,未标注,普通敌人,,移动速度（配置）：1.7；生成生命（候选）：1000–4500；生成伤害（候选）：1–20000,,生成属性来自初始化关联的附加对象，是静态数值候选；等级、触发条件和场景规则可能改变生效结果。；当前档案有 4 条同名记录；可能来自不同场景、活动或难度，请比较基础属性。,assets/images/怪物/南瓜脑袋留名者--531d8e0c43.png,原版图鉴
送葬者祭坛,Undertakers' Altar,未标注,普通敌人,,生成生命（候选）：1800–9500；生成伤害（候选）：100–1400,,生成属性来自初始化关联的附加对象，是静态数值候选；等级、触发条件和场景规则可能改变生效结果。；当前档案有 4 条同名记录；可能来自不同场景、活动或难度，请比较基础属性。,,暂缺
探路者,Pathfinder,未标注,普通敌人,,移动速度（配置）：5.7；生成生命（候选）：3713–5130；生成伤害（候选）：180–17901,,生成属性来自初始化关联的附加对象，是静态数值候选；等级、触发条件和场景规则可能改变生效结果。；当前档案有 14 条同名记录；可能来自不同场景、活动或难度，请比较基础属性。,,暂缺
南瓜脑袋,Pumpkin Head,未标注,普通敌人,,移动速度（配置）：5.7；生成生命（候选）：6187–8550；生成伤害（候选）：200–21654,,生成属性来自初始化关联的附加对象，是静态数值候选；等级、触发条件和场景规则可能改变生效结果。；当前档案有 14 条同名记录；可能来自不同场景、活动或难度，请比较基础属性。,,暂缺
萨梅迪巫师,Samedi Houngan,未标注,普通敌人,,移动速度（配置）：5.7；生成生命（候选）：9900–13680；生成伤害（候选）：659–21654,,生成属性来自初始化关联的附加对象，是静态数值候选；等级、触发条件和场景规则可能改变生效结果。；当前档案有 5 条同名记录；可能来自不同场景、活动或难度，请比较基础属性。,,暂缺
火焰喷射炮塔,Flamethrower Turret,未标注,普通敌人,,基础伤害：20–25；攻击间隔：1秒；攻击距离（配置）：0.4；基础生命：1,,存在等级分段配置，基础数值不代表所有等级的实战数值。；当前档案有 19 条同名记录；可能来自不同场景、活动或难度，请比较基础属性。,,暂缺
地穴看守,Crypt Warden,未标注,普通敌人,,移动速度（配置）：4.5；生成生命（候选）：420；生成伤害（候选）：30–35,,生成属性来自初始化关联的附加对象，是静态数值候选；等级、触发条件和场景规则可能改变生效结果。；当前档案有 3 条同名记录；可能来自不同场景、活动或难度，请比较基础属性。,assets/images/怪物/黑帮林奇--459b6ceb15.png,原版图鉴
地穴看守,Crypt Warden,未标注,普通敌人,,移动速度（配置）：4.5；生成生命（候选）：560–2330；生成伤害（候选）：50–355,,生成属性来自初始化关联的附加对象，是静态数值候选；等级、触发条件和场景规则可能改变生效结果。；当前档案有 3 条同名记录；可能来自不同场景、活动或难度，请比较基础属性。,assets/images/怪物/黑帮林奇--459b6ceb15.png,原版图鉴
地穴看守,Crypt Warden,未标注,普通敌人,,移动速度（配置）：4.5；生成生命（候选）：730–2600；生成伤害（候选）：80–565,,生成属性来自初始化关联的附加对象，是静态数值候选；等级、触发条件和场景规则可能改变生效结果。；当前档案有 3 条同名记录；可能来自不同场景、活动或难度，请比较基础属性。,assets/images/怪物/黑帮林奇--459b6ceb15.png,原版图鉴
狂腐火葬者,Decay Cremator,未标注,普通敌人,,移动速度（配置）：6.3；生成生命（候选）：730–2600；生成伤害（候选）：125–20000,,生成属性来自初始化关联的附加对象，是静态数值候选；等级、触发条件和场景规则可能改变生效结果。；参考图来自同名记录；完整模型属性集合一致且原始图标引用唯一。本记录自身未配置图鉴图标。；当前档案有 3 条同名记录；可能来自不同场景、活动或难度，请比较基础属性。,assets/images/怪物/黑帮林奇--459b6ceb15.png,同模型参考图
狂腐解放者,Decay Liberator,未标注,普通敌人,,移动速度（配置）：4.5；生成生命（候选）：300；生成伤害（候选）：7–8,,生成属性来自初始化关联的附加对象，是静态数值候选；等级、触发条件和场景规则可能改变生效结果。；当前档案有 3 条同名记录；可能来自不同场景、活动或难度，请比较基础属性。,assets/images/怪物/黑帮蜘蛛--3c4bcb0448.png,原版图鉴
狂腐解放者,Decay Liberator,未标注,普通敌人,,移动速度（配置）：4.5；生成生命（候选）：400–1670；生成伤害（候选）：10–61,,生成属性来自初始化关联的附加对象，是静态数值候选；等级、触发条件和场景规则可能改变生效结果。；当前档案有 3 条同名记录；可能来自不同场景、活动或难度，请比较基础属性。,assets/images/怪物/黑帮蜘蛛--3c4bcb0448.png,原版图鉴
狂腐解放者,Decay Liberator,未标注,普通敌人,,移动速度（配置）：4.5；生成生命（候选）：515–1800；生成伤害（候选）：15–98,,生成属性来自初始化关联的附加对象，是静态数值候选；等级、触发条件和场景规则可能改变生效结果。；当前档案有 3 条同名记录；可能来自不同场景、活动或难度，请比较基础属性。,assets/images/怪物/黑帮林奇--459b6ceb15.png,原版图鉴
狂腐征召者,Decay Requiter,未标注,首领,,基础生命：1；移动速度（配置）：4.5；生成伤害（候选）：108–11000,,生成属性来自初始化关联的附加对象，是静态数值候选；等级、触发条件和场景规则可能改变生效结果。；当前档案有 3 条同名记录；可能来自不同场景、活动或难度，请比较基础属性。,assets/images/怪物/黑帮花枪--b90c6c659e.png,原版图鉴
狂腐追随者,Decay Acolite,未标注,首领,,基础生命：1；移动速度（配置）：4.5；生成伤害（候选）：125–9000,,生成属性来自初始化关联的附加对象，是静态数值候选；等级、触发条件和场景规则可能改变生效结果。,assets/images/怪物/黑帮妖怪--844c48bc24.png,原版图鉴
燃烧的燃料,Burning Fuel,未标注,普通敌人,,移动速度（配置）：9；生成生命（候选）：1000–4500；生成伤害（候选）：1–61,,生成属性来自初始化关联的附加对象，是静态数值候选；等级、触发条件和场景规则可能改变生效结果。；当前档案有 4 条同名记录；可能来自不同场景、活动或难度，请比较基础属性。,assets/images/怪物/南瓜脑袋留名者--531d8e0c43.png,原版图鉴
核判官,Nuclear Inquisitor,未标注,首领,,移动速度（配置）：6；生成伤害（候选）：216–57500,,生成属性来自初始化关联的附加对象，是静态数值候选；等级、触发条件和场景规则可能改变生效结果。；这条怪物记录未直接提供可确认的生命数值，未用同名怪物的属性代填。,assets/images/怪物/核炬士--00ad50e3b5.png,原版图鉴
狂腐征召者,Decay Requiter,未标注,普通敌人,,移动速度（配置）：4.5；生成生命（候选）：255–1060；生成伤害（候选）：50–355,,生成属性来自初始化关联的附加对象，是静态数值候选；等级、触发条件和场景规则可能改变生效结果。；当前档案有 3 条同名记录；可能来自不同场景、活动或难度，请比较基础属性。,assets/images/怪物/黑帮林奇--459b6ceb15.png,原版图鉴
狂腐征召者,Decay Requiter,未标注,普通敌人,,移动速度（配置）：4.5；生成生命（候选）：335–1185；生成伤害（候选）：50–355,,生成属性来自初始化关联的附加对象，是静态数值候选；等级、触发条件和场景规则可能改变生效结果。；当前档案有 3 条同名记录；可能来自不同场景、活动或难度，请比较基础属性。,assets/images/怪物/黑帮林奇--459b6ceb15.png,原版图鉴
火焰喷射炮塔,Flamethrower Turret,未标注,普通敌人,,基础伤害：20–25；攻击间隔：1秒；攻击距离（配置）：0.4；基础生命：1；移动速度（配置）：4.5,,存在等级分段配置，基础数值不代表所有等级的实战数值。；当前档案有 19 条同名记录；可能来自不同场景、活动或难度，请比较基础属性。,,暂缺
恶魔之烛,Devil's Candle,未标注,普通敌人,恶魔之烛,移动速度（配置）：5；生成生命（候选）：350–1650；生成伤害（候选）：150–20000,,生成属性来自初始化关联的附加对象，是静态数值候选；等级、触发条件和场景规则可能改变生效结果。；当前档案有 8 条同名记录；可能来自不同场景、活动或难度，请比较基础属性。,assets/images/资源材料/混凝土--eab7c0232b.png,原版图鉴
火焰喷射炮塔,Flamethrower Turret,未标注,普通敌人,,基础伤害：20–25；攻击间隔：1秒；攻击距离（配置）：0.4；基础生命：1,,存在等级分段配置，基础数值不代表所有等级的实战数值。；当前档案有 19 条同名记录；可能来自不同场景、活动或难度，请比较基础属性。,,暂缺
火焰喷射炮塔,Flamethrower Turret,未标注,普通敌人,,基础伤害：20–25；攻击间隔：1秒；攻击距离（配置）：0.4；基础生命：1,,存在等级分段配置，基础数值不代表所有等级的实战数值。；当前档案有 19 条同名记录；可能来自不同场景、活动或难度，请比较基础属性。,,暂缺
火焰喷射炮塔,Flamethrower Turret,未标注,普通敌人,,基础伤害：20–25；攻击间隔：1秒；攻击距离（配置）：0.4；基础生命：1,,存在等级分段配置，基础数值不代表所有等级的实战数值。；当前档案有 19 条同名记录；可能来自不同场景、活动或难度，请比较基础属性。,,暂缺
火焰喷射炮塔,Flamethrower Turret,未标注,普通敌人,,基础伤害：20–25；攻击间隔：1秒；攻击距离（配置）：0.4；基础生命：1,,存在等级分段配置，基础数值不代表所有等级的实战数值。；当前档案有 19 条同名记录；可能来自不同场景、活动或难度，请比较基础属性。,,暂缺
火焰喷射炮塔,Flamethrower Turret,未标注,普通敌人,,基础伤害：20–25；攻击间隔：1秒；攻击距离（配置）：0.4；基础生命：1,,存在等级分段配置，基础数值不代表所有等级的实战数值。；当前档案有 19 条同名记录；可能来自不同场景、活动或难度，请比较基础属性。,,暂缺
火焰喷射炮塔,Flamethrower Turret,未标注,普通敌人,,基础伤害：20–25；攻击间隔：1秒；攻击距离（配置）：0.4；基础生命：1,,存在等级分段配置，基础数值不代表所有等级的实战数值。；当前档案有 19 条同名记录；可能来自不同场景、活动或难度，请比较基础属性。,,暂缺
火焰喷射炮塔,Flamethrower Turret,未标注,普通敌人,,基础伤害：20–25；攻击间隔：1秒；攻击距离（配置）：0.4；基础生命：1,,存在等级分段配置，基础数值不代表所有等级的实战数值。；当前档案有 19 条同名记录；可能来自不同场景、活动或难度，请比较基础属性。,,暂缺
火焰喷射炮塔,Flamethrower Turret,未标注,普通敌人,,基础伤害：20–25；攻击间隔：1秒；攻击距离（配置）：0.4；基础生命：1,,存在等级分段配置，基础数值不代表所有等级的实战数值。；当前档案有 19 条同名记录；可能来自不同场景、活动或难度，请比较基础属性。,,暂缺
火焰喷射炮塔,Flamethrower Turret,未标注,普通敌人,,基础伤害：20–25；攻击间隔：1秒；攻击距离（配置）：0.4；基础生命：1,,存在等级分段配置，基础数值不代表所有等级的实战数值。；当前档案有 19 条同名记录；可能来自不同场景、活动或难度，请比较基础属性。,,暂缺
火焰喷射炮塔,Flamethrower Turret,未标注,普通敌人,,基础伤害：20–25；攻击间隔：1秒；攻击距离（配置）：0.4；基础生命：1；移动速度（配置）：4.5,,存在等级分段配置，基础数值不代表所有等级的实战数值。；当前档案有 19 条同名记录；可能来自不同场景、活动或难度，请比较基础属性。,,暂缺
狂腐士的祭坛,Decayers' Altar,未标注,普通敌人,,生成生命（候选）：1800–9500,,生成属性来自初始化关联的附加对象，是静态数值候选；等级、触发条件和场景规则可能改变生效结果。；当前档案有 8 条同名记录；可能来自不同场景、活动或难度，请比较基础属性。,assets/images/怪物/狂腐士的祭坛--5fcd7d3ee9.png,原版图鉴
火焰喷射炮塔,Flamethrower Turret,未标注,普通敌人,,基础伤害：20–25；攻击间隔：1秒；攻击距离（配置）：0.4；基础生命：1,,存在等级分段配置，基础数值不代表所有等级的实战数值。；当前档案有 19 条同名记录；可能来自不同场景、活动或难度，请比较基础属性。,,暂缺
火焰喷射炮塔,Flamethrower Turret,未标注,普通敌人,,基础伤害：20–25；攻击间隔：1秒；攻击距离（配置）：0.4；基础生命：1,,存在等级分段配置，基础数值不代表所有等级的实战数值。；当前档案有 19 条同名记录；可能来自不同场景、活动或难度，请比较基础属性。,,暂缺
火焰喷射炮塔,Flamethrower Turret,未标注,普通敌人,,基础伤害：20–25；攻击间隔：1秒；攻击距离（配置）：0.4；基础生命：1,,存在等级分段配置，基础数值不代表所有等级的实战数值。；当前档案有 19 条同名记录；可能来自不同场景、活动或难度，请比较基础属性。,,暂缺
火焰喷射炮塔,Flamethrower Turret,未标注,普通敌人,,基础伤害：20–25；攻击间隔：1秒；攻击距离（配置）：0.4；基础生命：1,,存在等级分段配置，基础数值不代表所有等级的实战数值。；当前档案有 19 条同名记录；可能来自不同场景、活动或难度，请比较基础属性。,,暂缺
火焰喷射炮塔,Flamethrower Turret,未标注,普通敌人,,基础伤害：20–25；攻击间隔：1秒；攻击距离（配置）：0.4；基础生命：1,,存在等级分段配置，基础数值不代表所有等级的实战数值。；当前档案有 19 条同名记录；可能来自不同场景、活动或难度，请比较基础属性。,,暂缺
火焰喷射炮塔,Flamethrower Turret,未标注,普通敌人,,基础伤害：20–25；攻击间隔：1秒；攻击距离（配置）：0.4；基础生命：1,,存在等级分段配置，基础数值不代表所有等级的实战数值。；当前档案有 19 条同名记录；可能来自不同场景、活动或难度，请比较基础属性。,,暂缺
火焰喷射炮塔,Flamethrower Turret,未标注,普通敌人,,基础伤害：20–25；攻击间隔：1秒；攻击距离（配置）：0.4；基础生命：1,,存在等级分段配置，基础数值不代表所有等级的实战数值。；当前档案有 19 条同名记录；可能来自不同场景、活动或难度，请比较基础属性。,,暂缺
纳特,Gnat,未标注,普通敌人,大吸血蛭,基础伤害：1；攻击间隔：1.7秒；攻击距离（配置）：3；暴击几率：10%；暴击倍率：1.5倍；移动速度（配置）：4.5；生成生命（候选）：920–1700,,生成属性来自初始化关联的附加对象，是静态数值候选；等级、触发条件和场景规则可能改变生效结果。；存在等级分段配置，基础数值不代表所有等级的实战数值。；当前档案有 3 条同名记录；可能来自不同场景、活动或难度，请比较基础属性。,assets/images/资源材料/混凝土--eab7c0232b.png,原版图鉴
1号魔茧,Cocoon #1,未标注,普通敌人,,移动速度（配置）：6；生成生命（候选）：2500–14900,,生成属性来自初始化关联的附加对象，是静态数值候选；等级、触发条件和场景规则可能改变生效结果。,assets/images/怪物/1号魔茧--49aa3398e2.png,原版图鉴
[041-储]标本,041-S Specimen,未标注,首领,,移动速度（配置）：3.8；生成生命（候选）：10；生成伤害（候选）：96–46578,,生成属性来自初始化关联的附加对象，是静态数值候选；等级、触发条件和场景规则可能改变生效结果。,,暂缺
[021-坎]标本,021-K Specimen,未标注,首领,,移动速度（配置）：3.8；生成生命（候选）：10；生成伤害（候选）：45–15000,,生成属性来自初始化关联的附加对象，是静态数值候选；等级、触发条件和场景规则可能改变生效结果。,,暂缺
爆炸留名者,Explosive Tagger,未标注,普通敌人,,移动速度（配置）：6；生成生命（候选）：1000–4500；生成伤害（候选）：1–20000,,生成属性来自初始化关联的附加对象，是静态数值候选；等级、触发条件和场景规则可能改变生效结果。,assets/images/怪物/南瓜脑袋留名者--531d8e0c43.png,原版图鉴
贪食鬼,Glutton,未标注,普通敌人,,移动速度（配置）：2.65；生成生命（候选）：2140–4570；生成伤害（候选）：165–66000,,生成属性来自初始化关联的附加对象，是静态数值候选；等级、触发条件和场景规则可能改变生效结果。；当前档案有 5 条同名记录；可能来自不同场景、活动或难度，请比较基础属性。,assets/images/怪物/黑帮林奇--459b6ceb15.png,原版图鉴
巨型贪食鬼,Giant Glutton,未标注,普通敌人,,移动速度（配置）：4；生成生命（候选）：4950–10600；生成伤害（候选）：608–66000,,生成属性来自初始化关联的附加对象，是静态数值候选；等级、触发条件和场景规则可能改变生效结果。；当前档案有 4 条同名记录；可能来自不同场景、活动或难度，请比较基础属性。,assets/images/怪物/黑帮林奇--459b6ceb15.png,原版图鉴
新年焦尸,New Year Charred,未标注,普通敌人,,移动速度（配置）：1.5；生成生命（候选）：450；生成伤害（候选）：35–40,,生成属性来自初始化关联的附加对象，是静态数值候选；等级、触发条件和场景规则可能改变生效结果。；当前档案有 3 条同名记录；可能来自不同场景、活动或难度，请比较基础属性。,,暂缺
新年肌肉焦尸,New Year Beef,未标注,普通敌人,,移动速度（配置）：1.22,,这条怪物记录未直接提供可确认的生命数值，未用同名怪物的属性代填。；当前档案有 2 条同名记录；可能来自不同场景、活动或难度，请比较基础属性。,assets/images/怪物/牛肉--40833d7116.png,原版图鉴
新年肌肉焦尸,New Year Beef,未标注,普通敌人,,移动速度（配置）：1.22,,这条怪物记录未直接提供可确认的生命数值，未用同名怪物的属性代填。；当前档案有 2 条同名记录；可能来自不同场景、活动或难度，请比较基础属性。,assets/images/怪物/牛肉--40833d7116.png,原版图鉴
新年焦尸,New Year Charred,未标注,普通敌人,,移动速度（配置）：1.5；生成生命（候选）：540–2250；生成伤害（候选）：55–420,,生成属性来自初始化关联的附加对象，是静态数值候选；等级、触发条件和场景规则可能改变生效结果。；当前档案有 3 条同名记录；可能来自不同场景、活动或难度，请比较基础属性。,,暂缺
新年焦尸,New Year Charred,未标注,普通敌人,,移动速度（配置）：1.5；生成生命（候选）：650–2430；生成伤害（候选）：85–630,,生成属性来自初始化关联的附加对象，是静态数值候选；等级、触发条件和场景规则可能改变生效结果。；当前档案有 3 条同名记录；可能来自不同场景、活动或难度，请比较基础属性。,,暂缺
安静食尸鬼,Hush Ghoul,未标注,普通敌人,,移动速度（配置）：3；生成生命（候选）：2000–4500；生成伤害（候选）：240–37000,,生成属性来自初始化关联的附加对象，是静态数值候选；等级、触发条件和场景规则可能改变生效结果。；当前档案有 5 条同名记录；可能来自不同场景、活动或难度，请比较基础属性。,,暂缺
长舌僵尸姐妹,Sister Stinger,未标注,普通敌人,,移动速度（配置）：5；生成生命（候选）：2000–4500；生成伤害（候选）：0–2127,,生成属性来自初始化关联的附加对象，是静态数值候选；等级、触发条件和场景规则可能改变生效结果。；当前档案有 3 条同名记录；可能来自不同场景、活动或难度，请比较基础属性。,,暂缺
杀手食尸鬼,Slayer Ghoul,未标注,普通敌人,,移动速度（配置）：0.8；生成生命（候选）：11500–19000；生成伤害（候选）：500–1869,,生成属性来自初始化关联的附加对象，是静态数值候选；等级、触发条件和场景规则可能改变生效结果。；当前档案有 11 条同名记录；可能来自不同场景、活动或难度，请比较基础属性。,,暂缺
2号魔茧,Cocoon #2,未标注,普通敌人,,移动速度（配置）：6；生成生命（候选）：2500–14900,,生成属性来自初始化关联的附加对象，是静态数值候选；等级、触发条件和场景规则可能改变生效结果。,assets/images/怪物/1号魔茧--49aa3398e2.png,原版图鉴
3号魔茧,Cocoon #3,未标注,普通敌人,,移动速度（配置）：6；生成生命（候选）：2500–14900,,生成属性来自初始化关联的附加对象，是静态数值候选；等级、触发条件和场景规则可能改变生效结果。,assets/images/怪物/1号魔茧--49aa3398e2.png,原版图鉴
4号魔茧,Cocoon #4,未标注,普通敌人,,移动速度（配置）：6；生成生命（候选）：2500–14900,,生成属性来自初始化关联的附加对象，是静态数值候选；等级、触发条件和场景规则可能改变生效结果。,assets/images/怪物/1号魔茧--49aa3398e2.png,原版图鉴
5号魔茧,Cocoon #5,未标注,普通敌人,,移动速度（配置）：6；生成生命（候选）：2500–14900,,生成属性来自初始化关联的附加对象，是静态数值候选；等级、触发条件和场景规则可能改变生效结果。,assets/images/怪物/1号魔茧--49aa3398e2.png,原版图鉴
6号魔茧,Cocoon #6,未标注,普通敌人,,移动速度（配置）：6；生成生命（候选）：2500–14900,,生成属性来自初始化关联的附加对象，是静态数值候选；等级、触发条件和场景规则可能改变生效结果。,assets/images/怪物/1号魔茧--49aa3398e2.png,原版图鉴
7号魔茧,Cocoon #7,未标注,普通敌人,,移动速度（配置）：6；生成生命（候选）：2500–14900,,生成属性来自初始化关联的附加对象，是静态数值候选；等级、触发条件和场景规则可能改变生效结果。,assets/images/怪物/1号魔茧--49aa3398e2.png,原版图鉴
8号魔茧,Cocoon #8,未标注,普通敌人,,移动速度（配置）：6；生成生命（候选）：2500–14900,,生成属性来自初始化关联的附加对象，是静态数值候选；等级、触发条件和场景规则可能改变生效结果。,assets/images/怪物/1号魔茧--49aa3398e2.png,原版图鉴
黑暗炮塔,Dark Turret,未标注,普通敌人,一旦高灵敏度传感器发现敌人，两把机枪就会在180度角之内瞄准他们。,生成生命（候选）：1000–5200；生成伤害（候选）：30–700,,生成属性来自初始化关联的附加对象，是静态数值候选；等级、触发条件和场景规则可能改变生效结果。；当前档案有 5 条同名记录；可能来自不同场景、活动或难度，请比较基础属性。,,暂缺
要塞兵团的炮塔,Citadel Corps' Turret,未标注,普通敌人,一旦高灵敏度传感器发现敌人，两把机枪就会在180度角之内瞄准他们。,生成生命（候选）：3250–5350；生成伤害（候选）：100–325,,生成属性来自初始化关联的附加对象，是静态数值候选；等级、触发条件和场景规则可能改变生效结果。；当前档案有 2 条同名记录；可能来自不同场景、活动或难度，请比较基础属性。,,暂缺
黑暗炮塔,Dark Turret,未标注,普通敌人,一旦高灵敏度传感器发现敌人，两把机枪就会在180度角之内瞄准他们。,生成生命（候选）：1000–5200；生成伤害（候选）：30–700,,生成属性来自初始化关联的附加对象，是静态数值候选；等级、触发条件和场景规则可能改变生效结果。；当前档案有 5 条同名记录；可能来自不同场景、活动或难度，请比较基础属性。,,暂缺
大纳特,Big Gnat,未标注,普通敌人,,移动速度（配置）：4.5；生成生命（候选）：1200–2300；生成伤害（候选）：1424–3315,,生成属性来自初始化关联的附加对象，是静态数值候选；等级、触发条件和场景规则可能改变生效结果。；当前档案有 3 条同名记录；可能来自不同场景、活动或难度，请比较基础属性。,,暂缺
咬人项链,Biting Necklace,未标注,普通敌人,吸血蛭,移动速度（配置）：4.5；生成生命（候选）：920–1700；生成伤害（候选）：0–9600,,生成属性来自初始化关联的附加对象，是静态数值候选；等级、触发条件和场景规则可能改变生效结果。,assets/images/怪物/咬人项链--320e618d4a.png,原版图鉴
咬人吊坠,Biting Necklace,未标注,普通敌人,,移动速度（配置）：4.5；生成生命（候选）：1200–2300；生成伤害（候选）：0–9600,,生成属性来自初始化关联的附加对象，是静态数值候选；等级、触发条件和场景规则可能改变生效结果。,,暂缺
血色祭坛,Bloody Altar,未标注,普通敌人,,生成生命（候选）：3822–7448,,生成属性来自初始化关联的附加对象，是静态数值候选；等级、触发条件和场景规则可能改变生效结果。；当前档案有 5 条同名记录；可能来自不同场景、活动或难度，请比较基础属性。,,暂缺
血色祭坛,Bloody Altar,未标注,普通敌人,,生成生命（候选）：3822–7448,,生成属性来自初始化关联的附加对象，是静态数值候选；等级、触发条件和场景规则可能改变生效结果。；当前档案有 5 条同名记录；可能来自不同场景、活动或难度，请比较基础属性。,,暂缺
血腥克劳怪,Bloody Claw,未标注,首领,,移动速度（配置）：5.7；生成生命（候选）：2470–5688；生成伤害（候选）：290–7407,,生成属性来自初始化关联的附加对象，是静态数值候选；等级、触发条件和场景规则可能改变生效结果。；当前档案有 2 条同名记录；可能来自不同场景、活动或难度，请比较基础属性。,,暂缺
铠甲长舌僵尸,Armored Stinger,未标注,普通敌人,,移动速度（配置）：5.7；生成生命（候选）：2200–5400；生成伤害（候选）：298–5253,,生成属性来自初始化关联的附加对象，是静态数值候选；等级、触发条件和场景规则可能改变生效结果。；当前档案有 2 条同名记录；可能来自不同场景、活动或难度，请比较基础属性。,,暂缺
杀手食尸鬼,Killer Ghoul,未标注,普通敌人,,移动速度（配置）：4；生成生命（候选）：970–2075；生成伤害（候选）：0–282,,生成属性来自初始化关联的附加对象，是静态数值候选；等级、触发条件和场景规则可能改变生效结果。；当前档案有 11 条同名记录；可能来自不同场景、活动或难度，请比较基础属性。,,暂缺
袭击者食尸鬼,Raider Ghoul,未标注,普通敌人,,移动速度（配置）：4,,这条怪物记录未直接提供可确认的生命数值，未用同名怪物的属性代填。；当前档案有 4 条同名记录；可能来自不同场景、活动或难度，请比较基础属性。,,暂缺
杀手食尸鬼,Killer Ghoul,未标注,普通敌人,,移动速度（配置）：4,,这条怪物记录未直接提供可确认的生命数值，未用同名怪物的属性代填。；当前档案有 11 条同名记录；可能来自不同场景、活动或难度，请比较基础属性。,,暂缺
锤击食尸鬼,Ramming Ghoul,未标注,普通敌人,,移动速度（配置）：3,,这条怪物记录未直接提供可确认的生命数值，未用同名怪物的属性代填。；当前档案有 9 条同名记录；可能来自不同场景、活动或难度，请比较基础属性。,,暂缺
锤击食尸鬼,Ramming Ghoul,未标注,普通敌人,,移动速度（配置）：4,,这条怪物记录未直接提供可确认的生命数值，未用同名怪物的属性代填。；当前档案有 9 条同名记录；可能来自不同场景、活动或难度，请比较基础属性。,,暂缺
爪子,Claw,未标注,普通敌人,,移动速度（配置）：5.7,,这条怪物记录未直接提供可确认的生命数值，未用同名怪物的属性代填。；当前档案有 22 条同名记录；可能来自不同场景、活动或难度，请比较基础属性。,,暂缺
长舌僵尸,Stinger,未标注,普通敌人,,移动速度（配置）：5.7,,这条怪物记录未直接提供可确认的生命数值，未用同名怪物的属性代填。；当前档案有 7 条同名记录；可能来自不同场景、活动或难度，请比较基础属性。,,暂缺
疯狂萤火虫,Mad Firefly,未标注,普通敌人,疯狂萤火虫,移动速度（配置）：5.25；生成生命（候选）：420–2730；生成伤害（候选）：115–850,,生成属性来自初始化关联的附加对象，是静态数值候选；等级、触发条件和场景规则可能改变生效结果。；当前档案有 6 条同名记录；可能来自不同场景、活动或难度，请比较基础属性。,assets/images/怪物/萤火虫--2f28fb2203.png,原版图鉴
红魔球,Red Sphere,未标注,首领,,生成生命（候选）：10,,生成属性来自初始化关联的附加对象，是静态数值候选；等级、触发条件和场景规则可能改变生效结果。,,暂缺
血色祭坛,Bloody Altar,未标注,普通敌人,,生成生命（候选）：3822–7448,,生成属性来自初始化关联的附加对象，是静态数值候选；等级、触发条件和场景规则可能改变生效结果。；当前档案有 5 条同名记录；可能来自不同场景、活动或难度，请比较基础属性。,,暂缺
血色祭坛,Bloody Altar,未标注,普通敌人,,生成生命（候选）：3822–7448,,生成属性来自初始化关联的附加对象，是静态数值候选；等级、触发条件和场景规则可能改变生效结果。；当前档案有 5 条同名记录；可能来自不同场景、活动或难度，请比较基础属性。,,暂缺
纳特,Gnat,未标注,普通敌人,大吸血蛭,基础伤害：1；攻击间隔：1.2秒；攻击距离（配置）：6；暴击几率：10%；暴击倍率：1.5倍；移动速度（配置）：4.5；生成生命（候选）：920–1700,,生成属性来自初始化关联的附加对象，是静态数值候选；等级、触发条件和场景规则可能改变生效结果。；存在等级分段配置，基础数值不代表所有等级的实战数值。；当前档案有 3 条同名记录；可能来自不同场景、活动或难度，请比较基础属性。,assets/images/资源材料/混凝土--eab7c0232b.png,原版图鉴
复活的刽子手,Risen Carnifex,未标注,首领,,移动速度（配置）：6；生成生命（候选）：1500–6200；生成伤害（候选）：165–6430,,生成属性来自初始化关联的附加对象，是静态数值候选；等级、触发条件和场景规则可能改变生效结果。；当前档案有 3 条同名记录；可能来自不同场景、活动或难度，请比较基础属性。,,暂缺
刽子手的魔茧,Carnifex's Cocoon,未标注,首领,,移动速度（配置）：6；生成生命（候选）：2500–14900,,生成属性来自初始化关联的附加对象，是静态数值候选；等级、触发条件和场景规则可能改变生效结果。,assets/images/怪物/核炬士--00ad50e3b5.png,原版图鉴
重生的刽子手,Reborn Carnifex,未标注,首领,,移动速度（配置）：5；生成生命（候选）：10,,生成属性来自初始化关联的附加对象，是静态数值候选；等级、触发条件和场景规则可能改变生效结果。；当前档案有 2 条同名记录；可能来自不同场景、活动或难度，请比较基础属性。,,暂缺
纳特,Gnat,未标注,普通敌人,大吸血蛭,基础伤害：1；攻击间隔：1.7秒；攻击距离（配置）：3；暴击几率：10%；暴击倍率：1.5倍；移动速度（配置）：4.5；生成生命（候选）：920–1700,,生成属性来自初始化关联的附加对象，是静态数值候选；等级、触发条件和场景规则可能改变生效结果。；存在等级分段配置，基础数值不代表所有等级的实战数值。；当前档案有 3 条同名记录；可能来自不同场景、活动或难度，请比较基础属性。,assets/images/资源材料/混凝土--eab7c0232b.png,原版图鉴
贪食鬼,Glutton,未标注,普通敌人,,移动速度（配置）：2.65；生成生命（候选）：2140–4570；生成伤害（候选）：165–66000,,生成属性来自初始化关联的附加对象，是静态数值候选；等级、触发条件和场景规则可能改变生效结果。；当前档案有 5 条同名记录；可能来自不同场景、活动或难度，请比较基础属性。,assets/images/怪物/黑帮林奇--459b6ceb15.png,原版图鉴
巨型贪食鬼,Giant Glutton,未标注,普通敌人,,移动速度（配置）：4；生成生命（候选）：4950–10600；生成伤害（候选）：608–66000,,生成属性来自初始化关联的附加对象，是静态数值候选；等级、触发条件和场景规则可能改变生效结果。；当前档案有 4 条同名记录；可能来自不同场景、活动或难度，请比较基础属性。,assets/images/怪物/黑帮林奇--459b6ceb15.png,原版图鉴
安静食尸鬼,Hush Ghoul,未标注,普通敌人,,移动速度（配置）：3；生成生命（候选）：2000–4500；生成伤害（候选）：240–37000,,生成属性来自初始化关联的附加对象，是静态数值候选；等级、触发条件和场景规则可能改变生效结果。；当前档案有 5 条同名记录；可能来自不同场景、活动或难度，请比较基础属性。,,暂缺
长舌僵尸姐妹,Sister Stinger,未标注,普通敌人,,移动速度（配置）：5；生成生命（候选）：2000–4500；生成伤害（候选）：0–2127,,生成属性来自初始化关联的附加对象，是静态数值候选；等级、触发条件和场景规则可能改变生效结果。；当前档案有 3 条同名记录；可能来自不同场景、活动或难度，请比较基础属性。,,暂缺
大纳特,Big Gnat,未标注,普通敌人,,移动速度（配置）：4.5；生成生命（候选）：1200–2300；生成伤害（候选）：1424–3315,,生成属性来自初始化关联的附加对象，是静态数值候选；等级、触发条件和场景规则可能改变生效结果。；当前档案有 3 条同名记录；可能来自不同场景、活动或难度，请比较基础属性。,,暂缺
血腥克劳怪,Bloody Claw,未标注,首领,,移动速度（配置）：5.7；生成生命（候选）：2470–5688；生成伤害（候选）：290–7407,,生成属性来自初始化关联的附加对象，是静态数值候选；等级、触发条件和场景规则可能改变生效结果。；当前档案有 2 条同名记录；可能来自不同场景、活动或难度，请比较基础属性。,,暂缺
铠甲长舌僵尸,Armored Stinger,未标注,普通敌人,,移动速度（配置）：5.7；生成生命（候选）：2200–5400；生成伤害（候选）：298–5253,,生成属性来自初始化关联的附加对象，是静态数值候选；等级、触发条件和场景规则可能改变生效结果。；当前档案有 2 条同名记录；可能来自不同场景、活动或难度，请比较基础属性。,,暂缺
向导食尸鬼,Pointer Ghoul,未标注,普通敌人,,移动速度（配置）：4,,这条怪物记录未直接提供可确认的生命数值，未用同名怪物的属性代填。,,暂缺
焦尸,Charred,未标注,普通敌人,,移动速度（配置）：1.5；生成生命（候选）：1000；生成伤害（候选）：35–40,,生成属性来自初始化关联的附加对象，是静态数值候选；等级、触发条件和场景规则可能改变生效结果。；当前档案有 36 条同名记录；可能来自不同场景、活动或难度，请比较基础属性。,,暂缺
留名者,Tagger,未标注,普通敌人,,移动速度（配置）：5.7；生成生命（候选）：690–3100；生成伤害（候选）：80–630,,生成属性来自初始化关联的附加对象，是静态数值候选；等级、触发条件和场景规则可能改变生效结果。；当前档案有 18 条同名记录；可能来自不同场景、活动或难度，请比较基础属性。,,暂缺
焦尸,Charred,未标注,普通敌人,,移动速度（配置）：1.5；生成生命（候选）：650–2430；生成伤害（候选）：85–630,,生成属性来自初始化关联的附加对象，是静态数值候选；等级、触发条件和场景规则可能改变生效结果。；当前档案有 36 条同名记录；可能来自不同场景、活动或难度，请比较基础属性。,,暂缺
核炬士,Nuclear Torch,未标注,首领,,移动速度（配置）：6,,这条怪物记录未直接提供可确认的生命数值，未用同名怪物的属性代填。；参考图来自同名记录；完整模型属性集合一致且原始图标引用唯一。本记录自身未配置图鉴图标。；当前档案有 8 条同名记录；可能来自不同场景、活动或难度，请比较基础属性。,assets/images/怪物/核炬士--00ad50e3b5.png,同模型参考图
焦尸,Charred,未标注,普通敌人,,移动速度（配置）：1.5；生成生命（候选）：325–2925；生成伤害（候选）：28–714,,生成属性来自初始化关联的附加对象，是静态数值候选；等级、触发条件和场景规则可能改变生效结果。；当前档案有 36 条同名记录；可能来自不同场景、活动或难度，请比较基础属性。,,暂缺
留名者,Tagger,未标注,普通敌人,,移动速度（配置）：5.7；生成生命（候选）：315–2750；生成伤害（候选）：28–774,,生成属性来自初始化关联的附加对象，是静态数值候选；等级、触发条件和场景规则可能改变生效结果。；当前档案有 18 条同名记录；可能来自不同场景、活动或难度，请比较基础属性。,,暂缺
爪子,Claw,未标注,普通敌人,,移动速度（配置）：5.7；生成生命（候选）：400–4000；生成伤害（候选）：33–7400,,生成属性来自初始化关联的附加对象，是静态数值候选；等级、触发条件和场景规则可能改变生效结果。；当前档案有 22 条同名记录；可能来自不同场景、活动或难度，请比较基础属性。,,暂缺
千钧怪,Stomper,未标注,普通敌人,,移动速度（配置）：5.7；生成生命（候选）：1500–10888；生成伤害（候选）：116–14816,,生成属性来自初始化关联的附加对象，是静态数值候选；等级、触发条件和场景规则可能改变生效结果。；当前档案有 3 条同名记录；可能来自不同场景、活动或难度，请比较基础属性。,,暂缺
火焰留名者,Flaming Tagger,未标注,普通敌人,,移动速度（配置）：5.7；生成生命（候选）：390–4700；生成伤害（候选）：28–11100,,生成属性来自初始化关联的附加对象，是静态数值候选；等级、触发条件和场景规则可能改变生效结果。,,暂缺
肌肉焦尸大厨,Beef Chef,未标注,普通敌人,,移动速度（配置）：1.22；生成生命（候选）：545–5000；生成伤害（候选）：23–1355,,生成属性来自初始化关联的附加对象，是静态数值候选；等级、触发条件和场景规则可能改变生效结果。,assets/images/怪物/牛肉--40833d7116.png,原版图鉴
投掷留名者,Flinging Tagger,未标注,普通敌人,,移动速度（配置）：5.7；生成生命（候选）：375–4500；生成伤害（候选）：28–11100,,生成属性来自初始化关联的附加对象，是静态数值候选；等级、触发条件和场景规则可能改变生效结果。；当前档案有 2 条同名记录；可能来自不同场景、活动或难度，请比较基础属性。,,暂缺
火焰爪怪,Flaming Claw,未标注,普通敌人,,移动速度（配置）：5.7；生成生命（候选）：300–6500；生成伤害（候选）：33–11100,,生成属性来自初始化关联的附加对象，是静态数值候选；等级、触发条件和场景规则可能改变生效结果。；当前档案有 2 条同名记录；可能来自不同场景、活动或难度，请比较基础属性。,,暂缺
恶魔之烛,Devil's Candle,未标注,普通敌人,恶魔之烛,移动速度（配置）：5；生成生命（候选）：210–1650；生成伤害（候选）：42–1120,,生成属性来自初始化关联的附加对象，是静态数值候选；等级、触发条件和场景规则可能改变生效结果。；当前档案有 8 条同名记录；可能来自不同场景、活动或难度，请比较基础属性。,assets/images/资源材料/混凝土--eab7c0232b.png,原版图鉴
撬棍匪徒,Racketeer Bully,未标注,普通敌人,,移动速度（配置）：4；生成生命（候选）：560–2350；生成伤害（候选）：73–495,,生成属性来自初始化关联的附加对象，是静态数值候选；等级、触发条件和场景规则可能改变生效结果。；当前档案有 3 条同名记录；可能来自不同场景、活动或难度，请比较基础属性。,,暂缺
枪械匪徒,Persuader Racketeer,未标注,普通敌人,,移动速度（配置）：4；生成生命（候选）：400–1700；生成伤害（候选）：10–61,,生成属性来自初始化关联的附加对象，是静态数值候选；等级、触发条件和场景规则可能改变生效结果。；当前档案有 3 条同名记录；可能来自不同场景、活动或难度，请比较基础属性。,,暂缺
屠夫,Butcher,未标注,首领,,移动速度（配置）：3；生成生命（候选）：11000–140000；生成伤害（候选）：45–11100,,生成属性来自初始化关联的附加对象，是静态数值候选；等级、触发条件和场景规则可能改变生效结果。,,暂缺
兔头,Harehead,未标注,普通敌人,,移动速度（配置）：4；生成生命（候选）：400–2125；生成伤害（候选）：30–220,,生成属性来自初始化关联的附加对象，是静态数值候选；等级、触发条件和场景规则可能改变生效结果。；当前档案有 5 条同名记录；可能来自不同场景、活动或难度，请比较基础属性。,,暂缺
兔头,Harehead,未标注,普通敌人,,移动速度（配置）：4；生成生命（候选）：560–3305；生成伤害（候选）：58–395,,生成属性来自初始化关联的附加对象，是静态数值候选；等级、触发条件和场景规则可能改变生效结果。；当前档案有 5 条同名记录；可能来自不同场景、活动或难度，请比较基础属性。,,暂缺
兔头,Harehead,未标注,普通敌人,,移动速度（配置）：4；生成生命（候选）：400–3145；生成伤害（候选）：90–540,,生成属性来自初始化关联的附加对象，是静态数值候选；等级、触发条件和场景规则可能改变生效结果。；当前档案有 5 条同名记录；可能来自不同场景、活动或难度，请比较基础属性。,,暂缺
兔头,Harehead,未标注,普通敌人,,移动速度（配置）：4；生成生命（候选）：600–3345；生成伤害（候选）：17–118,,生成属性来自初始化关联的附加对象，是静态数值候选；等级、触发条件和场景规则可能改变生效结果。；当前档案有 5 条同名记录；可能来自不同场景、活动或难度，请比较基础属性。,,暂缺
兔头,Harehead,未标注,普通敌人,,移动速度（配置）：4；生成生命（候选）：1300–5850；生成伤害（候选）：130–25300,,生成属性来自初始化关联的附加对象，是静态数值候选；等级、触发条件和场景规则可能改变生效结果。；当前档案有 5 条同名记录；可能来自不同场景、活动或难度，请比较基础属性。,,暂缺
狼人,Wolvar,未标注,普通敌人,,移动速度（配置）：4；生成生命（候选）：400–1700；生成伤害（候选）：10–61,,生成属性来自初始化关联的附加对象，是静态数值候选；等级、触发条件和场景规则可能改变生效结果。,,暂缺
焦尸,Charred,未标注,普通敌人,,移动速度（配置）：1.5；生成生命（候选）：325–2925；生成伤害（候选）：24–714,,生成属性来自初始化关联的附加对象，是静态数值候选；等级、触发条件和场景规则可能改变生效结果。；当前档案有 36 条同名记录；可能来自不同场景、活动或难度，请比较基础属性。,,暂缺
留名者,Tagger,未标注,普通敌人,,移动速度（配置）：5.7；生成生命（候选）：315–2750；生成伤害（候选）：28–774,,生成属性来自初始化关联的附加对象，是静态数值候选；等级、触发条件和场景规则可能改变生效结果。；当前档案有 18 条同名记录；可能来自不同场景、活动或难度，请比较基础属性。,,暂缺
爪子,Claw,未标注,普通敌人,,移动速度（配置）：5.7；生成生命（候选）：400–4000；生成伤害（候选）：33–7400,,生成属性来自初始化关联的附加对象，是静态数值候选；等级、触发条件和场景规则可能改变生效结果。；当前档案有 22 条同名记录；可能来自不同场景、活动或难度，请比较基础属性。,,暂缺
黑暗裂痕,Dark Rupture,未标注,普通敌人,黑暗裂痕,生成生命（候选）：500–2250；生成伤害（候选）：42–1120,,生成属性来自初始化关联的附加对象，是静态数值候选；等级、触发条件和场景规则可能改变生效结果。,assets/images/资源材料/混凝土--eab7c0232b.png,原版图鉴
幸存者,Survivor,未标注,普通敌人,,基础伤害：50–60；攻击间隔：0.73秒；攻击距离（配置）：0.4；储物栏位：20；移动速度（配置）：4.5,,这条怪物记录未直接提供可确认的生命数值，未用同名怪物的属性代填。；当前档案有 37 条同名记录；可能来自不同场景、活动或难度，请比较基础属性。,,暂缺
裂痕焦尸,Rupture Charred,未标注,普通敌人,,移动速度（配置）：1.5；生成生命（候选）：40；生成伤害（候选）：50–55,,生成属性来自初始化关联的附加对象，是静态数值候选；等级、触发条件和场景规则可能改变生效结果。；当前档案有 6 条同名记录；可能来自不同场景、活动或难度，请比较基础属性。,,暂缺
裂痕焦尸,Rupture Charred,未标注,普通敌人,,移动速度（配置）：1.5；生成生命（候选）：670–2800；生成伤害（候选）：65–462,,生成属性来自初始化关联的附加对象，是静态数值候选；等级、触发条件和场景规则可能改变生效结果。；当前档案有 6 条同名记录；可能来自不同场景、活动或难度，请比较基础属性。,,暂缺
裂痕焦尸,Rupture Charred,未标注,普通敌人,,移动速度（配置）：1.5；生成生命（候选）：880–3120；生成伤害（候选）：104–735,,生成属性来自初始化关联的附加对象，是静态数值候选；等级、触发条件和场景规则可能改变生效结果。；当前档案有 6 条同名记录；可能来自不同场景、活动或难度，请比较基础属性。,,暂缺
裂痕肌肉焦尸,Rupture Beef,未标注,普通敌人,,移动速度（配置）：1.22；生成生命（候选）：740；生成伤害（候选）：50–55,,生成属性来自初始化关联的附加对象，是静态数值候选；等级、触发条件和场景规则可能改变生效结果。；当前档案有 6 条同名记录；可能来自不同场景、活动或难度，请比较基础属性。,assets/images/怪物/牛肉--40833d7116.png,原版图鉴
裂痕肌肉焦尸,Rupture Beef,未标注,普通敌人,,移动速度（配置）：1.22；生成生命（候选）：890–3720；生成伤害（候选）：65–462,,生成属性来自初始化关联的附加对象，是静态数值候选；等级、触发条件和场景规则可能改变生效结果。；当前档案有 6 条同名记录；可能来自不同场景、活动或难度，请比较基础属性。,assets/images/怪物/牛肉--40833d7116.png,原版图鉴
裂痕肌肉焦尸,Rupture Beef,未标注,普通敌人,,移动速度（配置）：1.22；生成生命（候选）：1170–4150；生成伤害（候选）：104–735,,生成属性来自初始化关联的附加对象，是静态数值候选；等级、触发条件和场景规则可能改变生效结果。；当前档案有 6 条同名记录；可能来自不同场景、活动或难度，请比较基础属性。,assets/images/怪物/牛肉--40833d7116.png,原版图鉴
裂痕留名者,Rupture Tagger,未标注,普通敌人,,移动速度（配置）：5.7；生成生命（候选）：35；生成伤害（候选）：30–35,,生成属性来自初始化关联的附加对象，是静态数值候选；等级、触发条件和场景规则可能改变生效结果。；当前档案有 3 条同名记录；可能来自不同场景、活动或难度，请比较基础属性。,,暂缺
裂痕留名者,Rupture Tagger,未标注,普通敌人,,移动速度（配置）：5.7；生成生命（候选）：560–2330；生成伤害（候选）：50–355,,生成属性来自初始化关联的附加对象，是静态数值候选；等级、触发条件和场景规则可能改变生效结果。；当前档案有 3 条同名记录；可能来自不同场景、活动或难度，请比较基础属性。,,暂缺
裂痕留名者,Rupture Tagger,未标注,普通敌人,,移动速度（配置）：5.7；生成生命（候选）：730–2600；生成伤害（候选）：80–565,,生成属性来自初始化关联的附加对象，是静态数值候选；等级、触发条件和场景规则可能改变生效结果。；当前档案有 3 条同名记录；可能来自不同场景、活动或难度，请比较基础属性。,,暂缺
裂痕克劳怪,Rupture Claw,未标注,普通敌人,,移动速度（配置）：5.7；生成生命（候选）：480–2250；生成伤害（候选）：65–4235,,生成属性来自初始化关联的附加对象，是静态数值候选；等级、触发条件和场景规则可能改变生效结果。；当前档案有 3 条同名记录；可能来自不同场景、活动或难度，请比较基础属性。,,暂缺
裂痕克劳怪,Rupture Claw,未标注,普通敌人,,移动速度（配置）：5.7；生成生命（候选）：580–2700；生成伤害（候选）：78–5082,,生成属性来自初始化关联的附加对象，是静态数值候选；等级、触发条件和场景规则可能改变生效结果。；当前档案有 3 条同名记录；可能来自不同场景、活动或难度，请比较基础属性。,,暂缺
裂痕克劳怪,Rupture Claw,未标注,普通敌人,,移动速度（配置）：5.7；生成生命（候选）：750–3510；生成伤害（候选）：101–6607,,生成属性来自初始化关联的附加对象，是静态数值候选；等级、触发条件和场景规则可能改变生效结果。；当前档案有 3 条同名记录；可能来自不同场景、活动或难度，请比较基础属性。,,暂缺
裂痕长舌僵尸,Rupture Stinger,未标注,普通敌人,,移动速度（配置）：5.7；生成生命（候选）：640–2970；生成伤害（候选）：86–5590,,生成属性来自初始化关联的附加对象，是静态数值候选；等级、触发条件和场景规则可能改变生效结果。；当前档案有 2 条同名记录；可能来自不同场景、活动或难度，请比较基础属性。,,暂缺
裂痕长舌僵尸,Rupture Stinger,未标注,普通敌人,,移动速度（配置）：5.7；生成生命（候选）：830–3860；生成伤害（候选）：112–7267,,生成属性来自初始化关联的附加对象，是静态数值候选；等级、触发条件和场景规则可能改变生效结果。；当前档案有 2 条同名记录；可能来自不同场景、活动或难度，请比较基础属性。,,暂缺
裂痕贪食鬼,Rupture Glutton,未标注,普通敌人,,移动速度（配置）：3.3；生成生命（候选）：700–3240；生成伤害（候选）：65–462,,生成属性来自初始化关联的附加对象，是静态数值候选；等级、触发条件和场景规则可能改变生效结果。；当前档案有 2 条同名记录；可能来自不同场景、活动或难度，请比较基础属性。,assets/images/怪物/黑帮林奇--459b6ceb15.png,原版图鉴
裂痕贪食鬼,Rupture Glutton,未标注,普通敌人,,移动速度（配置）：3.3；生成生命（候选）：910–4210；生成伤害（候选）：85–601,,生成属性来自初始化关联的附加对象，是静态数值候选；等级、触发条件和场景规则可能改变生效结果。；当前档案有 2 条同名记录；可能来自不同场景、活动或难度，请比较基础属性。,assets/images/怪物/黑帮林奇--459b6ceb15.png,原版图鉴
裂痕千钧怪,Rupture Stomper,未标注,普通敌人,,移动速度（配置）：5.7；生成生命（候选）：2500–8375；生成伤害（候选）：232–8715,,生成属性来自初始化关联的附加对象，是静态数值候选；等级、触发条件和场景规则可能改变生效结果。,,暂缺
萨梅迪伏都教巫师,Samedi Bokor,未标注,首领,,储物栏位：20；移动速度（配置）：5.8；生成生命（候选）：20000–210000；生成伤害（候选）：182–37000,,生成属性来自初始化关联的附加对象，是静态数值候选；等级、触发条件和场景规则可能改变生效结果。；当前档案有 3 条同名记录；可能来自不同场景、活动或难度，请比较基础属性。,,暂缺
萨梅迪男仆,Samedi Valet,未标注,普通敌人,,储物栏位：20；移动速度（配置）：4；生成生命（候选）：1500–4800；生成伤害（候选）：150–1120,,生成属性来自初始化关联的附加对象，是静态数值候选；等级、触发条件和场景规则可能改变生效结果。,,暂缺
萨梅迪仆从,Samedi Hounsi,未标注,普通敌人,,储物栏位：20；移动速度（配置）：4；生成生命（候选）：1875–6000；生成伤害（候选）：188–1563,,生成属性来自初始化关联的附加对象，是静态数值候选；等级、触发条件和场景规则可能改变生效结果。；当前档案有 4 条同名记录；可能来自不同场景、活动或难度，请比较基础属性。,,暂缺
酸性贪食鬼,Acid Glutton,未标注,普通敌人,,储物栏位：20；移动速度（配置）：2.65；生成生命（候选）：2625–12600；生成伤害（候选）：91–1535,,生成属性来自初始化关联的附加对象，是静态数值候选；等级、触发条件和场景规则可能改变生效结果。,assets/images/怪物/黑帮林奇--459b6ceb15.png,原版图鉴
吸血蛭,Leecher,未标注,普通敌人,吸血蛭,移动速度（配置）：5.25；生成生命（候选）：294–2730；生成伤害（候选）：115–850,,生成属性来自初始化关联的附加对象，是静态数值候选；等级、触发条件和场景规则可能改变生效结果。；当前档案有 8 条同名记录；可能来自不同场景、活动或难度，请比较基础属性。,assets/images/资源材料/混凝土--eab7c0232b.png,原版图鉴
绿色蛇彭特,Green Serpent,未标注,普通敌人,绿色蛇彭特,储物栏位：5；移动速度（配置）：5.25；生成生命（候选）：1260–8190；生成伤害（候选）：288–2125,,生成属性来自初始化关联的附加对象，是静态数值候选；等级、触发条件和场景规则可能改变生效结果。；当前档案有 5 条同名记录；可能来自不同场景、活动或难度，请比较基础属性。,assets/images/怪物/绿色蛇彭特--222fa2968a.png,原版图鉴
血色魔茧,Bloody Cocoon,未标注,普通敌人,,移动速度（配置）：6；生成生命（候选）：2500–14900,,生成属性来自初始化关联的附加对象，是静态数值候选；等级、触发条件和场景规则可能改变生效结果。；当前档案有 3 条同名记录；可能来自不同场景、活动或难度，请比较基础属性。,assets/images/怪物/1号魔茧--49aa3398e2.png,原版图鉴
焦尸,Charred,未标注,普通敌人,,储物栏位：20；移动速度（配置）：1.5；生成生命（候选）：1950–7290；生成伤害（候选）：213–1575,,生成属性来自初始化关联的附加对象，是静态数值候选；等级、触发条件和场景规则可能改变生效结果。；当前档案有 36 条同名记录；可能来自不同场景、活动或难度，请比较基础属性。,,暂缺
留名者,Tagger,未标注,普通敌人,,储物栏位：20；移动速度（配置）：5.7；生成生命（候选）：1875–9300；生成伤害（候选）：200–1575,,生成属性来自初始化关联的附加对象，是静态数值候选；等级、触发条件和场景规则可能改变生效结果。；当前档案有 18 条同名记录；可能来自不同场景、活动或难度，请比较基础属性。,,暂缺
牛肉,Beef,未标注,普通敌人,,储物栏位：20；移动速度（配置）：1.22；生成生命（候选）：2415–10095；生成伤害（候选）：213–1575,,生成属性来自初始化关联的附加对象，是静态数值候选；等级、触发条件和场景规则可能改变生效结果。；当前档案有 10 条同名记录；可能来自不同场景、活动或难度，请比较基础属性。,assets/images/怪物/牛肉--40833d7116.png,原版图鉴
爪子,Claw,未标注,普通敌人,,储物栏位：20；移动速度（配置）：5.7；生成生命（候选）：2340–10470；生成伤害（候选）：90–14814,,生成属性来自初始化关联的附加对象，是静态数值候选；等级、触发条件和场景规则可能改变生效结果。；当前档案有 22 条同名记录；可能来自不同场景、活动或难度，请比较基础属性。,,暂缺
长舌僵尸,Stinger,未标注,普通敌人,,储物栏位：20；移动速度（配置）：5.7；生成生命（候选）：3000–10800；生成伤害（候选）：300–10505,,生成属性来自初始化关联的附加对象，是静态数值候选；等级、触发条件和场景规则可能改变生效结果。；当前档案有 7 条同名记录；可能来自不同场景、活动或难度，请比较基础属性。,,暂缺
吸血蛭,Leecher,未标注,普通敌人,吸血蛭,移动速度（配置）：5.25；生成生命（候选）：294–2730；生成伤害（候选）：115–850,,生成属性来自初始化关联的附加对象，是静态数值候选；等级、触发条件和场景规则可能改变生效结果。；当前档案有 8 条同名记录；可能来自不同场景、活动或难度，请比较基础属性。,assets/images/资源材料/混凝土--eab7c0232b.png,原版图鉴
送葬者,Undertaker,未标注,普通敌人,,储物栏位：20；移动速度（配置）：4；生成生命（候选）：1875–6000；生成伤害（候选）：188–1400,,生成属性来自初始化关联的附加对象，是静态数值候选；等级、触发条件和场景规则可能改变生效结果。；当前档案有 9 条同名记录；可能来自不同场景、活动或难度，请比较基础属性。,,暂缺
萨梅迪英雄,Samedi Hero,未标注,普通敌人,,储物栏位：20；移动速度（配置）：4；生成生命（候选）：1545–5250；生成伤害（候选）：135–988,,生成属性来自初始化关联的附加对象，是静态数值候选；等级、触发条件和场景规则可能改变生效结果。；当前档案有 7 条同名记录；可能来自不同场景、活动或难度，请比较基础属性。,,暂缺
萨梅迪巫师,Samedi Houngan,未标注,普通敌人,,储物栏位：20；移动速度（配置）：5；生成生命（候选）：3608–9240；生成伤害（候选）：475–14814,,生成属性来自初始化关联的附加对象，是静态数值候选；等级、触发条件和场景规则可能改变生效结果。；当前档案有 5 条同名记录；可能来自不同场景、活动或难度，请比较基础属性。,,暂缺
血腥袭击者,Bloody Raider,未标注,普通敌人,,储物栏位：5；移动速度（配置）：4；生成生命（候选）：480–2205；生成伤害（候选）：30–220,,生成属性来自初始化关联的附加对象，是静态数值候选；等级、触发条件和场景规则可能改变生效结果。；当前档案有 4 条同名记录；可能来自不同场景、活动或难度，请比较基础属性。,,暂缺
血腥杀手,Bloody Killer,未标注,普通敌人,,储物栏位：5；移动速度（配置）：4；生成生命（候选）：395–1660；生成伤害（候选）：32–225,,生成属性来自初始化关联的附加对象，是静态数值候选；等级、触发条件和场景规则可能改变生效结果。；当前档案有 4 条同名记录；可能来自不同场景、活动或难度，请比较基础属性。,,暂缺
血腥锤击者,Bloody Rammer,未标注,普通敌人,,储物栏位：5；移动速度（配置）：4；生成生命（候选）：480–2075；生成伤害（候选）：49–343,,生成属性来自初始化关联的附加对象，是静态数值候选；等级、触发条件和场景规则可能改变生效结果。；当前档案有 4 条同名记录；可能来自不同场景、活动或难度，请比较基础属性。,,暂缺
血腥屠杀者,Bloody Gunman,未标注,普通敌人,,储物栏位：5；移动速度（配置）：4；生成生命（候选）：290–1245；生成伤害（候选）：60–370,,生成属性来自初始化关联的附加对象，是静态数值候选；等级、触发条件和场景规则可能改变生效结果。；当前档案有 4 条同名记录；可能来自不同场景、活动或难度，请比较基础属性。,,暂缺
血腥恶霸,Bloody Bully,未标注,普通敌人,,储物栏位：5；移动速度（配置）：3；生成生命（候选）：805–3365；生成伤害（候选）：81–1230,,生成属性来自初始化关联的附加对象，是静态数值候选；等级、触发条件和场景规则可能改变生效结果。；当前档案有 4 条同名记录；可能来自不同场景、活动或难度，请比较基础属性。,,暂缺
血腥安静者,Bloody Sniper,未标注,普通敌人,,储物栏位：5；移动速度（配置）：3；生成生命（候选）：1000–4500；生成伤害（候选）：104–17440,,生成属性来自初始化关联的附加对象，是静态数值候选；等级、触发条件和场景规则可能改变生效结果。；当前档案有 4 条同名记录；可能来自不同场景、活动或难度，请比较基础属性。,,暂缺
血腥狱吏,Bloody Turnkey,未标注,普通敌人,,储物栏位：5；移动速度（配置）：5.25；生成生命（候选）：2000–20000；生成伤害（候选）：91–31050,,生成属性来自初始化关联的附加对象，是静态数值候选；等级、触发条件和场景规则可能改变生效结果。；当前档案有 4 条同名记录；可能来自不同场景、活动或难度，请比较基础属性。,,暂缺
血腥杀手,Bloody Killer,未标注,普通敌人,,储物栏位：5；移动速度（配置）：4；生成生命（候选）：395–1660；生成伤害（候选）：32–225,,生成属性来自初始化关联的附加对象，是静态数值候选；等级、触发条件和场景规则可能改变生效结果。；当前档案有 4 条同名记录；可能来自不同场景、活动或难度，请比较基础属性。,,暂缺
吸血蛭,Leecher,未标注,普通敌人,吸血蛭,移动速度（配置）：5.25；生成生命（候选）：294–2730；生成伤害（候选）：115–850,,生成属性来自初始化关联的附加对象，是静态数值候选；等级、触发条件和场景规则可能改变生效结果。；当前档案有 8 条同名记录；可能来自不同场景、活动或难度，请比较基础属性。,assets/images/资源材料/混凝土--eab7c0232b.png,原版图鉴
吸血蛭,Leecher,未标注,普通敌人,吸血蛭,移动速度（配置）：5.25；生成生命（候选）：294–2730；生成伤害（候选）：115–850,,生成属性来自初始化关联的附加对象，是静态数值候选；等级、触发条件和场景规则可能改变生效结果。；当前档案有 8 条同名记录；可能来自不同场景、活动或难度，请比较基础属性。,assets/images/资源材料/混凝土--eab7c0232b.png,原版图鉴
血腥袭击者,Bloody Raider,未标注,普通敌人,,储物栏位：5；移动速度（配置）：4；生成生命（候选）：480–2205；生成伤害（候选）：30–220,,生成属性来自初始化关联的附加对象，是静态数值候选；等级、触发条件和场景规则可能改变生效结果。；当前档案有 4 条同名记录；可能来自不同场景、活动或难度，请比较基础属性。,,暂缺
血腥锤击者,Bloody Rammer,未标注,普通敌人,,储物栏位：5；移动速度（配置）：4；生成生命（候选）：480–2075；生成伤害（候选）：49–343,,生成属性来自初始化关联的附加对象，是静态数值候选；等级、触发条件和场景规则可能改变生效结果。；当前档案有 4 条同名记录；可能来自不同场景、活动或难度，请比较基础属性。,,暂缺
血腥屠杀者,Bloody Gunman,未标注,普通敌人,,储物栏位：5；移动速度（配置）：4；生成生命（候选）：290–1245；生成伤害（候选）：60–370,,生成属性来自初始化关联的附加对象，是静态数值候选；等级、触发条件和场景规则可能改变生效结果。；当前档案有 4 条同名记录；可能来自不同场景、活动或难度，请比较基础属性。,,暂缺
血腥恶霸,Bloody Bully,未标注,普通敌人,,储物栏位：5；移动速度（配置）：3；生成生命（候选）：805–3365；生成伤害（候选）：81–1230,,生成属性来自初始化关联的附加对象，是静态数值候选；等级、触发条件和场景规则可能改变生效结果。；当前档案有 4 条同名记录；可能来自不同场景、活动或难度，请比较基础属性。,,暂缺
血腥安静者,Bloody Sniper,未标注,普通敌人,,储物栏位：5；移动速度（配置）：3；生成生命（候选）：1000–4500；生成伤害（候选）：104–17440,,生成属性来自初始化关联的附加对象，是静态数值候选；等级、触发条件和场景规则可能改变生效结果。；当前档案有 4 条同名记录；可能来自不同场景、活动或难度，请比较基础属性。,,暂缺
血腥狱吏,Bloody Turnkey,未标注,普通敌人,,储物栏位：5；移动速度（配置）：5.25；生成生命（候选）：2000–20000；生成伤害（候选）：91–31050,,生成属性来自初始化关联的附加对象，是静态数值候选；等级、触发条件和场景规则可能改变生效结果。；当前档案有 4 条同名记录；可能来自不同场景、活动或难度，请比较基础属性。,,暂缺
萨梅迪仆从,Samedi Hounsi,未标注,普通敌人,,储物栏位：20；移动速度（配置）：4；生成生命（候选）：1875–6000；生成伤害（候选）：188–1563,,生成属性来自初始化关联的附加对象，是静态数值候选；等级、触发条件和场景规则可能改变生效结果。；当前档案有 4 条同名记录；可能来自不同场景、活动或难度，请比较基础属性。,,暂缺
附身者助猎者,Possessed Beater,未标注,普通敌人,,储物栏位：10；移动速度（配置）：4；生成生命（候选）：240–1100；生成伤害（候选）：23–220,,生成属性来自初始化关联的附加对象，是静态数值候选；等级、触发条件和场景规则可能改变生效结果。；当前档案有 3 条同名记录；可能来自不同场景、活动或难度，请比较基础属性。,,暂缺
附身者助猎者,Possessed Beater,未标注,普通敌人,,储物栏位：10；移动速度（配置）：4；生成生命（候选）：560–2350；生成伤害（候选）：40–275,,生成属性来自初始化关联的附加对象，是静态数值候选；等级、触发条件和场景规则可能改变生效结果。；当前档案有 3 条同名记录；可能来自不同场景、活动或难度，请比较基础属性。,,暂缺
附身者追踪者,Possessed Tracker,未标注,普通敌人,,储物栏位：10；移动速度（配置）：4；生成生命（候选）：450–1865；生成伤害（候选）：55–370,,生成属性来自初始化关联的附加对象，是静态数值候选；等级、触发条件和场景规则可能改变生效结果。；当前档案有 2 条同名记录；可能来自不同场景、活动或难度，请比较基础属性。,,暂缺
附身者助猎者,Possessed Beater,未标注,普通敌人,,储物栏位：10；移动速度（配置）：4；生成生命（候选）：730–3000；生成伤害（候选）：60–440,,生成属性来自初始化关联的附加对象，是静态数值候选；等级、触发条件和场景规则可能改变生效结果。；当前档案有 3 条同名记录；可能来自不同场景、活动或难度，请比较基础属性。,,暂缺
附身者追踪者,Possessed Tracker,未标注,普通敌人,,储物栏位：10；移动速度（配置）：4；生成生命（候选）：620–2550；生成伤害（候选）：70–570,,生成属性来自初始化关联的附加对象，是静态数值候选；等级、触发条件和场景规则可能改变生效结果。；当前档案有 2 条同名记录；可能来自不同场景、活动或难度，请比较基础属性。,,暂缺
被附身的守护者,Possessed Guardian,未标注,普通敌人,,储物栏位：10；移动速度（配置）：5.5；生成生命（候选）：2500–8500；生成伤害（候选）：85–8715,,生成属性来自初始化关联的附加对象，是静态数值候选；等级、触发条件和场景规则可能改变生效结果。,,暂缺
附身者野兽,Possessed Beast,未标注,首领,,储物栏位：10；移动速度（配置）：6；生成生命（候选）：10000–50000；生成伤害（候选）：1–17440,,生成属性来自初始化关联的附加对象，是静态数值候选；等级、触发条件和场景规则可能改变生效结果。；当前档案有 3 条同名记录；可能来自不同场景、活动或难度，请比较基础属性。,,暂缺
裂痕焦尸,Rupture Charred,未标注,普通敌人,,移动速度（配置）：1.5；生成生命（候选）：670–2800；生成伤害（候选）：65–462,,生成属性来自初始化关联的附加对象，是静态数值候选；等级、触发条件和场景规则可能改变生效结果。；当前档案有 6 条同名记录；可能来自不同场景、活动或难度，请比较基础属性。,,暂缺
裂痕焦尸,Rupture Charred,未标注,普通敌人,,移动速度（配置）：1.5；生成生命（候选）：880–3120；生成伤害（候选）：104–735,,生成属性来自初始化关联的附加对象，是静态数值候选；等级、触发条件和场景规则可能改变生效结果。；当前档案有 6 条同名记录；可能来自不同场景、活动或难度，请比较基础属性。,,暂缺
裂痕肌肉焦尸,Rupture Beef,未标注,普通敌人,,移动速度（配置）：1.22；生成生命（候选）：740；生成伤害（候选）：50–55,,生成属性来自初始化关联的附加对象，是静态数值候选；等级、触发条件和场景规则可能改变生效结果。；当前档案有 6 条同名记录；可能来自不同场景、活动或难度，请比较基础属性。,assets/images/怪物/牛肉--40833d7116.png,原版图鉴
裂痕肌肉焦尸,Rupture Beef,未标注,普通敌人,,移动速度（配置）：1.22；生成生命（候选）：890–3720；生成伤害（候选）：65–462,,生成属性来自初始化关联的附加对象，是静态数值候选；等级、触发条件和场景规则可能改变生效结果。；当前档案有 6 条同名记录；可能来自不同场景、活动或难度，请比较基础属性。,assets/images/怪物/牛肉--40833d7116.png,原版图鉴
裂痕肌肉焦尸,Rupture Beef,未标注,普通敌人,,移动速度（配置）：1.22；生成生命（候选）：1170–4150；生成伤害（候选）：104–735,,生成属性来自初始化关联的附加对象，是静态数值候选；等级、触发条件和场景规则可能改变生效结果。；当前档案有 6 条同名记录；可能来自不同场景、活动或难度，请比较基础属性。,assets/images/怪物/牛肉--40833d7116.png,原版图鉴
竞技场图腾,Arena Totem,未标注,普通敌人,,生成生命（候选）：500–2250,,生成属性来自初始化关联的附加对象，是静态数值候选；等级、触发条件和场景规则可能改变生效结果。,,暂缺
附身者无赖,Possessed Rogue,未标注,普通敌人,,储物栏位：10；移动速度（配置）：6.3；生成生命（候选）：225–935；生成伤害（候选）：11–1440,,生成属性来自初始化关联的附加对象，是静态数值候选；等级、触发条件和场景规则可能改变生效结果。,,暂缺
大纳特,Big Gnat,未标注,普通敌人,,生成生命（候选）：1200–2300；生成伤害（候选）：0–3315,,生成属性来自初始化关联的附加对象，是静态数值候选；等级、触发条件和场景规则可能改变生效结果。；当前档案有 3 条同名记录；可能来自不同场景、活动或难度，请比较基础属性。,,暂缺
附身者幽灵,Possessed Ghost,未标注,普通敌人,,储物栏位：10；移动速度（配置）：6.3；生成生命（候选）：225–935；生成伤害（候选）：20–1440,,生成属性来自初始化关联的附加对象，是静态数值候选；等级、触发条件和场景规则可能改变生效结果。；当前档案有 3 条同名记录；可能来自不同场景、活动或难度，请比较基础属性。,,暂缺
爪子,Claw,未标注,普通敌人,,储物栏位：10；移动速度（配置）：5.7；生成生命（候选）：35；生成伤害（候选）：6–900,,生成属性来自初始化关联的附加对象，是静态数值候选；等级、触发条件和场景规则可能改变生效结果。；当前档案有 22 条同名记录；可能来自不同场景、活动或难度，请比较基础属性。,,暂缺
麋鹿,Moose,未标注,普通敌人,麋鹿,基础生命：250；移动速度（配置）：6,,当前档案有 2 条同名记录；可能来自不同场景、活动或难度，请比较基础属性。,,暂缺
留名者,Tagger,未标注,普通敌人,,储物栏位：5；移动速度（配置）：5.7；生成生命（候选）：410；生成伤害（候选）：35–45,,生成属性来自初始化关联的附加对象，是静态数值候选；等级、触发条件和场景规则可能改变生效结果。；当前档案有 18 条同名记录；可能来自不同场景、活动或难度，请比较基础属性。,,暂缺
焦尸,Charred,未标注,普通敌人,,储物栏位：5；移动速度（配置）：1.5；生成生命（候选）：450；生成伤害（候选）：35–40,,生成属性来自初始化关联的附加对象，是静态数值候选；等级、触发条件和场景规则可能改变生效结果。；当前档案有 36 条同名记录；可能来自不同场景、活动或难度，请比较基础属性。,,暂缺
焦尸,Charred,未标注,普通敌人,,储物栏位：5；移动速度（配置）：1.5；生成生命（候选）：540–2250；生成伤害（候选）：55–420,,生成属性来自初始化关联的附加对象，是静态数值候选；等级、触发条件和场景规则可能改变生效结果。；当前档案有 36 条同名记录；可能来自不同场景、活动或难度，请比较基础属性。,,暂缺
内行狂腐士,Adept Decayer,未标注,普通敌人,,移动速度（配置）：4；生成生命（候选）：420；生成伤害（候选）：25–30,,生成属性来自初始化关联的附加对象，是静态数值候选；等级、触发条件和场景规则可能改变生效结果。；当前档案有 17 条同名记录；可能来自不同场景、活动或难度，请比较基础属性。,,暂缺
内行狂腐士,Adept Decayer,未标注,普通敌人,,移动速度（配置）：4；生成生命（候选）：560–2325；生成伤害（候选）：45–350,,生成属性来自初始化关联的附加对象，是静态数值候选；等级、触发条件和场景规则可能改变生效结果。；当前档案有 17 条同名记录；可能来自不同场景、活动或难度，请比较基础属性。,,暂缺
萨梅迪骑手,Samedi Rider,未标注,普通敌人,,移动速度（配置）：4；生成生命（候选）：340；生成伤害（候选）：25–30,,生成属性来自初始化关联的附加对象，是静态数值候选；等级、触发条件和场景规则可能改变生效结果。；当前档案有 3 条同名记录；可能来自不同场景、活动或难度，请比较基础属性。,,暂缺
狼,Wolf,未标注,普通敌人,,移动速度（配置）：5.6；生成生命（候选）：390；生成伤害（候选）：25–30,,生成属性来自初始化关联的附加对象，是静态数值候选；等级、触发条件和场景规则可能改变生效结果。；当前档案有 6 条同名记录；可能来自不同场景、活动或难度，请比较基础属性。,,暂缺
内行狂腐士,Adept Decayer,未标注,普通敌人,,移动速度（配置）：4；生成生命（候选）：730–2500；生成伤害（候选）：75–560,,生成属性来自初始化关联的附加对象，是静态数值候选；等级、触发条件和场景规则可能改变生效结果。；当前档案有 17 条同名记录；可能来自不同场景、活动或难度，请比较基础属性。,,暂缺
焦尸,Charred,未标注,普通敌人,,储物栏位：5；移动速度（配置）：1.5；生成生命（候选）：560–2325；生成伤害（候选）：85–630,,生成属性来自初始化关联的附加对象，是静态数值候选；等级、触发条件和场景规则可能改变生效结果。；当前档案有 36 条同名记录；可能来自不同场景、活动或难度，请比较基础属性。,,暂缺
萤火虫,Firefly,未标注,普通敌人,萤火虫,暴击倍率：1.5倍；基础生命：250,,当前档案有 10 条同名记录；可能来自不同场景、活动或难度，请比较基础属性。,assets/images/资源材料/混凝土--eab7c0232b.png,原版图鉴
信徒狂腐士,Devotee Decayer,未标注,普通敌人,,移动速度（配置）：4；生成生命（候选）：420；生成伤害（候选）：25–30,,生成属性来自初始化关联的附加对象，是静态数值候选；等级、触发条件和场景规则可能改变生效结果。；当前档案有 16 条同名记录；可能来自不同场景、活动或难度，请比较基础属性。,,暂缺
血腥袭击者,Bloody Raider,未标注,普通敌人,,储物栏位：5；移动速度（配置）：4；生成生命（候选）：480–2205；生成伤害（候选）：30–220,,生成属性来自初始化关联的附加对象，是静态数值候选；等级、触发条件和场景规则可能改变生效结果。；当前档案有 4 条同名记录；可能来自不同场景、活动或难度，请比较基础属性。,,暂缺
血腥杀手,Bloody Killer,未标注,普通敌人,,储物栏位：5；移动速度（配置）：4；生成生命（候选）：395–1660；生成伤害（候选）：32–225,,生成属性来自初始化关联的附加对象，是静态数值候选；等级、触发条件和场景规则可能改变生效结果。；当前档案有 4 条同名记录；可能来自不同场景、活动或难度，请比较基础属性。,,暂缺
血腥锤击者,Bloody Rammer,未标注,普通敌人,,储物栏位：5；移动速度（配置）：4；生成生命（候选）：480–2075；生成伤害（候选）：49–343,,生成属性来自初始化关联的附加对象，是静态数值候选；等级、触发条件和场景规则可能改变生效结果。；当前档案有 4 条同名记录；可能来自不同场景、活动或难度，请比较基础属性。,,暂缺
血腥屠杀者,Bloody Gunman,未标注,普通敌人,,储物栏位：5；移动速度（配置）：4；生成生命（候选）：290–1245；生成伤害（候选）：60–370,,生成属性来自初始化关联的附加对象，是静态数值候选；等级、触发条件和场景规则可能改变生效结果。；当前档案有 4 条同名记录；可能来自不同场景、活动或难度，请比较基础属性。,,暂缺
血腥恶霸,Bloody Bully,未标注,普通敌人,,储物栏位：5；移动速度（配置）：3；生成生命（候选）：805–3365；生成伤害（候选）：81–1230,,生成属性来自初始化关联的附加对象，是静态数值候选；等级、触发条件和场景规则可能改变生效结果。；当前档案有 4 条同名记录；可能来自不同场景、活动或难度，请比较基础属性。,,暂缺
血腥安静者,Bloody Sniper,未标注,普通敌人,,储物栏位：5；移动速度（配置）：3；生成生命（候选）：1000–4500；生成伤害（候选）：104–17440,,生成属性来自初始化关联的附加对象，是静态数值候选；等级、触发条件和场景规则可能改变生效结果。；当前档案有 4 条同名记录；可能来自不同场景、活动或难度，请比较基础属性。,,暂缺
血腥狱吏,Bloody Turnkey,未标注,普通敌人,,储物栏位：5；移动速度（配置）：5.25；生成生命（候选）：2000–20000；生成伤害（候选）：91–31050,,生成属性来自初始化关联的附加对象，是静态数值候选；等级、触发条件和场景规则可能改变生效结果。；当前档案有 4 条同名记录；可能来自不同场景、活动或难度，请比较基础属性。,,暂缺
血腥杀手,Bloody Killer,未标注,普通敌人,,储物栏位：5；移动速度（配置）：4；生成生命（候选）：395–1660；生成伤害（候选）：32–225,,生成属性来自初始化关联的附加对象，是静态数值候选；等级、触发条件和场景规则可能改变生效结果。；当前档案有 4 条同名记录；可能来自不同场景、活动或难度，请比较基础属性。,,暂缺
血腥袭击者,Bloody Raider,未标注,普通敌人,,储物栏位：5；移动速度（配置）：4；生成生命（候选）：480–2205；生成伤害（候选）：30–220,,生成属性来自初始化关联的附加对象，是静态数值候选；等级、触发条件和场景规则可能改变生效结果。；当前档案有 4 条同名记录；可能来自不同场景、活动或难度，请比较基础属性。,,暂缺
血腥锤击者,Bloody Rammer,未标注,普通敌人,,储物栏位：5；移动速度（配置）：4；生成生命（候选）：480–2075；生成伤害（候选）：49–343,,生成属性来自初始化关联的附加对象，是静态数值候选；等级、触发条件和场景规则可能改变生效结果。；当前档案有 4 条同名记录；可能来自不同场景、活动或难度，请比较基础属性。,,暂缺
血腥屠杀者,Bloody Gunman,未标注,普通敌人,,储物栏位：5；移动速度（配置）：4；生成生命（候选）：290–1245；生成伤害（候选）：60–370,,生成属性来自初始化关联的附加对象，是静态数值候选；等级、触发条件和场景规则可能改变生效结果。；当前档案有 4 条同名记录；可能来自不同场景、活动或难度，请比较基础属性。,,暂缺
血腥恶霸,Bloody Bully,未标注,普通敌人,,储物栏位：5；移动速度（配置）：3；生成生命（候选）：805–3365；生成伤害（候选）：81–1230,,生成属性来自初始化关联的附加对象，是静态数值候选；等级、触发条件和场景规则可能改变生效结果。；当前档案有 4 条同名记录；可能来自不同场景、活动或难度，请比较基础属性。,,暂缺
血腥安静者,Bloody Sniper,未标注,普通敌人,,储物栏位：5；移动速度（配置）：3；生成生命（候选）：1000–4500；生成伤害（候选）：104–17440,,生成属性来自初始化关联的附加对象，是静态数值候选；等级、触发条件和场景规则可能改变生效结果。；当前档案有 4 条同名记录；可能来自不同场景、活动或难度，请比较基础属性。,,暂缺
血腥狱吏,Bloody Turnkey,未标注,普通敌人,,储物栏位：5；移动速度（配置）：5.25；生成生命（候选）：2000–20000；生成伤害（候选）：91–31050,,生成属性来自初始化关联的附加对象，是静态数值候选；等级、触发条件和场景规则可能改变生效结果。；当前档案有 4 条同名记录；可能来自不同场景、活动或难度，请比较基础属性。,,暂缺
血色魔茧,Bloody Cocoon,未标注,普通敌人,,移动速度（配置）：6；生成生命（候选）：2500–14900,,生成属性来自初始化关联的附加对象，是静态数值候选；等级、触发条件和场景规则可能改变生效结果。；当前档案有 3 条同名记录；可能来自不同场景、活动或难度，请比较基础属性。,assets/images/怪物/1号魔茧--49aa3398e2.png,原版图鉴
狼,Wolf,未标注,普通敌人,,储物栏位：5；移动速度（配置）：5.6；生成生命（候选）：525–1975；生成伤害（候选）：35–280,,生成属性来自初始化关联的附加对象，是静态数值候选；等级、触发条件和场景规则可能改变生效结果。；当前档案有 6 条同名记录；可能来自不同场景、活动或难度，请比较基础属性。,,暂缺
寒冰留名者,Ice Tagger,未标注,普通敌人,,移动速度（配置）：5.7；生成生命（候选）：535–2100；生成伤害（候选）：55–455,,生成属性来自初始化关联的附加对象，是静态数值候选；等级、触发条件和场景规则可能改变生效结果。；当前档案有 4 条同名记录；可能来自不同场景、活动或难度，请比较基础属性。,,暂缺
爪子,Claw,未标注,普通敌人,,储物栏位：5；移动速度（配置）：5.7；生成生命（候选）：600–3075；生成伤害（候选）：65–4235,,生成属性来自初始化关联的附加对象，是静态数值候选；等级、触发条件和场景规则可能改变生效结果。；当前档案有 22 条同名记录；可能来自不同场景、活动或难度，请比较基础属性。,,暂缺
探路者,Pathfinder,未标注,普通敌人,,移动速度（配置）：4；生成生命（候选）：560–2325；生成伤害（候选）：45–350,,生成属性来自初始化关联的附加对象，是静态数值候选；等级、触发条件和场景规则可能改变生效结果。；当前档案有 14 条同名记录；可能来自不同场景、活动或难度，请比较基础属性。,,暂缺
信徒狂腐士,Devotee Decayer,未标注,普通敌人,,储物栏位：5；移动速度（配置）：4；生成生命（候选）：340；生成伤害（候选）：25–30,,生成属性来自初始化关联的附加对象，是静态数值候选；等级、触发条件和场景规则可能改变生效结果。；当前档案有 16 条同名记录；可能来自不同场景、活动或难度，请比较基础属性。,,暂缺
信徒狂腐士,Devotee Decayer,未标注,普通敌人,,储物栏位：5；移动速度（配置）：4；生成生命（候选）：450–1860；生成伤害（候选）：45–350,,生成属性来自初始化关联的附加对象，是静态数值候选；等级、触发条件和场景规则可能改变生效结果。；当前档案有 16 条同名记录；可能来自不同场景、活动或难度，请比较基础属性。,,暂缺
追逐者,Beater,未标注,普通敌人,,储物栏位：5；移动速度（配置）：4；生成生命（候选）：450–1860；生成伤害（候选）：45–350,,生成属性来自初始化关联的附加对象，是静态数值候选；等级、触发条件和场景规则可能改变生效结果。；当前档案有 11 条同名记录；可能来自不同场景、活动或难度，请比较基础属性。,,暂缺
狂热者狂腐士,Zealot Decayer,未标注,普通敌人,,储物栏位：5；移动速度（配置）：4；生成生命（候选）：295；生成伤害（候选）：20–25,,生成属性来自初始化关联的附加对象，是静态数值候选；等级、触发条件和场景规则可能改变生效结果。；当前档案有 22 条同名记录；可能来自不同场景、活动或难度，请比较基础属性。,,暂缺
萨梅迪英雄,Samedi Hero,未标注,普通敌人,,移动速度（配置）：4；生成生命（候选）：295；生成伤害（候选）：20–25,,生成属性来自初始化关联的附加对象，是静态数值候选；等级、触发条件和场景规则可能改变生效结果。；当前档案有 7 条同名记录；可能来自不同场景、活动或难度，请比较基础属性。,,暂缺
萨梅迪英雄,Samedi Hero,未标注,普通敌人,,移动速度（配置）：4；生成生命（候选）：395–1630；生成伤害（候选）：32–245,,生成属性来自初始化关联的附加对象，是静态数值候选；等级、触发条件和场景规则可能改变生效结果。；当前档案有 7 条同名记录；可能来自不同场景、活动或难度，请比较基础属性。,,暂缺
狂热者狂腐士,Zealot Decayer,未标注,普通敌人,,储物栏位：5；移动速度（配置）：4；生成生命（候选）：395–1630；生成伤害（候选）：32–245,,生成属性来自初始化关联的附加对象，是静态数值候选；等级、触发条件和场景规则可能改变生效结果。；当前档案有 22 条同名记录；可能来自不同场景、活动或难度，请比较基础属性。,,暂缺
野兽之友,Friend of the Beasts,未标注,普通敌人,,储物栏位：10；移动速度（配置）：4；生成生命（候选）：1800–7440；生成伤害（候选）：115–875,,生成属性来自初始化关联的附加对象，是静态数值候选；等级、触发条件和场景规则可能改变生效结果。；当前档案有 3 条同名记录；可能来自不同场景、活动或难度，请比较基础属性。,,暂缺
牛肉,Beef,未标注,普通敌人,,移动速度（配置）：1.22；生成生命（候选）：700–2925；生成伤害（候选）：55–445,,生成属性来自初始化关联的附加对象，是静态数值候选；等级、触发条件和场景规则可能改变生效结果。；当前档案有 10 条同名记录；可能来自不同场景、活动或难度，请比较基础属性。,assets/images/怪物/牛肉--40833d7116.png,原版图鉴
猎人,Hunter,未标注,普通敌人,,储物栏位：5；移动速度（配置）：4；生成生命（候选）：395–1630；生成伤害（候选）：32–245,,生成属性来自初始化关联的附加对象，是静态数值候选；等级、触发条件和场景规则可能改变生效结果。；当前档案有 4 条同名记录；可能来自不同场景、活动或难度，请比较基础属性。,,暂缺
狂热者狂腐士,Zealot Decayer,未标注,普通敌人,,储物栏位：5；移动速度（配置）：4；生成生命（候选）：515–1750；生成伤害（候选）：54–395,,生成属性来自初始化关联的附加对象，是静态数值候选；等级、触发条件和场景规则可能改变生效结果。；当前档案有 22 条同名记录；可能来自不同场景、活动或难度，请比较基础属性。,,暂缺
复仇者狂腐士,Vindicator Decayer,未标注,普通敌人,,储物栏位：10；移动速度（配置）：4；生成生命（候选）：1800–7440；生成伤害（候选）：115–875,,生成属性来自初始化关联的附加对象，是静态数值候选；等级、触发条件和场景规则可能改变生效结果。；当前档案有 6 条同名记录；可能来自不同场景、活动或难度，请比较基础属性。,,暂缺
猎人,Hunter,未标注,普通敌人,,移动速度（配置）：4；生成生命（候选）：515–1750；生成伤害（候选）：54–395,,生成属性来自初始化关联的附加对象，是静态数值候选；等级、触发条件和场景规则可能改变生效结果。；当前档案有 4 条同名记录；可能来自不同场景、活动或难度，请比较基础属性。,,暂缺
克劳怪首领,Claw Leader,未标注,首领,,储物栏位：5；移动速度（配置）：8；生成生命（候选）：2000–8500；生成伤害（候选）：31–12300,,生成属性来自初始化关联的附加对象，是静态数值候选；等级、触发条件和场景规则可能改变生效结果。,,暂缺
[1818-方]标本,1818-A Specimen,未标注,首领,,储物栏位：5；移动速度（配置）：5.7；生成生命（候选）：5000–95000；生成伤害（候选）：1–173000,,生成属性来自初始化关联的附加对象，是静态数值候选；等级、触发条件和场景规则可能改变生效结果。,,暂缺
瘟疫伏都教巫师,Plague Bokor,未标注,首领,,储物栏位：10；移动速度（配置）：3.5；生成生命（候选）：1；生成伤害（候选）：1–52000,,生成属性来自初始化关联的附加对象，是静态数值候选；等级、触发条件和场景规则可能改变生效结果。,,暂缺
核焚化炉,Nuclear Incinerator,未标注,首领,,储物栏位：5；移动速度（配置）：6；生成生命（候选）：2350–37000；生成伤害（候选）：15–72000,,生成属性来自初始化关联的附加对象，是静态数值候选；等级、触发条件和场景规则可能改变生效结果。,,暂缺
送葬者祭坛,Undertakers' Altar,未标注,普通敌人,,生成生命（候选）：1800–9500；生成伤害（候选）：190–1400,,生成属性来自初始化关联的附加对象，是静态数值候选；等级、触发条件和场景规则可能改变生效结果。；当前档案有 4 条同名记录；可能来自不同场景、活动或难度，请比较基础属性。,,暂缺
狂腐士风琴师,Decay Organist,未标注,普通敌人,,生成生命（候选）：2350–37000,,生成属性来自初始化关联的附加对象，是静态数值候选；等级、触发条件和场景规则可能改变生效结果。,,暂缺
南瓜脑袋,Pumpkin Head,未标注,普通敌人,,移动速度（配置）：4；生成生命（候选）：1875–6000；生成伤害（候选）：75–560,,生成属性来自初始化关联的附加对象，是静态数值候选；等级、触发条件和场景规则可能改变生效结果。；当前档案有 14 条同名记录；可能来自不同场景、活动或难度，请比较基础属性。,,暂缺
南瓜脑袋,Pumpkin Head,未标注,普通敌人,,储物栏位：5；移动速度（配置）：4；生成生命（候选）：560–3000；生成伤害（候选）：40–430,,生成属性来自初始化关联的附加对象，是静态数值候选；等级、触发条件和场景规则可能改变生效结果。；当前档案有 14 条同名记录；可能来自不同场景、活动或难度，请比较基础属性。,,暂缺
南瓜脑袋,Pumpkin Head,未标注,普通敌人,,移动速度（配置）：4；生成生命（候选）：1545–5250；生成伤害（候选）：135–988,,生成属性来自初始化关联的附加对象，是静态数值候选；等级、触发条件和场景规则可能改变生效结果。；当前档案有 14 条同名记录；可能来自不同场景、活动或难度，请比较基础属性。,,暂缺
南瓜脑袋,Pumpkin Head,未标注,普通敌人,,移动速度（配置）：4；生成生命（候选）：350；生成伤害（候选）：24–27,,生成属性来自初始化关联的附加对象，是静态数值候选；等级、触发条件和场景规则可能改变生效结果。；当前档案有 14 条同名记录；可能来自不同场景、活动或难度，请比较基础属性。,,暂缺
南瓜脑袋,Pumpkin Head,未标注,普通敌人,,移动速度（配置）：4,,这条怪物记录未直接提供可确认的生命数值，未用同名怪物的属性代填。；当前档案有 14 条同名记录；可能来自不同场景、活动或难度，请比较基础属性。,,暂缺
萨梅迪英雄,Samedi Hero,未标注,普通敌人,,移动速度（配置）：4；生成生命（候选）：395–2120；生成伤害（候选）：12–153,,生成属性来自初始化关联的附加对象，是静态数值候选；等级、触发条件和场景规则可能改变生效结果。；当前档案有 7 条同名记录；可能来自不同场景、活动或难度，请比较基础属性。,,暂缺
萨梅迪巫师,Samedi Houngan,未标注,普通敌人,,移动速度（配置）：4；生成生命（候选）：1350–7400；生成伤害（候选）：95–1140,,生成属性来自初始化关联的附加对象，是静态数值候选；等级、触发条件和场景规则可能改变生效结果。；当前档案有 5 条同名记录；可能来自不同场景、活动或难度，请比较基础属性。,,暂缺
死亡仆从,Death Hounsi,未标注,普通敌人,,移动速度（配置）：4；生成生命（候选）：780–4300；生成伤害（候选）：7–95,,生成属性来自初始化关联的附加对象，是静态数值候选；等级、触发条件和场景规则可能改变生效结果。；当前档案有 2 条同名记录；可能来自不同场景、活动或难度，请比较基础属性。,,暂缺
南瓜脑袋留名者,Pumpkin Head Tagger,未标注,普通敌人,,移动速度（配置）：6.2；生成生命（候选）：250–3000；生成伤害（候选）：1–52000,,生成属性来自初始化关联的附加对象，是静态数值候选；等级、触发条件和场景规则可能改变生效结果。；当前档案有 4 条同名记录；可能来自不同场景、活动或难度，请比较基础属性。,assets/images/怪物/南瓜脑袋留名者--531d8e0c43.png,原版图鉴
南瓜脑袋肌肉焦尸,Pumpkin Head Beef,未标注,普通敌人,,移动速度（配置）：1.7；生成生命（候选）：1000–6000；生成伤害（候选）：1–20000,,生成属性来自初始化关联的附加对象，是静态数值候选；等级、触发条件和场景规则可能改变生效结果。；当前档案有 4 条同名记录；可能来自不同场景、活动或难度，请比较基础属性。,assets/images/怪物/南瓜脑袋留名者--531d8e0c43.png,原版图鉴
南瓜脑袋,Pumpkin Head,未标注,普通敌人,,移动速度（配置）：4；生成生命（候选）：1875–6000；生成伤害（候选）：75–560,,生成属性来自初始化关联的附加对象，是静态数值候选；等级、触发条件和场景规则可能改变生效结果。；当前档案有 14 条同名记录；可能来自不同场景、活动或难度，请比较基础属性。,,暂缺
南瓜脑袋,Pumpkin Head,未标注,普通敌人,,移动速度（配置）：4；生成生命（候选）：1545–5250；生成伤害（候选）：135–988,,生成属性来自初始化关联的附加对象，是静态数值候选；等级、触发条件和场景规则可能改变生效结果。；当前档案有 14 条同名记录；可能来自不同场景、活动或难度，请比较基础属性。,,暂缺
南瓜脑袋留名者,Pumpkin Head Tagger,未标注,普通敌人,,移动速度（配置）：6.2；生成生命（候选）：250–1100；生成伤害（候选）：1–20000,,生成属性来自初始化关联的附加对象，是静态数值候选；等级、触发条件和场景规则可能改变生效结果。；当前档案有 4 条同名记录；可能来自不同场景、活动或难度，请比较基础属性。,assets/images/怪物/南瓜脑袋留名者--531d8e0c43.png,原版图鉴
南瓜脑袋留名者,Pumpkin Head Tagger,未标注,普通敌人,,移动速度（配置）：6.2；生成生命（候选）：250–1100；生成伤害（候选）：1–20000,,生成属性来自初始化关联的附加对象，是静态数值候选；等级、触发条件和场景规则可能改变生效结果。；当前档案有 4 条同名记录；可能来自不同场景、活动或难度，请比较基础属性。,assets/images/怪物/南瓜脑袋留名者--531d8e0c43.png,原版图鉴
南瓜脑袋肌肉焦尸,Pumpkin Head Beef,未标注,普通敌人,,移动速度（配置）：1.7；生成生命（候选）：1000–4500；生成伤害（候选）：1–20000,,生成属性来自初始化关联的附加对象，是静态数值候选；等级、触发条件和场景规则可能改变生效结果。；当前档案有 4 条同名记录；可能来自不同场景、活动或难度，请比较基础属性。,assets/images/怪物/南瓜脑袋留名者--531d8e0c43.png,原版图鉴
南瓜脑袋肌肉焦尸,Pumpkin Head Beef,未标注,普通敌人,,移动速度（配置）：1.7；生成生命（候选）：1000–4500；生成伤害（候选）：1–20000,,生成属性来自初始化关联的附加对象，是静态数值候选；等级、触发条件和场景规则可能改变生效结果。；当前档案有 4 条同名记录；可能来自不同场景、活动或难度，请比较基础属性。,assets/images/怪物/南瓜脑袋留名者--531d8e0c43.png,原版图鉴
绿色蛇彭特,Green Serpent,未标注,普通敌人,绿色蛇彭特,储物栏位：5；移动速度（配置）：5.25；生成生命（候选）：1260–8190；生成伤害（候选）：288–2125,,生成属性来自初始化关联的附加对象，是静态数值候选；等级、触发条件和场景规则可能改变生效结果。；当前档案有 5 条同名记录；可能来自不同场景、活动或难度，请比较基础属性。,assets/images/怪物/绿色蛇彭特--222fa2968a.png,原版图鉴
南瓜脑袋,Pumpkin Head,未标注,普通敌人,,移动速度（配置）：4,,这条怪物记录未直接提供可确认的生命数值，未用同名怪物的属性代填。；当前档案有 14 条同名记录；可能来自不同场景、活动或难度，请比较基础属性。,,暂缺
南瓜脑袋,Pumpkin Head,未标注,普通敌人,,移动速度（配置）：4；生成生命（候选）：1875–6000；生成伤害（候选）：75–560,,生成属性来自初始化关联的附加对象，是静态数值候选；等级、触发条件和场景规则可能改变生效结果。；当前档案有 14 条同名记录；可能来自不同场景、活动或难度，请比较基础属性。,,暂缺
绿色蛇彭特,Green Serpent,未标注,普通敌人,绿色蛇彭特,储物栏位：5；移动速度（配置）：5.25；生成生命（候选）：1260–8190；生成伤害（候选）：288–2125,,生成属性来自初始化关联的附加对象，是静态数值候选；等级、触发条件和场景规则可能改变生效结果。；当前档案有 5 条同名记录；可能来自不同场景、活动或难度，请比较基础属性。,assets/images/怪物/绿色蛇彭特--222fa2968a.png,原版图鉴
新娘拉米亚,Bride Lamia,未标注,普通敌人,,移动速度（配置）：3.8；生成生命（候选）：2000–20000；生成伤害（候选）：96–115000,,生成属性来自初始化关联的附加对象，是静态数值候选；等级、触发条件和场景规则可能改变生效结果。；当前档案有 4 条同名记录；可能来自不同场景、活动或难度，请比较基础属性。,,暂缺
新娘阿依达·维铎,Bride Ayida-Weddo,未标注,普通敌人,,移动速度（配置）：3.8；生成生命（候选）：1350–13500；生成伤害（候选）：45–15000,,生成属性来自初始化关联的附加对象，是静态数值候选；等级、触发条件和场景规则可能改变生效结果。；当前档案有 3 条同名记录；可能来自不同场景、活动或难度，请比较基础属性。,,暂缺
萨梅迪伏都教巫师,Samedi Bokor,未标注,普通敌人,,储物栏位：20；移动速度（配置）：5.8；生成生命（候选）：5000–52500；生成伤害（候选）：61–12333,,生成属性来自初始化关联的附加对象，是静态数值候选；等级、触发条件和场景规则可能改变生效结果。；当前档案有 3 条同名记录；可能来自不同场景、活动或难度，请比较基础属性。,,暂缺
千钧怪,Stomper,未标注,普通敌人,,移动速度（配置）：5.7；生成生命（候选）：2500–8375；生成伤害（候选）：232–31500,,生成属性来自初始化关联的附加对象，是静态数值候选；等级、触发条件和场景规则可能改变生效结果。；当前档案有 3 条同名记录；可能来自不同场景、活动或难度，请比较基础属性。,assets/images/怪物/千钧怪--335e4011df.png,原版图鉴
焦尸科学家,Charred Scientist,未标注,首领,,储物栏位：5；移动速度（配置）：1.5；生成生命（候选）：3000–12000；生成伤害（候选）：45–4100,,生成属性来自初始化关联的附加对象，是静态数值候选；等级、触发条件和场景规则可能改变生效结果。,,暂缺
萨梅迪伏都教巫师,Samedi Bokor,未标注,首领,,储物栏位：5；移动速度（配置）：5.8；生成生命（候选）：2500–40000；生成伤害（候选）：48–36000,,生成属性来自初始化关联的附加对象，是静态数值候选；等级、触发条件和场景规则可能改变生效结果。；当前档案有 3 条同名记录；可能来自不同场景、活动或难度，请比较基础属性。,,暂缺
拉米亚姐妹,Sister Lamia,未标注,普通敌人,,储物栏位：5；移动速度（配置）：4.5；生成生命（候选）：2000–15000；生成伤害（候选）：52–13600,,生成属性来自初始化关联的附加对象，是静态数值候选；等级、触发条件和场景规则可能改变生效结果。,,暂缺
阿依达·维铎姐妹,Sister Ayida-Weddo,未标注,普通敌人,,储物栏位：5；移动速度（配置）：3.8；生成生命（候选）：1350–10000；生成伤害（候选）：26–13600,,生成属性来自初始化关联的附加对象，是静态数值候选；等级、触发条件和场景规则可能改变生效结果。,,暂缺
惩罚者食尸鬼,Punisher Ghoul,未标注,首领,,储物栏位：5；移动速度（配置）：5；生成生命（候选）：1500–20000；生成伤害（候选）：70–32000,,生成属性来自初始化关联的附加对象，是静态数值候选；等级、触发条件和场景规则可能改变生效结果。,,暂缺
焦尸,Charred,未标注,普通敌人,,储物栏位：5；移动速度（配置）：1.5；生成生命（候选）：670–3500；生成伤害（候选）：65–647,,生成属性来自初始化关联的附加对象，是静态数值候选；等级、触发条件和场景规则可能改变生效结果。；当前档案有 36 条同名记录；可能来自不同场景、活动或难度，请比较基础属性。,,暂缺
牛肉,Beef,未标注,普通敌人,,储物栏位：5；移动速度（配置）：1；生成生命（候选）：890–4650；生成伤害（候选）：65–647,,生成属性来自初始化关联的附加对象，是静态数值候选；等级、触发条件和场景规则可能改变生效结果。；当前档案有 10 条同名记录；可能来自不同场景、活动或难度，请比较基础属性。,assets/images/怪物/牛肉--40833d7116.png,原版图鉴
留名者,Tagger,未标注,普通敌人,,储物栏位：5；移动速度（配置）：5.7；生成生命（候选）：560–2915；生成伤害（候选）：50–497,,生成属性来自初始化关联的附加对象，是静态数值候选；等级、触发条件和场景规则可能改变生效结果。；当前档案有 18 条同名记录；可能来自不同场景、活动或难度，请比较基础属性。,,暂缺
爪子,Claw,未标注,普通敌人,,储物栏位：5；移动速度（配置）：5.7；生成生命（候选）：580–3375；生成伤害（候选）：78–7115,,生成属性来自初始化关联的附加对象，是静态数值候选；等级、触发条件和场景规则可能改变生效结果。；当前档案有 22 条同名记录；可能来自不同场景、活动或难度，请比较基础属性。,,暂缺
长舌僵尸,Stinger,未标注,普通敌人,,储物栏位：5；移动速度（配置）：5.7；生成生命（候选）：640–3710；生成伤害（候选）：85–7826,,生成属性来自初始化关联的附加对象，是静态数值候选；等级、触发条件和场景规则可能改变生效结果。；当前档案有 7 条同名记录；可能来自不同场景、活动或难度，请比较基础属性。,,暂缺
袭击者食尸鬼,Raider Ghoul,未标注,普通敌人,,储物栏位：5；移动速度（配置）：4；生成生命（候选）：560–4125；生成伤害（候选）：49–480,,生成属性来自初始化关联的附加对象，是静态数值候选；等级、触发条件和场景规则可能改变生效结果。；当前档案有 4 条同名记录；可能来自不同场景、活动或难度，请比较基础属性。,,暂缺
锤击食尸鬼,Ramming Ghoul,未标注,普通敌人,,储物栏位：5；移动速度（配置）：4；生成生命（候选）：560–4125；生成伤害（候选）：49–480,,生成属性来自初始化关联的附加对象，是静态数值候选；等级、触发条件和场景规则可能改变生效结果。；当前档案有 9 条同名记录；可能来自不同场景、活动或难度，请比较基础属性。,,暂缺
杀手食尸鬼,Killer Ghoul,未标注,普通敌人,,储物栏位：5；移动速度（配置）：4；生成生命（候选）：400–4000；生成伤害（候选）：60–546,,生成属性来自初始化关联的附加对象，是静态数值候选；等级、触发条件和场景规则可能改变生效结果。；当前档案有 11 条同名记录；可能来自不同场景、活动或难度，请比较基础属性。,,暂缺
杀手食尸鬼,Killer Ghoul,未标注,普通敌人,,储物栏位：5；移动速度（配置）：4；生成生命（候选）：400–4000；生成伤害（候选）：60–546,,生成属性来自初始化关联的附加对象，是静态数值候选；等级、触发条件和场景规则可能改变生效结果。；当前档案有 11 条同名记录；可能来自不同场景、活动或难度，请比较基础属性。,,暂缺
安静食尸鬼,Hush Ghoul,未标注,普通敌人,,储物栏位：5；移动速度（配置）：3；生成生命（候选）：1000–5625；生成伤害（候选）：200–22000,,生成属性来自初始化关联的附加对象，是静态数值候选；等级、触发条件和场景规则可能改变生效结果。；当前档案有 5 条同名记录；可能来自不同场景、活动或难度，请比较基础属性。,,暂缺
送葬者,Undertaker,未标注,普通敌人,,储物栏位：5；移动速度（配置）：4；生成生命（候选）：560–4130；生成伤害（候选）：49–480,,生成属性来自初始化关联的附加对象，是静态数值候选；等级、触发条件和场景规则可能改变生效结果。；当前档案有 9 条同名记录；可能来自不同场景、活动或难度，请比较基础属性。,,暂缺
萨梅迪仆从,Samedi Hounsi,未标注,普通敌人,,储物栏位：5；移动速度（配置）：4；生成生命（候选）：560–4130；生成伤害（候选）：49–480,,生成属性来自初始化关联的附加对象，是静态数值候选；等级、触发条件和场景规则可能改变生效结果。；当前档案有 4 条同名记录；可能来自不同场景、活动或难度，请比较基础属性。,,暂缺
萨梅迪英雄,Samedi Hero,未标注,普通敌人,,储物栏位：5；移动速度（配置）：4；生成生命（候选）：400–3930；生成伤害（候选）：33–329,,生成属性来自初始化关联的附加对象，是静态数值候选；等级、触发条件和场景规则可能改变生效结果。；当前档案有 7 条同名记录；可能来自不同场景、活动或难度，请比较基础属性。,,暂缺
萨梅迪枪手,Samedi Gunslinger,未标注,普通敌人,,储物栏位：5；移动速度（配置）：4；生成生命（候选）：400–3930；生成伤害（候选）：33–329,,生成属性来自初始化关联的附加对象，是静态数值候选；等级、触发条件和场景规则可能改变生效结果。；当前档案有 2 条同名记录；可能来自不同场景、活动或难度，请比较基础属性。,,暂缺
吸血蛭,Leecher,未标注,普通敌人,,储物栏位：5；移动速度（配置）：5.25；生成生命（候选）：300–3500；生成伤害（候选）：100–1190,,生成属性来自初始化关联的附加对象，是静态数值候选；等级、触发条件和场景规则可能改变生效结果。；当前档案有 8 条同名记录；可能来自不同场景、活动或难度，请比较基础属性。,,暂缺
绿色蛇彭特,Green Serpent,未标注,普通敌人,,储物栏位：5；移动速度（配置）：5.25；生成生命（候选）：300–3500；生成伤害（候选）：100–1190,,生成属性来自初始化关联的附加对象，是静态数值候选；等级、触发条件和场景规则可能改变生效结果。；参考图来自同名记录；完整模型属性集合一致且原始图标引用唯一。本记录自身未配置图鉴图标。；当前档案有 5 条同名记录；可能来自不同场景、活动或难度，请比较基础属性。,assets/images/怪物/绿色蛇彭特--222fa2968a.png,同模型参考图
恶魔之烛,Devil's Candle,未标注,普通敌人,,储物栏位：5；移动速度（配置）：5.25；生成生命（候选）：300–3500；生成伤害（候选）：100–1190,,生成属性来自初始化关联的附加对象，是静态数值候选；等级、触发条件和场景规则可能改变生效结果。；当前档案有 8 条同名记录；可能来自不同场景、活动或难度，请比较基础属性。,,暂缺
复仇者狂腐士,Vindicator Decayer,未标注,普通敌人,,储物栏位：5；移动速度（配置）：4.5；生成生命（候选）：560–4130；生成伤害（候选）：49–480,,生成属性来自初始化关联的附加对象，是静态数值候选；等级、触发条件和场景规则可能改变生效结果。；当前档案有 6 条同名记录；可能来自不同场景、活动或难度，请比较基础属性。,assets/images/怪物/黑帮林奇--459b6ceb15.png,原版图鉴
狂热者狂腐士,Zealot Decayer,未标注,普通敌人,,储物栏位：5；移动速度（配置）：4.5；生成生命（候选）：400–3930；生成伤害（候选）：22–220,,生成属性来自初始化关联的附加对象，是静态数值候选；等级、触发条件和场景规则可能改变生效结果。；当前档案有 22 条同名记录；可能来自不同场景、活动或难度，请比较基础属性。,assets/images/怪物/黑帮林奇--459b6ceb15.png,原版图鉴
狂腐火葬者,Decay Cremator,未标注,普通敌人,,储物栏位：5；移动速度（配置）：4.5；生成生命（候选）：730–3250；生成伤害（候选）：375–25000,,生成属性来自初始化关联的附加对象，是静态数值候选；等级、触发条件和场景规则可能改变生效结果。；当前档案有 3 条同名记录；可能来自不同场景、活动或难度，请比较基础属性。,assets/images/怪物/黑帮林奇--459b6ceb15.png,原版图鉴
阿尔法火鸡,Alpha Turkey,未标注,首领,阿尔法火鸡,移动速度（配置）：6.4；生成生命（候选）：1900–11500；生成伤害（候选）：0–1380,,生成属性来自初始化关联的附加对象，是静态数值候选；等级、触发条件和场景规则可能改变生效结果。,,暂缺
核炬士,Nuclear Torch,未标注,普通敌人,,储物栏位：5；移动速度（配置）：4.5；生成生命（候选）：2500–12000；生成伤害（候选）：125–31000,,生成属性来自初始化关联的附加对象，是静态数值候选；等级、触发条件和场景规则可能改变生效结果。；当前档案有 8 条同名记录；可能来自不同场景、活动或难度，请比较基础属性。,assets/images/怪物/核炬士--00ad50e3b5.png,原版图鉴
埋葬旋风,Burial Whirlwind,未标注,普通敌人,,储物栏位：5；移动速度（配置）：5.25；生成生命（候选）：1250–20000；生成伤害（候选）：49–1900,,生成属性来自初始化关联的附加对象，是静态数值候选；等级、触发条件和场景规则可能改变生效结果。,,暂缺
燃烧的燃料,Burning Fuel,未标注,普通敌人,,移动速度（配置）：9；生成生命（候选）：1000–4500；生成伤害（候选）：1–61,,生成属性来自初始化关联的附加对象，是静态数值候选；等级、触发条件和场景规则可能改变生效结果。；当前档案有 4 条同名记录；可能来自不同场景、活动或难度，请比较基础属性。,assets/images/怪物/南瓜脑袋留名者--531d8e0c43.png,原版图鉴
火鸡,Turkey,未标注,普通敌人,火鸡,基础伤害：25–30；攻击间隔：0.8秒；攻击距离（配置）：0.2；基础生命：840；移动速度（配置）：5,,当前档案有 6 条同名记录；可能来自不同场景、活动或难度，请比较基础属性。,,暂缺
火鸡,Turkey,未标注,普通敌人,火鸡,基础伤害：25–30；攻击间隔：0.8秒；攻击距离（配置）：0.2；基础生命：340；移动速度（配置）：5,,当前档案有 6 条同名记录；可能来自不同场景、活动或难度，请比较基础属性。,,暂缺
火鸡,Turkey,未标注,首领,火鸡,基础生命：1100；移动速度（配置）：5,,当前档案有 6 条同名记录；可能来自不同场景、活动或难度，请比较基础属性。,,暂缺
爆炸肌肉焦尸,Explosive Beef,未标注,普通敌人,,储物栏位：5；移动速度（配置）：1.7；生成生命（候选）：1000–4500；生成伤害（候选）：1–61000,,生成属性来自初始化关联的附加对象，是静态数值候选；等级、触发条件和场景规则可能改变生效结果。；当前档案有 3 条同名记录；可能来自不同场景、活动或难度，请比较基础属性。,assets/images/怪物/牛肉--40833d7116.png,原版图鉴
爆炸性焦尸,Explosive Charred,未标注,普通敌人,,储物栏位：5；移动速度（配置）：6.2；生成生命（候选）：250–1100；生成伤害（候选）：1–31000,,生成属性来自初始化关联的附加对象，是静态数值候选；等级、触发条件和场景规则可能改变生效结果。；当前档案有 2 条同名记录；可能来自不同场景、活动或难度，请比较基础属性。,assets/images/怪物/牛肉--40833d7116.png,原版图鉴
贪食鬼,Glutton,未标注,普通敌人,,储物栏位：5；移动速度（配置）：2.65；生成生命（候选）：1250–6000；生成伤害（候选）：53–524,,生成属性来自初始化关联的附加对象，是静态数值候选；等级、触发条件和场景规则可能改变生效结果。；当前档案有 5 条同名记录；可能来自不同场景、活动或难度，请比较基础属性。,assets/images/怪物/黑帮林奇--459b6ceb15.png,原版图鉴
巨型贪食鬼,Giant Glutton,未标注,普通敌人,,储物栏位：5；移动速度（配置）：2.65；生成生命（候选）：2500–12000；生成伤害（候选）：88–873,,生成属性来自初始化关联的附加对象，是静态数值候选；等级、触发条件和场景规则可能改变生效结果。；当前档案有 4 条同名记录；可能来自不同场景、活动或难度，请比较基础属性。,assets/images/怪物/黑帮林奇--459b6ceb15.png,原版图鉴
锤击食尸鬼,Ramming Ghoul,未标注,普通敌人,,储物栏位：5；移动速度（配置）：3；生成生命（候选）：1000–8250；生成伤害（候选）：45–4100,,生成属性来自初始化关联的附加对象，是静态数值候选；等级、触发条件和场景规则可能改变生效结果。；当前档案有 9 条同名记录；可能来自不同场景、活动或难度，请比较基础属性。,,暂缺
留名者,Tagger,未标注,普通敌人,,储物栏位：5；移动速度（配置）：5.7；生成生命（候选）：25；生成伤害（候选）：50–497,,生成属性来自初始化关联的附加对象，是静态数值候选；等级、触发条件和场景规则可能改变生效结果。；当前档案有 18 条同名记录；可能来自不同场景、活动或难度，请比较基础属性。,,暂缺
燃烧的燃料,Burning Fuel,未标注,普通敌人,,移动速度（配置）：9；生成生命（候选）：1000–4500；生成伤害（候选）：1–13671,,生成属性来自初始化关联的附加对象，是静态数值候选；等级、触发条件和场景规则可能改变生效结果。；当前档案有 4 条同名记录；可能来自不同场景、活动或难度，请比较基础属性。,assets/images/怪物/南瓜脑袋留名者--531d8e0c43.png,原版图鉴
追逐者,Beater,未标注,普通敌人,,储物栏位：5；移动速度（配置）：4；生成生命（候选）：560–4150；生成伤害（候选）：49–485,,生成属性来自初始化关联的附加对象，是静态数值候选；等级、触发条件和场景规则可能改变生效结果。；当前档案有 11 条同名记录；可能来自不同场景、活动或难度，请比较基础属性。,,暂缺
森林守护者,Forest Guardian,未标注,普通敌人,,储物栏位：5；移动速度（配置）：3.5；生成生命（候选）：330–2500；生成伤害（候选）：70–770,,生成属性来自初始化关联的附加对象，是静态数值候选；等级、触发条件和场景规则可能改变生效结果。；当前档案有 5 条同名记录；可能来自不同场景、活动或难度，请比较基础属性。,,暂缺
探路者,Pathfinder,未标注,普通敌人,,储物栏位：5；移动速度（配置）：4；生成生命（候选）：450–3300；生成伤害（候选）：55–490,,生成属性来自初始化关联的附加对象，是静态数值候选；等级、触发条件和场景规则可能改变生效结果。；当前档案有 14 条同名记录；可能来自不同场景、活动或难度，请比较基础属性。,,暂缺
探路者,Pathfinder,未标注,普通敌人,,储物栏位：5；移动速度（配置）：4；生成生命（候选）：270–2000；生成伤害（候选）：115–31000,,生成属性来自初始化关联的附加对象，是静态数值候选；等级、触发条件和场景规则可能改变生效结果。；当前档案有 14 条同名记录；可能来自不同场景、活动或难度，请比较基础属性。,,暂缺
附身者幽灵,Possessed Ghost,未标注,普通敌人,,储物栏位：5；移动速度（配置）：6.3；生成生命（候选）：1000；生成伤害（候选）：69–18600,,生成属性来自初始化关联的附加对象，是静态数值候选；等级、触发条件和场景规则可能改变生效结果。；当前档案有 3 条同名记录；可能来自不同场景、活动或难度，请比较基础属性。,,暂缺
附身者野兽,Possessed Beast,未标注,普通敌人,,储物栏位：5；移动速度（配置）：5；生成生命（候选）：2500–40000；生成伤害（候选）：65–10200,,生成属性来自初始化关联的附加对象，是静态数值候选；等级、触发条件和场景规则可能改变生效结果。；当前档案有 3 条同名记录；可能来自不同场景、活动或难度，请比较基础属性。,,暂缺
燃烧的燃料,Burning Fuel,未标注,普通敌人,,移动速度（配置）：9；生成生命（候选）：1000–4500；生成伤害（候选）：1,,生成属性来自初始化关联的附加对象，是静态数值候选；等级、触发条件和场景规则可能改变生效结果。；当前档案有 4 条同名记录；可能来自不同场景、活动或难度，请比较基础属性。,assets/images/怪物/南瓜脑袋留名者--531d8e0c43.png,原版图鉴
森林野兽,Forest Beast,未标注,普通敌人,,储物栏位：5；移动速度（配置）：5.25；生成生命（候选）：2000–20000；生成伤害（候选）：91–31050,,生成属性来自初始化关联的附加对象，是静态数值候选；等级、触发条件和场景规则可能改变生效结果。；当前档案有 2 条同名记录；可能来自不同场景、活动或难度，请比较基础属性。,,暂缺
黑刺李,Blackthorn,未标注,普通敌人,,储物栏位：5；移动速度（配置）：5.25；生成生命（候选）：300–3500；生成伤害（候选）：100–1190,,生成属性来自初始化关联的附加对象，是静态数值候选；等级、触发条件和场景规则可能改变生效结果。；当前档案有 3 条同名记录；可能来自不同场景、活动或难度，请比较基础属性。,,暂缺
送葬者祭坛,Undertakers' Altar,未标注,普通敌人,,生成生命（候选）：1800–9500；生成伤害（候选）：100–1400,,生成属性来自初始化关联的附加对象，是静态数值候选；等级、触发条件和场景规则可能改变生效结果。；当前档案有 4 条同名记录；可能来自不同场景、活动或难度，请比较基础属性。,,暂缺
黑刺李,Blackthorn,未标注,普通敌人,,储物栏位：5；移动速度（配置）：5.25；生成生命（候选）：300–3500；生成伤害（候选）：100–1190,,生成属性来自初始化关联的附加对象，是静态数值候选；等级、触发条件和场景规则可能改变生效结果。；当前档案有 3 条同名记录；可能来自不同场景、活动或难度，请比较基础属性。,,暂缺
幸存者,Survivor,未标注,普通敌人,,基础伤害：50–60；攻击间隔：0.73秒；攻击距离（配置）：0.4；储物栏位：20；移动速度（配置）：4.5；生成生命（候选）：8000,,生成属性来自初始化关联的附加对象，是静态数值候选；等级、触发条件和场景规则可能改变生效结果。；当前档案有 37 条同名记录；可能来自不同场景、活动或难度，请比较基础属性。,,暂缺
幸存者,Survivor,未标注,普通敌人,,基础伤害：50–60；攻击间隔：0.73秒；攻击距离（配置）：0.4；储物栏位：20；移动速度（配置）：4.5,,这条怪物记录未直接提供可确认的生命数值，未用同名怪物的属性代填。；当前档案有 37 条同名记录；可能来自不同场景、活动或难度，请比较基础属性。,,暂缺
幸存者,Survivor,未标注,普通敌人,,基础伤害：50–60；攻击间隔：0.73秒；攻击距离（配置）：0.4；储物栏位：20；移动速度（配置）：4.5,,这条怪物记录未直接提供可确认的生命数值，未用同名怪物的属性代填。；当前档案有 37 条同名记录；可能来自不同场景、活动或难度，请比较基础属性。,,暂缺
幸存者,Survivor,未标注,普通敌人,,基础伤害：50–60；攻击间隔：0.73秒；攻击距离（配置）：0.4；储物栏位：20；移动速度（配置）：4.5,,这条怪物记录未直接提供可确认的生命数值，未用同名怪物的属性代填。；当前档案有 37 条同名记录；可能来自不同场景、活动或难度，请比较基础属性。,,暂缺
长舌僵尸姐妹,Sister Stinger,未标注,普通敌人,,储物栏位：5；移动速度（配置）：5；生成生命（候选）：2000–4500；生成伤害（候选）：0–2127,,生成属性来自初始化关联的附加对象，是静态数值候选；等级、触发条件和场景规则可能改变生效结果。；当前档案有 3 条同名记录；可能来自不同场景、活动或难度，请比较基础属性。,,暂缺
[856-二]标本,856-D Specimen,未标注,首领,,储物栏位：5；移动速度（配置）：4；生成生命（候选）：10；生成伤害（候选）：215–2210,,生成属性来自初始化关联的附加对象，是静态数值候选；等级、触发条件和场景规则可能改变生效结果。；当前档案有 2 条同名记录；可能来自不同场景、活动或难度，请比较基础属性。,assets/images/怪物/僵尸守卫--49769b7831.png,原版图鉴
[1429-储]标本,1429-S Specimen,未标注,首领,,储物栏位：5；移动速度（配置）：5；生成生命（候选）：10；生成伤害（候选）：215–11000,,生成属性来自初始化关联的附加对象，是静态数值候选；等级、触发条件和场景规则可能改变生效结果。；当前档案有 2 条同名记录；可能来自不同场景、活动或难度，请比较基础属性。,,暂缺
寒冰留名者,Ice Tagger,未标注,普通敌人,,移动速度（配置）：5.7；生成生命（候选）：560–2915；生成伤害（候选）：50–11100,,生成属性来自初始化关联的附加对象，是静态数值候选；等级、触发条件和场景规则可能改变生效结果。；当前档案有 4 条同名记录；可能来自不同场景、活动或难度，请比较基础属性。,,暂缺
鼠王,Rat King,未标注,普通敌人,,基础生命：1；储物栏位：5；移动速度（配置）：3.6,,,assets/images/怪物/黑帮林奇--459b6ceb15.png,原版图鉴
金龙,Golden Dragon,未标注,首领,,储物栏位：15；移动速度（配置）：6；生成生命（候选）：3000–22500；生成伤害（候选）：70–17400,,生成属性来自初始化关联的附加对象，是静态数值候选；等级、触发条件和场景规则可能改变生效结果。；当前档案有 2 条同名记录；可能来自不同场景、活动或难度，请比较基础属性。,assets/images/怪物/黑帮林奇--459b6ceb15.png,原版图鉴
金龙,Golden Dragon,未标注,首领,,储物栏位：15；移动速度（配置）：6；生成生命（候选）：1000–8750；生成伤害（候选）：70–2900,,生成属性来自初始化关联的附加对象，是静态数值候选；等级、触发条件和场景规则可能改变生效结果。；当前档案有 2 条同名记录；可能来自不同场景、活动或难度，请比较基础属性。,assets/images/怪物/黑帮林奇--459b6ceb15.png,原版图鉴
一个异象,An aberration,未标注,普通敌人,,攻击间隔：5秒；攻击距离（配置）：3；基础生命：1；移动速度（配置）：4.5,,存在等级分段配置，基础数值不代表所有等级的实战数值。；当前档案有 2 条同名记录；可能来自不同场景、活动或难度，请比较基础属性。,,暂缺
一个异象,An aberration,未标注,普通敌人,,攻击间隔：10秒；攻击距离（配置）：3；基础生命：1；移动速度（配置）：4.5,,存在等级分段配置，基础数值不代表所有等级的实战数值。；当前档案有 2 条同名记录；可能来自不同场景、活动或难度，请比较基础属性。,,暂缺
留名者,Tagger,未标注,普通敌人,,储物栏位：5；移动速度（配置）：5.7；生成生命（候选）：560–2915；生成伤害（候选）：50–497,,生成属性来自初始化关联的附加对象，是静态数值候选；等级、触发条件和场景规则可能改变生效结果。；当前档案有 18 条同名记录；可能来自不同场景、活动或难度，请比较基础属性。,,暂缺
牛肉,Beef,未标注,普通敌人,,储物栏位：5；移动速度（配置）：1；生成生命（候选）：890–4650；生成伤害（候选）：65–647,,生成属性来自初始化关联的附加对象，是静态数值候选；等级、触发条件和场景规则可能改变生效结果。；当前档案有 10 条同名记录；可能来自不同场景、活动或难度，请比较基础属性。,assets/images/怪物/牛肉--40833d7116.png,原版图鉴
吸血蛭,Leecher,未标注,普通敌人,,储物栏位：5；移动速度（配置）：5.25；生成生命（候选）：300–3500；生成伤害（候选）：100–1190,,生成属性来自初始化关联的附加对象，是静态数值候选；等级、触发条件和场景规则可能改变生效结果。；当前档案有 8 条同名记录；可能来自不同场景、活动或难度，请比较基础属性。,,暂缺
安静食尸鬼,Hush Ghoul,未标注,普通敌人,,储物栏位：5；移动速度（配置）：3；生成生命（候选）：1000–5625；生成伤害（候选）：200–22000,,生成属性来自初始化关联的附加对象，是静态数值候选；等级、触发条件和场景规则可能改变生效结果。；当前档案有 5 条同名记录；可能来自不同场景、活动或难度，请比较基础属性。,,暂缺
狂腐士枢机主教,Decay Cardinal,未标注,首领,,储物栏位：15；移动速度（配置）：4；生成生命（候选）：10；生成伤害（候选）：40–26000,,生成属性来自初始化关联的附加对象，是静态数值候选；等级、触发条件和场景规则可能改变生效结果。,,暂缺
恶魔之烛,Devil's Candle,未标注,首领,,生成生命（候选）：300–3500,,生成属性来自初始化关联的附加对象，是静态数值候选；等级、触发条件和场景规则可能改变生效结果。；当前档案有 8 条同名记录；可能来自不同场景、活动或难度，请比较基础属性。,assets/images/怪物/狂腐士的祭坛--5fcd7d3ee9.png,原版图鉴
恶魔之烛,Devil's Candle,未标注,首领,,生成生命（候选）：300–3500,,生成属性来自初始化关联的附加对象，是静态数值候选；等级、触发条件和场景规则可能改变生效结果。；当前档案有 8 条同名记录；可能来自不同场景、活动或难度，请比较基础属性。,assets/images/怪物/狂腐士的祭坛--5fcd7d3ee9.png,原版图鉴
恶魔之烛,Devil's Candle,未标注,首领,,生成生命（候选）：300–3500,,生成属性来自初始化关联的附加对象，是静态数值候选；等级、触发条件和场景规则可能改变生效结果。；当前档案有 8 条同名记录；可能来自不同场景、活动或难度，请比较基础属性。,assets/images/怪物/狂腐士的祭坛--5fcd7d3ee9.png,原版图鉴
恶魔之烛,Devil's Candle,未标注,首领,,生成生命（候选）：300–3500,,生成属性来自初始化关联的附加对象，是静态数值候选；等级、触发条件和场景规则可能改变生效结果。；当前档案有 8 条同名记录；可能来自不同场景、活动或难度，请比较基础属性。,assets/images/怪物/狂腐士的祭坛--5fcd7d3ee9.png,原版图鉴
裂痕助猎者,Rupture Beater,未标注,普通敌人,,移动速度（配置）：5.7；生成生命（候选）：6187–8550,,生成属性来自初始化关联的附加对象，是静态数值候选；等级、触发条件和场景规则可能改变生效结果。；当前档案有 2 条同名记录；可能来自不同场景、活动或难度，请比较基础属性。,,暂缺
裂痕助猎者,Rupture Beater,未标注,普通敌人,,储物栏位：5；移动速度（配置）：4；生成生命（候选）：450–1860；生成伤害（候选）：45–350,,生成属性来自初始化关联的附加对象，是静态数值候选；等级、触发条件和场景规则可能改变生效结果。；当前档案有 2 条同名记录；可能来自不同场景、活动或难度，请比较基础属性。,,暂缺
裂痕追踪者,Rupture Tracker,未标注,普通敌人,,移动速度（配置）：5.7；生成生命（候选）：5569–7695；生成伤害（候选）：240–24075,,生成属性来自初始化关联的附加对象，是静态数值候选；等级、触发条件和场景规则可能改变生效结果。,,暂缺
寒冰守护者,Ice Guardian,未标注,普通敌人,,移动速度（配置）：5.7,,这条怪物记录未直接提供可确认的生命数值，未用同名怪物的属性代填。,,暂缺
裂痕焦尸,Rupture Charred,未标注,普通敌人,,移动速度（配置）：1.5；生成生命（候选）：5500–7500；生成伤害（候选）：420–1620,,生成属性来自初始化关联的附加对象，是静态数值候选；等级、触发条件和场景规则可能改变生效结果。；当前档案有 6 条同名记录；可能来自不同场景、活动或难度，请比较基础属性。,,暂缺
裂痕野兽,Rupture Beast,未标注,普通敌人,,储物栏位：5；移动速度（配置）：5.25；生成生命（候选）：2000–20000；生成伤害（候选）：91–31050,,生成属性来自初始化关联的附加对象，是静态数值候选；等级、触发条件和场景规则可能改变生效结果。,,暂缺
焦尸,Charred,未标注,普通敌人,,储物栏位：5；移动速度（配置）：1.5；生成生命（候选）：670–3500；生成伤害（候选）：65–647,,生成属性来自初始化关联的附加对象，是静态数值候选；等级、触发条件和场景规则可能改变生效结果。；当前档案有 36 条同名记录；可能来自不同场景、活动或难度，请比较基础属性。,,暂缺
留名者,Tagger,未标注,普通敌人,,储物栏位：5；移动速度（配置）：5.7；生成生命（候选）：560–2915；生成伤害（候选）：50–497,,生成属性来自初始化关联的附加对象，是静态数值候选；等级、触发条件和场景规则可能改变生效结果。；当前档案有 18 条同名记录；可能来自不同场景、活动或难度，请比较基础属性。,,暂缺
牛肉,Beef,未标注,普通敌人,,储物栏位：5；移动速度（配置）：1；生成生命（候选）：890–4650；生成伤害（候选）：65–647,,生成属性来自初始化关联的附加对象，是静态数值候选；等级、触发条件和场景规则可能改变生效结果。；当前档案有 10 条同名记录；可能来自不同场景、活动或难度，请比较基础属性。,assets/images/怪物/牛肉--40833d7116.png,原版图鉴
爪子,Claw,未标注,普通敌人,,储物栏位：5；移动速度（配置）：5.7；生成生命（候选）：580–3375；生成伤害（候选）：78–7115,,生成属性来自初始化关联的附加对象，是静态数值候选；等级、触发条件和场景规则可能改变生效结果。；当前档案有 22 条同名记录；可能来自不同场景、活动或难度，请比较基础属性。,,暂缺
长舌僵尸,Stinger,未标注,普通敌人,,储物栏位：5；移动速度（配置）：5.7；生成生命（候选）：640–3710；生成伤害（候选）：85–7826,,生成属性来自初始化关联的附加对象，是静态数值候选；等级、触发条件和场景规则可能改变生效结果。；当前档案有 7 条同名记录；可能来自不同场景、活动或难度，请比较基础属性。,,暂缺
贪食鬼,Glutton,未标注,普通敌人,,储物栏位：5；移动速度（配置）：2.65；生成生命（候选）：1250–6000；生成伤害（候选）：53–524,,生成属性来自初始化关联的附加对象，是静态数值候选；等级、触发条件和场景规则可能改变生效结果。；当前档案有 5 条同名记录；可能来自不同场景、活动或难度，请比较基础属性。,assets/images/怪物/黑帮林奇--459b6ceb15.png,原版图鉴
袭击者食尸鬼,Raider Ghoul,未标注,普通敌人,,移动速度（配置）：4；生成生命（候选）：560–4125；生成伤害（候选）：49–480,,生成属性来自初始化关联的附加对象，是静态数值候选；等级、触发条件和场景规则可能改变生效结果。；当前档案有 4 条同名记录；可能来自不同场景、活动或难度，请比较基础属性。,,暂缺
锤击食尸鬼,Ramming Ghoul,未标注,普通敌人,,储物栏位：5；移动速度（配置）：4；生成生命（候选）：560–4125；生成伤害（候选）：49–480,,生成属性来自初始化关联的附加对象，是静态数值候选；等级、触发条件和场景规则可能改变生效结果。；当前档案有 9 条同名记录；可能来自不同场景、活动或难度，请比较基础属性。,,暂缺
杀手食尸鬼,Killer Ghoul,未标注,普通敌人,,移动速度（配置）：4；生成生命（候选）：400–4000；生成伤害（候选）：60–546,,生成属性来自初始化关联的附加对象，是静态数值候选；等级、触发条件和场景规则可能改变生效结果。；当前档案有 11 条同名记录；可能来自不同场景、活动或难度，请比较基础属性。,,暂缺
杀手食尸鬼,Killer Ghoul,未标注,普通敌人,,储物栏位：5；移动速度（配置）：4；生成生命（候选）：400–4000；生成伤害（候选）：60–546,,生成属性来自初始化关联的附加对象，是静态数值候选；等级、触发条件和场景规则可能改变生效结果。；当前档案有 11 条同名记录；可能来自不同场景、活动或难度，请比较基础属性。,,暂缺
火焰爪怪,Flaming Claw,未标注,普通敌人,,移动速度（配置）：5.7；生成生命（候选）：300–6500；生成伤害（候选）：33–11100,,生成属性来自初始化关联的附加对象，是静态数值候选；等级、触发条件和场景规则可能改变生效结果。；当前档案有 2 条同名记录；可能来自不同场景、活动或难度，请比较基础属性。,,暂缺
投掷留名者,Flinging Tagger,未标注,普通敌人,,移动速度（配置）：5.7；生成生命（候选）：200–4500；生成伤害（候选）：28–11100,,生成属性来自初始化关联的附加对象，是静态数值候选；等级、触发条件和场景规则可能改变生效结果。；当前档案有 2 条同名记录；可能来自不同场景、活动或难度，请比较基础属性。,,暂缺
安静食尸鬼,Hush Ghoul,未标注,普通敌人,,储物栏位：5；移动速度（配置）：3；生成生命（候选）：1000–5625；生成伤害（候选）：200–22000,,生成属性来自初始化关联的附加对象，是静态数值候选；等级、触发条件和场景规则可能改变生效结果。；当前档案有 5 条同名记录；可能来自不同场景、活动或难度，请比较基础属性。,,暂缺
锤击食尸鬼,Ramming Ghoul,未标注,普通敌人,,储物栏位：5；移动速度（配置）：3；生成生命（候选）：1000–8250；生成伤害（候选）：45–4100,,生成属性来自初始化关联的附加对象，是静态数值候选；等级、触发条件和场景规则可能改变生效结果。；当前档案有 9 条同名记录；可能来自不同场景、活动或难度，请比较基础属性。,,暂缺
狱吏,Turnkey,未标注,普通敌人,,储物栏位：5；移动速度（配置）：5.25；生成生命（候选）：2000–20000；生成伤害（候选）：91–31050,,生成属性来自初始化关联的附加对象，是静态数值候选；等级、触发条件和场景规则可能改变生效结果。,,暂缺
送葬者,Undertaker,未标注,普通敌人,,储物栏位：5；移动速度（配置）：4；生成生命（候选）：560–4130；生成伤害（候选）：49–480,,生成属性来自初始化关联的附加对象，是静态数值候选；等级、触发条件和场景规则可能改变生效结果。；当前档案有 9 条同名记录；可能来自不同场景、活动或难度，请比较基础属性。,,暂缺
萨梅迪仆从,Samedi Hounsi,未标注,普通敌人,,储物栏位：5；移动速度（配置）：4；生成生命（候选）：560–4130；生成伤害（候选）：49–480,,生成属性来自初始化关联的附加对象，是静态数值候选；等级、触发条件和场景规则可能改变生效结果。；当前档案有 4 条同名记录；可能来自不同场景、活动或难度，请比较基础属性。,,暂缺
萨梅迪英雄,Samedi Hero,未标注,普通敌人,,储物栏位：5；移动速度（配置）：4；生成生命（候选）：400–3930；生成伤害（候选）：33–329,,生成属性来自初始化关联的附加对象，是静态数值候选；等级、触发条件和场景规则可能改变生效结果。；当前档案有 7 条同名记录；可能来自不同场景、活动或难度，请比较基础属性。,,暂缺
萨梅迪枪手,Samedi Gunslinger,未标注,普通敌人,,储物栏位：5；移动速度（配置）：4；生成生命（候选）：400–3930；生成伤害（候选）：33–329,,生成属性来自初始化关联的附加对象，是静态数值候选；等级、触发条件和场景规则可能改变生效结果。；当前档案有 2 条同名记录；可能来自不同场景、活动或难度，请比较基础属性。,,暂缺
复仇者狂腐士,Vindicator Decayer,未标注,普通敌人,,储物栏位：5；移动速度（配置）：4.5；生成生命（候选）：560–4130；生成伤害（候选）：49–480,,生成属性来自初始化关联的附加对象，是静态数值候选；等级、触发条件和场景规则可能改变生效结果。；当前档案有 6 条同名记录；可能来自不同场景、活动或难度，请比较基础属性。,assets/images/怪物/黑帮林奇--459b6ceb15.png,原版图鉴
狂热者狂腐士,Zealot Decayer,未标注,普通敌人,,储物栏位：5；移动速度（配置）：4.5；生成生命（候选）：400–3930；生成伤害（候选）：22–220,,生成属性来自初始化关联的附加对象，是静态数值候选；等级、触发条件和场景规则可能改变生效结果。；当前档案有 22 条同名记录；可能来自不同场景、活动或难度，请比较基础属性。,assets/images/怪物/黑帮林奇--459b6ceb15.png,原版图鉴
十字弓炮塔,Crossbow Turret,未标注,普通敌人,十字弓炮塔,生成生命（候选）：5082–8286；生成伤害（候选）：13–390,,生成属性来自初始化关联的附加对象，是静态数值候选；等级、触发条件和场景规则可能改变生效结果。；当前档案有 2 条同名记录；可能来自不同场景、活动或难度，请比较基础属性。,,暂缺
狂腐火葬者,Decay Cremator,未标注,普通敌人,,储物栏位：5；移动速度（配置）：4.5；生成生命（候选）：730–3250；生成伤害（候选）：375–92400,,生成属性来自初始化关联的附加对象，是静态数值候选；等级、触发条件和场景规则可能改变生效结果。；当前档案有 3 条同名记录；可能来自不同场景、活动或难度，请比较基础属性。,assets/images/怪物/黑帮林奇--459b6ceb15.png,原版图鉴
恶魔之烛,Devil's Candle,未标注,普通敌人,,储物栏位：5；移动速度（配置）：5.25；生成生命（候选）：300–3500；生成伤害（候选）：100–1190,,生成属性来自初始化关联的附加对象，是静态数值候选；等级、触发条件和场景规则可能改变生效结果。；当前档案有 8 条同名记录；可能来自不同场景、活动或难度，请比较基础属性。,,暂缺
核炬士,Nuclear Torch,未标注,普通敌人,,储物栏位：5；移动速度（配置）：4.5；生成生命（候选）：2500–12000；生成伤害（候选）：125–31000,,生成属性来自初始化关联的附加对象，是静态数值候选；等级、触发条件和场景规则可能改变生效结果。；当前档案有 8 条同名记录；可能来自不同场景、活动或难度，请比较基础属性。,assets/images/怪物/核炬士--00ad50e3b5.png,原版图鉴
追逐者,Beater,未标注,普通敌人,,储物栏位：5；移动速度（配置）：4；生成生命（候选）：560–4150；生成伤害（候选）：49–485,,生成属性来自初始化关联的附加对象，是静态数值候选；等级、触发条件和场景规则可能改变生效结果。；当前档案有 11 条同名记录；可能来自不同场景、活动或难度，请比较基础属性。,,暂缺
森林守护者,Forest Guardian,未标注,普通敌人,,储物栏位：5；移动速度（配置）：3.5；生成生命（候选）：330–2500；生成伤害（候选）：70–770,,生成属性来自初始化关联的附加对象，是静态数值候选；等级、触发条件和场景规则可能改变生效结果。；当前档案有 5 条同名记录；可能来自不同场景、活动或难度，请比较基础属性。,,暂缺
探路者,Pathfinder,未标注,普通敌人,,储物栏位：5；移动速度（配置）：4；生成生命（候选）：450–3300；生成伤害（候选）：55–490,,生成属性来自初始化关联的附加对象，是静态数值候选；等级、触发条件和场景规则可能改变生效结果。；当前档案有 14 条同名记录；可能来自不同场景、活动或难度，请比较基础属性。,,暂缺
探路者,Pathfinder,未标注,普通敌人,,储物栏位：5；移动速度（配置）：4；生成生命（候选）：270–2000；生成伤害（候选）：115–31000,,生成属性来自初始化关联的附加对象，是静态数值候选；等级、触发条件和场景规则可能改变生效结果。；当前档案有 14 条同名记录；可能来自不同场景、活动或难度，请比较基础属性。,,暂缺
附身者幽灵,Possessed Ghost,未标注,普通敌人,,储物栏位：5；移动速度（配置）：6.3；生成生命（候选）：1000；生成伤害（候选）：69–18600,,生成属性来自初始化关联的附加对象，是静态数值候选；等级、触发条件和场景规则可能改变生效结果。；当前档案有 3 条同名记录；可能来自不同场景、活动或难度，请比较基础属性。,,暂缺
附身者野兽,Possessed Beast,未标注,普通敌人,,储物栏位：5；移动速度（配置）：5；生成生命（候选）：2500–40000；生成伤害（候选）：65–10200,,生成属性来自初始化关联的附加对象，是静态数值候选；等级、触发条件和场景规则可能改变生效结果。；当前档案有 3 条同名记录；可能来自不同场景、活动或难度，请比较基础属性。,,暂缺
吸血蛭,Leecher,未标注,普通敌人,大吸血蛭,基础伤害：1；攻击间隔：1.7秒；攻击距离（配置）：3；暴击几率：10%；暴击倍率：1.5倍；移动速度（配置）：4.5；生成生命（候选）：300–2600,,生成属性来自初始化关联的附加对象，是静态数值候选；等级、触发条件和场景规则可能改变生效结果。；存在等级分段配置，基础数值不代表所有等级的实战数值。；当前档案有 8 条同名记录；可能来自不同场景、活动或难度，请比较基础属性。,assets/images/资源材料/混凝土--eab7c0232b.png,原版图鉴
火焰炮塔,Fire Turret,未标注,普通敌人,,储物栏位：5；生成生命（候选）：5082–8286；生成伤害（候选）：20–155,,生成属性来自初始化关联的附加对象，是静态数值候选；等级、触发条件和场景规则可能改变生效结果。,,暂缺
千钧怪,Stomper,未标注,普通敌人,,移动速度（配置）：5.7；生成生命（候选）：2500–8375；生成伤害（候选）：232–31500,,生成属性来自初始化关联的附加对象，是静态数值候选；等级、触发条件和场景规则可能改变生效结果。；当前档案有 3 条同名记录；可能来自不同场景、活动或难度，请比较基础属性。,assets/images/怪物/千钧怪--335e4011df.png,原版图鉴
绿色蛇彭特,Green Serpent,未标注,普通敌人,,储物栏位：5；移动速度（配置）：5.25；生成生命（候选）：300–3500；生成伤害（候选）：100–1190,,生成属性来自初始化关联的附加对象，是静态数值候选；等级、触发条件和场景规则可能改变生效结果。；参考图来自同名记录；完整模型属性集合一致且原始图标引用唯一。本记录自身未配置图鉴图标。；当前档案有 5 条同名记录；可能来自不同场景、活动或难度，请比较基础属性。,assets/images/怪物/绿色蛇彭特--222fa2968a.png,同模型参考图
黑刺李,Blackthorn,未标注,普通敌人,,储物栏位：5；移动速度（配置）：5.25；生成生命（候选）：300–3500；生成伤害（候选）：100–1190,,生成属性来自初始化关联的附加对象，是静态数值候选；等级、触发条件和场景规则可能改变生效结果。；当前档案有 3 条同名记录；可能来自不同场景、活动或难度，请比较基础属性。,,暂缺
血色魔茧,Bloody Cocoon,未标注,普通敌人,,移动速度（配置）：6；生成生命（候选）：2500–14900,,生成属性来自初始化关联的附加对象，是静态数值候选；等级、触发条件和场景规则可能改变生效结果。；当前档案有 3 条同名记录；可能来自不同场景、活动或难度，请比较基础属性。,assets/images/怪物/1号魔茧--49aa3398e2.png,原版图鉴
萨梅迪巫师,Samedi Houngan,未标注,普通敌人,,储物栏位：20；移动速度（配置）：5；生成生命（候选）：3608–9240；生成伤害（候选）：475–14814,,生成属性来自初始化关联的附加对象，是静态数值候选；等级、触发条件和场景规则可能改变生效结果。；当前档案有 5 条同名记录；可能来自不同场景、活动或难度，请比较基础属性。,,暂缺
十字弓炮塔,Crossbow Turret,未标注,普通敌人,十字弓炮塔,生成生命（候选）：5082–8286；生成伤害（候选）：13–390,,生成属性来自初始化关联的附加对象，是静态数值候选；等级、触发条件和场景规则可能改变生效结果。；当前档案有 2 条同名记录；可能来自不同场景、活动或难度，请比较基础属性。,,暂缺
酸性炮塔,Acid Turret,未标注,普通敌人,,基础生命：8286；生成伤害（候选）：20–155,,生成属性来自初始化关联的附加对象，是静态数值候选；等级、触发条件和场景规则可能改变生效结果。,,暂缺
冰霜炮塔,Frosty Turret,未标注,普通敌人,,生成生命（候选）：5082–8286；生成伤害（候选）：20–155,,生成属性来自初始化关联的附加对象，是静态数值候选；等级、触发条件和场景规则可能改变生效结果。,,暂缺
爆炸性焦尸,Explosive Charred,未标注,普通敌人,,储物栏位：5；移动速度（配置）：6.2；生成生命（候选）：250–1100；生成伤害（候选）：1–30000,,生成属性来自初始化关联的附加对象，是静态数值候选；等级、触发条件和场景规则可能改变生效结果。；当前档案有 2 条同名记录；可能来自不同场景、活动或难度，请比较基础属性。,assets/images/怪物/牛肉--40833d7116.png,原版图鉴
焦尸,Charred,未标注,普通敌人,,储物栏位：5；移动速度（配置）：1.5；生成生命（候选）：670–880；生成伤害（候选）：65–647,,生成属性来自初始化关联的附加对象，是静态数值候选；等级、触发条件和场景规则可能改变生效结果。；当前档案有 36 条同名记录；可能来自不同场景、活动或难度，请比较基础属性。,,暂缺
速射炮塔,MG Turret,未标注,普通敌人,一旦高灵敏度传感器发现敌人，两把机枪就会在180度角之内瞄准他们。,基础伤害：199–209；攻击间隔：0.2秒；攻击距离（配置）：8.5；基础生命：9943,,当前档案有 8 条同名记录；可能来自不同场景、活动或难度，请比较基础属性。,,暂缺
速射炮塔,MG Turret,未标注,普通敌人,一旦高灵敏度传感器发现敌人，两把机枪就会在180度角之内瞄准他们。,基础伤害：199–209；攻击间隔：0.2秒；攻击距离（配置）：8.5；基础生命：9943,,当前档案有 8 条同名记录；可能来自不同场景、活动或难度，请比较基础属性。,,暂缺
速射炮塔,MG Turret,未标注,普通敌人,一旦高灵敏度传感器发现敌人，两把机枪就会在180度角之内瞄准他们。,基础伤害：199–209；攻击间隔：0.2秒；攻击距离（配置）：8.5；基础生命：9943,,当前档案有 8 条同名记录；可能来自不同场景、活动或难度，请比较基础属性。,,暂缺
速射炮塔,MG Turret,未标注,普通敌人,一旦高灵敏度传感器发现敌人，两把机枪就会在180度角之内瞄准他们。,基础伤害：199–209；攻击间隔：0.2秒；攻击距离（配置）：8.5；基础生命：9943,,当前档案有 8 条同名记录；可能来自不同场景、活动或难度，请比较基础属性。,,暂缺
速射炮塔,MG Turret,未标注,普通敌人,,基础伤害：1394–1404；攻击间隔：0.5秒；攻击距离（配置）：4；基础生命：7602,,当前档案有 8 条同名记录；可能来自不同场景、活动或难度，请比较基础属性。,,暂缺
巨型贪食鬼,Giant Glutton,未标注,普通敌人,,储物栏位：5；移动速度（配置）：2.65；生成生命（候选）：2500–3200；生成伤害（候选）：88–873,,生成属性来自初始化关联的附加对象，是静态数值候选；等级、触发条件和场景规则可能改变生效结果。；当前档案有 4 条同名记录；可能来自不同场景、活动或难度，请比较基础属性。,assets/images/怪物/黑帮林奇--459b6ceb15.png,原版图鉴
爆炸肌肉焦尸,Explosive Beef,未标注,普通敌人,,储物栏位：5；移动速度（配置）：1.7；生成生命（候选）：1000–4500；生成伤害（候选）：1–42000,,生成属性来自初始化关联的附加对象，是静态数值候选；等级、触发条件和场景规则可能改变生效结果。；当前档案有 3 条同名记录；可能来自不同场景、活动或难度，请比较基础属性。,assets/images/怪物/牛肉--40833d7116.png,原版图鉴
贪食鬼,Glutton,未标注,普通敌人,,储物栏位：5；移动速度（配置）：2.65；生成生命（候选）：1250–6000；生成伤害（候选）：53–524,,生成属性来自初始化关联的附加对象，是静态数值候选；等级、触发条件和场景规则可能改变生效结果。；当前档案有 5 条同名记录；可能来自不同场景、活动或难度，请比较基础属性。,assets/images/怪物/黑帮林奇--459b6ceb15.png,原版图鉴
牛肉,Beef,未标注,普通敌人,,移动速度（配置）：1.22,,这条怪物记录未直接提供可确认的生命数值，未用同名怪物的属性代填。；当前档案有 10 条同名记录；可能来自不同场景、活动或难度，请比较基础属性。,assets/images/怪物/牛肉--40833d7116.png,原版图鉴
焦尸,Charred,未标注,普通敌人,,移动速度（配置）：1.5；生成生命（候选）：650–2430；生成伤害（候选）：85–630,,生成属性来自初始化关联的附加对象，是静态数值候选；等级、触发条件和场景规则可能改变生效结果。；当前档案有 36 条同名记录；可能来自不同场景、活动或难度，请比较基础属性。,,暂缺
焦尸,Charred,未标注,普通敌人,,移动速度（配置）：1.5；生成生命（候选）：540–2250；生成伤害（候选）：55–420,,生成属性来自初始化关联的附加对象，是静态数值候选；等级、触发条件和场景规则可能改变生效结果。；当前档案有 36 条同名记录；可能来自不同场景、活动或难度，请比较基础属性。,,暂缺
暗黑游荡者,Black Strider,未标注,普通敌人,"[录音中两个男人在说话。背景有吉他声和其他许多声音。]
 
 声音1：话说，炮灰，知道关于暗黑游荡者的任何传闻吗？
 
 声音2：嗯，大概听过一打左右吧。
 
 声音1：你相信哪一个，提奥米奇？
 
 提奥米奇：我坚持相信赫穆尔的版本，关于那个新人。
 
 声音1：说出来让我们听听。
 
 提奥米奇：真的吗，米卡斯？并没有核辉光……好吧。那么，事情是这样的。大约十年前，赫穆尔的团队接受了一个新人。那是一个开朗的家伙，喜欢弹吉他，但没脑子，呆得像块砖头。他第一次去旧加油站的时候，就掉进了一个裂缝里。
 
 米卡斯：在领地没有犯错的余地……
 
 提奥米奇：没错。赫穆尔的说法是，他们坐在火堆旁，边喝酒边回忆那家伙，这时突然出现了一个游荡者。他站在树丛中，摇摇晃晃，浑身漆黑，好像在自己身上抹了灰。他问：“我那份呢，伙计们？”他的眼睛通红，脚没有接触到地面。赫穆尔是个经验丰富、见多识广的首领。为了安全起见，他给了那人很多魔鬼海胆爆弹和天青石。
 
 暗黑游荡者拿起神器，说：“现在我们扯平了。我走了。你们也应该走了，秃鹫很快就会来。”赫穆尔声称他的声音和那个新人一模一样，都十分低沉嘶哑。食人秃鹫确实出现了，但有绊线在火边等着他们。所以，暗黑游荡者帮忙干掉了他们……
 
 米卡斯：呃，赫穆尔喜欢瞎吹。我还是更相信关于要塞兵团的那个故事。在那个故事中，暗黑游荡者是在暗区死去的CCDR工作员之一。没听过？好吧，再给我们倒一杯，我就告诉你……
 
 [录音中断]",基础伤害：321–355；攻击间隔：0.87秒；攻击距离（配置）：1；暴击几率：10%；暴击倍率：1.3倍；基础生命：3000；叠加上限：1；移动速度（配置）：6,,当前档案有 6 条同名记录；可能来自不同场景、活动或难度，请比较基础属性。,assets/images/随从/安妮·史密斯--86ec16b420.png,原版图鉴
暗黑游荡者,Black Strider,未标注,普通敌人,"[录音中两个男人在说话。背景有吉他声和其他许多声音。]
 
 声音1：话说，炮灰，知道关于暗黑游荡者的任何传闻吗？
 
 声音2：嗯，大概听过一打左右吧。
 
 声音1：你相信哪一个，提奥米奇？
 
 提奥米奇：我坚持相信赫穆尔的版本，关于那个新人。
 
 声音1：说出来让我们听听。
 
 提奥米奇：真的吗，米卡斯？并没有核辉光……好吧。那么，事情是这样的。大约十年前，赫穆尔的团队接受了一个新人。那是一个开朗的家伙，喜欢弹吉他，但没脑子，呆得像块砖头。他第一次去旧加油站的时候，就掉进了一个裂缝里。
 
 米卡斯：在领地没有犯错的余地……
 
 提奥米奇：没错。赫穆尔的说法是，他们坐在火堆旁，边喝酒边回忆那家伙，这时突然出现了一个游荡者。他站在树丛中，摇摇晃晃，浑身漆黑，好像在自己身上抹了灰。他问：“我那份呢，伙计们？”他的眼睛通红，脚没有接触到地面。赫穆尔是个经验丰富、见多识广的首领。为了安全起见，他给了那人很多魔鬼海胆爆弹和天青石。
 
 暗黑游荡者拿起神器，说：“现在我们扯平了。我走了。你们也应该走了，秃鹫很快就会来。”赫穆尔声称他的声音和那个新人一模一样，都十分低沉嘶哑。食人秃鹫确实出现了，但有绊线在火边等着他们。所以，暗黑游荡者帮忙干掉了他们……
 
 米卡斯：呃，赫穆尔喜欢瞎吹。我还是更相信关于要塞兵团的那个故事。在那个故事中，暗黑游荡者是在暗区死去的CCDR工作员之一。没听过？好吧，再给我们倒一杯，我就告诉你……
 
 [录音中断]",基础伤害：215–263；攻击间隔：0.55秒；攻击距离（配置）：5；暴击几率：7%；暴击倍率：1.5倍；基础生命：3000；叠加上限：1；移动速度（配置）：6,,当前档案有 6 条同名记录；可能来自不同场景、活动或难度，请比较基础属性。,assets/images/随从/安妮·史密斯--86ec16b420.png,原版图鉴
暗黑游荡者,Black Strider,未标注,普通敌人,"[录音中两个男人在说话。背景有吉他声和其他许多声音。]
 
 声音1：话说，炮灰，知道关于暗黑游荡者的任何传闻吗？
 
 声音2：嗯，大概听过一打左右吧。
 
 声音1：你相信哪一个，提奥米奇？
 
 提奥米奇：我坚持相信赫穆尔的版本，关于那个新人。
 
 声音1：说出来让我们听听。
 
 提奥米奇：真的吗，米卡斯？并没有核辉光……好吧。那么，事情是这样的。大约十年前，赫穆尔的团队接受了一个新人。那是一个开朗的家伙，喜欢弹吉他，但没脑子，呆得像块砖头。他第一次去旧加油站的时候，就掉进了一个裂缝里。
 
 米卡斯：在领地没有犯错的余地……
 
 提奥米奇：没错。赫穆尔的说法是，他们坐在火堆旁，边喝酒边回忆那家伙，这时突然出现了一个游荡者。他站在树丛中，摇摇晃晃，浑身漆黑，好像在自己身上抹了灰。他问：“我那份呢，伙计们？”他的眼睛通红，脚没有接触到地面。赫穆尔是个经验丰富、见多识广的首领。为了安全起见，他给了那人很多魔鬼海胆爆弹和天青石。
 
 暗黑游荡者拿起神器，说：“现在我们扯平了。我走了。你们也应该走了，秃鹫很快就会来。”赫穆尔声称他的声音和那个新人一模一样，都十分低沉嘶哑。食人秃鹫确实出现了，但有绊线在火边等着他们。所以，暗黑游荡者帮忙干掉了他们……
 
 米卡斯：呃，赫穆尔喜欢瞎吹。我还是更相信关于要塞兵团的那个故事。在那个故事中，暗黑游荡者是在暗区死去的CCDR工作员之一。没听过？好吧，再给我们倒一杯，我就告诉你……
 
 [录音中断]",基础伤害：612–748；攻击间隔：1.4秒；攻击距离（配置）：7.5；暴击几率：7%；暴击倍率：1.3倍；基础生命：3000；叠加上限：1；移动速度（配置）：6,,当前档案有 6 条同名记录；可能来自不同场景、活动或难度，请比较基础属性。,assets/images/随从/安妮·史密斯--86ec16b420.png,原版图鉴
暗黑游荡者,Black Strider,未标注,普通敌人,"[录音中两个男人在说话。背景有吉他声和其他许多声音。]
 
 声音1：话说，炮灰，知道关于暗黑游荡者的任何传闻吗？
 
 声音2：嗯，大概听过一打左右吧。
 
 声音1：你相信哪一个，提奥米奇？
 
 提奥米奇：我坚持相信赫穆尔的版本，关于那个新人。
 
 声音1：说出来让我们听听。
 
 提奥米奇：真的吗，米卡斯？并没有核辉光……好吧。那么，事情是这样的。大约十年前，赫穆尔的团队接受了一个新人。那是一个开朗的家伙，喜欢弹吉他，但没脑子，呆得像块砖头。他第一次去旧加油站的时候，就掉进了一个裂缝里。
 
 米卡斯：在领地没有犯错的余地……
 
 提奥米奇：没错。赫穆尔的说法是，他们坐在火堆旁，边喝酒边回忆那家伙，这时突然出现了一个游荡者。他站在树丛中，摇摇晃晃，浑身漆黑，好像在自己身上抹了灰。他问：“我那份呢，伙计们？”他的眼睛通红，脚没有接触到地面。赫穆尔是个经验丰富、见多识广的首领。为了安全起见，他给了那人很多魔鬼海胆爆弹和天青石。
 
 暗黑游荡者拿起神器，说：“现在我们扯平了。我走了。你们也应该走了，秃鹫很快就会来。”赫穆尔声称他的声音和那个新人一模一样，都十分低沉嘶哑。食人秃鹫确实出现了，但有绊线在火边等着他们。所以，暗黑游荡者帮忙干掉了他们……
 
 米卡斯：呃，赫穆尔喜欢瞎吹。我还是更相信关于要塞兵团的那个故事。在那个故事中，暗黑游荡者是在暗区死去的CCDR工作员之一。没听过？好吧，再给我们倒一杯，我就告诉你……
 
 [录音中断]",基础伤害：788–1067；攻击间隔：1.6秒；攻击距离（配置）：6；暴击几率：7%；暴击倍率：1.5倍；基础生命：3000；叠加上限：1；移动速度（配置）：6,,当前档案有 6 条同名记录；可能来自不同场景、活动或难度，请比较基础属性。,assets/images/随从/安妮·史密斯--86ec16b420.png,原版图鉴
寒冰焦尸,Ice Charred,未标注,普通敌人,,移动速度（配置）：1.5；生成生命（候选）：450；生成伤害（候选）：35–40,,生成属性来自初始化关联的附加对象，是静态数值候选；等级、触发条件和场景规则可能改变生效结果。；当前档案有 3 条同名记录；可能来自不同场景、活动或难度，请比较基础属性。,,暂缺
寒冰焦尸,Ice Charred,未标注,普通敌人,,储物栏位：5；移动速度（配置）：1.5；生成生命（候选）：540–2250；生成伤害（候选）：55–420,,生成属性来自初始化关联的附加对象，是静态数值候选；等级、触发条件和场景规则可能改变生效结果。；当前档案有 3 条同名记录；可能来自不同场景、活动或难度，请比较基础属性。,,暂缺
寒冰焦尸,Ice Charred,未标注,普通敌人,,储物栏位：5；移动速度（配置）：1.5；生成生命（候选）：560–2325；生成伤害（候选）：85–630,,生成属性来自初始化关联的附加对象，是静态数值候选；等级、触发条件和场景规则可能改变生效结果。；当前档案有 3 条同名记录；可能来自不同场景、活动或难度，请比较基础属性。,,暂缺
寒冰肌肉焦尸,Ice Beef,未标注,普通敌人,,移动速度（配置）：1.22；生成生命（候选）：700–2925；生成伤害（候选）：55–445,,生成属性来自初始化关联的附加对象，是静态数值候选；等级、触发条件和场景规则可能改变生效结果。,assets/images/怪物/牛肉--40833d7116.png,原版图鉴
寒冰留名者,Ice Tagger,未标注,普通敌人,,储物栏位：5；移动速度（配置）：5.7；生成生命（候选）：410；生成伤害（候选）：35–45,,生成属性来自初始化关联的附加对象，是静态数值候选；等级、触发条件和场景规则可能改变生效结果。；当前档案有 4 条同名记录；可能来自不同场景、活动或难度，请比较基础属性。,,暂缺
寒冰留名者,Ice Tagger,未标注,普通敌人,,移动速度（配置）：5.7；生成生命（候选）：535–2100；生成伤害（候选）：55–455,,生成属性来自初始化关联的附加对象，是静态数值候选；等级、触发条件和场景规则可能改变生效结果。；当前档案有 4 条同名记录；可能来自不同场景、活动或难度，请比较基础属性。,,暂缺
寒冰克劳怪,Ice Claw,未标注,普通敌人,,移动速度（配置）：5.7；生成生命（候选）：780–3490；生成伤害（候选）：90–5925,,生成属性来自初始化关联的附加对象，是静态数值候选；等级、触发条件和场景规则可能改变生效结果。；当前档案有 2 条同名记录；可能来自不同场景、活动或难度，请比较基础属性。,,暂缺
寒冰克劳怪,Ice Claw,未标注,普通敌人,,储物栏位：5；移动速度（配置）：5.7；生成生命（候选）：600–3075；生成伤害（候选）：65–4235,,生成属性来自初始化关联的附加对象，是静态数值候选；等级、触发条件和场景规则可能改变生效结果。；当前档案有 2 条同名记录；可能来自不同场景、活动或难度，请比较基础属性。,,暂缺
寒冰长舌僵尸,Ice Stinger,未标注,普通敌人,,移动速度（配置）：5.7；生成生命（候选）：1000–3600；生成伤害（候选）：120–4202,,生成属性来自初始化关联的附加对象，是静态数值候选；等级、触发条件和场景规则可能改变生效结果。；当前档案有 2 条同名记录；可能来自不同场景、活动或难度，请比较基础属性。,,暂缺
寒冰野兽,Ice Beast,未标注,普通敌人,,储物栏位：5；移动速度（配置）：5.25；生成生命（候选）：2000–20000；生成伤害（候选）：65–10200,,生成属性来自初始化关联的附加对象，是静态数值候选；等级、触发条件和场景规则可能改变生效结果。,,暂缺
寒冰长舌僵尸,Ice Stinger,未标注,普通敌人,,移动速度（配置）：5.7；生成生命（候选）：640–2970；生成伤害（候选）：86–5590,,生成属性来自初始化关联的附加对象，是静态数值候选；等级、触发条件和场景规则可能改变生效结果。；当前档案有 2 条同名记录；可能来自不同场景、活动或难度，请比较基础属性。,,暂缺
萨梅迪骑手,Samedi Rider,未标注,普通敌人,,移动速度（配置）：4,,这条怪物记录未直接提供可确认的生命数值，未用同名怪物的属性代填。；当前档案有 3 条同名记录；可能来自不同场景、活动或难度，请比较基础属性。,,暂缺
大火鸡,Large Turkey,未标注,普通敌人,火鸡,基础生命：4000；移动速度（配置）：5,,当前档案有 2 条同名记录；可能来自不同场景、活动或难度，请比较基础属性。,,暂缺
粉碎者,Grabber,未标注,普通敌人,,移动速度（配置）：4；生成生命（候选）：420；生成伤害（候选）：25–30,,生成属性来自初始化关联的附加对象，是静态数值候选；等级、触发条件和场景规则可能改变生效结果。；当前档案有 6 条同名记录；可能来自不同场景、活动或难度，请比较基础属性。,,暂缺
匪徒阿呆,Racketeer Dolt,未标注,普通敌人,,移动速度（配置）：5.5；生成生命（候选）：380–3250；生成伤害（候选）：21–1000,,生成属性来自初始化关联的附加对象，是静态数值候选；等级、触发条件和场景规则可能改变生效结果。；当前档案有 3 条同名记录；可能来自不同场景、活动或难度，请比较基础属性。,,暂缺
枪械匪徒,Persuader Racketeer,未标注,普通敌人,,移动速度（配置）：5；生成生命（候选）：420–3800；生成伤害（候选）：3–160,,生成属性来自初始化关联的附加对象，是静态数值候选；等级、触发条件和场景规则可能改变生效结果。；当前档案有 3 条同名记录；可能来自不同场景、活动或难度，请比较基础属性。,,暂缺
撬棍匪徒,Racketeer Bully,未标注,普通敌人,,移动速度（配置）：5.5；生成生命（候选）：570–5100；生成伤害（候选）：35–1700,,生成属性来自初始化关联的附加对象，是静态数值候选；等级、触发条件和场景规则可能改变生效结果。；当前档案有 3 条同名记录；可能来自不同场景、活动或难度，请比较基础属性。,,暂缺
匪徒阿维,Racketeer Awl,未标注,普通敌人,,移动速度（配置）：6；生成生命（候选）：350–3000；生成伤害（候选）：15–760,,生成属性来自初始化关联的附加对象，是静态数值候选；等级、触发条件和场景规则可能改变生效结果。；当前档案有 3 条同名记录；可能来自不同场景、活动或难度，请比较基础属性。,,暂缺
复活的农夫,Risen Farmer,未标注,普通敌人,,基础生命：10；移动速度（配置）：2.7；生成伤害（候选）：150–6350,,生成属性来自初始化关联的附加对象，是静态数值候选；等级、触发条件和场景规则可能改变生效结果。,assets/images/怪物/复活的农夫--f4cc398f0f.png,原版图鉴
执法者的保镖,Enforcer's Bodyguard,未标注,普通敌人,,移动速度（配置）：5；生成生命（候选）：420–3800；生成伤害（候选）：3–160,,生成属性来自初始化关联的附加对象，是静态数值候选；等级、触发条件和场景规则可能改变生效结果。；当前档案有 3 条同名记录；可能来自不同场景、活动或难度，请比较基础属性。,,暂缺
执法者,Enforcer,未标注,普通敌人,,移动速度（配置）：5.5；生成生命（候选）：570–5100；生成伤害（候选）：35–1700,,生成属性来自初始化关联的附加对象，是静态数值候选；等级、触发条件和场景规则可能改变生效结果。,,暂缺
执法者的保镖,Enforcer's Bodyguard,未标注,普通敌人,,移动速度（配置）：5.5；生成生命（候选）：380–3250；生成伤害（候选）：21–1000,,生成属性来自初始化关联的附加对象，是静态数值候选；等级、触发条件和场景规则可能改变生效结果。；当前档案有 3 条同名记录；可能来自不同场景、活动或难度，请比较基础属性。,,暂缺
执法者的保镖,Enforcer's Bodyguard,未标注,普通敌人,,移动速度（配置）：6；生成生命（候选）：350–3000；生成伤害（候选）：15–760,,生成属性来自初始化关联的附加对象，是静态数值候选；等级、触发条件和场景规则可能改变生效结果。；当前档案有 3 条同名记录；可能来自不同场景、活动或难度，请比较基础属性。,,暂缺
撬棍匪徒,Racketeer Bully,未标注,普通敌人,,移动速度（配置）：5.5；生成生命（候选）：570–5100；生成伤害（候选）：35–1700,,生成属性来自初始化关联的附加对象，是静态数值候选；等级、触发条件和场景规则可能改变生效结果。；当前档案有 3 条同名记录；可能来自不同场景、活动或难度，请比较基础属性。,,暂缺
匪徒阿呆,Racketeer Dolt,未标注,普通敌人,,移动速度（配置）：5.5；生成生命（候选）：380–3250；生成伤害（候选）：21–1000,,生成属性来自初始化关联的附加对象，是静态数值候选；等级、触发条件和场景规则可能改变生效结果。；当前档案有 3 条同名记录；可能来自不同场景、活动或难度，请比较基础属性。,,暂缺
枪械匪徒,Persuader Racketeer,未标注,普通敌人,,移动速度（配置）：5；生成生命（候选）：420–3800；生成伤害（候选）：3–160,,生成属性来自初始化关联的附加对象，是静态数值候选；等级、触发条件和场景规则可能改变生效结果。；当前档案有 3 条同名记录；可能来自不同场景、活动或难度，请比较基础属性。,,暂缺
匪徒阿维,Racketeer Awl,未标注,普通敌人,,移动速度（配置）：6；生成生命（候选）：350–3000；生成伤害（候选）：15–760,,生成属性来自初始化关联的附加对象，是静态数值候选；等级、触发条件和场景规则可能改变生效结果。；当前档案有 3 条同名记录；可能来自不同场景、活动或难度，请比较基础属性。,,暂缺
萤火虫,Firefly,未标注,普通敌人,萤火虫,暴击倍率：1.5倍；生成生命（候选）：250–900,,生成属性来自初始化关联的附加对象，是静态数值候选；等级、触发条件和场景规则可能改变生效结果。；当前档案有 10 条同名记录；可能来自不同场景、活动或难度，请比较基础属性。,assets/images/怪物/萤火虫--2f28fb2203.png,原版图鉴
匪徒阿维,Racketeer Awl,未标注,普通敌人,,移动速度（配置）：6；生成生命（候选）：350–3000；生成伤害（候选）：15–760,,生成属性来自初始化关联的附加对象，是静态数值候选；等级、触发条件和场景规则可能改变生效结果。；当前档案有 3 条同名记录；可能来自不同场景、活动或难度，请比较基础属性。,,暂缺
匪徒阿呆,Racketeer Dolt,未标注,普通敌人,,移动速度（配置）：5.5；生成生命（候选）：380–3250；生成伤害（候选）：21–1000,,生成属性来自初始化关联的附加对象，是静态数值候选；等级、触发条件和场景规则可能改变生效结果。；当前档案有 3 条同名记录；可能来自不同场景、活动或难度，请比较基础属性。,,暂缺
追逐者,Beater,未标注,普通敌人,,生成生命（候选）：4950–6840,,生成属性来自初始化关联的附加对象，是静态数值候选；等级、触发条件和场景规则可能改变生效结果。；当前档案有 11 条同名记录；可能来自不同场景、活动或难度，请比较基础属性。,,暂缺
追逐者,Beater,未标注,普通敌人,,生成生命（候选）：3300–4560,,生成属性来自初始化关联的附加对象，是静态数值候选；等级、触发条件和场景规则可能改变生效结果。；当前档案有 11 条同名记录；可能来自不同场景、活动或难度，请比较基础属性。,,暂缺
探路者,Pathfinder,未标注,普通敌人,,生成生命（候选）：2970–4100,,生成属性来自初始化关联的附加对象，是静态数值候选；等级、触发条件和场景规则可能改变生效结果。；当前档案有 14 条同名记录；可能来自不同场景、活动或难度，请比较基础属性。,,暂缺
探路者,Pathfinder,未标注,普通敌人,,生成生命（候选）：4450–6150；生成伤害（候选）：240–24075,,生成属性来自初始化关联的附加对象，是静态数值候选；等级、触发条件和场景规则可能改变生效结果。；当前档案有 14 条同名记录；可能来自不同场景、活动或难度，请比较基础属性。,,暂缺
森林守护者,Forest Guardian,未标注,普通敌人,,生成生命（候选）：1500–2070,,生成属性来自初始化关联的附加对象，是静态数值候选；等级、触发条件和场景规则可能改变生效结果。；当前档案有 5 条同名记录；可能来自不同场景、活动或难度，请比较基础属性。,,暂缺
森林看守人,Forest Watchman,未标注,普通敌人,,生成生命（候选）：1350–1860,,生成属性来自初始化关联的附加对象，是静态数值候选；等级、触发条件和场景规则可能改变生效结果。；当前档案有 4 条同名记录；可能来自不同场景、活动或难度，请比较基础属性。,,暂缺
森林监督员,Forest Warden,未标注,普通敌人,,,,这条怪物记录未直接提供可确认的生命数值，未用同名怪物的属性代填。；当前档案有 3 条同名记录；可能来自不同场景、活动或难度，请比较基础属性。,,暂缺
森林监督员,Forest Warden,未标注,普通敌人,,,,这条怪物记录未直接提供可确认的生命数值，未用同名怪物的属性代填。；当前档案有 3 条同名记录；可能来自不同场景、活动或难度，请比较基础属性。,,暂缺
森林看守人,Forest Watchman,未标注,普通敌人,,移动速度（配置）：5.7；生成生命（候选）：1350–1860,,生成属性来自初始化关联的附加对象，是静态数值候选；等级、触发条件和场景规则可能改变生效结果。；当前档案有 4 条同名记录；可能来自不同场景、活动或难度，请比较基础属性。,,暂缺
追逐者,Beater,未标注,普通敌人,,生成生命（候选）：3300–4560,,生成属性来自初始化关联的附加对象，是静态数值候选；等级、触发条件和场景规则可能改变生效结果。；当前档案有 11 条同名记录；可能来自不同场景、活动或难度，请比较基础属性。,,暂缺
探路者,Pathfinder,未标注,普通敌人,,生成生命（候选）：2970–4100,,生成属性来自初始化关联的附加对象，是静态数值候选；等级、触发条件和场景规则可能改变生效结果。；当前档案有 14 条同名记录；可能来自不同场景、活动或难度，请比较基础属性。,,暂缺
追逐者,Beater,未标注,普通敌人,,生成生命（候选）：3300–4560,,生成属性来自初始化关联的附加对象，是静态数值候选；等级、触发条件和场景规则可能改变生效结果。；当前档案有 11 条同名记录；可能来自不同场景、活动或难度，请比较基础属性。,,暂缺
刀屠者,Cutter,未标注,首领,,储物栏位：10；移动速度（配置）：4.8；生成生命（候选）：10,,生成属性来自初始化关联的附加对象，是静态数值候选；等级、触发条件和场景规则可能改变生效结果。,,暂缺
看守,Warden,未标注,普通敌人,,移动速度（配置）：5.5；生成生命（候选）：9120–12600；生成伤害（候选）：490–2570,,生成属性来自初始化关联的附加对象，是静态数值候选；等级、触发条件和场景规则可能改变生效结果。；当前档案有 4 条同名记录；可能来自不同场景、活动或难度，请比较基础属性。,,暂缺
看守,Warden,未标注,普通敌人,,移动速度（配置）：5.5；生成生命（候选）：100；生成伤害（候选）：490–2570,,生成属性来自初始化关联的附加对象，是静态数值候选；等级、触发条件和场景规则可能改变生效结果。；当前档案有 4 条同名记录；可能来自不同场景、活动或难度，请比较基础属性。,,暂缺
气割匠,Gas Cutter,未标注,普通敌人,,移动速度（配置）：4；生成生命（候选）：5200；生成伤害（候选）：1200–2800,,生成属性来自初始化关联的附加对象，是静态数值候选；等级、触发条件和场景规则可能改变生效结果。,,暂缺
看守,Warden,未标注,普通敌人,,移动速度（配置）：5.5；生成生命（候选）：100；生成伤害（候选）：490–2570,,生成属性来自初始化关联的附加对象，是静态数值候选；等级、触发条件和场景规则可能改变生效结果。；当前档案有 4 条同名记录；可能来自不同场景、活动或难度，请比较基础属性。,,暂缺
穿孔者,Perforator,未标注,普通敌人,,移动速度（配置）：3；生成生命（候选）：4270–5900；生成伤害（候选）：320–1690,,生成属性来自初始化关联的附加对象，是静态数值候选；等级、触发条件和场景规则可能改变生效结果。；当前档案有 5 条同名记录；可能来自不同场景、活动或难度，请比较基础属性。,,暂缺
粉碎者,Grabber,未标注,普通敌人,,移动速度（配置）：4；生成生命（候选）：4750–6570；生成伤害（候选）：290–1540,,生成属性来自初始化关联的附加对象，是静态数值候选；等级、触发条件和场景规则可能改变生效结果。；当前档案有 6 条同名记录；可能来自不同场景、活动或难度，请比较基础属性。,,暂缺
穿孔者,Perforator,未标注,普通敌人,,移动速度（配置）：3；生成生命（候选）：4270–5900；生成伤害（候选）：320–1690,,生成属性来自初始化关联的附加对象，是静态数值候选；等级、触发条件和场景规则可能改变生效结果。；当前档案有 5 条同名记录；可能来自不同场景、活动或难度，请比较基础属性。,,暂缺
粉碎者,Grabber,未标注,普通敌人,,移动速度（配置）：4；生成生命（候选）：4750–6570；生成伤害（候选）：290–1540,,生成属性来自初始化关联的附加对象，是静态数值候选；等级、触发条件和场景规则可能改变生效结果。；当前档案有 6 条同名记录；可能来自不同场景、活动或难度，请比较基础属性。,,暂缺
雕刻匠,Carver,未标注,普通敌人,,移动速度（配置）：5.5；生成生命（候选）：6830–9460；生成伤害（候选）：490–2570,,生成属性来自初始化关联的附加对象，是静态数值候选；等级、触发条件和场景规则可能改变生效结果。,,暂缺
看守,Warden,未标注,普通敌人,,移动速度（配置）：5.5；生成生命（候选）：100；生成伤害（候选）：490–2570,,生成属性来自初始化关联的附加对象，是静态数值候选；等级、触发条件和场景规则可能改变生效结果。；当前档案有 4 条同名记录；可能来自不同场景、活动或难度，请比较基础属性。,,暂缺
焦尸游荡者,Charred Strider,未标注,普通敌人,,移动速度（配置）：5；生成生命（候选）：3930–6000；生成伤害（候选）：730–1350,,生成属性来自初始化关联的附加对象，是静态数值候选；等级、触发条件和场景规则可能改变生效结果。；当前档案有 15 条同名记录；可能来自不同场景、活动或难度，请比较基础属性。,,暂缺
焦尸游荡者,Charred Strider,未标注,普通敌人,,移动速度（配置）：5；生成生命（候选）：3930–6000；生成伤害（候选）：90–160,,生成属性来自初始化关联的附加对象，是静态数值候选；等级、触发条件和场景规则可能改变生效结果。；当前档案有 15 条同名记录；可能来自不同场景、活动或难度，请比较基础属性。,,暂缺
克劳怪游荡者,Claw Strider,未标注,普通敌人,,移动速度（配置）：5.7；生成生命（候选）：4190–6400；生成伤害（候选）：590–1100,,生成属性来自初始化关联的附加对象，是静态数值候选；等级、触发条件和场景规则可能改变生效结果。；当前档案有 5 条同名记录；可能来自不同场景、活动或难度，请比较基础属性。,,暂缺
腐臭留名者,Putrid Tagger,未标注,普通敌人,,移动速度（配置）：5.7；生成生命（候选）：3650–5550；生成伤害（候选）：690–1300,,生成属性来自初始化关联的附加对象，是静态数值候选；等级、触发条件和场景规则可能改变生效结果。,,暂缺
腐臭克劳怪,Putrid Claw,未标注,普通敌人,,移动速度（配置）：5.7；生成生命（候选）：3740–5700；生成伤害（候选）：560–1500,,生成属性来自初始化关联的附加对象，是静态数值候选；等级、触发条件和场景规则可能改变生效结果。,,暂缺
爆炸肌肉焦尸,Explosive Beef,未标注,普通敌人,,移动速度（配置）：1.7；生成生命（候选）：3540–5400；生成伤害（候选）：1–42000,,生成属性来自初始化关联的附加对象，是静态数值候选；等级、触发条件和场景规则可能改变生效结果。；当前档案有 3 条同名记录；可能来自不同场景、活动或难度，请比较基础属性。,assets/images/怪物/南瓜脑袋留名者--531d8e0c43.png,原版图鉴
焦尸,Charred,未标注,普通敌人,,移动速度（配置）：1.5；生成生命（候选）：3810–5800；生成伤害（候选）：860–1600,,生成属性来自初始化关联的附加对象，是静态数值候选；等级、触发条件和场景规则可能改变生效结果。；当前档案有 36 条同名记录；可能来自不同场景、活动或难度，请比较基础属性。,,暂缺
焦尸游荡者,Charred Strider,未标注,普通敌人,,移动速度（配置）：5；生成生命（候选）：3930–6000；生成伤害（候选）：690–1300,,生成属性来自初始化关联的附加对象，是静态数值候选；等级、触发条件和场景规则可能改变生效结果。；当前档案有 15 条同名记录；可能来自不同场景、活动或难度，请比较基础属性。,,暂缺
焦尸游荡者,Charred Strider,未标注,普通敌人,,移动速度（配置）：5；生成生命（候选）：3930–6000；生成伤害（候选）：730–1350,,生成属性来自初始化关联的附加对象，是静态数值候选；等级、触发条件和场景规则可能改变生效结果。；当前档案有 15 条同名记录；可能来自不同场景、活动或难度，请比较基础属性。,,暂缺
焦尸游荡者,Charred Strider,未标注,普通敌人,,移动速度（配置）：5；生成生命（候选）：3930–6000；生成伤害（候选）：690–1300,,生成属性来自初始化关联的附加对象，是静态数值候选；等级、触发条件和场景规则可能改变生效结果。；当前档案有 15 条同名记录；可能来自不同场景、活动或难度，请比较基础属性。,,暂缺
焦尸游荡者,Charred Strider,未标注,普通敌人,,移动速度（配置）：5；生成生命（候选）：3930–6000；生成伤害（候选）：90–160,,生成属性来自初始化关联的附加对象，是静态数值候选；等级、触发条件和场景规则可能改变生效结果。；当前档案有 15 条同名记录；可能来自不同场景、活动或难度，请比较基础属性。,,暂缺
克劳怪游荡者,Claw Strider,未标注,普通敌人,,移动速度（配置）：5.7；生成生命（候选）：4190–6400；生成伤害（候选）：590–1100,,生成属性来自初始化关联的附加对象，是静态数值候选；等级、触发条件和场景规则可能改变生效结果。；当前档案有 5 条同名记录；可能来自不同场景、活动或难度，请比较基础属性。,,暂缺
焦尸游荡者,Charred Strider,未标注,普通敌人,,移动速度（配置）：5；生成生命（候选）：3930–6000；生成伤害（候选）：730–1350,,生成属性来自初始化关联的附加对象，是静态数值候选；等级、触发条件和场景规则可能改变生效结果。；当前档案有 15 条同名记录；可能来自不同场景、活动或难度，请比较基础属性。,,暂缺
焦尸游荡者,Charred Strider,未标注,普通敌人,,移动速度（配置）：5；生成生命（候选）：3930–6000；生成伤害（候选）：90–160,,生成属性来自初始化关联的附加对象，是静态数值候选；等级、触发条件和场景规则可能改变生效结果。；当前档案有 15 条同名记录；可能来自不同场景、活动或难度，请比较基础属性。,,暂缺
焦尸游荡者,Charred Strider,未标注,普通敌人,,移动速度（配置）：5；生成生命（候选）：3930–6000；生成伤害（候选）：690–1300,,生成属性来自初始化关联的附加对象，是静态数值候选；等级、触发条件和场景规则可能改变生效结果。；当前档案有 15 条同名记录；可能来自不同场景、活动或难度，请比较基础属性。,,暂缺
克劳怪游荡者,Claw Strider,未标注,普通敌人,,移动速度（配置）：5.7；生成生命（候选）：4190–6400；生成伤害（候选）：590–1100,,生成属性来自初始化关联的附加对象，是静态数值候选；等级、触发条件和场景规则可能改变生效结果。；当前档案有 5 条同名记录；可能来自不同场景、活动或难度，请比较基础属性。,,暂缺
暗黑游荡者,Black Strider,未标注,普通敌人,"[录音中两个男人在说话。背景有吉他声和其他许多声音。]
 
 声音1：话说，炮灰，知道关于暗黑游荡者的任何传闻吗？
 
 声音2：嗯，大概听过一打左右吧。
 
 声音1：你相信哪一个，提奥米奇？
 
 提奥米奇：我坚持相信赫穆尔的版本，关于那个新人。
 
 声音1：说出来让我们听听。
 
 提奥米奇：真的吗，米卡斯？并没有核辉光……好吧。那么，事情是这样的。大约十年前，赫穆尔的团队接受了一个新人。那是一个开朗的家伙，喜欢弹吉他，但没脑子，呆得像块砖头。他第一次去旧加油站的时候，就掉进了一个裂缝里。
 
 米卡斯：在领地没有犯错的余地……
 
 提奥米奇：没错。赫穆尔的说法是，他们坐在火堆旁，边喝酒边回忆那家伙，这时突然出现了一个游荡者。他站在树丛中，摇摇晃晃，浑身漆黑，好像在自己身上抹了灰。他问：“我那份呢，伙计们？”他的眼睛通红，脚没有接触到地面。赫穆尔是个经验丰富、见多识广的首领。为了安全起见，他给了那人很多魔鬼海胆爆弹和天青石。
 
 暗黑游荡者拿起神器，说：“现在我们扯平了。我走了。你们也应该走了，秃鹫很快就会来。”赫穆尔声称他的声音和那个新人一模一样，都十分低沉嘶哑。食人秃鹫确实出现了，但有绊线在火边等着他们。所以，暗黑游荡者帮忙干掉了他们……
 
 米卡斯：呃，赫穆尔喜欢瞎吹。我还是更相信关于要塞兵团的那个故事。在那个故事中，暗黑游荡者是在暗区死去的CCDR工作员之一。没听过？好吧，再给我们倒一杯，我就告诉你……
 
 [录音中断]",基础伤害：200–350；攻击间隔：1秒；攻击距离（配置）：5.5；暴击几率：7%；暴击倍率：1.3倍；基础生命：3000；叠加上限：1；移动速度（配置）：6,,当前档案有 6 条同名记录；可能来自不同场景、活动或难度，请比较基础属性。,assets/images/随从/安妮·史密斯--86ec16b420.png,原版图鉴
暗黑游荡者,Black Strider,未标注,普通敌人,"[录音中两个男人在说话。背景有吉他声和其他许多声音。]
 
 声音1：话说，炮灰，知道关于暗黑游荡者的任何传闻吗？
 
 声音2：嗯，大概听过一打左右吧。
 
 声音1：你相信哪一个，提奥米奇？
 
 提奥米奇：我坚持相信赫穆尔的版本，关于那个新人。
 
 声音1：说出来让我们听听。
 
 提奥米奇：真的吗，米卡斯？并没有核辉光……好吧。那么，事情是这样的。大约十年前，赫穆尔的团队接受了一个新人。那是一个开朗的家伙，喜欢弹吉他，但没脑子，呆得像块砖头。他第一次去旧加油站的时候，就掉进了一个裂缝里。
 
 米卡斯：在领地没有犯错的余地……
 
 提奥米奇：没错。赫穆尔的说法是，他们坐在火堆旁，边喝酒边回忆那家伙，这时突然出现了一个游荡者。他站在树丛中，摇摇晃晃，浑身漆黑，好像在自己身上抹了灰。他问：“我那份呢，伙计们？”他的眼睛通红，脚没有接触到地面。赫穆尔是个经验丰富、见多识广的首领。为了安全起见，他给了那人很多魔鬼海胆爆弹和天青石。
 
 暗黑游荡者拿起神器，说：“现在我们扯平了。我走了。你们也应该走了，秃鹫很快就会来。”赫穆尔声称他的声音和那个新人一模一样，都十分低沉嘶哑。食人秃鹫确实出现了，但有绊线在火边等着他们。所以，暗黑游荡者帮忙干掉了他们……
 
 米卡斯：呃，赫穆尔喜欢瞎吹。我还是更相信关于要塞兵团的那个故事。在那个故事中，暗黑游荡者是在暗区死去的CCDR工作员之一。没听过？好吧，再给我们倒一杯，我就告诉你……
 
 [录音中断]",基础伤害：120–140；攻击间隔：0.25秒；攻击距离（配置）：6；暴击几率：7%；暴击倍率：1.5倍；基础生命：3000；叠加上限：1；移动速度（配置）：6,,当前档案有 6 条同名记录；可能来自不同场景、活动或难度，请比较基础属性。,assets/images/随从/安妮·史密斯--86ec16b420.png,原版图鉴
追逐者,Beater,未标注,普通敌人,,生成生命（候选）：3300–4560,,生成属性来自初始化关联的附加对象，是静态数值候选；等级、触发条件和场景规则可能改变生效结果。；当前档案有 11 条同名记录；可能来自不同场景、活动或难度，请比较基础属性。,,暂缺
探路者,Pathfinder,未标注,普通敌人,,生成生命（候选）：2970–4100,,生成属性来自初始化关联的附加对象，是静态数值候选；等级、触发条件和场景规则可能改变生效结果。；当前档案有 14 条同名记录；可能来自不同场景、活动或难度，请比较基础属性。,,暂缺
