名称,英文名称,品质,类型,说明,基础属性,特殊能力,来源提示,图片文件,图片类型
大砍刀,Machete,未标注,刀/劈刀,核战前的俗语怎么说来着， “大砍刀永不失败。 ”,基础伤害：230–240；攻击间隔：0.87秒；攻击距离（配置）：0.4；暴击几率：10%；暴击倍率：1.3倍；潜行攻击倍率：3倍；耐久：80；叠加上限：1；配置修理次数：1,,可以被生产；相关工作台：残骸,assets/images/武器/大砍刀--f94e6eae78.png,原版图鉴
板,Board,未标注,粉碎、小型,领地上经验丰富的战士将这种武器称为“最后的机会”。,基础伤害：80–90；攻击间隔：0.87秒；攻击距离（配置）：0.4；暴击几率：3%；暴击倍率：1.3倍；潜行攻击倍率：4倍；耐久：80；叠加上限：1；配置修理次数：1,,可以被生产；相关工作台：残骸,assets/images/武器/板--6911e66873.png,原版图鉴
锋利钢筋,Sharpened Rebar,未标注,穿刺,锋利金属棒。一种粗糙而有效的武器。,基础伤害：130–145；攻击间隔：1.25秒；攻击距离（配置）：0.9；暴击几率：7%；暴击倍率：1.5倍；潜行攻击倍率：4倍；耐久：60；叠加上限：1；配置修理次数：1,,可以被生产；相关工作台：残骸,assets/images/武器/锋利钢筋--fa7cc6f9c1.png,原版图鉴
临时凑合的锤子,Makeshift Hammer,未标注,粉碎、重击,绑有混凝土的木条。,基础伤害：144–164；攻击间隔：1.45秒；攻击距离（配置）：0.4；暴击几率：5%；暴击倍率：1.5倍；潜行攻击倍率：4倍；耐久：50；叠加上限：1；配置修理次数：1,,可以被生产；相关工作台：残骸,assets/images/武器/临时凑合的锤子--6ed486f0e1.png,原版图鉴
劈刀,Cleaver,未标注,刀/劈刀,技能娴熟的厨师的武器。,基础伤害：125–135；攻击间隔：0.87秒；攻击距离（配置）：0.4；暴击几率：5%；暴击倍率：1.3倍；潜行攻击倍率：4倍；耐久：80；叠加上限：1；配置修理次数：1,,当前档案有 2 条同名记录；可能来自不同场景、活动或难度，请比较基础属性。,assets/images/武器/劈刀--9cc6cbb6ad.png,原版图鉴
撬棍,Crowbar,未标注,粉碎、小型,传奇科学家的武器， 这位科学家研究半生物产品对异象区的影响。,基础伤害：144–162；攻击间隔：0.87秒；攻击距离（配置）：0.4；暴击几率：5%；暴击倍率：1.3倍；潜行攻击倍率：4倍；耐久：80；叠加上限：1；配置修理次数：1,,,assets/images/武器/撬棍--bec29fae12.png,原版图鉴
刀,Knife,未标注,刀/劈刀,年轻游荡者争夺战利品的王牌武器。,基础伤害：90–101；攻击间隔：0.8秒；攻击距离（配置）：0.4；暴击几率：5%；暴击倍率：1.3倍；潜行攻击倍率：4倍；耐久：90；叠加上限：1；配置修理次数：1,,,assets/images/武器/刀--7810c540eb.png,原版图鉴
斧头,Axe,未标注,切割,可以砍削木材并阻挡过度好奇的动物。 也能阻挡其他 “访客”。,基础伤害：110–118；攻击间隔：1.1秒；攻击距离（配置）：0.4；暴击几率：5%；暴击倍率：1.5倍；潜行攻击倍率：4倍；耐久：50；叠加上限：1；配置修理次数：1,,可以被生产；相关工作台：残骸,assets/images/武器/斧头--8291e3a363.png,原版图鉴
镐,Pickaxe,未标注,粉碎、重击,结实握柄的双面镐。,基础伤害：255–270；攻击间隔：1.1秒；攻击距离（配置）：0.4；暴击几率：5%；暴击倍率：1.5倍；潜行攻击倍率：3倍；耐久：50；叠加上限：1；配置修理次数：1,,当前档案有 2 条同名记录；可能来自不同场景、活动或难度，请比较基础属性。,assets/images/武器/镐--f973130c47.png,原版图鉴
铲子,Shovel,未标注,切割,只要挖得深， 甘泉润人心。 游荡者是这么说的 。,基础伤害：140–160；攻击间隔：1秒；攻击距离（配置）：0.4；暴击几率：5%；暴击倍率：1.5倍；潜行攻击倍率：4倍；耐久：70；叠加上限：1；配置修理次数：1,,可以被生产；相关工作台：残骸,assets/images/武器/铲子--fcb4805eae.png,原版图鉴
临时凑合的弓,Makeshift Bow,未标注,弓/十字弓,临时代用的复合弓。它是伏击者和猎人最好的朋友。,基础伤害：165–185；攻击间隔：1.5秒；攻击距离（配置）：6；暴击几率：7%；暴击倍率：1.5倍；潜行攻击倍率：1.3倍；耐久：50；叠加上限：1；配置修理次数：1,,可以被生产；相关工作台：残骸,assets/images/武器/临时凑合的弓--0f2fb0e545.png,原版图鉴
火枪,Boomstick,未标注,霰弹枪,经典的十二口径， 带发扳机。 基本上就是把锯开的管道粘在胡桃木上。,基础伤害：204–216；攻击间隔：1.2秒；攻击距离（配置）：2.5；暴击几率：7%；暴击倍率：1.7倍；潜行攻击倍率：1.3倍；耐久：60；叠加上限：1；配置修理次数：1,,可以被生产；当前档案有 2 条同名记录；可能来自不同场景、活动或难度，请比较基础属性。；相关工作台：残骸,assets/images/武器/火枪--de8fbf2991.png,原版图鉴
充铅铁管,Lead-Filled Pipe,未标注,粉碎、小型,底座上刻着“马里奥的欢呼”。,基础伤害：200–215；攻击间隔：0.87秒；攻击距离（配置）：0.4；暴击几率：5%；暴击倍率：1.3倍；潜行攻击倍率：3倍；耐久：80；叠加上限：1；配置修理次数：1,,,assets/images/武器/充铅铁管--d36e61147b.png,原版图鉴
焦尸杀手,Charred Killer,未标注,武器,A sharpened metal rod with a safety guard to prevent a Charred from reaching you if it survives the first stab.,基础伤害：80–120；攻击间隔：1秒；攻击距离（配置）：0.4；暴击几率：10%；暴击倍率：1.5倍；潜行攻击倍率：1.5倍；叠加上限：1,,,assets/images/武器/焦尸杀手--a78ff0e66a.png,原版图鉴
复合弓,Compound Bow,未标注,弓/十字弓,根据战前蓝图制作。 狩猎动物和焦尸的完美武器。,基础伤害：343–373；攻击间隔：1.25秒；攻击距离（配置）：6；暴击几率：10%；暴击倍率：1.5倍；潜行攻击倍率：1.3倍；耐久：60；叠加上限：1；配置修理次数：1,,可以被生产；相关工作台：残骸,assets/images/武器/复合弓--608f817c2a.png,原版图鉴
十字弓,Crossbow,未标注,弓/十字弓,著名的焦尸猎人凡赫尔和达尔迪克斯兄弟尤其青睐这种十字弓。,基础伤害：221–270；攻击间隔：1.43秒；攻击距离（配置）：6；暴击几率：7%；暴击倍率：1.7倍；潜行攻击倍率：1.3倍；耐久：50；叠加上限：1；配置修理次数：1,,可以被生产；当前档案有 2 条同名记录；可能来自不同场景、活动或难度，请比较基础属性。；相关工作台：残骸,assets/images/武器/十字弓--3416136e20.png,原版图鉴
Гвоздомет,Гвоздомет,未标注,武器,"Стреляет девятидюймовыми гвоздями, пока не закончится заряд батареи.",基础伤害：80–120；攻击间隔：1秒；攻击距离（配置）：0.4；暴击几率：10%；暴击倍率：1.5倍；潜行攻击倍率：1.3倍；耐久：90；叠加上限：1,,,assets/images/武器/Гвоздомет--57d2653d82.png,原版图鉴
扳手,Wrench,未标注,粉碎、小型,“哦， 这个扳手！ 它带给我太多快乐， 我把它叫做“狂喜”。 就像我小时候， 和爸爸玩的水下射击游戏一样。 ” 工程师斯普林特。,基础伤害：283–303；攻击间隔：0.87秒；攻击距离（配置）：0.4；暴击几率：3%；暴击倍率：1.3倍；潜行攻击倍率：3倍；耐久：80；叠加上限：1；配置修理次数：1,,当前档案有 2 条同名记录；可能来自不同场景、活动或难度，请比较基础属性。,assets/images/武器/扳手--33c3837225.png,原版图鉴
Sawn-Off Gun,Sawn-Off Gun,未标注,武器,“好的， 坏的 ……拿枪的那个是头儿。 ”,基础伤害：8–12；攻击间隔：1秒；攻击距离（配置）：0.4；暴击几率：5%；暴击倍率：2.5倍；潜行攻击倍率：1.3倍；耐久：30；叠加上限：1,,,assets/images/武器/Sawn-Off Gun--a7b93ca3f7.png,原版图鉴
马卡洛夫手枪,Makarov Pistol,未标注,手枪,老式， 但可靠。,基础伤害：194–213；攻击间隔：0.6秒；攻击距离（配置）：4；暴击几率：7%；暴击倍率：1.5倍；潜行攻击倍率：1.3倍；耐久：120；叠加上限：1；配置修理次数：1,,当前档案有 5 条同名记录；可能来自不同场景、活动或难度，请比较基础属性。,assets/images/武器/马卡洛夫手枪--584da1b991.png,原版图鉴
AKM,AKM,未标注,突击步枪,一种传说中的武器， 在各地都能找到不同的版本。,基础伤害：77–88；攻击间隔：0.15秒；攻击距离（配置）：6；暴击几率：5%；暴击倍率：1.5倍；潜行攻击倍率：1.3倍；耐久：480；叠加上限：1；配置修理次数：1,,可以被生产；当前档案有 5 条同名记录；可能来自不同场景、活动或难度，请比较基础属性。；相关工作台：残骸,assets/images/武器/AKM--ec1a9c7219.png,原版图鉴
格洛克手枪,Glock,未标注,手枪,可靠的枪支，由鹰队兵工厂制作。,基础伤害：163–172；攻击间隔：0.4秒；攻击距离（配置）：4；暴击几率：5%；暴击倍率：1.5倍；潜行攻击倍率：1.3倍；耐久：180；叠加上限：1；配置修理次数：1,,可以被生产；当前档案有 5 条同名记录；可能来自不同场景、活动或难度，请比较基础属性。；相关工作台：残骸,assets/images/武器/格洛克手枪--ef743349dc.png,原版图鉴
«Кольт» [y],«Кольт» [y],未标注,武器,Делает людей равными с 1911 года. [y],基础伤害：50–54；攻击间隔：0.8秒；攻击距离（配置）：16；暴击几率：10%；暴击倍率：1.5倍；潜行攻击倍率：1.3倍；叠加上限：1,,,assets/images/武器/«Кольт» [y]--1c071b990e.png,原版图鉴
Harpoon,Harpoon,未标注,武器,A long sharp pole with a metal hook keeps enemies at bay.,基础伤害：80–120；攻击间隔：1秒；攻击距离（配置）：0.4；暴击几率：10%；暴击倍率：1.5倍；潜行攻击倍率：3倍；叠加上限：1,,,assets/images/武器/Harpoon--665efa41d0.png,原版图鉴
消防斧头,Fire Axe,未标注,切割,被称为“核战信徒”的狂腐士精英拥有这些装备。 他们曾是 45-1消防和救援站的消防员。,基础伤害：297–317；攻击间隔：1.25秒；攻击距离（配置）：0.4；暴击几率：5%；暴击倍率：1.5倍；潜行攻击倍率：3倍；耐久：50；叠加上限：1；配置修理次数：1,,,assets/images/武器/消防斧头--5e4a0f9c23.png,原版图鉴
木槌,Mallet,未标注,粉碎、小型,在核战发生后的早期， 许多普通物品被变成了武器。,基础伤害：89–110；攻击间隔：0.8秒；攻击距离（配置）：0.4；暴击几率：5%；暴击倍率：1.3倍；潜行攻击倍率：4倍；耐久：90；叠加上限：1；配置修理次数：1,,,assets/images/武器/木槌--77372f4f4f.png,原版图鉴
M16,М16,未标注,突击步枪,一把著名的突击步枪， 在核战前身经百战。,基础伤害：63–71；攻击间隔：0.125秒；攻击距离（配置）：6；暴击几率：5%；暴击倍率：1.5倍；潜行攻击倍率：1.3倍；耐久：550；叠加上限：1；配置修理次数：1,,当前档案有 5 条同名记录；可能来自不同场景、活动或难度，请比较基础属性。,assets/images/武器/M16--d04df89f35.png,原版图鉴
钉板,Plank with Nails,未标注,粉碎、小型,一块结实的木板， 上面有突出的钉子。 要是你在领地找到一块， 那可幸运极了 。,基础伤害：90–100；攻击间隔：0.87秒；攻击距离（配置）：0.4；暴击几率：5%；暴击倍率：1.3倍；潜行攻击倍率：4倍；耐久：80；叠加上限：1；配置修理次数：1,,当前档案有 2 条同名记录；可能来自不同场景、活动或难度，请比较基础属性。,assets/images/武器/钉板--bb2c82813f.png,原版图鉴
散弹枪,Shotgun,未标注,霰弹枪,一种可靠的光膛步枪。 在近距离战斗中非常有效。,基础伤害：294–324；攻击间隔：1秒；攻击距离（配置）：2.5；暴击几率：10%；暴击倍率：1.7倍；潜行攻击倍率：1.3倍；耐久：70；叠加上限：1；配置修理次数：1,,当前档案有 5 条同名记录；可能来自不同场景、活动或难度，请比较基础属性。,assets/images/武器/散弹枪--6b95489d38.png,原版图鉴
汤米冲锋枪,Tommy Gun,罕见,冲锋枪,从战前珍品收藏家那里偷来的博物馆展品。,基础伤害：103–121；攻击间隔：0.125秒；攻击距离（配置）：6；暴击几率：10%；暴击倍率：1.5倍；潜行攻击倍率：1.3倍；耐久：610；叠加上限：1；配置修理次数：1；品质：罕见,,当前档案有 2 条同名记录；可能来自不同场景、活动或难度，请比较基础属性。,assets/images/武器/汤米冲锋枪--47d8917157.png,原版图鉴
纳塔刀,Nata,未标注,刀/劈刀,一把好刀， 适合熟练的厨师或战士。,基础伤害：127–141；攻击间隔：0.87秒；攻击距离（配置）：0.4；暴击几率：5%；暴击倍率：1.3倍；潜行攻击倍率：4倍；耐久：80；叠加上限：1；配置修理次数：1,,,assets/images/武器/纳塔刀--c527cb33d9.png,原版图鉴
大锤,Sledgehammer,未标注,粉碎、重击,“锤子可用于锻造金属和砸碎脑袋。 ”铁匠英格丽德。,基础伤害：253–273；攻击间隔：1.43秒；攻击距离（配置）：0.4；暴击几率：5%；暴击倍率：1.5倍；潜行攻击倍率：4倍；耐久：50；叠加上限：1；配置修理次数：1,,,assets/images/武器/大锤--bc9150ce70.png,原版图鉴
马卡洛夫手枪,Makarov Pistol,未标注,武器,老式， 但可靠。,基础伤害：230–250；攻击间隔：2秒；攻击距离（配置）：3.5；耐久：100；叠加上限：1,,当前档案有 5 条同名记录；可能来自不同场景、活动或难度，请比较基础属性。,assets/images/武器/马卡洛夫手枪--584da1b991.png,原版图鉴
镐,Pickaxe,未标注,粉碎、重击,结实握柄的双面镐。,基础伤害：190–200；攻击间隔：1.1秒；攻击距离（配置）：0.4；耐久：35；叠加上限：1,,当前档案有 2 条同名记录；可能来自不同场景、活动或难度，请比较基础属性。,assets/images/武器/镐--414d2a27e1.png,原版图鉴
飞石,Throwing Rock,未标注,武器,你可以从远处投掷并造成伤害。,基础伤害：175–195；攻击间隔：1秒；攻击距离（配置）：8；暴击几率：5%；暴击倍率：1.5倍；潜行攻击倍率：1.3倍；叠加上限：20,,,assets/images/武器/飞石--25e74caf08.png,原版图鉴
钉板,Plank with Nails,未标注,武器,一块结实的木板， 上面有突出的钉子。 要是你在领地找到一块， 那可幸运极了 。,基础伤害：70–80；攻击间隔：1秒；攻击距离（配置）：0.4；暴击几率：5%；暴击倍率：1.5倍；耐久：100；叠加上限：1,,当前档案有 2 条同名记录；可能来自不同场景、活动或难度，请比较基础属性。,assets/images/武器/钉板--f8c3656229.png,原版图鉴
劈刀,Cleaver,未标注,武器,技能娴熟的厨师的武器。,基础伤害：77–88；攻击间隔：1秒；攻击距离（配置）：0.4；暴击几率：5%；暴击倍率：1.5倍；耐久：100；叠加上限：1,,当前档案有 2 条同名记录；可能来自不同场景、活动或难度，请比较基础属性。,assets/images/武器/劈刀--9cc6cbb6ad.png,原版图鉴
十字弓,Crossbow,未标注,武器,著名的焦尸猎人凡赫尔和达尔迪克斯兄弟尤其青睐这种十字弓。,基础伤害：140–160；攻击间隔：1.43秒；攻击距离（配置）：3；暴击几率：20%；暴击倍率：1.5倍；潜行攻击倍率：1.3倍；耐久：30；叠加上限：1,,当前档案有 2 条同名记录；可能来自不同场景、活动或难度，请比较基础属性。,assets/images/武器/十字弓--3416136e20.png,原版图鉴
秃鹫碎骨棒,Vulture's Bonebreakah,罕见,粉碎、重击,一把有力的锤子。 沙漠野人最喜欢的武器。,基础伤害：237–270；攻击间隔：1秒；攻击距离（配置）：0.4；暴击几率：10%；暴击倍率：1.5倍；潜行攻击倍率：3倍；耐久：75；叠加上限：1；配置修理次数：1；品质：罕见,,,assets/images/武器/秃鹫碎骨棒--00afa8938c.png,原版图鉴
秃鹫粉碎棒,Vulture's Crushah,罕见,粉碎、重击,臭名昭著的秃鹫武器。,基础伤害：359–391；攻击间隔：1.45秒；攻击距离（配置）：0.4；暴击几率：10%；暴击倍率：1.5倍；潜行攻击倍率：3倍；耐久：50；叠加上限：1；配置修理次数：1；品质：罕见,,当前档案有 4 条同名记录；可能来自不同场景、活动或难度，请比较基础属性。,assets/images/武器/秃鹫粉碎棒--0b147f330d.png,原版图鉴
飞刀,Throwing Knife,未标注,武器,厚刃由废金属熔化而成的飞刀。,基础伤害：100–120；攻击间隔：0.7秒；攻击距离（配置）：8；暴击几率：15%；暴击倍率：1.5倍；潜行攻击倍率：3倍；叠加上限：20,,,assets/images/补给消耗品/飞刀--8527c5e750.png,原版图鉴
隔板,Battle Board,罕见,粉碎、小型,领地上经验丰富的战士将这种武器称为“最后的机会”。,基础伤害：118–130；攻击间隔：0.87秒；攻击距离（配置）：0.4；暴击几率：3%；暴击倍率：1.3倍；潜行攻击倍率：4倍；耐久：80；叠加上限：1；配置修理次数：1；品质：罕见,,,assets/images/武器/隔板--60a66c42c0.png,原版图鉴
锋利斧头,Sharpened Axe,罕见,切割,升级版斧头。,基础伤害：160–170；攻击间隔：1.1秒；攻击距离（配置）：0.4；暴击几率：5%；暴击倍率：1.5倍；潜行攻击倍率：4倍；耐久：75；叠加上限：1；配置修理次数：1；品质：罕见,,,assets/images/武器/锋利斧头--2266334f3d.png,原版图鉴
粉碎锤,Crushing Hammer,罕见,粉碎、重击,绑有混凝土的木条。,基础伤害：213–233；攻击间隔：1.45秒；攻击距离（配置）：0.4；暴击几率：5%；暴击倍率：1.5倍；潜行攻击倍率：4倍；耐久：75；叠加上限：1；配置修理次数：1；品质：罕见,,当前档案有 2 条同名记录；可能来自不同场景、活动或难度，请比较基础属性。,assets/images/武器/粉碎锤--4aaa8d71cd.png,原版图鉴
带钉子的加固板,Reinforced Board with Nails,罕见,粉碎、小型,一块结实的木板， 上面有突出的钉子。 要是你在领地找到一块， 那可幸运极了 。,基础伤害：132–142；攻击间隔：0.87秒；攻击距离（配置）：0.4；暴击几率：5%；暴击倍率：1.3倍；潜行攻击倍率：4倍；耐久：80；叠加上限：1；配置修理次数：1；品质：罕见,,,assets/images/武器/带钉子的加固板--95f1e98720.png,原版图鉴
临时凑合的矛,Makeshift Spear,罕见,穿刺,锋利金属棒。 一种粗糙而有效的武器。,基础伤害：184–194；攻击间隔：1.25秒；攻击距离（配置）：0.9；暴击几率：7%；暴击倍率：1.5倍；潜行攻击倍率：4倍；耐久：60；叠加上限：1；配置修理次数：1；品质：罕见,,,assets/images/武器/临时凑合的矛--a92b666167.png,原版图鉴
爱尔兰人铲子,Irishman's Shovel,罕见,切割,“那是一把好铲子。核战后，领地上的好铲子可不多了！”爱尔兰人农夫。,基础伤害：207–227；攻击间隔：1秒；攻击距离（配置）：0.4；暴击几率：5%；暴击倍率：1.5倍；潜行攻击倍率：4倍；耐久：70；叠加上限：1；配置修理次数：1；品质：罕见,,,assets/images/武器/爱尔兰人铲子--245c34e3e6.png,原版图鉴
升级版撬棍,Upgraded Crowbar,罕见,粉碎、小型,传奇科学家的武器， 这位科学家研究半生物产品对异象区的影响。,基础伤害：211–231；攻击间隔：0.87秒；攻击距离（配置）：0.4；暴击几率：5%；暴击倍率：1.3倍；潜行攻击倍率：3倍；耐久：80；叠加上限：1；配置修理次数：1；品质：罕见,,,assets/images/武器/升级版撬棍--6123cc1987.png,原版图鉴
Монтировка (синяя)[y],Монтировка (синяя)[y],未标注,武器,"Оружие легендарного ученого, изучавшего влияние полураспада на аномальные порталы.

Вскрывает некоторые замки. (синяя)[y]",基础伤害：600–680；攻击间隔：0.87秒；攻击距离（配置）：0.4；暴击几率：8%；暴击倍率：1.5倍；潜行攻击倍率：3倍；耐久：180；叠加上限：1,,,assets/images/武器/Монтировка (синяя)[y]--7de1f1d090.png,原版图鉴
猎人十字弓,Hunter's Crossbow,罕见,弓/十字弓,著名的焦尸猎人凡赫尔和达尔迪克斯兄弟尤其青睐这种十字弓。,基础伤害：330–380；攻击间隔：1.43秒；攻击距离（配置）：6；暴击几率：7%；暴击倍率：1.7倍；潜行攻击倍率：1.3倍；耐久：50；叠加上限：1；配置修理次数：1；品质：罕见,,,assets/images/武器/猎人十字弓--9eff6f075f.png,原版图鉴
钢刀,Steel Knife,罕见,刀/劈刀,年轻游荡者争夺战利品的王牌武器。,基础伤害：133–144；攻击间隔：0.8秒；攻击距离（配置）：0.4；暴击几率：5%；暴击倍率：1.3倍；潜行攻击倍率：4倍；耐久：90；叠加上限：1；配置修理次数：1；品质：罕见,,,assets/images/武器/钢刀--7cf3e9c505.png,原版图鉴
升级版镐,Upgraded Pickaxe,罕见,粉碎、重击,结实握柄的双面镐。,基础伤害：374–390；攻击间隔：1.1秒；攻击距离（配置）：0.4；暴击几率：5%；暴击倍率：1.5倍；潜行攻击倍率：3倍；耐久：75；叠加上限：1；配置修理次数：1；品质：罕见,,,assets/images/武器/升级版镐--c988c2713e.png,原版图鉴
厨师的劈刀,Chef's Cleaver,罕见,刀/劈刀,技能娴熟的厨师的武器。,基础伤害：190–200；攻击间隔：0.87秒；攻击距离（配置）：0.4；暴击几率：5%；暴击倍率：1.3倍；潜行攻击倍率：3倍；耐久：80；叠加上限：1；配置修理次数：1；品质：罕见,,,assets/images/武器/厨师的劈刀--2745f12da8.png,原版图鉴
升级版火枪,Upgraded Boomstick,罕见,霰弹枪,经典的十二口径， 带发扳机。 基本上就是把锯开的管道粘在胡桃木上。,基础伤害：295–315；攻击间隔：1.2秒；攻击距离（配置）：2.5；暴击几率：7%；暴击倍率：1.7倍；潜行攻击倍率：1.3倍；耐久：60；叠加上限：1；配置修理次数：1；品质：罕见,,,assets/images/武器/升级版火枪--66d24c7139.png,原版图鉴
升级版散弹枪,Upgraded Shotgun,罕见,霰弹枪,一种可靠的光膛步枪。 在近距离战斗中非常有效。,基础伤害：434–464；攻击间隔：1秒；攻击距离（配置）：2.5；暴击几率：10%；暴击倍率：1.7倍；潜行攻击倍率：1.3倍；耐久：75；叠加上限：1；配置修理次数：1；品质：罕见,,,assets/images/武器/升级版散弹枪--17564f049d.png,原版图鉴
攻击斧,Assault Axe,罕见,切割,被称为“核战信徒”的狂腐士精英拥有这些装备。 他们曾是 45-1消防和救援站的消防员。,基础伤害：435–455；攻击间隔：1.25秒；攻击距离（配置）：0.4；暴击几率：5%；暴击倍率：1.5倍；潜行攻击倍率：3倍；耐久：75；叠加上限：1；配置修理次数：1；品质：罕见,,,assets/images/武器/攻击斧--6e05a9646f.png,原版图鉴
重管,Heavy Tube,罕见,粉碎、小型,底座上刻着“马里奥的欢呼”。,基础伤害：291–311；攻击间隔：0.87秒；攻击距离（配置）：0.4；暴击几率：5%；暴击倍率：1.3倍；潜行攻击倍率：3倍；耐久：80；叠加上限：1；配置修理次数：1；品质：罕见,,,assets/images/武器/重管--78157c1882.png,原版图鉴
重型扳手,Heavy Wrench,罕见,粉碎、小型,“哦， 这个扳手！ 它带给我太多快乐， 我把它叫做“狂喜”。 就像我小时候， 和爸爸玩的水下射击游戏一样。 ” 工程师斯普林特。,基础伤害：415–435；攻击间隔：0.87秒；攻击距离（配置）：0.4；暴击几率：3%；暴击倍率：1.3倍；潜行攻击倍率：3倍；耐久：80；叠加上限：1；配置修理次数：1；品质：罕见,,,assets/images/武器/重型扳手--52e66a0701.png,原版图鉴
回火纳塔刀,Tempered Nata,罕见,刀/劈刀,一把好刀， 适合熟练的厨师或战士。,基础伤害：184–205；攻击间隔：0.87秒；攻击距离（配置）：0.4；暴击几率：5%；暴击倍率：1.3倍；潜行攻击倍率：3倍；耐久：80；叠加上限：1；配置修理次数：1；品质：罕见,,,assets/images/武器/回火纳塔刀--4c14485699.png,原版图鉴
陆军M16,Army M16,罕见,突击步枪,一把著名的突击步枪， 在核战前身经百战。,基础伤害：93–101；攻击间隔：0.125秒；攻击距离（配置）：6；暴击几率：5%；暴击倍率：1.5倍；潜行攻击倍率：1.3倍；耐久：550；叠加上限：1；配置修理次数：1；品质：罕见,,当前档案有 2 条同名记录；可能来自不同场景、活动或难度，请比较基础属性。,assets/images/武器/陆军M16--167b06b119.png,原版图鉴
锋利大砍刀,Sharpened Machete,罕见,刀/劈刀,核战前的俗语怎么说来着， “大砍刀永不失败。 ”,基础伤害：310–330；攻击间隔：0.87秒；攻击距离（配置）：0.4；暴击几率：10%；暴击倍率：1.3倍；潜行攻击倍率：3倍；耐久：80；叠加上限：1；配置修理次数：1；品质：罕见,,,assets/images/武器/锋利大砍刀--3d9820a371.png,原版图鉴
格洛克 18C,Glock 18C,罕见,手枪,可靠的枪支，由鹰队兵工厂制作。,基础伤害：239–248；攻击间隔：0.4秒；攻击距离（配置）：4；暴击几率：5%；暴击倍率：1.5倍；潜行攻击倍率：1.3倍；耐久：180；叠加上限：1；配置修理次数：1；品质：罕见,,,assets/images/武器/格洛克 18C--72640bf4a3.png,原版图鉴
升级版AKM,Upgraded AKM,罕见,突击步枪,一种传说中的武器， 在各地都能找到不同的版本。,基础伤害：114–125；攻击间隔：0.15秒；攻击距离（配置）：6；暴击几率：5%；暴击倍率：1.5倍；潜行攻击倍率：1.3倍；耐久：480；叠加上限：1；配置修理次数：1；品质：罕见,,,assets/images/武器/升级版AKM--58c47902a5.png,原版图鉴
改进型马卡洛夫手枪,Improved Makarov Pistol,罕见,手枪,老式， 但可靠。,基础伤害：286–305；攻击间隔：0.6秒；攻击距离（配置）：4；暴击几率：7%；暴击倍率：1.5倍；潜行攻击倍率：1.3倍；耐久：120；叠加上限：1；配置修理次数：1；品质：罕见,,,assets/images/武器/改进型马卡洛夫手枪--9918386079.png,原版图鉴
铸造大锤,Cast Sledgehammer,罕见,粉碎、重击,“锤子可用于锻造金属和砸碎脑袋。 ”铁匠英格丽德。,基础伤害：369–394；攻击间隔：1.43秒；攻击距离（配置）：0.4；暴击几率：5%；暴击倍率：1.5倍；潜行攻击倍率：3倍；耐久：75；叠加上限：1；配置修理次数：1；品质：罕见,,,assets/images/武器/铸造大锤--ea4ff14a46.png,原版图鉴
武士刀,Katana,未标注,切割,“手中握紧武士刀，迟疑之时已过去。”游历中的武士厨师升龙辉。,基础伤害：370–386；攻击间隔：1秒；攻击距离（配置）：0.4；暴击几率：15%；暴击倍率：1.5倍；潜行攻击倍率：3倍；耐久：75；叠加上限：1；配置修理次数：1,,当前档案有 5 条同名记录；可能来自不同场景、活动或难度，请比较基础属性。,assets/images/武器/武士刀--18f33645e4.png,原版图鉴
乌兹冲锋枪,UZI,未标注,冲锋枪,标志性冲锋枪。 袭击者和土匪的成功象征。,基础伤害：42–51；攻击间隔：0.15秒；攻击距离（配置）：3.5；暴击几率：10%；暴击倍率：1.5倍；潜行攻击倍率：1.3倍；耐久：475；叠加上限：1；配置修理次数：1,,,assets/images/武器/乌兹冲锋枪--1a61608434.png,原版图鉴
SPAS-12,SPAS-12,罕见,霰弹枪,多管火枪。 对任何敌人都非常有效。,基础伤害：786–836；攻击间隔：1.2秒；攻击距离（配置）：2.5；暴击几率：7%；暴击倍率：1.7倍；潜行攻击倍率：1.3倍；耐久：60；叠加上限：1；配置修理次数：1；品质：罕见,,当前档案有 5 条同名记录；可能来自不同场景、活动或难度，请比较基础属性。,assets/images/武器/SPAS-12--cd540358b0.png,原版图鉴
莫辛步枪,Mosin Rifle,罕见,步枪,一支不错的老式莫辛纳甘步枪。,基础伤害：769–814；攻击间隔：1.4秒；攻击距离（配置）：8.5；暴击几率：20%；暴击倍率：1.7倍；潜行攻击倍率：1.3倍；耐久：55；叠加上限：1；配置修理次数：1；品质：罕见,,,assets/images/武器/莫辛步枪--f508030dc0.png,原版图鉴
优质弓,Quality Bow,罕见,弓/十字弓,临时代用的复合弓。它是伏击者和猎人最好的朋友。,基础伤害：245–265；攻击间隔：1.5秒；攻击距离（配置）：6；暴击几率：7%；暴击倍率：1.5倍；潜行攻击倍率：1.3倍；耐久：50；叠加上限：1；配置修理次数：1；品质：罕见,,,assets/images/武器/优质弓--8244395d8d.png,原版图鉴
铁锤,Iron Hammer,未标注,粉碎、重击,这把锤子既适用于工作， 也适用于自卫。,基础伤害：171–191；攻击间隔：1.45秒；攻击距离（配置）：0.4；暴击几率：5%；暴击倍率：1.5倍；潜行攻击倍率：4倍；耐久：50；叠加上限：1；配置修理次数：1,,可以被生产；相关工作台：残骸,assets/images/武器/铁锤--c628e45c25.png,原版图鉴
火炬,Torch,未标注,粉碎、小型,微弱的光源。 无论如何， 习惯于生活在黑暗中的人害怕火焰。,基础伤害：38–48；攻击间隔：0.87秒；攻击距离（配置）：0.4；暴击几率：3%；暴击倍率：1.3倍；潜行攻击倍率：4倍；耐久：80；叠加上限：1；配置修理次数：1,,,assets/images/武器/火炬--4ec1127601.png,原版图鉴
强力锤,Powerful Hammer,罕见,粉碎、重击,这把锤子既适用于工作， 也适用于自卫。,基础伤害：252–272；攻击间隔：1.45秒；攻击距离（配置）：0.4；暴击几率：5%；暴击倍率：1.5倍；潜行攻击倍率：4倍；耐久：75；叠加上限：1；配置修理次数：1；品质：罕见,,,assets/images/武器/强力锤--ae240db8dc.png,原版图鉴
猎人复合弓,Hunter's Compound Bow,罕见,弓/十字弓,根据战前蓝图制作。 狩猎动物和焦尸的完美武器。,基础伤害：502–532；攻击间隔：1.25秒；攻击距离（配置）：6；暴击几率：10%；暴击倍率：1.5倍；潜行攻击倍率：1.3倍；耐久：60；叠加上限：1；配置修理次数：1；品质：罕见,,,assets/images/武器/猎人复合弓--d99a62282e.png,原版图鉴
FN SCAR 突击步枪,FN SCAR,未标注,突击步枪,一件为工厂而战的纪念品。这件鹰队武器能够得以幸存可真是奇迹。,基础伤害：73–92；攻击间隔：0.15秒；攻击距离（配置）：6；暴击几率：10%；暴击倍率：1.5倍；潜行攻击倍率：1.3倍；耐久：500；叠加上限：1；配置修理次数：1,,,assets/images/武器/FN SCAR 突击步枪--c215dec209.png,原版图鉴
石刀,Stone Knife,未标注,刀/劈刀,由混凝土制成的临时刀具， 一端用碎布包裹作为刀把。,基础伤害：77–82；攻击间隔：0.8秒；攻击距离（配置）：0.4；暴击几率：10%；暴击倍率：1.3倍；潜行攻击倍率：4倍；耐久：90；叠加上限：1；配置修理次数：1,,可以被生产；相关工作台：残骸,assets/images/武器/石刀--13b0d30f71.png,原版图鉴
锋利石刀,Sharpened Stone Knife,罕见,刀/劈刀,由混凝土制成的临时刀具， 一端用碎布包裹作为刀把。,基础伤害：113–119；攻击间隔：0.8秒；攻击距离（配置）：0.4；暴击几率：5%；暴击倍率：1.3倍；潜行攻击倍率：4倍；耐久：90；叠加上限：1；配置修理次数：1；品质：罕见,,,assets/images/武器/锋利石刀--59a6a076fb.png,原版图鉴
老式汤米冲锋枪,Vintage Tommy Gun,传奇,冲锋枪,从战前珍品收藏家那里偷来的博物馆展品。,基础伤害：173–194；攻击间隔：0.125秒；攻击距离（配置）：6；暴击几率：10%；暴击倍率：1.5倍；潜行攻击倍率：1.3倍；耐久：610；叠加上限：1；配置修理次数：1；品质：传奇,,攻击数值还会随等级缩放。,assets/images/武器/老式汤米冲锋枪--c517209b83.png,原版图鉴
火枪,Boomstick,未标注,霰弹枪,经典的十二口径， 带发扳机。 基本上就是把锯开的管道粘在胡桃木上。,基础伤害：204–216；攻击间隔：1.2秒；攻击距离（配置）：2.5；暴击几率：7%；暴击倍率：1.7倍；潜行攻击倍率：1.3倍；耐久：70；叠加上限：1,,当前档案有 2 条同名记录；可能来自不同场景、活动或难度，请比较基础属性。,assets/images/武器/火枪--de8fbf2991.png,原版图鉴
马卡洛夫手枪,Makarov Pistol,未标注,手枪,老式， 但可靠。,基础伤害：97–103；攻击间隔：0.6秒；攻击距离（配置）：4；暴击几率：7%；暴击倍率：1.5倍；潜行攻击倍率：1.3倍；耐久：130；叠加上限：1,,当前档案有 5 条同名记录；可能来自不同场景、活动或难度，请比较基础属性。,assets/images/武器/马卡洛夫手枪--584da1b991.png,原版图鉴
马卡洛夫手枪,Makarov Pistol,未标注,手枪,老式， 但可靠。,基础伤害：117–125；攻击间隔：0.6秒；攻击距离（配置）：4；暴击几率：7%；暴击倍率：1.5倍；潜行攻击倍率：1.3倍；耐久：130；叠加上限：1,,当前档案有 5 条同名记录；可能来自不同场景、活动或难度，请比较基础属性。,assets/images/武器/马卡洛夫手枪--584da1b991.png,原版图鉴
马卡洛夫手枪,Makarov Pistol,未标注,手枪,老式， 但可靠。,基础伤害：141–150；攻击间隔：0.6秒；攻击距离（配置）：4；暴击几率：7%；暴击倍率：1.5倍；潜行攻击倍率：1.3倍；耐久：130；叠加上限：1,,当前档案有 5 条同名记录；可能来自不同场景、活动或难度，请比较基础属性。,assets/images/武器/马卡洛夫手枪--584da1b991.png,原版图鉴
散弹枪,Shotgun,未标注,霰弹枪,一种可靠的光膛步枪。 在近距离战斗中非常有效。,基础伤害：160–169；攻击间隔：0.9秒；攻击距离（配置）：2.5；暴击几率：10%；暴击倍率：1.5倍；潜行攻击倍率：1.3倍；耐久：80；叠加上限：1,,当前档案有 5 条同名记录；可能来自不同场景、活动或难度，请比较基础属性。,assets/images/武器/散弹枪--6b95489d38.png,原版图鉴
散弹枪,Shotgun,未标注,霰弹枪,一种可靠的光膛步枪。 在近距离战斗中非常有效。,基础伤害：193–203；攻击间隔：0.9秒；攻击距离（配置）：2.5；暴击几率：10%；暴击倍率：1.5倍；潜行攻击倍率：1.3倍；耐久：80；叠加上限：1,,当前档案有 5 条同名记录；可能来自不同场景、活动或难度，请比较基础属性。,assets/images/武器/散弹枪--6b95489d38.png,原版图鉴
散弹枪,Shotgun,未标注,霰弹枪,一种可靠的光膛步枪。 在近距离战斗中非常有效。,基础伤害：232–245；攻击间隔：0.9秒；攻击距离（配置）：2.5；暴击几率：10%；暴击倍率：1.5倍；潜行攻击倍率：1.3倍；耐久：80；叠加上限：1,,当前档案有 5 条同名记录；可能来自不同场景、活动或难度，请比较基础属性。,assets/images/武器/散弹枪--6b95489d38.png,原版图鉴
格洛克手枪,Glock,未标注,手枪,可靠的枪支，由鹰队兵工厂制作。,基础伤害：68–76；攻击间隔：0.4秒；攻击距离（配置）：4；暴击几率：5%；暴击倍率：1.5倍；潜行攻击倍率：1.3倍；耐久：200；叠加上限：1,,当前档案有 5 条同名记录；可能来自不同场景、活动或难度，请比较基础属性。,assets/images/武器/格洛克手枪--ef743349dc.png,原版图鉴
格洛克手枪,Glock,未标注,手枪,可靠的枪支，由鹰队兵工厂制作。,基础伤害：81–91；攻击间隔：0.4秒；攻击距离（配置）：4；暴击几率：5%；暴击倍率：1.5倍；潜行攻击倍率：1.3倍；耐久：200；叠加上限：1,,当前档案有 5 条同名记录；可能来自不同场景、活动或难度，请比较基础属性。,assets/images/武器/格洛克手枪--ef743349dc.png,原版图鉴
格洛克手枪,Glock,未标注,手枪,可靠的枪支，由鹰队兵工厂制作。,基础伤害：98–110；攻击间隔：0.4秒；攻击距离（配置）：4；暴击几率：5%；暴击倍率：1.5倍；潜行攻击倍率：1.3倍；耐久：200；叠加上限：1,,当前档案有 5 条同名记录；可能来自不同场景、活动或难度，请比较基础属性。,assets/images/武器/格洛克手枪--ef743349dc.png,原版图鉴
格洛克手枪,Glock,未标注,手枪,可靠的枪支，由鹰队兵工厂制作。,基础伤害：127–133；攻击间隔：0.4秒；攻击距离（配置）：4；暴击几率：5%；暴击倍率：1.5倍；潜行攻击倍率：1.3倍；耐久：200；叠加上限：1,,当前档案有 5 条同名记录；可能来自不同场景、活动或难度，请比较基础属性。,assets/images/武器/格洛克手枪--ef743349dc.png,原版图鉴
AKM,AKM,未标注,突击步枪,一种传说中的武器， 在各地都能找到不同的版本。,基础伤害：50–56；攻击间隔：0.3秒；攻击距离（配置）：6；暴击几率：5%；暴击倍率：2倍；潜行攻击倍率：1.3倍；耐久：270；叠加上限：1,,当前档案有 5 条同名记录；可能来自不同场景、活动或难度，请比较基础属性。,assets/images/武器/AKM--ec1a9c7219.png,原版图鉴
AKM,AKM,未标注,突击步枪,一种传说中的武器， 在各地都能找到不同的版本。,基础伤害：64–67；攻击间隔：0.3秒；攻击距离（配置）：6；暴击几率：5%；暴击倍率：2倍；潜行攻击倍率：1.3倍；耐久：270；叠加上限：1,,当前档案有 5 条同名记录；可能来自不同场景、活动或难度，请比较基础属性。,assets/images/武器/AKM--ec1a9c7219.png,原版图鉴
AKM,AKM,未标注,突击步枪,一种传说中的武器， 在各地都能找到不同的版本。,基础伤害：77–81；攻击间隔：0.3秒；攻击距离（配置）：6；暴击几率：5%；暴击倍率：2倍；潜行攻击倍率：1.3倍；耐久：270；叠加上限：1,,当前档案有 5 条同名记录；可能来自不同场景、活动或难度，请比较基础属性。,assets/images/武器/AKM--ec1a9c7219.png,原版图鉴
AKM,AKM,未标注,突击步枪,一种传说中的武器， 在各地都能找到不同的版本。,基础伤害：91–100；攻击间隔：0.3秒；攻击距离（配置）：6；暴击几率：5%；暴击倍率：2倍；潜行攻击倍率：1.3倍；耐久：270；叠加上限：1,,当前档案有 5 条同名记录；可能来自不同场景、活动或难度，请比较基础属性。,assets/images/武器/AKM--ec1a9c7219.png,原版图鉴
M16,М16,未标注,突击步枪,一把著名的突击步枪， 在核战前身经百战。,基础伤害：52–56；攻击间隔：0.3秒；攻击距离（配置）：6；暴击几率：5%；暴击倍率：2倍；潜行攻击倍率：1.3倍；耐久：270；叠加上限：1,,当前档案有 5 条同名记录；可能来自不同场景、活动或难度，请比较基础属性。,assets/images/武器/M16--d04df89f35.png,原版图鉴
M16,М16,未标注,突击步枪,一把著名的突击步枪， 在核战前身经百战。,基础伤害：66–70；攻击间隔：0.3秒；攻击距离（配置）：6；暴击几率：5%；暴击倍率：2倍；潜行攻击倍率：1.3倍；耐久：270；叠加上限：1,,当前档案有 5 条同名记录；可能来自不同场景、活动或难度，请比较基础属性。,assets/images/武器/M16--d04df89f35.png,原版图鉴
M16,М16,未标注,突击步枪,一把著名的突击步枪， 在核战前身经百战。,基础伤害：79–84；攻击间隔：0.3秒；攻击距离（配置）：6；暴击几率：5%；暴击倍率：2倍；潜行攻击倍率：1.3倍；耐久：270；叠加上限：1,,当前档案有 5 条同名记录；可能来自不同场景、活动或难度，请比较基础属性。,assets/images/武器/M16--d04df89f35.png,原版图鉴
M16,М16,未标注,突击步枪,一把著名的突击步枪， 在核战前身经百战。,基础伤害：107–111；攻击间隔：0.3秒；攻击距离（配置）：6；暴击几率：5%；暴击倍率：2倍；潜行攻击倍率：1.3倍；耐久：270；叠加上限：1,,当前档案有 5 条同名记录；可能来自不同场景、活动或难度，请比较基础属性。,assets/images/武器/M16--d04df89f35.png,原版图鉴
粗糙的矛,Rough Spear,未标注,穿刺,安装到长棍上的石刀。,基础伤害：120–132；攻击间隔：1.2秒；攻击距离（配置）：0.9；暴击几率：7%；暴击倍率：1.5倍；潜行攻击倍率：4倍；耐久：60；叠加上限：1；配置修理次数：1,,可以被生产；相关工作台：残骸,assets/images/武器/粗糙的矛--54c22f083f.png,原版图鉴
狩猎矛,Hunting Spear,罕见,穿刺,安装到长棍上的石刀。,基础伤害：175–190；攻击间隔：1.2秒；攻击距离（配置）：0.9；暴击几率：7%；暴击倍率：1.5倍；潜行攻击倍率：4倍；耐久：60；叠加上限：1；配置修理次数：1；品质：罕见,,,assets/images/武器/狩猎矛--24aeb97dbe.png,原版图鉴
袭击者之斧,Raider's Axe,未标注,切割,带长柄的锋利重刃。 一款可靠工具和危险武器。,基础伤害：133–146；攻击间隔：1.1秒；攻击距离（配置）：0.4；暴击几率：5%；暴击倍率：1.5倍；潜行攻击倍率：4倍；耐久：50；叠加上限：1；配置修理次数：1,,,assets/images/武器/袭击者之斧--4162947ac5.png,原版图鉴
锋利袭击者之斧,Sharpened Raider's Axe,罕见,切割,带长柄的锋利重刃。 一款可靠工具和危险武器。,基础伤害：195–208；攻击间隔：1.1秒；攻击距离（配置）：0.4；暴击几率：5%；暴击倍率：1.5倍；潜行攻击倍率：4倍；耐久：75；叠加上限：1；配置修理次数：1；品质：罕见,,,assets/images/武器/锋利袭击者之斧--ac6f9a1d92.png,原版图鉴
原型D6,Prototype D6,未标注,实验武器,"高斯炮中的螺线管和神器系统使炮弹具有超音速。耳塞含在套装内出售。

赋予你主动能力：过载。它可在一个直线区域内造成伤害，并暂时将暴击几率提高25%，射击速度提高20%。",基础伤害：3000–3600；攻击间隔：1.4秒；攻击距离（配置）：8.5；暴击几率：20%；暴击倍率：1.5倍；潜行攻击倍率：1.3倍；耐久：110；叠加上限：1；配置修理次数：2,"过载：
 充能伤害：17,000。冷却时间：9秒：增加寒冷伤害。",,assets/images/武器/原型D6--046a781ed5.png,原版图鉴
便利安迪手枪,Handy Andy Pistol,未标注,手枪,完全由废金属制成的临时武器。,基础伤害：121–141；攻击间隔：0.8秒；攻击距离（配置）：4；暴击几率：9%；暴击倍率：1.7倍；潜行攻击倍率：1.3倍；耐久：90；叠加上限：1；配置修理次数：1,,可以被生产；相关工作台：残骸,assets/images/武器/便利安迪手枪--fdd790b017.png,原版图鉴
升级版武士刀,Upgraded Katana,罕见,切割,“手中握紧武士刀，迟疑之时已过去。”游历中的武士厨师升龙辉。,基础伤害：538–558；攻击间隔：1秒；攻击距离（配置）：0.4；暴击几率：15%；暴击倍率：1.5倍；潜行攻击倍率：3倍；耐久：75；叠加上限：1；配置修理次数：1；品质：罕见,,,assets/images/武器/升级版武士刀--bb409c68b4.png,原版图鉴
武士刀,Katana,未标注,切割,“手中握紧武士刀，迟疑之时已过去。”游历中的武士厨师升龙辉。,基础伤害：145–165；攻击间隔：1秒；攻击距离（配置）：0.4；暴击几率：15%；暴击倍率：1.5倍；潜行攻击倍率：3倍；耐久：120；叠加上限：1,,当前档案有 5 条同名记录；可能来自不同场景、活动或难度，请比较基础属性。,assets/images/武器/武士刀--18f33645e4.png,原版图鉴
武士刀,Katana,未标注,切割,“手中握紧武士刀，迟疑之时已过去。”游历中的武士厨师升龙辉。,基础伤害：175–200；攻击间隔：1秒；攻击距离（配置）：0.4；暴击几率：15%；暴击倍率：1.5倍；潜行攻击倍率：3倍；耐久：120；叠加上限：1,,当前档案有 5 条同名记录；可能来自不同场景、活动或难度，请比较基础属性。,assets/images/武器/武士刀--18f33645e4.png,原版图鉴
武士刀,Katana,未标注,切割,“手中握紧武士刀，迟疑之时已过去。”游历中的武士厨师升龙辉。,基础伤害：210–240；攻击间隔：1秒；攻击距离（配置）：0.4；暴击几率：15%；暴击倍率：1.5倍；潜行攻击倍率：3倍；耐久：120；叠加上限：1,,当前档案有 5 条同名记录；可能来自不同场景、活动或难度，请比较基础属性。,assets/images/武器/武士刀--18f33645e4.png,原版图鉴
武士刀,Katana,未标注,切割,“手中握紧武士刀，迟疑之时已过去。”游历中的武士厨师升龙辉。,基础伤害：245–280；攻击间隔：1秒；攻击距离（配置）：0.4；暴击几率：15%；暴击倍率：1.5倍；潜行攻击倍率：3倍；耐久：120；叠加上限：1,,当前档案有 5 条同名记录；可能来自不同场景、活动或难度，请比较基础属性。,assets/images/武器/武士刀--18f33645e4.png,原版图鉴
秃鹫粉碎棒,Vulture's Crushah,未标注,粉碎、重击,臭名昭著的秃鹫武器。,基础伤害：196–273；攻击间隔：1.45秒；攻击距离（配置）：0.4；暴击几率：10%；暴击倍率：1.5倍；潜行攻击倍率：3倍；耐久：80；叠加上限：1,,当前档案有 4 条同名记录；可能来自不同场景、活动或难度，请比较基础属性。,assets/images/武器/秃鹫粉碎棒--0b147f330d.png,原版图鉴
秃鹫粉碎棒,Vulture's Crushah,未标注,粉碎、重击,臭名昭著的秃鹫武器。,基础伤害：325–355；攻击间隔：1.45秒；攻击距离（配置）：0.4；暴击几率：10%；暴击倍率：1.5倍；潜行攻击倍率：3倍；耐久：80；叠加上限：1,,当前档案有 4 条同名记录；可能来自不同场景、活动或难度，请比较基础属性。,assets/images/武器/秃鹫粉碎棒--0b147f330d.png,原版图鉴
秃鹫粉碎棒,Vulture's Crushah,未标注,粉碎、重击,臭名昭著的秃鹫武器。,基础伤害：390–420；攻击间隔：1.45秒；攻击距离（配置）：0.4；暴击几率：10%；暴击倍率：1.5倍；潜行攻击倍率：3倍；耐久：80；叠加上限：1,,当前档案有 4 条同名记录；可能来自不同场景、活动或难度，请比较基础属性。,assets/images/武器/秃鹫粉碎棒--0b147f330d.png,原版图鉴
SPAS-12,SPAS-12,未标注,霰弹枪,多管火枪。 对任何敌人都非常有效。,基础伤害：210–240；攻击间隔：1.2秒；攻击距离（配置）：2.5；暴击几率：7%；暴击倍率：1.2倍；潜行攻击倍率：1.3倍；耐久：100；叠加上限：1,,当前档案有 5 条同名记录；可能来自不同场景、活动或难度，请比较基础属性。,assets/images/武器/SPAS-12--cd540358b0.png,原版图鉴
SPAS-12,SPAS-12,未标注,霰弹枪,多管火枪。 对任何敌人都非常有效。,基础伤害：260–295；攻击间隔：1.2秒；攻击距离（配置）：2.5；暴击几率：7%；暴击倍率：1.2倍；潜行攻击倍率：1.3倍；耐久：100；叠加上限：1,,当前档案有 5 条同名记录；可能来自不同场景、活动或难度，请比较基础属性。,assets/images/武器/SPAS-12--cd540358b0.png,原版图鉴
SPAS-12,SPAS-12,未标注,霰弹枪,多管火枪。 对任何敌人都非常有效。,基础伤害：320–360；攻击间隔：1.2秒；攻击距离（配置）：2.5；暴击几率：7%；暴击倍率：1.2倍；潜行攻击倍率：1.3倍；耐久：100；叠加上限：1,,当前档案有 5 条同名记录；可能来自不同场景、活动或难度，请比较基础属性。,assets/images/武器/SPAS-12--cd540358b0.png,原版图鉴
SPAS-12,SPAS-12,未标注,霰弹枪,多管火枪。 对任何敌人都非常有效。,基础伤害：420–480；攻击间隔：1.2秒；攻击距离（配置）：2.5；暴击几率：7%；暴击倍率：1.2倍；潜行攻击倍率：1.3倍；耐久：100；叠加上限：1,,当前档案有 5 条同名记录；可能来自不同场景、活动或难度，请比较基础属性。,assets/images/武器/SPAS-12--cd540358b0.png,原版图鉴
SVD,SVD,未标注,步枪,“别想躲开狙击手： 你只会把自己累死。 ”要塞兵团战术小组格言。,基础伤害：605–640；攻击间隔：1.4秒；攻击距离（配置）：8.5；暴击几率：10%；暴击倍率：1.7倍；潜行攻击倍率：1.3倍；耐久：55；叠加上限：1；配置修理次数：1,,,assets/images/武器/SVD--145023ea56.png,原版图鉴
VSS Vintorez-M狙击步枪,VSS Vintorez,未标注,步枪,一把战前狙击步枪。 猎头者们最喜欢的武器。,基础伤害：404–434；攻击间隔：1秒；攻击距离（配置）：7；暴击几率：10%；暴击倍率：1.7倍；潜行攻击倍率：1.3倍；耐久：75；叠加上限：1；配置修理次数：1,,当前档案有 3 条同名记录；可能来自不同场景、活动或难度，请比较基础属性。,assets/images/武器/VSS Vintorez-M狙击步枪--5c4a327d02.png,原版图鉴
升级版便利安迪手枪,Upgraded Handy Andy Pistol,罕见,手枪,完全由废金属制成的临时武器。,基础伤害：180–200；攻击间隔：0.8秒；攻击距离（配置）：4；暴击几率：9%；暴击倍率：1.7倍；潜行攻击倍率：1.3倍；耐久：90；叠加上限：1；配置修理次数：1；品质：罕见,,,assets/images/武器/升级版便利安迪手枪--a240cece36.png,原版图鉴
光辉之星,Star of Shining,罕见,粉碎、小型,带有放射性尖刺的狂腐士短棒。 与其说是武器， 不如说是刑具。,基础伤害：198–214；攻击间隔：0.87秒；攻击距离（配置）：0.4；暴击几率：5%；暴击倍率：1.3倍；潜行攻击倍率：3倍；耐久：85；叠加上限：1；配置修理次数：1；品质：罕见,,当前档案有 2 条同名记录；可能来自不同场景、活动或难度，请比较基础属性。,assets/images/武器/光辉之星--3208a63994.png,原版图鉴
不容逃脱的光辉之星,Inescapable Star of Shining,未标注,粉碎、小型,带有放射性尖刺的狂腐士短棒。 与其说是武器， 不如说是刑具。,基础伤害：260–285；攻击间隔：0.87秒；攻击距离（配置）：0.4；暴击几率：5%；暴击倍率：1.3倍；潜行攻击倍率：3倍；耐久：85；叠加上限：1,,当前档案有 2 条同名记录；可能来自不同场景、活动或难度，请比较基础属性。,assets/images/武器/不容逃脱的光辉之星--e8db7a28c3.png,原版图鉴
惩罚大镰刀,Scythe of Punishment,罕见,切割,“如果他们没能弃暗投明，看到核战，就把他们的内脏掏出来！”（荣耀盲者，狂腐士的领袖）,基础伤害：290–310；攻击间隔：1.1秒；攻击距离（配置）：0.4；暴击几率：8%；暴击倍率：1.5倍；潜行攻击倍率：3倍；耐久：65；叠加上限：1；配置修理次数：1；品质：罕见,,当前档案有 2 条同名记录；可能来自不同场景、活动或难度，请比较基础属性。,assets/images/武器/惩罚大镰刀--85086e87f5.png,原版图鉴
侍僧惩罚大镰刀,Acolyte's Scythe of Punishment,未标注,切割,“如果他们没能弃暗投明，看到核战，就把他们的内脏掏出来！”（荣耀盲者，狂腐士的领袖）,基础伤害：395–416；攻击间隔：1.1秒；攻击距离（配置）：0.4；暴击几率：8%；暴击倍率：1.5倍；潜行攻击倍率：3倍；耐久：65；叠加上限：1,,当前档案有 2 条同名记录；可能来自不同场景、活动或难度，请比较基础属性。,assets/images/武器/侍僧惩罚大镰刀--d2dfe21470.png,原版图鉴
异端粉碎者,Crusher of Heresy,罕见,粉碎、重击,由狂腐士铁匠制作的双手锤， 用来执行仪式性处决。,基础伤害：404–432；攻击间隔：1.45秒；攻击距离（配置）：0.4；暴击几率：5%；暴击倍率：1.5倍；潜行攻击倍率：3倍；耐久：50；叠加上限：1；配置修理次数：1；品质：罕见,,当前档案有 2 条同名记录；可能来自不同场景、活动或难度，请比较基础属性。,assets/images/武器/异端粉碎者--9b10c57531.png,原版图鉴
天选异端粉碎者,Chosen Crusher of Heresy,未标注,粉碎、重击,由狂腐士铁匠制作的双手锤， 用来执行仪式性处决。,基础伤害：553–583；攻击间隔：1.45秒；攻击距离（配置）：0.4；暴击几率：5%；暴击倍率：1.5倍；潜行攻击倍率：3倍；耐久：50；叠加上限：1,,当前档案有 2 条同名记录；可能来自不同场景、活动或难度，请比较基础属性。,assets/images/武器/天选异端粉碎者--89dc59e7b3.png,原版图鉴
射钉枪,Crucifier,罕见,手枪,一把射钉枪， 由一名狂热的狂腐士信徒打造。 能够在近距离战斗中发挥巨大威力。,基础伤害：142–153；攻击间隔：0.6秒；攻击距离（配置）：4；暴击几率：10%；暴击倍率：1.5倍；潜行攻击倍率：1.3倍；耐久：120；叠加上限：1；配置修理次数：1；品质：罕见,,当前档案有 2 条同名记录；可能来自不同场景、活动或难度，请比较基础属性。,assets/images/武器/射钉枪--ad663a9a7f.png,原版图鉴
强力射钉枪,Mighty Crucifier,未标注,手枪,一把射钉枪， 由一名狂热的狂腐士信徒打造。 能够在近距离战斗中发挥巨大威力。,基础伤害：200–211；攻击间隔：0.6秒；攻击距离（配置）：4；暴击几率：10%；暴击倍率：1.5倍；潜行攻击倍率：1.3倍；耐久：120；叠加上限：1,,当前档案有 2 条同名记录；可能来自不同场景、活动或难度，请比较基础属性。,assets/images/武器/强力射钉枪--035d8d60f0.png,原版图鉴
半衰期捍卫者枪,Half-Life Champion,罕见,冲锋枪,狂腐士声称这把临时枪支的弹药由贫化铀制造。 这可挺难相信的 。,基础伤害：28–31；攻击间隔：0.125秒；攻击距离（配置）：6；暴击几率：10%；暴击倍率：1.5倍；潜行攻击倍率：1.3倍；耐久：570；叠加上限：1；配置修理次数：1；品质：罕见,,当前档案有 2 条同名记录；可能来自不同场景、活动或难度，请比较基础属性。,assets/images/武器/半衰期捍卫者枪--d0ec4f7731.png,原版图鉴
天体半衰期捍卫者枪,Celestial Half-Life Champion,未标注,突击步枪,狂腐士声称这把临时枪支的弹药由贫化铀制造。 这可挺难相信的 。,基础伤害：16–22；攻击间隔：0.08秒；攻击距离（配置）：6；暴击几率：10%；暴击倍率：1.5倍；潜行攻击倍率：1.3倍；耐久：900；叠加上限：1,,当前档案有 2 条同名记录；可能来自不同场景、活动或难度，请比较基础属性。,assets/images/武器/天体半衰期捍卫者枪--d5c884e539.png,原版图鉴
信仰的支柱,Pillar of Faith,传奇,粉碎、重击,“显然， 狂腐士获得了来自‘黑色方尖碑’的特殊武器……”要塞兵团调查队报告。,基础伤害：0；攻击间隔：1.25秒；攻击距离（配置）：0.6；暴击几率：5%；暴击倍率：1.5倍；潜行攻击倍率：3倍；耐久：80；叠加上限：1；配置修理次数：1；品质：传奇,,攻击数值还会随等级缩放。；当前档案有 2 条同名记录；可能来自不同场景、活动或难度，请比较基础属性。,assets/images/武器/信仰的支柱--aab08c37dc.png,原版图鉴
罪恶焚化器,Incinerator of Sin,传奇,切割,“最新的狂腐士武器质量尤为出色。 ”要塞兵团调查队报告。,基础伤害：0；攻击间隔：1.2秒；攻击距离（配置）：0.4；暴击几率：10%；暴击倍率：1.5倍；潜行攻击倍率：3倍；耐久：85；叠加上限：1；配置修理次数：1；品质：传奇,,攻击数值还会随等级缩放。,assets/images/武器/罪恶焚化器--263c87d6eb.png,原版图鉴
乌兹Ultra冲锋枪,UZI Ultra,罕见,冲锋枪,标志性冲锋枪。 袭击者和土匪的成功象征。,基础伤害：63–72；攻击间隔：0.15秒；攻击距离（配置）：3.5；暴击几率：10%；暴击倍率：1.5倍；潜行攻击倍率：1.3倍；耐久：475；叠加上限：1；配置修理次数：1；品质：罕见,,,assets/images/武器/乌兹Ultra冲锋枪--9d06a5b014.png,原版图鉴
VSS Vintorez-M狙击步枪,VSS Vintorez-M,罕见,步枪,一把战前狙击步枪。 猎头者们最喜欢的武器。,基础伤害：593–623；攻击间隔：1秒；攻击距离（配置）：7；暴击几率：10%；暴击倍率：1.7倍；潜行攻击倍率：1.3倍；耐久：75；叠加上限：1；配置修理次数：1；品质：罕见,,当前档案有 3 条同名记录；可能来自不同场景、活动或难度，请比较基础属性。,assets/images/武器/VSS Vintorez-M狙击步枪--2125821b92.png,原版图鉴
FN SCAR Elite突击步枪,FN SCAR Elite,罕见,突击步枪,一件为工厂而战的纪念品。这件鹰队武器能够得以幸存可真是奇迹。,基础伤害：117–134；攻击间隔：0.15秒；攻击距离（配置）：6；暴击几率：10%；暴击倍率：1.5倍；潜行攻击倍率：1.3倍；耐久：500；叠加上限：1；配置修理次数：1；品质：罕见,,,assets/images/武器/FN SCAR Elite突击步枪--1cecc276c6.png,原版图鉴
大口径SVD狙击步枪,Large-caliber SVD,罕见,步枪,“别想躲开狙击手： 你只会把自己累死。 ”要塞兵团战术小组格言。,基础伤害：882–922；攻击间隔：1.4秒；攻击距离（配置）：8.5；暴击几率：10%；暴击倍率：1.7倍；潜行攻击倍率：1.3倍；耐久：55；叠加上限：1；配置修理次数：1；品质：罕见,,出现场景：研究所的天线,assets/images/武器/大口径SVD狙击步枪--78acb984b1.png,原版图鉴
升级版火炬,Upgraded Torch,罕见,粉碎、小型,微弱的光源。 无论如何， 习惯于生活在黑暗中的人害怕火焰。,基础伤害：72–83；攻击间隔：0.87秒；攻击距离（配置）：0.4；暴击几率：3%；暴击倍率：1.3倍；潜行攻击倍率：4倍；耐久：80；叠加上限：1；配置修理次数：1；品质：罕见,,,assets/images/武器/升级版火炬--771e607257.png,原版图鉴
狂腐士十字弓,Decayer's Crossbow,罕见,弓/十字弓,狂腐士经常使用这种带有燃烧弩箭的十字弓。,基础伤害：232–292；攻击间隔：1.43秒；攻击距离（配置）：6；暴击几率：7%；暴击倍率：1.7倍；潜行攻击倍率：1.3倍；耐久：50；叠加上限：1；配置修理次数：1；品质：罕见,,可以被生产；当前档案有 2 条同名记录；可能来自不同场景、活动或难度，请比较基础属性。；相关工作台：残骸,assets/images/武器/狂腐士十字弓--6053cc54a7.png,原版图鉴
狂热者狂腐士AKM,Fanatic Decayer's AKM,罕见,突击步枪,这支步枪的弹匣里装有铝热炸药。 枪杆上刻着“烧死异教徒！ ”几个字。 它的前主人肯定是一名狂腐士。,基础伤害：54–64；攻击间隔：0.15秒；攻击距离（配置）：6；暴击几率：5%；暴击倍率：1.5倍；潜行攻击倍率：1.3倍；耐久：480；叠加上限：1；配置修理次数：1；品质：罕见,,可以被生产；当前档案有 2 条同名记录；可能来自不同场景、活动或难度，请比较基础属性。；相关工作台：残骸,assets/images/武器/狂热者狂腐士AKM--4809068d63.png,原版图鉴
侍僧狂腐士AKM,Acolyte Decayer's AKM,传奇,突击步枪,这支步枪的弹匣里装有铝热炸药。 枪杆上刻着“烧死异教徒！ ”几个字。 它的前主人肯定是一名狂腐士。,基础伤害：80–92；攻击间隔：0.15秒；攻击距离（配置）：6；暴击几率：5%；暴击倍率：1.5倍；潜行攻击倍率：1.3倍；耐久：480；叠加上限：1；配置修理次数：1；品质：传奇,,攻击数值还会随等级缩放。；当前档案有 2 条同名记录；可能来自不同场景、活动或难度，请比较基础属性。,assets/images/武器/侍僧狂腐士AKM--c654d61505.png,原版图鉴
燃烧的狂腐士十字弓,Flaming Decayer's Crossbow,未标注,弓/十字弓,狂腐士经常使用这种带有燃烧弩箭的十字弓。,基础伤害：328–390；攻击间隔：1.43秒；攻击距离（配置）：6；暴击几率：7%；暴击倍率：1.7倍；潜行攻击倍率：1.3倍；耐久：50；叠加上限：1,,可以被生产；当前档案有 2 条同名记录；可能来自不同场景、活动或难度，请比较基础属性。；相关工作台：残骸,assets/images/武器/燃烧的狂腐士十字弓--c9ab39b72d.png,原版图鉴
Бита деревянная [y],Бита деревянная [y],未标注,武器,описание Бита деревянная [y],基础伤害：80–90；攻击间隔：0.87秒；攻击距离（配置）：0.4；暴击几率：3%；暴击倍率：1.3倍；潜行攻击倍率：4倍；耐久：80；叠加上限：1,,可以被生产；相关工作台：残骸,assets/images/武器/板--6911e66873.png,原版图鉴
Бита деревянная зеленая [y],Бита деревянная зеленая [y],罕见,武器,описание Бита деревянная зеленая [y],基础伤害：118–130；攻击间隔：0.87秒；攻击距离（配置）：0.4；暴击几率：3%；暴击倍率：1.3倍；潜行攻击倍率：3倍；耐久：120；叠加上限：1；品质：罕见,,,assets/images/武器/隔板--60a66c42c0.png,原版图鉴
棒球棒,Baseball Bat,未标注,粉碎、重击,核战之前， 棒球在领地并不流行。 街头斗殴则另当别论。,基础伤害：146–156；攻击间隔：0.87秒；攻击距离（配置）：0.4；暴击几率：5%；暴击倍率：1.3倍；潜行攻击倍率：4倍；耐久：80；叠加上限：1；配置修理次数：1,,可以被生产；相关工作台：残骸,assets/images/武器/棒球棒--4c91502d81.png,原版图鉴
土匪球棒,Bandit's Bat,罕见,粉碎、重击,核战之前， 棒球在领地并不流行。 街头斗殴则另当别论。,基础伤害：214–224；攻击间隔：0.87秒；攻击距离（配置）：0.4；暴击几率：5%；暴击倍率：1.3倍；潜行攻击倍率：3倍；耐久：80；叠加上限：1；配置修理次数：1；品质：罕见,,,assets/images/武器/土匪球棒--d919b0d7c3.png,原版图鉴
斯肯尼球棒,Skinny's Bat,罕见,粉碎、小型,缠绕着带刺铁丝网的球棒。 由仓库土匪的传奇刽子手斯肯尼持有 。,基础伤害：301–320；攻击间隔：0.87秒；攻击距离（配置）：0.4；暴击几率：5%；暴击倍率：1.5倍；潜行攻击倍率：3倍；耐久：80；叠加上限：1；配置修理次数：1；品质：罕见,,,assets/images/武器/斯肯尼球棒--39033f7242.png,原版图鉴
刽子手球棒,Carnifex's Bat,罕见,武器,缠绕着带刺铁丝网的球棒。 由仓库土匪的传奇刽子手斯肯尼持有 。,基础伤害：132–142；攻击间隔：0.87秒；攻击距离（配置）：0.4；暴击几率：5%；暴击倍率：1.3倍；潜行攻击倍率：3倍；耐久：120；叠加上限：1；品质：罕见,,,assets/images/武器/带钉子的加固板--95f1e98720.png,原版图鉴
升级版锤子,Upgraded Hammer,罕见,粉碎、小型,在核战发生后的早期， 许多普通物品被变成了武器。,基础伤害：123–147；攻击间隔：0.8秒；攻击距离（配置）：0.4；暴击几率：5%；暴击倍率：1.3倍；潜行攻击倍率：4倍；耐久：90；叠加上限：1；配置修理次数：1；品质：罕见,,,assets/images/武器/升级版锤子--3fe18dedeb.png,原版图鉴
烟雾弹,Smoke Bomb,未标注,武器,让你逃避责任的一件设备。,基础伤害：400–500；攻击间隔：0.7秒；攻击距离（配置）：9；暴击几率：15%；暴击倍率：1.5倍；潜行攻击倍率：900倍；叠加上限：20,,,assets/images/武器/烟雾弹--e33aa8ede3.png,原版图鉴
圣徒惩罚大镰刀,Saint's Scythe of Punishment,传奇,切割,“如果他们没能弃暗投明，看到核战，就把他们的内脏掏出来！”（荣耀盲者，狂腐士的领袖）,基础伤害：0；攻击间隔：1.1秒；攻击距离（配置）：0.4；暴击几率：8%；暴击倍率：1.5倍；潜行攻击倍率：3倍；耐久：90；叠加上限：1；配置修理次数：1；品质：传奇,,攻击数值还会随等级缩放。,assets/images/武器/圣徒惩罚大镰刀--831941492c.png,原版图鉴
升级版SPAS-12,Upgraded SPAS-12,传奇,霰弹枪,多管火枪。 对任何敌人都非常有效。,基础伤害：1270–1322；攻击间隔：1.2秒；攻击距离（配置）：2.5；暴击几率：7%；暴击倍率：1.7倍；潜行攻击倍率：1.3倍；耐久：60；叠加上限：1；配置修理次数：1；品质：传奇,,攻击数值还会随等级缩放。,assets/images/武器/升级版SPAS-12--4e910c5217.png,原版图鉴
升级版莫辛步枪,Upgraded Mosin Rifle,传奇,步枪,一支不错的老式莫辛纳甘步枪。,基础伤害：1255–1305；攻击间隔：1.4秒；攻击距离（配置）：8.5；暴击几率：20%；暴击倍率：1.7倍；潜行攻击倍率：1.3倍；耐久：55；叠加上限：1；配置修理次数：1；品质：传奇,,攻击数值还会随等级缩放。,assets/images/武器/升级版莫辛步枪--aa7d4f51ea.png,原版图鉴
致命的光辉之星,Deadly Star of Shining,传奇,粉碎、小型,带有放射性尖刺的狂腐士短棒。 与其说是武器， 不如说是刑具。,基础伤害：0；攻击间隔：0.87秒；攻击距离（配置）：0.4；暴击几率：5%；暴击倍率：1.3倍；潜行攻击倍率：3倍；耐久：115；叠加上限：1；配置修理次数：1；品质：传奇,,攻击数值还会随等级缩放。,assets/images/武器/致命的光辉之星--148319e24e.png,原版图鉴
真正异端粉碎者,True Crusher of Heresy,传奇,粉碎、重击,由狂腐士铁匠制作的双手锤， 用来执行仪式性处决。,基础伤害：0；攻击间隔：1.45秒；攻击距离（配置）：0.4；暴击几率：5%；暴击倍率：1.5倍；潜行攻击倍率：3倍；耐久：70；叠加上限：1；配置修理次数：1；品质：传奇,,攻击数值还会随等级缩放。,assets/images/武器/真正异端粉碎者--9932ae97b2.png,原版图鉴
仁慈射钉枪,Merciful Crucifier,传奇,手枪,一把射钉枪， 由一名狂热的狂腐士信徒打造。 能够在近距离战斗中发挥巨大威力。,基础伤害：0；攻击间隔：0.6秒；攻击距离（配置）：4；暴击几率：10%；暴击倍率：1.5倍；潜行攻击倍率：1.3倍；耐久：170；叠加上限：1；配置修理次数：1；品质：传奇,,攻击数值还会随等级缩放。,assets/images/武器/仁慈射钉枪--1c13b05ccb.png,原版图鉴
光辉狂腐士十字弓,Shining Decayer's Crossbow,传奇,弓/十字弓,狂腐士经常使用这种带有燃烧弩箭的十字弓。,基础伤害：0；攻击间隔：1.43秒；攻击距离（配置）：6；暴击几率：7%；暴击倍率：1.7倍；潜行攻击倍率：1.3倍；耐久：70；叠加上限：1；配置修理次数：1；品质：传奇,,攻击数值还会随等级缩放。；可以被生产；相关工作台：残骸,assets/images/武器/光辉狂腐士十字弓--e441b2c7a8.png,原版图鉴
崭新半衰期捍卫者枪,Pristine Half-Life Champion,传奇,冲锋枪,狂腐士声称这把临时枪支的弹药由贫化铀制造。 这可挺难相信的 。,基础伤害：0；攻击间隔：0.125秒；攻击距离（配置）：6；暴击几率：10%；暴击倍率：1.5倍；潜行攻击倍率：1.3倍；耐久：800；叠加上限：1；配置修理次数：1；品质：传奇,,攻击数值还会随等级缩放。,assets/images/武器/崭新半衰期捍卫者枪--b08963b641.png,原版图鉴
牧师狂腐士AKM,Decay Temple Fighter's AKM,传奇,突击步枪,这支步枪的弹匣里装有铝热炸药。 枪杆上刻着“烧死异教徒！ ”几个字。 它的前主人肯定是一名狂腐士。,基础伤害：0；攻击间隔：0.15秒；攻击距离（配置）：6；暴击几率：5%；暴击倍率：1.5倍；潜行攻击倍率：1.3倍；耐久：700；叠加上限：1；配置修理次数：1；品质：传奇,,攻击数值还会随等级缩放。,assets/images/武器/牧师狂腐士AKM--97aff916df.png,原版图鉴
光辉之星,Star of Shining,罕见,粉碎、小型,带有放射性尖刺的狂腐士短棒。 与其说是武器， 不如说是刑具。,基础伤害：198–214；攻击间隔：0.87秒；攻击距离（配置）：0.4；暴击几率：5%；暴击倍率：1.3倍；潜行攻击倍率：3倍；耐久：85；叠加上限：1；配置修理次数：1；品质：罕见,,当前档案有 2 条同名记录；可能来自不同场景、活动或难度，请比较基础属性。,assets/images/武器/光辉之星--3208a63994.png,原版图鉴
惩罚大镰刀,Scythe of Punishment,罕见,切割,“如果他们没能弃暗投明，看到核战，就把他们的内脏掏出来！”（荣耀盲者，狂腐士的领袖）,基础伤害：290–310；攻击间隔：1.1秒；攻击距离（配置）：0.4；暴击几率：8%；暴击倍率：1.5倍；潜行攻击倍率：3倍；耐久：65；叠加上限：1；配置修理次数：1；品质：罕见,,当前档案有 2 条同名记录；可能来自不同场景、活动或难度，请比较基础属性。,assets/images/武器/惩罚大镰刀--85086e87f5.png,原版图鉴
异端粉碎者,Crusher of Heresy,罕见,粉碎、重击,由狂腐士铁匠制作的双手锤， 用来执行仪式性处决。,基础伤害：404–432；攻击间隔：1.45秒；攻击距离（配置）：0.4；暴击几率：5%；暴击倍率：1.5倍；潜行攻击倍率：3倍；耐久：50；叠加上限：1；配置修理次数：1；品质：罕见,,当前档案有 2 条同名记录；可能来自不同场景、活动或难度，请比较基础属性。,assets/images/武器/异端粉碎者--9b10c57531.png,原版图鉴
狂腐士十字弓,Decayer's Crossbow,罕见,弓/十字弓,狂腐士经常使用这种带有燃烧弩箭的十字弓。,基础伤害：232–292；攻击间隔：1.43秒；攻击距离（配置）：6；暴击几率：7%；暴击倍率：1.7倍；潜行攻击倍率：1.3倍；耐久：50；叠加上限：1；配置修理次数：1；品质：罕见,,可以被生产；当前档案有 2 条同名记录；可能来自不同场景、活动或难度，请比较基础属性。；相关工作台：残骸,assets/images/武器/狂腐士十字弓--6053cc54a7.png,原版图鉴
射钉枪,Crucifier,罕见,手枪,一把射钉枪， 由一名狂热的狂腐士信徒打造。 能够在近距离战斗中发挥巨大威力。,基础伤害：142–153；攻击间隔：0.6秒；攻击距离（配置）：4；暴击几率：10%；暴击倍率：1.5倍；潜行攻击倍率：1.3倍；耐久：120；叠加上限：1；配置修理次数：1；品质：罕见,,当前档案有 2 条同名记录；可能来自不同场景、活动或难度，请比较基础属性。,assets/images/武器/射钉枪--ad663a9a7f.png,原版图鉴
半衰期捍卫者枪,Half-Life Champion,罕见,冲锋枪,狂腐士声称这把临时枪支的弹药由贫化铀制造。 这可挺难相信的 。,基础伤害：28–31；攻击间隔：0.125秒；攻击距离（配置）：6；暴击几率：10%；暴击倍率：1.5倍；潜行攻击倍率：1.3倍；耐久：570；叠加上限：1；配置修理次数：1；品质：罕见,,当前档案有 2 条同名记录；可能来自不同场景、活动或难度，请比较基础属性。,assets/images/武器/半衰期捍卫者枪--d0ec4f7731.png,原版图鉴
不容逃脱的光辉之星,Inescapable Star of Shining,未标注,粉碎、小型,带有放射性尖刺的狂腐士短棒。 与其说是武器， 不如说是刑具。,基础伤害：260–285；攻击间隔：0.87秒；攻击距离（配置）：0.4；暴击几率：5%；暴击倍率：1.3倍；潜行攻击倍率：3倍；耐久：85；叠加上限：1,,当前档案有 2 条同名记录；可能来自不同场景、活动或难度，请比较基础属性。,assets/images/武器/不容逃脱的光辉之星--e8db7a28c3.png,原版图鉴
侍僧惩罚大镰刀,Acolyte's Scythe of Punishment,未标注,切割,“如果他们没能弃暗投明，看到核战，就把他们的内脏掏出来！”（荣耀盲者，狂腐士的领袖）,基础伤害：395–416；攻击间隔：1.1秒；攻击距离（配置）：0.4；暴击几率：8%；暴击倍率：1.5倍；潜行攻击倍率：3倍；耐久：65；叠加上限：1,,当前档案有 2 条同名记录；可能来自不同场景、活动或难度，请比较基础属性。,assets/images/武器/侍僧惩罚大镰刀--d2dfe21470.png,原版图鉴
天选异端粉碎者,Chosen Crusher of Heresy,未标注,粉碎、重击,由狂腐士铁匠制作的双手锤， 用来执行仪式性处决。,基础伤害：553–583；攻击间隔：1.45秒；攻击距离（配置）：0.4；暴击几率：5%；暴击倍率：1.5倍；潜行攻击倍率：3倍；耐久：50；叠加上限：1,,当前档案有 2 条同名记录；可能来自不同场景、活动或难度，请比较基础属性。,assets/images/武器/天选异端粉碎者--89dc59e7b3.png,原版图鉴
燃烧的狂腐士十字弓,Flaming Decayer's Crossbow,未标注,弓/十字弓,狂腐士经常使用这种带有燃烧弩箭的十字弓。,基础伤害：328–390；攻击间隔：1.43秒；攻击距离（配置）：6；暴击几率：7%；暴击倍率：1.7倍；潜行攻击倍率：1.3倍；耐久：50；叠加上限：1,,可以被生产；当前档案有 2 条同名记录；可能来自不同场景、活动或难度，请比较基础属性。；相关工作台：残骸,assets/images/武器/燃烧的狂腐士十字弓--c9ab39b72d.png,原版图鉴
强力射钉枪,Mighty Crucifier,未标注,手枪,一把射钉枪， 由一名狂热的狂腐士信徒打造。 能够在近距离战斗中发挥巨大威力。,基础伤害：200–211；攻击间隔：0.6秒；攻击距离（配置）：4；暴击几率：10%；暴击倍率：1.5倍；潜行攻击倍率：1.3倍；耐久：120；叠加上限：1,,当前档案有 2 条同名记录；可能来自不同场景、活动或难度，请比较基础属性。,assets/images/武器/强力射钉枪--035d8d60f0.png,原版图鉴
天体半衰期捍卫者枪,Celestial Half-Life Champion,未标注,突击步枪,狂腐士声称这把临时枪支的弹药由贫化铀制造。 这可挺难相信的 。,基础伤害：16–22；攻击间隔：0.08秒；攻击距离（配置）：6；暴击几率：10%；暴击倍率：1.5倍；潜行攻击倍率：1.3倍；耐久：900；叠加上限：1,,当前档案有 2 条同名记录；可能来自不同场景、活动或难度，请比较基础属性。,assets/images/武器/天体半衰期捍卫者枪--d5c884e539.png,原版图鉴
狂热者狂腐士AKM,Fanatic Decayer's AKM,罕见,突击步枪,这支步枪的弹匣里装有铝热炸药。 枪杆上刻着“烧死异教徒！ ”几个字。 它的前主人肯定是一名狂腐士。,基础伤害：54–64；攻击间隔：0.15秒；攻击距离（配置）：6；暴击几率：5%；暴击倍率：1.5倍；潜行攻击倍率：1.3倍；耐久：480；叠加上限：1；配置修理次数：1；品质：罕见,,可以被生产；当前档案有 2 条同名记录；可能来自不同场景、活动或难度，请比较基础属性。；相关工作台：残骸,assets/images/武器/狂热者狂腐士AKM--4809068d63.png,原版图鉴
侍僧狂腐士AKM,Acolyte Decayer's AKM,传奇,突击步枪,这支步枪的弹匣里装有铝热炸药。 枪杆上刻着“烧死异教徒！ ”几个字。 它的前主人肯定是一名狂腐士。,基础伤害：80–92；攻击间隔：0.15秒；攻击距离（配置）：6；暴击几率：5%；暴击倍率：1.5倍；潜行攻击倍率：1.3倍；耐久：480；叠加上限：1；配置修理次数：1；品质：传奇,,攻击数值还会随等级缩放。；当前档案有 2 条同名记录；可能来自不同场景、活动或难度，请比较基础属性。,assets/images/武器/侍僧狂腐士AKM--c654d61505.png,原版图鉴
меч охотника на вампиров [y],меч охотника на вампиров [y],未标注,武器,меч охотника на вампиров описание [y],基础伤害：370–386；攻击间隔：1秒；攻击距离（配置）：0.4；暴击几率：15%；暴击倍率：1.5倍；潜行攻击倍率：3倍；耐久：75；叠加上限：1,,,assets/images/武器/武士刀--18f33645e4.png,原版图鉴
火焰弓,Fiery Bow,罕见,弓/十字弓,带有神器模块的复合弓，能射出火焰箭。地下怪物追踪者的适宜之选。,基础伤害：153–173；攻击间隔：1.5秒；攻击距离（配置）：6；暴击几率：7%；暴击倍率：1.5倍；潜行攻击倍率：1.3倍；耐久：50；叠加上限：1；配置修理次数：1；品质：罕见,,,assets/images/武器/火焰弓--d306ea116f.png,原版图鉴
火焰复合弓,Fiery Compound Bow,罕见,弓/十字弓,能射出火焰箭的强大复合弓。 非常适合暗中猎杀地下怪物。,基础伤害：333–363；攻击间隔：1.25秒；攻击距离（配置）：6；暴击几率：10%；暴击倍率：1.5倍；潜行攻击倍率：1.3倍；耐久：60；叠加上限：1；配置修理次数：1；品质：罕见,,,assets/images/武器/猎人复合弓--d99a62282e.png,原版图鉴
扳手,Wrench,未标注,武器,“哦， 这个扳手！ 它带给我太多快乐， 我把它叫做“狂喜”。 就像我小时候， 和爸爸玩的水下射击游戏一样。 ” 工程师斯普林特。,基础伤害：283–303；攻击间隔：0.87秒；攻击距离（配置）：0.4；暴击几率：3%；暴击倍率：1.3倍；潜行攻击倍率：1.6倍；耐久：80；叠加上限：1,,当前档案有 2 条同名记录；可能来自不同场景、活动或难度，请比较基础属性。,assets/images/武器/扳手--33c3837225.png,原版图鉴
蛇彭特信徒之杖,Serpent's Cohort's Staff,传奇,粉碎、重击,洛亚神降临于世时，蛇彭特幽灵“丹巴拉”将武器交给了他所选择的人。至少送葬者是这么坚信的。,基础伤害：0；攻击间隔：1.75秒；攻击距离（配置）：0.6；暴击几率：5%；暴击倍率：1.5倍；潜行攻击倍率：3倍；耐久：80；叠加上限：1；配置修理次数：1；品质：传奇,,攻击数值还会随等级缩放。,assets/images/武器/蛇彭特信徒之杖--c3afdf598e.png,原版图鉴
暗黑游荡者狙击枪,Black Strider's SVD,传奇,步枪,在许多人的脑海中， 暗黑游荡者就是雾中的模糊身影和带10倍镜狙击枪的枪口闪光。,基础伤害：0；攻击间隔：1.4秒；攻击距离（配置）：8.5；暴击几率：10%；暴击倍率：1.7倍；潜行攻击倍率：1.3倍；耐久：70；叠加上限：1；配置修理次数：1；品质：传奇,,攻击数值还会随等级缩放。,assets/images/武器/暗黑游荡者狙击枪--4556b30a2f.png,原版图鉴
暗黑游荡者SPAS-12,Black Strider's SPAS-12,传奇,霰弹枪,暗黑游荡者更喜欢从远处解决问题。 他甚至改装了 SPAS-12以增加射程。,基础伤害：0；攻击间隔：1.2秒；攻击距离（配置）：4；暴击几率：7%；暴击倍率：1.7倍；潜行攻击倍率：1.3倍；耐久：85；叠加上限：1；配置修理次数：1；品质：传奇,,攻击数值还会随等级缩放。,assets/images/武器/暗黑游荡者SPAS-12--007230c0fd.png,原版图鉴
暗黑游荡者大砍刀,Black Strider's Machete,传奇,刀/劈刀,没人知道它是用什么锻造的， 但绝对不是普通钢铁。,基础伤害：0；攻击间隔：0.87秒；攻击距离（配置）：0.4；暴击几率：10%；暴击倍率：1.3倍；潜行攻击倍率：3倍；耐久：115；叠加上限：1；配置修理次数：1；品质：传奇,,攻击数值还会随等级缩放。,assets/images/武器/暗黑游荡者大砍刀--9858a5a03f.png,原版图鉴
洛亚神的战斗铁锹,Loa's Combat Spade,罕见,切割,这把酸蚀的锋利铁锹是每个送葬者仆从的梦想之物。,基础伤害：140–160；攻击间隔：1秒；攻击距离（配置）：0.4；潜行攻击倍率：3.5倍；耐久：70；叠加上限：1；配置修理次数：1；品质：罕见,,可以被生产；相关工作台：残骸,assets/images/武器/洛亚神的战斗铁锹--5c41044920.png,原版图鉴
死神锯子,Reaper's Saw,罕见,切割,幽灵会接纳新仆人， 即便已碎成块。,基础伤害：229–248；攻击间隔：0.87秒；攻击距离（配置）：0.4；暴击几率：5%；暴击倍率：1.3倍；潜行攻击倍率：3倍；耐久：80；叠加上限：1；配置修理次数：1；品质：罕见,,,assets/images/武器/死神锯子--b8f68b3a38.png,原版图鉴
冷酷死神,Grim Reaper,罕见,切割,“死亡之神”萨梅迪男爵收割迷失之魂， 如同收割成熟的麦子。,基础伤害：152–180；攻击间隔：1秒；攻击距离（配置）：0.6；暴击几率：30%；暴击倍率：4倍；潜行攻击倍率：3倍；耐久：70；叠加上限：1；配置修理次数：1；品质：罕见,,可以被生产；相关工作台：残骸,assets/images/武器/冷酷死神--51df5bfbae.png,原版图鉴
送葬者魂狩,Undertaker's Soultaker,罕见,突击步枪,送葬者的步枪， 能够发射“雷电之神”索格博的隆隆怒火。,基础伤害：197–212；攻击间隔：0.15秒；攻击距离（配置）：6；暴击几率：5%；暴击倍率：1.5倍；潜行攻击倍率：1.3倍；耐久：180；叠加上限：1；配置修理次数：1；品质：罕见,,2级送葬者工作台；相关工作台：购买零件,assets/images/武器/送葬者魂狩--b21b354b35.png,原版图鉴
巫师左轮手枪,Houngan's Revolver,罕见,手枪,一旦送葬者从阿索格巫师那里得到左轮手枪， 就会紧握到最后一刻。,基础伤害：270–326；攻击间隔：1.1秒；攻击距离（配置）：4；暴击几率：7%；暴击倍率：1.5倍；潜行攻击倍率：1.3倍；耐久：75；叠加上限：1；配置修理次数：1；品质：罕见,,,assets/images/武器/巫师左轮手枪--7b23034792.png,原版图鉴
萨梅迪仁慈铁铲,Samedi Shovel of Mercy,传奇,切割,这把酸蚀的锋利铁锹是每个送葬者仆从的梦想之物。,基础伤害：140–160；攻击间隔：1秒；攻击距离（配置）：0.4；潜行攻击倍率：3.5倍；耐久：90；叠加上限：1；配置修理次数：1；品质：传奇,,攻击数值还会随等级缩放。,assets/images/武器/萨梅迪仁慈铁铲--c92127d3ca.png,原版图鉴
萨梅迪锯子,Samedi Saw,传奇,刀/劈刀,幽灵会接纳新仆人， 即便已碎成块。,基础伤害：254–269；攻击间隔：0.87秒；攻击距离（配置）：0.4；暴击几率：5%；暴击倍率：1.3倍；潜行攻击倍率：3倍；耐久：115；叠加上限：1；配置修理次数：1；品质：传奇,,攻击数值还会随等级缩放。,assets/images/武器/萨梅迪锯子--f9de8f20e6.png,原版图鉴
灵魂收割者,Reaper of Souls,传奇,切割,“死亡之神”萨梅迪男爵收割迷失之魂， 如同收割成熟的麦子。,基础伤害：140–160；攻击间隔：1.25秒；攻击距离（配置）：0.6；暴击几率：30%；暴击倍率：4倍；潜行攻击倍率：3倍；耐久：90；叠加上限：1；配置修理次数：1；品质：传奇,,攻击数值还会随等级缩放。,assets/images/武器/灵魂收割者--764ca44443.png,原版图鉴
狂热的魂狩,Frenetic's Soultaker,传奇,突击步枪,送葬者的步枪， 能够发射“雷电之神”索格博的隆隆怒火。,基础伤害：20–23；攻击间隔：0.15秒；攻击距离（配置）：6；暴击几率：7%；暴击倍率：1.5倍；潜行攻击倍率：1.3倍；耐久：250；叠加上限：1；配置修理次数：1；品质：传奇,,攻击数值还会随等级缩放。,assets/images/武器/狂热的魂狩--acc0b20cd4.png,原版图鉴
丹巴拉左轮手枪,Damballah Revolver,传奇,手枪,一旦送葬者从阿索格巫师那里得到左轮手枪， 就会紧握到最后一刻。,基础伤害：121–141；攻击间隔：1.1秒；攻击距离（配置）：4；暴击几率：7%；暴击倍率：1.5倍；潜行攻击倍率：1.3倍；耐久：90；叠加上限：1；配置修理次数：1；品质：传奇,,攻击数值还会随等级缩放。,assets/images/武器/丹巴拉左轮手枪--e5071fa779.png,原版图鉴
蛇彭特 · 布莱德钉枪,Serpent's Bride's Spikegun,传奇,突击步枪,铁匠幽灵昂贡指导武器大师完成了这件杰作。 钉子会刺穿受害者的身体， 就像用针刺穿巫毒娃娃一样。,基础伤害：142–153；攻击间隔：0.3秒；攻击距离（配置）：4；暴击几率：10%；暴击倍率：1.5倍；潜行攻击倍率：1.3倍；耐久：350；叠加上限：1；配置修理次数：1；品质：传奇,,攻击数值还会随等级缩放。,assets/images/武器/蛇彭特 · 布莱德钉枪--60b6334ed1.png,原版图鉴
电动步枪,Electromusket,传奇,霰弹枪,坪瑟利用他在研究所研究的神器和一支简便的定居者步枪，成功制造了一把强大的神器枪。,基础伤害：0；攻击间隔：1.4秒；攻击距离（配置）：6；暴击几率：10%；暴击倍率：1.7倍；潜行攻击倍率：1.3倍；耐久：80；叠加上限：1；配置修理次数：1；品质：传奇,,攻击数值还会随等级缩放。,assets/images/武器/电动步枪--ddc41e780b.png,原版图鉴
部落战士弓,Tribal Warrior's Bow,未标注,弓/十字弓,即使跑得最快的火鸡也逃不过这把弓射出的箭。,基础伤害：170–190；攻击间隔：1.5秒；攻击距离（配置）：8；暴击几率：7%；暴击倍率：1.5倍；潜行攻击倍率：1.3倍；耐久：60；叠加上限：1；配置修理次数：1,,可以被生产；相关工作台：残骸,assets/images/武器/部落战士弓--a2eb2cd87d.png,原版图鉴
部落酋长弓,Tribal Chieftain's Bow,传奇,弓/十字弓,可以百步穿杨，与酋长相得益彰的良弓。,基础伤害：0；攻击间隔：1.25秒；攻击距离（配置）：8；暴击几率：7%；暴击倍率：1.5倍；潜行攻击倍率：1.3倍；耐久：80；叠加上限：1；配置修理次数：1；品质：传奇,,攻击数值还会随等级缩放。,assets/images/武器/部落酋长弓--ca15838039.png,原版图鉴
部落萨满弓,Tribal Shaman's Bow,传奇,弓/十字弓,燃烧之箭最适合猎鸟。,基础伤害：0；攻击间隔：1.25秒；攻击距离（配置）：6；暴击几率：7%；暴击倍率：1.5倍；潜行攻击倍率：1.3倍；耐久：80；叠加上限：1；配置修理次数：1；品质：传奇,,攻击数值还会随等级缩放。,assets/images/武器/部落萨满弓--1969bc2ee8.png,原版图鉴
干草叉,Pitchfork,未标注,穿刺,有句古老的定居者谚语是这么说的： “不怕棍子， 就怕干草叉。 ”,基础伤害：105–113；攻击间隔：1秒；攻击距离（配置）：1.2；暴击几率：3%；暴击倍率：1.5倍；潜行攻击倍率：4倍；耐久：70；叠加上限：1；配置修理次数：1,,可以被生产；相关工作台：残骸,assets/images/武器/干草叉--f60888fe93.png,原版图鉴
定居者干草叉,Settler's Pitchfork,传奇,穿刺,有句古老的定居者谚语是这么说的： “不怕棍子， 就怕干草叉。 ”,基础伤害：0；攻击间隔：1秒；攻击距离（配置）：1.2；暴击几率：3%；暴击倍率：1.5倍；潜行攻击倍率：3倍；耐久：80；叠加上限：1；配置修理次数：1；品质：传奇,,攻击数值还会随等级缩放。；可以被生产；相关工作台：残骸,assets/images/武器/定居者干草叉--82ee3c652b.png,原版图鉴
Board with Spikes,Board with Nails,传奇,粉碎、小型,An experienced survivor can complete the Territories with literally any weapon.,基础伤害：0；攻击间隔：0.87秒；攻击距离（配置）：0.4；暴击几率：10%；暴击倍率：1.3倍；潜行攻击倍率：3倍；耐久：8050；叠加上限：1；品质：传奇,,攻击数值还会随等级缩放。,assets/images/武器/Board with Spikes--fee313fb31.png,原版图鉴
AKM Vympel,AKM Vympel,传奇,武器,"A modified assault rifle, produced in limited numbers for the Vympel division of the KGB forces of the USSR. Rumor has it that some of these rifles belong to the Vympel strategic reserve.",基础伤害：0；攻击间隔：0.15秒；攻击距离（配置）：6；暴击几率：5%；暴击倍率：1.5倍；潜行攻击倍率：1.3倍；耐久：24500；叠加上限：1；品质：传奇,,攻击数值还会随等级缩放。,assets/images/武器/牧师狂腐士AKM--97aff916df.png,原版图鉴
AKM Urban,AKM Urban,传奇,武器,"A unique assault rifle, developed by the Citadel Corps engineers after the Conflagration.",基础伤害：0；攻击间隔：0.15秒；攻击距离（配置）：6；暴击几率：5%；暴击倍率：1.5倍；潜行攻击倍率：1.3倍；耐久：24500；叠加上限：1；品质：传奇,,攻击数值还会随等级缩放。,assets/images/武器/牧师狂腐士AKM--97aff916df.png,原版图鉴
Snap Transition,Snap Transition,传奇,武器,It can destroy you into tiny smithereens.,基础伤害：0；攻击间隔：1.4秒；攻击距离（配置）：8.5；暴击几率：20%；暴击倍率：1.7倍；潜行攻击倍率：1.3倍；耐久：4900；叠加上限：1；品质：传奇,,攻击数值还会随等级缩放。,assets/images/武器/Snap Transition--92f32d2fd4.png,原版图鉴
The Sun Hammer,The Sun Hammer,传奇,武器,Forged in the depths of the Warehouse.  The bullets are made from the bones of the Carnifex and coated with his tears.,基础伤害：0；攻击间隔：1.4秒；攻击距离（配置）：8.5；暴击几率：10%；暴击倍率：1.7倍；潜行攻击倍率：1.3倍；耐久：4900；叠加上限：1；品质：传奇,,攻击数值还会随等级缩放。,assets/images/武器/暗黑游荡者狙击枪--4556b30a2f.png,原版图鉴
SVD-A ”裁决” 狙击步枪,SVD-А Verdict,传奇,步枪,一把装有血刺神器模块的步枪。如果目标没被一击毙命，也会因失血过多而死。,基础伤害：0；攻击间隔：1.6秒；攻击距离（配置）：8.5；暴击几率：10%；暴击倍率：1.7倍；潜行攻击倍率：1.3倍；耐久：70；叠加上限：1；配置修理次数：1；品质：传奇,,攻击数值还会随等级缩放。；当前档案有 4 条同名记录；可能来自不同场景、活动或难度，请比较基础属性。,assets/images/武器/SVD-A ”裁决” 狙击步枪--d8557faa00.png,原版图鉴
SPAS-A眼镜蛇,SPAS-A Cobra,传奇,霰弹枪,在SPAS-12上加一根酸性线圈并容易，但很值得。,基础伤害：0；攻击间隔：1.2秒；攻击距离（配置）：4.5；暴击几率：7%；暴击倍率：1.7倍；潜行攻击倍率：1.3倍；耐久：85；叠加上限：1；配置修理次数：1；品质：传奇,,攻击数值还会随等级缩放。,assets/images/武器/SPAS-A眼镜蛇--975859cb14.png,原版图鉴
Glock-A火器,Glock-A Pyro,传奇,手枪,快速燃烧弹制品组件的武器。 有经验的游荡者很清楚地意识到， 仓库居民不能抵御火攻。,基础伤害：0；攻击间隔：1.1秒；攻击距离（配置）：4；暴击几率：7%；暴击倍率：1.5倍；潜行攻击倍率：1.3倍；耐久：90；叠加上限：1；配置修理次数：1；品质：传奇,,攻击数值还会随等级缩放。,assets/images/武器/Glock-A火器--97ef3fb5ae.png,原版图鉴
AKM-A“吸血鬼”自动步枪,AKM-A Bloodsucker,传奇,突击步枪,一把由研究所研制的装有血槽神器模块的突击步枪。击中敌人会触发生命回复效果。,基础伤害：0；攻击间隔：0.125秒；攻击距离（配置）：6；暴击几率：5%；暴击倍率：1.5倍；潜行攻击倍率：1.3倍；耐久：800；叠加上限：1；配置修理次数：1；品质：传奇,,攻击数值还会随等级缩放。,assets/images/武器/AKM-A“吸血鬼”自动步枪--8021bd0207.png,原版图鉴
冷冻枪,Cryogun,传奇,重型武器,一件能冻结敌人的神器武器，按照坪瑟的说明组装而成。,基础伤害：0；攻击间隔：0.8秒；攻击距离（配置）：6；暴击几率：7%；暴击倍率：1.5倍；潜行攻击倍率：1.3倍；耐久：120；叠加上限：1；配置修理次数：1；品质：传奇,,攻击数值还会随等级缩放。,assets/images/武器/冷冻枪--c65c915bd0.png,原版图鉴
北极M16-M,Arctic M16-M,传奇,突击步枪,改装后的突击步枪，能够承受长时间的战斗或快速清理狂腐士基地带来的高负荷。,基础伤害：0；攻击间隔：0.125秒；攻击距离（配置）：6；暴击几率：5%；暴击倍率：1.5倍；潜行攻击倍率：1.3倍；耐久：730；叠加上限：1；配置修理次数：1；品质：传奇,,攻击数值还会随等级缩放。,assets/images/武器/北极M16-M--7576c398e5.png,原版图鉴
北极Vintorez-M,Arctic Vintorez-M,传奇,步枪,经过改造的步枪，可以远距离冻结并击杀敌人，被冻结的敌人无法靠近射手。,基础伤害：0；攻击间隔：1秒；攻击距离（配置）：7；暴击几率：10%；暴击倍率：1.7倍；潜行攻击倍率：1.3倍；耐久：75；叠加上限：1；配置修理次数：1；品质：传奇,,攻击数值还会随等级缩放。；当前档案有 5 条同名记录；可能来自不同场景、活动或难度，请比较基础属性。,assets/images/武器/北极Vintorez-M--e59e1944a5.png,原版图鉴
北极莫辛步枪,Arctic Mosin Rifle,传奇,步枪,一把专为冬季打造的 7. 62毫米经典步枪， 威力强大， 聚合物部件显著提高了它的耐用性。,基础伤害：0；攻击间隔：1.4秒；攻击距离（配置）：8.5；暴击几率：10%；暴击倍率：1.7倍；潜行攻击倍率：1.3倍；耐久：70；叠加上限：1；配置修理次数：1；品质：传奇,,攻击数值还会随等级缩放。,assets/images/武器/北极莫辛步枪--f09531e4e6.png,原版图鉴
送葬者的酸性矛,Undertakers' Acid Spear,罕见,穿刺,矛尖在能够腐蚀敌人铠甲的强酸中浸泡过。,基础伤害：116–127；攻击间隔：1.2秒；攻击距离（配置）：0.9；暴击几率：7%；暴击倍率：1.5倍；潜行攻击倍率：4倍；耐久：60；叠加上限：1；配置修理次数：1；品质：罕见,,,assets/images/武器/狩猎矛--24aeb97dbe.png,原版图鉴
丹巴拉仆从的矛,Damballah's Servants' Spear,罕见,穿刺,这根长矛用于猎杀全副武装的敌人 。,基础伤害：165–175；攻击间隔：1.25秒；攻击距离（配置）：0.9；暴击几率：7%；暴击倍率：1.5倍；潜行攻击倍率：4倍；耐久：60；叠加上限：1；配置修理次数：1；品质：罕见,,,assets/images/武器/临时凑合的矛--a92b666167.png,原版图鉴
酸性弓,Acid Bow,罕见,弓/十字弓,箭尖由特殊金属制成，能抵御毒物瓶神器中的强酸。,基础伤害：153–173；攻击间隔：1.5秒；攻击距离（配置）：6；暴击几率：7%；暴击倍率：1.5倍；潜行攻击倍率：1.3倍；耐久：50；叠加上限：1；配置修理次数：1；品质：罕见,,,assets/images/武器/酸性弓--20d47df618.png,原版图鉴
送葬者酸性劈刀,Undertakers' Acid Cleaver,罕见,刀/劈刀,用酸处理过的刀能刺穿最坚韧的铠甲。,基础伤害：103–121；攻击间隔：0.87秒；攻击距离（配置）：0.4；暴击几率：5%；暴击倍率：1.3倍；潜行攻击倍率：3倍；耐久：80；叠加上限：1；配置修理次数：1；品质：罕见,,当前档案有 3 条同名记录；可能来自不同场景、活动或难度，请比较基础属性。,assets/images/武器/厨师的劈刀--2745f12da8.png,原版图鉴
猎人洛亚的十字弓,Hunter Loa's Crossbow,罕见,弓/十字弓,送葬者最喜欢的武器， 他们以此为敌人判刑并将其送归黄泉。,基础伤害：232–292；攻击间隔：1.43秒；攻击距离（配置）：6；暴击几率：7%；暴击倍率：1.7倍；潜行攻击倍率：1.3倍；耐久：50；叠加上限：1；配置修理次数：1；品质：罕见,,可以被生产；相关工作台：残骸,assets/images/武器/猎人十字弓--9eff6f075f.png,原版图鉴
丹巴拉仆从大砍刀,Damballah's Servants' Machete,罕见,刀/劈刀,适合切割骨头、 肉和铠甲。,基础伤害：213–234；攻击间隔：0.87秒；攻击距离（配置）：0.4；暴击几率：10%；暴击倍率：1.3倍；潜行攻击倍率：3倍；耐久：80；叠加上限：1；配置修理次数：1；品质：罕见,,,assets/images/武器/锋利大砍刀--3d9820a371.png,原版图鉴
猎人洛亚的弓,Hunter Loa's Bow,罕见,弓/十字弓,狩猎前， 送葬者会在把箭浸在蛇彭特幽灵的血液里。,基础伤害：333–363；攻击间隔：1.25秒；攻击距离（配置）：6；暴击几率：10%；暴击倍率：1.5倍；潜行攻击倍率：1.3倍；耐久：60；叠加上限：1；配置修理次数：1；品质：罕见,,,assets/images/武器/猎人复合弓--d99a62282e.png,原版图鉴
丹巴拉仆从AKM自动步枪,Damballah's Servants AKM,罕见,突击步枪,铁匠昂贡的仆从全面改装了这把AKM自动步枪， 从枪中射出的子弹填满了丹巴拉的酸液。,基础伤害：67–77；攻击间隔：0.15秒；攻击距离（配置）：6；暴击几率：5%；暴击倍率：1.5倍；潜行攻击倍率：1.3倍；耐久：480；叠加上限：1；配置修理次数：1；品质：罕见,,,assets/images/武器/升级版AKM--58c47902a5.png,原版图鉴
送葬者的酸性武士刀,Undertakers' Acid Katana,罕见,切割,一把优雅的武士刀， 可以轻易穿透敌人的铠甲。,基础伤害：325–345；攻击间隔：1秒；攻击距离（配置）：0.4；暴击几率：15%；暴击倍率：1.5倍；潜行攻击倍率：3倍；耐久：75；叠加上限：1；配置修理次数：1；品质：罕见,,,assets/images/武器/升级版武士刀--bb409c68b4.png,原版图鉴
黑帮电矛,Triad Electrospear,传奇,穿刺,帮派用的矛，在与怕电的送葬者的长期斗争中得到了强化。,基础伤害：175–190；攻击间隔：1.25秒；攻击距离（配置）：0.6；暴击几率：5%；暴击倍率：1.5倍；潜行攻击倍率：3倍；耐久：80；叠加上限：1；配置修理次数：1；品质：传奇,,攻击数值还会随等级缩放。,assets/images/武器/黑帮电矛--3470e327ac.png,原版图鉴
赤龙火箭筒,Red Dragon Rocket Launcher,传奇,重型武器,在大规模枪战中， 黑帮战士会用燃烧性火箭筒武装自己， 这有助于他们扭转局势。,基础伤害：0；攻击间隔：1.5秒；攻击距离（配置）：6；暴击几率：5%；暴击倍率：1.5倍；潜行攻击倍率：1.3倍；耐久：70；叠加上限：1；配置修理次数：1；品质：传奇,,攻击数值还会随等级缩放。；可以被生产；相关工作台：残骸,assets/images/武器/赤龙火箭筒--53d94d78c0.png,原版图鉴
黑帮酸性自动十字弓,Triad Acid Automatic Crossbow,传奇,弓/十字弓,快速而致命的诸葛弩箭穿刺铠甲， 能让目标死于酸性灼伤。,基础伤害：0；攻击间隔：1.43秒；攻击距离（配置）：6；暴击几率：7%；暴击倍率：1.7倍；潜行攻击倍率：1.3倍；耐久：70；叠加上限：1；配置修理次数：1；品质：传奇,,攻击数值还会随等级缩放。,assets/images/武器/黑帮酸性自动十字弓--54743bdb36.png,原版图鉴
丘比特的火焰弓,Cupid's Fiery Bow,传奇,弓/十字弓,一个绰号丘比特的游荡者总是到处射他的箭。因此他被自由游荡者兄弟会开除了。,基础伤害：0；攻击间隔：1.25秒；攻击距离（配置）：6；暴击几率：7%；暴击倍率：1.5倍；潜行攻击倍率：1.3倍；耐久：5600；叠加上限：1；品质：传奇,,攻击数值还会随等级缩放。,assets/images/武器/部落萨满弓--1969bc2ee8.png,原版图鉴
VSS Vintorez-M狙击步枪,VSS Vintorez,未标注,武器,一把战前狙击步枪。 猎头者们最喜欢的武器。,基础伤害：404–434；攻击间隔：1秒；攻击距离（配置）：7；暴击几率：10%；暴击倍率：1.7倍；潜行攻击倍率：1.3倍；耐久：10；叠加上限：1,,当前档案有 3 条同名记录；可能来自不同场景、活动或难度，请比较基础属性。,assets/images/武器/VSS Vintorez-M狙击步枪--5c4a327d02.png,原版图鉴
AKM-A“女战士”自动步枪,AKM-A Warrioress,传奇,突击步枪,纪念国际妇女节的特别版神器武器。,基础伤害：0；攻击间隔：0.125秒；攻击距离（配置）：6；暴击几率：5%；暴击倍率：1.5倍；潜行攻击倍率：1.3倍；耐久：800；叠加上限：1；配置修理次数：1；品质：传奇,,攻击数值还会随等级缩放。,assets/images/武器/AKM-A“吸血鬼”自动步枪--8021bd0207.png,原版图鉴
送葬者的酸性手榴弹,Undertakers' Acid Grenade,传奇,投掷、爆炸,它在爆炸时飞溅出的强酸能够烧穿金属。 送葬者的武器， 对避难所和幸存者定居点使用。,叠加上限：20；品质：传奇,,,assets/images/武器/送葬者的酸性手榴弹--ac74dc1cdb.png,原版图鉴
黄蜂榴弹发射器,Hornet Grenade Launcher,传奇,重型武器,领地的便携式火炮武器。可为要塞兵团小队提供火力支援。,基础伤害：0；攻击间隔：1.65秒；攻击距离（配置）：6；暴击几率：5%；暴击倍率：1.5倍；潜行攻击倍率：1.3倍；耐久：70；叠加上限：1；配置修理次数：1；品质：传奇,,攻击数值还会随等级缩放。；可以被生产；当前档案有 2 条同名记录；可能来自不同场景、活动或难度，请比较基础属性。；相关工作台：残骸,assets/images/武器/黄蜂榴弹发射器--5589141d79.png,原版图鉴
PPSh-41冲锋枪,PPSh-41,罕见,冲锋枪,加尔科夫军事荣耀博物馆的这个展览仍然能够使用。它可以用集中的火力让你的敌人大吃一惊。,基础伤害：43–49；攻击间隔：0.125秒；攻击距离（配置）：6；暴击几率：5%；暴击倍率：1.5倍；潜行攻击倍率：1.3倍；耐久：570；叠加上限：1；配置修理次数：1；品质：罕见,,,assets/images/武器/PPSh-41冲锋枪--a426b19c60.png,原版图鉴
升级版PPSh冲锋枪,Upgraded PPSh,传奇,冲锋枪,传说中的“子弹吞噬者”，经过尖端作战套件升级。它可以保护领地不受任何敌人的侵害。,基础伤害：0；攻击间隔：0.125秒；攻击距离（配置）：6；暴击几率：7%；暴击倍率：1.8倍；潜行攻击倍率：1.3倍；耐久：1460；叠加上限：1；配置修理次数：1；品质：传奇,,攻击数值还会随等级缩放。,assets/images/武器/升级版PPSh冲锋枪--e6c5f5f1b3.png,原版图鉴
冰影之杖,Ice Shadow's Staff,传奇,粉碎、重击,这个黑帮恶龙的力量象征会让你的血液真真正正变得冰冷。,基础伤害：0；攻击间隔：1.75秒；攻击距离（配置）：0.6；暴击几率：5%；暴击倍率：1.5倍；潜行攻击倍率：3倍；耐久：80；叠加上限：1；配置修理次数：1；品质：传奇,,攻击数值还会随等级缩放。,assets/images/武器/冰影之杖--1e1d94459d.png,原版图鉴
火花步枪,Spark Rifle,传奇,步枪,黑帮刺客的步枪永不失误，尤其是用火花瓶神器进行过改装。,基础伤害：0；攻击间隔：1.6秒；攻击距离（配置）：7；暴击几率：10%；暴击倍率：1.7倍；潜行攻击倍率：1.3倍；耐久：70；叠加上限：1；配置修理次数：1；品质：传奇,,攻击数值还会随等级缩放。,assets/images/武器/火花步枪--15c6290cb8.png,原版图鉴
冰龙狩弓,Ice Dragon's Sou Gong,传奇,弓/十字弓,黑帮刺客的受害者最后的感觉，是刺骨的寒冷。,基础伤害：0；攻击间隔：1.25秒；攻击距离（配置）：6；暴击几率：7%；暴击倍率：1.5倍；潜行攻击倍率：1.3倍；耐久：80；叠加上限：1；配置修理次数：1；品质：传奇,,攻击数值还会随等级缩放。,assets/images/武器/冰龙狩弓--b0ac21b035.png,原版图鉴
黑帮电力步枪,Triad Electric Rifle,传奇,突击步枪,来自黑帮步枪的弹雨对敌人造成是毁灭性的闪电打击。,基础伤害：0；攻击间隔：0.125秒；攻击距离（配置）：6；暴击几率：10%；暴击倍率：1.5倍；潜行攻击倍率：1.3倍；耐久：800；叠加上限：1；配置修理次数：1；品质：传奇,,攻击数值还会随等级缩放。,assets/images/武器/黑帮电力步枪--e726a6bfeb.png,原版图鉴
雷鸣,Thunderer,传奇,重型武器,爆炸性的弹药含有异变物质的凝块，这些物质能对敌人造成电击并令其瘫痪。,基础伤害：0；攻击间隔：1.65秒；攻击距离（配置）：6；暴击几率：5%；暴击倍率：1.5倍；潜行攻击倍率：1.3倍；耐久：70；叠加上限：1；配置修理次数：1；品质：传奇,,攻击数值还会随等级缩放。；可以被生产；相关工作台：残骸,assets/images/武器/雷鸣--1b6b5c2419.png,原版图鉴
冰山冷冻弓,Iceberg Cryobow,罕见,弓/十字弓,射向心脏的寒冰箭是熄灭狂腐士的狂热信仰之火的唯一途径。,基础伤害：145–165；攻击间隔：1.5秒；攻击距离（配置）：6；暴击几率：7%；暴击倍率：1.5倍；潜行攻击倍率：1.3倍；耐久：50；叠加上限：1；配置修理次数：1；品质：罕见,,,assets/images/武器/冰山冷冻弓--40dcfbefd3.png,原版图鉴
胡蜂电力弓,Wasp Electric Bow,罕见,弓/十字弓,游荡者使用经过神器改造的武器来攻击敌人的弱点。这张弓非常适合与送葬者战斗。,基础伤害：153–173；攻击间隔：1.5秒；攻击距离（配置）：6；暴击几率：7%；暴击倍率：1.5倍；潜行攻击倍率：1.3倍；耐久：50；叠加上限：1；配置修理次数：1；品质：罕见,,,assets/images/武器/胡蜂电力弓--9583c19577.png,原版图鉴
寒冰冷冻十字弓,Chill Cryocrossbow,罕见,弓/十字弓,传言说武器大师坪瑟制作了这把十字弓，以击退狂腐士。冰冷的复仇最是美味。,基础伤害：220–280；攻击间隔：1.43秒；攻击距离（配置）：6；暴击几率：7%；暴击倍率：1.7倍；潜行攻击倍率：1.3倍；耐久：50；叠加上限：1；配置修理次数：1；品质：罕见,,可以被生产；相关工作台：残骸,assets/images/武器/寒冰冷冻十字弓--8cdd97974f.png,原版图鉴
黎明电力十字弓,Dawn Electric Crossbow,罕见,弓/十字弓,这把十字弓射出的箭会像闪电一样穿透敌人。,基础伤害：232–292；攻击间隔：1.43秒；攻击距离（配置）：6；暴击几率：7%；暴击倍率：1.7倍；潜行攻击倍率：1.3倍；耐久：50；叠加上限：1；配置修理次数：1；品质：罕见,,可以被生产；相关工作台：残骸,assets/images/武器/黎明电力十字弓--fb68653a1a.png,原版图鉴
AKM-A“暴风雪”,AKM-A Snowstorm,罕见,突击步枪,冰冷的子弹会打垮习惯于祭坛热量的狂腐士。,基础伤害：62–71；攻击间隔：0.15秒；攻击距离（配置）：6；暴击几率：5%；暴击倍率：1.5倍；潜行攻击倍率：1.3倍；耐久：480；叠加上限：1；配置修理次数：1；品质：罕见,,,assets/images/武器/AKM-A“暴风雪”--04427124e1.png,原版图鉴
AKM-A“电压”,AKM-A Voltage,罕见,突击步枪,每当送葬者听到电动步枪的枪声，就认为自己激怒了闪电之神索格博。,基础伤害：67–77；攻击间隔：0.15秒；攻击距离（配置）：6；暴击几率：5%；暴击倍率：1.5倍；潜行攻击倍率：1.3倍；耐久：480；叠加上限：1；配置修理次数：1；品质：罕见,,,assets/images/武器/AKM-A“电压”--8df5297634.png,原版图鉴
暗区Vintorez-M,Dark Zone Vintorez-M,未标注,步枪,坪瑟为LRS小队改造了这种狙击系统。可用于暗区。,基础伤害：0；攻击间隔：1秒；攻击距离（配置）：7；暴击几率：10%；暴击倍率：1.7倍；潜行攻击倍率：1.3倍；耐久：120；叠加上限：1,,攻击数值还会随等级缩放。；当前档案有 9 条同名记录；可能来自不同场景、活动或难度，请比较基础属性。,assets/images/武器/暗区Vintorez-M--783a4bec02.png,原版图鉴
暗区AK,Dark Zone AK,未标注,突击步枪,坪瑟用裂痕项目的最新技术改造了这把突击步枪。可以用于复制体。,基础伤害：0；攻击间隔：0.15秒；攻击距离（配置）：6；暴击几率：5%；暴击倍率：1.5倍；潜行攻击倍率：1.3倍；耐久：700；叠加上限：1,,攻击数值还会随等级缩放。；当前档案有 6 条同名记录；可能来自不同场景、活动或难度，请比较基础属性。,assets/images/武器/暗区AK--57743604c6.png,原版图鉴
暗区SPAS-M,Dark Zone SPAS-M,未标注,霰弹枪,改装的战利品散弹枪。自从复制体出现在暗区以来，坪瑟就在向LRS小队提供这样的武器。,基础伤害：0；攻击间隔：1.2秒；攻击距离（配置）：4；暴击几率：7%；暴击倍率：1.7倍；潜行攻击倍率：1.3倍；耐久：100；叠加上限：1,,攻击数值还会随等级缩放。；当前档案有 6 条同名记录；可能来自不同场景、活动或难度，请比较基础属性。,assets/images/武器/暗区SPAS-M--805ef88e9b.png,原版图鉴
暗区Vintorez-M,Dark Zone Vintorez-M,未标注,步枪,坪瑟为LRS小队改造了这种狙击系统。可用于暗区。,基础伤害：0；攻击间隔：1秒；攻击距离（配置）：7；暴击几率：10%；暴击倍率：1.7倍；潜行攻击倍率：1.3倍；耐久：120；叠加上限：1,,攻击数值还会随等级缩放。；当前档案有 9 条同名记录；可能来自不同场景、活动或难度，请比较基础属性。,assets/images/武器/暗区Vintorez-M--a2d2fb1138.png,原版图鉴
暗区Vintorez-M,Dark Zone Vintorez-M,未标注,步枪,坪瑟为LRS小队改造了这种狙击系统。可用于暗区。,基础伤害：0；攻击间隔：1秒；攻击距离（配置）：7；暴击几率：10%；暴击倍率：2.02倍；潜行攻击倍率：1.3倍；耐久：120；叠加上限：1,,攻击数值还会随等级缩放。；当前档案有 9 条同名记录；可能来自不同场景、活动或难度，请比较基础属性。,assets/images/武器/暗区Vintorez-M--b5c8c28931.png,原版图鉴
暗区Vintorez-M,Dark Zone Vintorez-M,未标注,步枪,坪瑟为LRS小队改造了这种狙击系统。可用于暗区。,基础伤害：0；攻击间隔：1秒；攻击距离（配置）：7；暴击几率：10%；暴击倍率：1.7倍；潜行攻击倍率：1.3倍；耐久：120；叠加上限：1,,攻击数值还会随等级缩放。；当前档案有 9 条同名记录；可能来自不同场景、活动或难度，请比较基础属性。,assets/images/武器/暗区Vintorez-M--eee4217f3d.png,原版图鉴
暗区Vintorez-M,Dark Zone Vintorez-M,未标注,武器,坪瑟为LRS小队改造了这种狙击系统。可用于暗区。,基础伤害：0；攻击间隔：1秒；攻击距离（配置）：7；暴击几率：10%；暴击倍率：1.7倍；潜行攻击倍率：1.3倍；耐久：75；叠加上限：1；配置修理次数：1,,攻击数值还会随等级缩放。；当前档案有 9 条同名记录；可能来自不同场景、活动或难度，请比较基础属性。,assets/images/资源材料/能量块--4581a84736.png,原版图鉴
暗区Vintorez-M,Dark Zone Vintorez-M,未标注,武器,坪瑟为LRS小队改造了这种狙击系统。可用于暗区。,基础伤害：0；攻击间隔：1秒；攻击距离（配置）：7；暴击几率：10%；暴击倍率：1.7倍；潜行攻击倍率：1.3倍；耐久：75；叠加上限：1；配置修理次数：1,,攻击数值还会随等级缩放。；当前档案有 9 条同名记录；可能来自不同场景、活动或难度，请比较基础属性。,assets/images/资源材料/能量块--4581a84736.png,原版图鉴
暗区AK,Dark Zone AK,未标注,突击步枪,坪瑟用裂痕项目的最新技术改造了这把突击步枪。可以用于复制体。,基础伤害：0；攻击间隔：0.15秒；攻击距离（配置）：6；暴击几率：5%；暴击倍率：1.5倍；潜行攻击倍率：1.3倍；耐久：700；叠加上限：1,,攻击数值还会随等级缩放。；当前档案有 6 条同名记录；可能来自不同场景、活动或难度，请比较基础属性。,assets/images/武器/暗区AK--76a1ce63ba.png,原版图鉴
暗区AK,Dark Zone AK,未标注,突击步枪,坪瑟用裂痕项目的最新技术改造了这把突击步枪。可以用于复制体。,基础伤害：0；攻击间隔：0.15秒；攻击距离（配置）：6；暴击几率：5%；暴击倍率：2.14倍；潜行攻击倍率：1.3倍；耐久：700；叠加上限：1,,攻击数值还会随等级缩放。；当前档案有 6 条同名记录；可能来自不同场景、活动或难度，请比较基础属性。,assets/images/武器/暗区AK--de1204100d.png,原版图鉴
暗区AK,Dark Zone AK,未标注,突击步枪,坪瑟用裂痕项目的最新技术改造了这把突击步枪。可以用于复制体。,基础伤害：0；攻击间隔：0.15秒；攻击距离（配置）：6；暴击几率：5%；暴击倍率：1.5倍；潜行攻击倍率：1.3倍；耐久：700；叠加上限：1,,攻击数值还会随等级缩放。；当前档案有 6 条同名记录；可能来自不同场景、活动或难度，请比较基础属性。,assets/images/武器/暗区AK--5a6d0616b2.png,原版图鉴
暗区AK,Dark Zone AK,未标注,武器,坪瑟用裂痕项目的最新技术改造了这把突击步枪。可以用于复制体。,基础伤害：0；攻击间隔：0.15秒；攻击距离（配置）：6；暴击几率：5%；暴击倍率：1.5倍；潜行攻击倍率：1.3倍；耐久：700；叠加上限：1；配置修理次数：1,,攻击数值还会随等级缩放。；当前档案有 6 条同名记录；可能来自不同场景、活动或难度，请比较基础属性。,assets/images/资源材料/能量块--4581a84736.png,原版图鉴
暗区AK,Dark Zone AK,未标注,武器,坪瑟用裂痕项目的最新技术改造了这把突击步枪。可以用于复制体。,基础伤害：0；攻击间隔：0.15秒；攻击距离（配置）：6；暴击几率：5%；暴击倍率：1.5倍；潜行攻击倍率：1.3倍；耐久：700；叠加上限：1；配置修理次数：1,,攻击数值还会随等级缩放。；当前档案有 6 条同名记录；可能来自不同场景、活动或难度，请比较基础属性。,assets/images/资源材料/能量块--4581a84736.png,原版图鉴
暗区SPAS-M,Dark Zone SPAS-M,未标注,霰弹枪,改装的战利品散弹枪。自从复制体出现在暗区以来，坪瑟就在向LRS小队提供这样的武器。,基础伤害：0；攻击间隔：1.2秒；攻击距离（配置）：4；暴击几率：7%；暴击倍率：1.7倍；潜行攻击倍率：1.3倍；耐久：100；叠加上限：1,,攻击数值还会随等级缩放。；当前档案有 6 条同名记录；可能来自不同场景、活动或难度，请比较基础属性。,assets/images/武器/暗区SPAS-M--aad250fd31.png,原版图鉴
暗区SPAS-M,Dark Zone SPAS-M,未标注,霰弹枪,改装的战利品散弹枪。自从复制体出现在暗区以来，坪瑟就在向LRS小队提供这样的武器。,基础伤害：0；攻击间隔：1.2秒；攻击距离（配置）：4；暴击几率：7%；暴击倍率：1.7倍；潜行攻击倍率：1.3倍；耐久：100；叠加上限：1,,攻击数值还会随等级缩放。；当前档案有 6 条同名记录；可能来自不同场景、活动或难度，请比较基础属性。,assets/images/武器/暗区SPAS-M--5b493e3bf4.png,原版图鉴
暗区SPAS-M,Dark Zone SPAS-M,未标注,武器,改装的战利品散弹枪。自从复制体出现在暗区以来，坪瑟就在向LRS小队提供这样的武器。,基础伤害：0；攻击间隔：1.2秒；攻击距离（配置）：4；暴击几率：7%；暴击倍率：1.7倍；潜行攻击倍率：1.3倍；耐久：85；叠加上限：1；配置修理次数：1,,攻击数值还会随等级缩放。；当前档案有 6 条同名记录；可能来自不同场景、活动或难度，请比较基础属性。,assets/images/资源材料/能量块--4581a84736.png,原版图鉴
暗区SPAS-M,Dark Zone SPAS-M,未标注,武器,改装的战利品散弹枪。自从复制体出现在暗区以来，坪瑟就在向LRS小队提供这样的武器。,基础伤害：0；攻击间隔：1.2秒；攻击距离（配置）：4；暴击几率：7%；暴击倍率：1.7倍；潜行攻击倍率：1.3倍；耐久：85；叠加上限：1；配置修理次数：1,,攻击数值还会随等级缩放。；当前档案有 6 条同名记录；可能来自不同场景、活动或难度，请比较基础属性。,assets/images/资源材料/能量块--4581a84736.png,原版图鉴
暗区SPAS-M,Dark Zone SPAS-M,未标注,武器,改装的战利品散弹枪。自从复制体出现在暗区以来，坪瑟就在向LRS小队提供这样的武器。,基础伤害：0；攻击间隔：1.2秒；攻击距离（配置）：4；暴击几率：7%；暴击倍率：1.7倍；潜行攻击倍率：1.3倍；耐久：85；叠加上限：1；配置修理次数：1,,攻击数值还会随等级缩放。；当前档案有 6 条同名记录；可能来自不同场景、活动或难度，请比较基础属性。,assets/images/资源材料/能量块--4581a84736.png,原版图鉴
农夫干草叉,Farmer's Pitchfork,罕见,穿刺,有句古老的定居者谚语是这么说的： “不怕棍子， 就怕干草叉。 ”,基础伤害：118–131；攻击间隔：1秒；攻击距离（配置）：1.2；暴击几率：3%；暴击倍率：1.5倍；潜行攻击倍率：4倍；耐久：70；叠加上限：1；配置修理次数：1；品质：罕见,,可以被生产；相关工作台：残骸,assets/images/武器/农夫干草叉--c8e06519e6.png,原版图鉴
斯巴达矛,Spartan Spear,未标注,穿刺,这种由重型材料制成的战术长矛是要塞兵团标准装备的一部分，可部署在恶劣的环境中。,基础伤害：270–280；攻击间隔：1.2秒；攻击距离（配置）：0.9；暴击几率：7%；暴击倍率：1.5倍；潜行攻击倍率：3倍；耐久：60；叠加上限：1；配置修理次数：1,,可以被生产；相关工作台：残骸,assets/images/武器/斯巴达矛--548ee7f98b.png,原版图鉴
斯巴达M矛,Spartan-M Spear,罕见,穿刺,这种由重型材料制成的战术长矛是要塞兵团标准装备的一部分，可部署在恶劣的环境中。,基础伤害：344–352；攻击间隔：1.2秒；攻击距离（配置）：0.9；暴击几率：7%；暴击倍率：1.5倍；潜行攻击倍率：3倍；耐久：60；叠加上限：1；配置修理次数：1；品质：罕见,,,assets/images/武器/斯巴达M矛--f8d6e2d9c0.png,原版图鉴
战术酸性矛,Tactical Acid Spear,罕见,武器,没人确切了解送葬者如何得到了要塞兵团的斯巴达矛。伏都教信徒将矛尖浸泡在强酸中，以攻击穿着铠甲的目标。,基础伤害：265–290；攻击间隔：1.2秒；攻击距离（配置）：0.9；暴击几率：7%；暴击倍率：1.5倍；潜行攻击倍率：3倍；耐久：60；叠加上限：1；配置修理次数：1；品质：罕见,,,assets/images/武器/斯巴达M矛--f8d6e2d9c0.png,原版图鉴
黑帮长矛,Triad Spear,未标注,武器,帮派最危险的武器。黑帮成员会花费数周的时间进行演习。,基础伤害：300–310；攻击间隔：1.2秒；攻击距离（配置）：0.9；暴击几率：7%；暴击倍率：1.5倍；潜行攻击倍率：3倍；耐久：60；叠加上限：1；配置修理次数：1,,可以被生产；相关工作台：残骸,assets/images/武器/黑帮长矛--e4963b2ef6.png,原版图鉴
黑帮毒蝎长矛,Triad Scorp's Spear,罕见,武器,帮派最危险的武器。黑帮成员会花费数周的时间进行演习。,基础伤害：470–480；攻击间隔：1.2秒；攻击距离（配置）：0.9；暴击几率：7%；暴击倍率：1.5倍；潜行攻击倍率：3倍；耐久：60；叠加上限：1；配置修理次数：1；品质：罕见,,,assets/images/武器/黑帮毒蝎长矛--a042db93dc.png,原版图鉴
双管步枪,Two-Barreled Rifle,未标注,霰弹枪,爷爷的狩猎步枪。在领地内，你得双管并用才能活下来。,基础伤害：360–390；攻击间隔：1.35秒；攻击距离（配置）：3.5；暴击几率：10%；暴击倍率：1.7倍；潜行攻击倍率：1.3倍；耐久：50；叠加上限：1；配置修理次数：1,,,assets/images/武器/双管步枪--40c88090ac.png,原版图鉴
升级版步枪,Upgraded Rifle,罕见,霰弹枪,爷爷的狩猎步枪。在领地内，你得双管并用才能活下来。,基础伤害：450–480；攻击间隔：1.35秒；攻击距离（配置）：3.5；暴击几率：10%；暴击倍率：1.7倍；潜行攻击倍率：1.3倍；耐久：50；叠加上限：1；配置修理次数：1；品质：罕见,,,assets/images/武器/升级版步枪--d740152d9e.png,原版图鉴
Mini-14,Mini-14,未标注,步枪,微型半自动卡宾枪，非常适合用于与土匪火拼和进行持久的监视。,基础伤害：265–290；攻击间隔：1秒；攻击距离（配置）：7；暴击几率：10%；暴击倍率：1.7倍；潜行攻击倍率：1.3倍；耐久：70；叠加上限：1；配置修理次数：1,,,assets/images/武器/Mini-14--d0d18a52df.png,原版图鉴
改装版Mini-14,Modified Mini-14,罕见,步枪,微型半自动卡宾枪，非常适合用于与土匪火拼和进行持久的监视。,基础伤害：340–360；攻击间隔：1秒；攻击距离（配置）：6.5；暴击几率：10%；暴击倍率：1.7倍；潜行攻击倍率：1.3倍；耐久：70；叠加上限：1；配置修理次数：1；品质：罕见,,,assets/images/武器/改装版Mini-14--ed3cbec6e6.png,原版图鉴
M1014,M1014,未标注,霰弹枪,核战爆发前陆军使用的半自动霰弹枪。,基础伤害：495–525；攻击间隔：1.25秒；攻击距离（配置）：2.5；暴击几率：7%；暴击倍率：1.7倍；潜行攻击倍率：1.3倍；耐久：60；叠加上限：1；配置修理次数：1,,,assets/images/武器/M1014--9e75f9e46f.png,原版图鉴
战术小组M1014,Tac Team's M1014,罕见,霰弹枪,核战爆发前陆军使用的半自动霰弹枪。,基础伤害：720–750；攻击间隔：1.25秒；攻击距离（配置）：2.5；暴击几率：7%；暴击倍率：1.7倍；潜行攻击倍率：1.3倍；耐久：60；叠加上限：1；配置修理次数：1；品质：罕见,,,assets/images/武器/战术小组M1014--b1eb6aeb3a.png,原版图鉴
黑帮战刃,Triad Glaive,传奇,投掷,一把战刃，由黑帮战士投出，割伤敌人并令其流血。,基础伤害：0；攻击间隔：1秒；攻击距离（配置）：8；暴击几率：10%；暴击倍率：1.8倍；潜行攻击倍率：2倍；叠加上限：20；品质：传奇,,攻击数值还会随等级缩放。,assets/images/武器/黑帮战刃--f4c5a588db.png,原版图鉴
鹰队巴雷特M82,Hawks Barret M82,传奇,步枪,大口径的狙击步枪，为了于轻型装甲的敌方车辆作战而设计。对敌人的人员和焦尸也有效。,基础伤害：0；攻击间隔：1.5秒；攻击距离（配置）：8.5；暴击几率：10%；暴击倍率：1.7倍；潜行攻击倍率：1.3倍；耐久：70；叠加上限：1；配置修理次数：1；品质：传奇,,攻击数值还会随等级缩放。,assets/images/武器/鹰队巴雷特M82--31c627e217.png,原版图鉴
M16“自由”,M16 Liberty,传奇,突击步枪,像M16“自由”一样致命的步枪，只要有节日外表，就不需要任何迷彩。,基础伤害：0；攻击间隔：0.125秒；攻击距离（配置）：6；暴击几率：5%；暴击倍率：1.5倍；潜行攻击倍率：1.3倍；耐久：800；叠加上限：1；配置修理次数：1；品质：传奇,,攻击数值还会随等级缩放。,assets/images/武器/M16“自由”--663443d876.png,原版图鉴
和平制造者,Peacemaker,传奇,手枪,最后领地的射手配枪，是过去牛仔们驰骋狂野西部的忠实武器。因其耐用性和致命的.45口径而备受欢迎。,基础伤害：121–141；攻击间隔：1.1秒；攻击距离（配置）：5.5；暴击几率：7%；暴击倍率：1.5倍；潜行攻击倍率：1.3倍；耐久：90；叠加上限：1；配置修理次数：1；品质：传奇,,攻击数值还会随等级缩放。,assets/images/武器/和平制造者--23b8bf4209.png,原版图鉴
AMT Hardballer,AMT Hardballer Longslide,传奇,手枪,经过现代化改造的著名柯尔特M1911，具有加长的枪管，是鹰队军官的武器。,基础伤害：0；攻击间隔：0.8秒；攻击距离（配置）：4；暴击几率：10%；暴击倍率：1.5倍；潜行攻击倍率：1.3倍；耐久：117；叠加上限：1；配置修理次数：1；品质：传奇,,攻击数值还会随等级缩放。,assets/images/武器/AMT Hardballer--b453c4c442.png,原版图鉴
SVD-A ”裁决” 狙击步枪,SVD-А Verdict,传奇,武器,一把装有血刺神器模块的步枪。如果目标没被一击毙命，也会因失血过多而死。,基础伤害：0；攻击间隔：1.6秒；攻击距离（配置）：8.5；暴击几率：10%；暴击倍率：1.7倍；潜行攻击倍率：1.3倍；耐久：70；叠加上限：1；配置修理次数：1；品质：传奇,,攻击数值还会随等级缩放。；当前档案有 4 条同名记录；可能来自不同场景、活动或难度，请比较基础属性。,assets/images/武器/SVD-A ”裁决” 狙击步枪--d8557faa00.png,原版图鉴
SVD-A ”裁决” 狙击步枪,SVD-А Verdict,传奇,武器,一把装有血刺神器模块的步枪。如果目标没被一击毙命，也会因失血过多而死。,基础伤害：0；攻击间隔：1.6秒；攻击距离（配置）：8.5；暴击几率：10%；暴击倍率：1.7倍；潜行攻击倍率：1.3倍；耐久：70；叠加上限：1；配置修理次数：1；品质：传奇,,攻击数值还会随等级缩放。；当前档案有 4 条同名记录；可能来自不同场景、活动或难度，请比较基础属性。,assets/images/武器/SVD-A ”裁决” 狙击步枪--d8557faa00.png,原版图鉴
SVD-A ”裁决” 狙击步枪,SVD-А Verdict,传奇,武器,一把装有血刺神器模块的步枪。如果目标没被一击毙命，也会因失血过多而死。,基础伤害：0；攻击间隔：1.6秒；攻击距离（配置）：8.5；暴击几率：10%；暴击倍率：1.7倍；潜行攻击倍率：1.3倍；耐久：70；叠加上限：1；配置修理次数：1；品质：传奇,,攻击数值还会随等级缩放。；当前档案有 4 条同名记录；可能来自不同场景、活动或难度，请比较基础属性。,assets/images/武器/SVD-A ”裁决” 狙击步枪--d8557faa00.png,原版图鉴
惊喜-3设备,Surprise-3 Device,传奇,实验武器,你不知道这个武器将会发射什么，更不用说你的敌人了。,基础伤害：0；攻击间隔：0.15秒；攻击距离（配置）：6；暴击几率：5%；暴击倍率：1.5倍；潜行攻击倍率：1.3倍；耐久：300；叠加上限：1；配置修理次数：1；品质：传奇,,攻击数值还会随等级缩放。；可在D.O.Z周年纪念礼物里找到。,assets/images/武器/惊喜-3设备--34431eb6dd.png,原版图鉴
暗区Vintorez-M,Dark Zone Vintorez-M,未标注,步枪,坪瑟为LRS小队改造了这种狙击系统。可用于暗区。,基础伤害：0；攻击间隔：1秒；攻击距离（配置）：7；暴击几率：10%；暴击倍率：1.7倍；潜行攻击倍率：1.3倍；耐久：120；叠加上限：1,,攻击数值还会随等级缩放。；当前档案有 9 条同名记录；可能来自不同场景、活动或难度，请比较基础属性。,assets/images/武器/暗区Vintorez-M--783a4bec02.png,原版图鉴
暗区Vintorez-M,Dark Zone Vintorez-M,未标注,步枪,坪瑟为LRS小队改造了这种狙击系统。可用于暗区。,基础伤害：0；攻击间隔：1秒；攻击距离（配置）：7；暴击几率：10%；暴击倍率：1.7倍；潜行攻击倍率：1.3倍；耐久：120；叠加上限：1,,攻击数值还会随等级缩放。；当前档案有 9 条同名记录；可能来自不同场景、活动或难度，请比较基础属性。,assets/images/武器/暗区Vintorez-M--a2d2fb1138.png,原版图鉴
暗区Vintorez-M,Dark Zone Vintorez-M,未标注,步枪,坪瑟为LRS小队改造了这种狙击系统。可用于暗区。,基础伤害：0；攻击间隔：1秒；攻击距离（配置）：7；暴击几率：10%；暴击倍率：2.02倍；潜行攻击倍率：1.3倍；耐久：120；叠加上限：1,,攻击数值还会随等级缩放。；当前档案有 9 条同名记录；可能来自不同场景、活动或难度，请比较基础属性。,assets/images/武器/暗区Vintorez-M--b5c8c28931.png,原版图鉴
龙舌矛,Dragon's Tongue Spear,传奇,穿刺,黑帮有能够对付任何敌人的武器。这些长矛可以将仓库居民烧成灰烬。,基础伤害：0；攻击间隔：1.25秒；攻击距离（配置）：0.6；暴击几率：5%；暴击倍率：1.5倍；潜行攻击倍率：3倍；耐久：80；叠加上限：1；配置修理次数：1；品质：传奇,,攻击数值还会随等级缩放。,assets/images/武器/龙舌矛--6c35b3fc08.png,原版图鉴
硬化锤子,Hardened Hammer,未标注,粉碎、重击,锤头经过加固的锤子，几乎可以打碎所有东西，包括铸铁堆和花岗岩盒子。,基础伤害：375–390；攻击间隔：1.45秒；攻击距离（配置）：0.4；暴击几率：5%；暴击倍率：1.5倍；潜行攻击倍率：3倍；耐久：75；叠加上限：1；配置修理次数：1,,,assets/images/武器/硬化锤子--4cce5ed2d4.png,原版图鉴
硬化斧头,Hardened Axe,未标注,切割,重型工具，具有硬化的斧刃和强化的斧柄。用于砍伐尖叫森林的变异松树。,基础伤害：320–335；攻击间隔：1.25秒；攻击距离（配置）：0.4；暴击几率：5%；暴击倍率：1.5倍；潜行攻击倍率：3倍；耐久：75；叠加上限：1；配置修理次数：1,,,assets/images/武器/硬化斧头--8d06f2b7b7.png,原版图鉴
蛇咬步枪,Viper Bite Rifle,传奇,步枪,黑帮久经考验、值得信赖的可怕武器之一，用来对付任何穿着铠甲的人。,基础伤害：0；攻击间隔：1.6秒；攻击距离（配置）：7；暴击几率：10%；暴击倍率：1.7倍；潜行攻击倍率：1.3倍；耐久：70；叠加上限：1；配置修理次数：1；品质：传奇,,攻击数值还会随等级缩放。,assets/images/武器/蛇咬步枪--cdab43dff5.png,原版图鉴
地狱散弹枪,Inferno Shotgun,传奇,霰弹枪,凡是不愿意和黑帮合作的人，都会在龙脚下化为灰烬。,基础伤害：0；攻击间隔：1.2秒；攻击距离（配置）：4；暴击几率：7%；暴击倍率：1.7倍；潜行攻击倍率：1.3倍；耐久：85；叠加上限：1；配置修理次数：1；品质：传奇,,攻击数值还会随等级缩放。,assets/images/武器/地狱散弹枪--72c28f3f0e.png,原版图鉴
格洛克-A冷冻枪,Glock-A Cryo,传奇,手枪,黑帮并不介意使用别人的科技。加装坪瑟的神器系统的鹰队手枪，已经成为黑帮最喜欢的武器之一。,基础伤害：0；攻击间隔：1.1秒；攻击距离（配置）：4；暴击几率：7%；暴击倍率：1.5倍；潜行攻击倍率：1.3倍；耐久：90；叠加上限：1；配置修理次数：1；品质：传奇,,攻击数值还会随等级缩放。,assets/images/武器/格洛克-A冷冻枪--9d008243ff.png,原版图鉴
森林监督员的弓,Forest Warden's Bow,传奇,弓/十字弓,从一根颤抖的、几乎有生命的弦上射出毒箭，射向入侵者或逃亡者。,基础伤害：1；攻击间隔：1.1秒；攻击距离（配置）：6；暴击几率：7%；暴击倍率：1.5倍；潜行攻击倍率：1.3倍；耐久：80；叠加上限：1；配置修理次数：1；品质：传奇,,攻击数值还会随等级缩放。,assets/images/武器/森林监督员的弓--535599cf27.png,原版图鉴
森林姐妹的鞭子,Forest Sisters' Whip,传奇,切割,游荡者都知道，当远处传来森林之子鞭子的呼啸声，通常随之而来的就是死亡的呼号。,基础伤害：1；攻击间隔：0.9秒；攻击距离（配置）：0.4；暴击几率：10%；暴击倍率：1.3倍；潜行攻击倍率：3倍；耐久：115；叠加上限：1；配置修理次数：1；品质：传奇,,攻击数值还会随等级缩放。,assets/images/武器/森林姐妹的鞭子--4cd016771a.png,原版图鉴
森林战利品SKS,Forest Trophy SKS,传奇,步枪,步枪在射手的手中摆动，仿佛是想自己找到目标。,基础伤害：1；攻击间隔：1.4秒；攻击距离（配置）：8.5；暴击几率：10%；暴击倍率：1.7倍；潜行攻击倍率：1.3倍；耐久：70；叠加上限：1；配置修理次数：1；品质：传奇,,攻击数值还会随等级缩放。,assets/images/武器/森林战利品SKS--8fbfb39f9c.png,原版图鉴
工头之锤,Foreman's Hammer,罕见,粉碎、重击,挥动这把锤子的人都会感觉到它的力道， 几乎就像它自己拥有强烈的意志一样。,基础伤害：242–270；攻击间隔：1.4秒；攻击距离（配置）：0.4；暴击几率：5%；暴击倍率：1.5倍；潜行攻击倍率：3倍；耐久：70；叠加上限：1；配置修理次数：1；品质：罕见,,,assets/images/武器/工头之锤--59f8945cae.png,原版图鉴
PP-91“酷刑”,PP-91 Torture,罕见,冲锋枪,可以速射的“酷刑”会向受害者发射一连串的子弹，就像一群嗜血的昆虫。,基础伤害：78–94；攻击间隔：0.15秒；攻击距离（配置）：3.5；暴击几率：10%；暴击倍率：1.5倍；潜行攻击倍率：1.3倍；耐久：475；叠加上限：1；配置修理次数：1；品质：罕见,,,assets/images/武器/PP-91“酷刑”--51e10b202d.png,原版图鉴
血腥TT手枪,Bloody TT,罕见,手枪,每一枪都像疯狗的吼叫，撕咬猎物的肉。,基础伤害：167–176；攻击间隔：0.4秒；攻击距离（配置）：4；暴击几率：5%；暴击倍率：1.5倍；潜行攻击倍率：1.3倍；耐久：180；叠加上限：1；配置修理次数：1；品质：罕见,,,assets/images/武器/血腥TT手枪--1b644d5fd7.png,原版图鉴
血腥AK,Bloody AK,传奇,突击步枪,只要把枪口对准目标，血腥的触手就会伸出来扣动扳机。,基础伤害：0；攻击间隔：0.125秒；攻击距离（配置）：6；暴击几率：7%；暴击倍率：1.5倍；潜行攻击倍率：1.3倍；耐久：480；叠加上限：1；配置修理次数：1；品质：传奇,,攻击数值还会随等级缩放。,assets/images/武器/血腥AK--282afebf73.png,原版图鉴
撕裂散弹枪,Laceration Shotgun,传奇,霰弹枪,当受害者流血时，武器会震动并发出食肉动物般的轻声咆哮。,基础伤害：0；攻击间隔：1.2秒；攻击距离（配置）：4；暴击几率：7%；暴击倍率：1.7倍；潜行攻击倍率：1.3倍；耐久：85；叠加上限：1；配置修理次数：1；品质：传奇,,攻击数值还会随等级缩放。,assets/images/武器/撕裂散弹枪--dc9f2463e1.png,原版图鉴
死亡狂怒博尔特枪,Fury of Death Boltgun,传奇,突击步枪,重型博尔特枪的火力堪比死亡洛亚神的沸腾酸液，甚至可以穿透最厚的铠甲。,基础伤害：1；攻击间隔：0.4秒；攻击距离（配置）：5；暴击几率：15%；暴击倍率：1.8倍；潜行攻击倍率：1.3倍；耐久：250；叠加上限：1；配置修理次数：1；品质：传奇,,攻击数值还会随等级缩放。,assets/images/武器/死亡狂怒博尔特枪--e8fb608bf7.png,原版图鉴
死亡召唤步枪,Call of Death Rifle,传奇,步枪,死面男爵萨梅迪在他的房间里等待着访客。用这支步枪开一枪，就能立刻把你带到那里。,基础伤害：0；攻击间隔：1.6秒；攻击距离（配置）：7；暴击几率：10%；暴击倍率：1.7倍；潜行攻击倍率：1.3倍；耐久：70；叠加上限：1；配置修理次数：1；品质：传奇,,攻击数值还会随等级缩放。,assets/images/武器/死亡召唤步枪--c2a3ae42a8.png,原版图鉴
巫师的埋葬双刃大砍刀,Houngan's Burial Claymore,传奇,切割,如果萨梅迪男爵想要的话，挥刀一砍就足以将敌人送到冥界。,基础伤害：0；攻击间隔：0.87秒；攻击距离（配置）：0.4；暴击几率：5%；暴击倍率：1.5倍；潜行攻击倍率：3倍；耐久：115；叠加上限：1；配置修理次数：1；品质：传奇,,攻击数值还会随等级缩放。,assets/images/武器/巫师的埋葬双刃大砍刀--60d5dcfc84.png,原版图鉴
萨梅迪卫士之斧,Samedi Guard's Axe,传奇,切割,送葬者认为，对于杀死伟大蛇彭特之敌的凶猛杀手，铁匠神灵昂贡会强化他们的铠甲。,基础伤害：0；攻击间隔：1.1秒；攻击距离（配置）：0.4；暴击几率：10%；暴击倍率：1.8倍；潜行攻击倍率：3倍；耐久：115；叠加上限：1；配置修理次数：1；品质：传奇,,攻击数值还会随等级缩放。,assets/images/武器/萨梅迪卫士之斧--cbd000a0ce.png,原版图鉴
死亡虫群散弹枪,Death Swarm Shotgun,传奇,霰弹枪,无论敌人多么众多，都无法阻止伟大蛇彭特意志的传承者！,基础伤害：0；攻击间隔：1秒；攻击距离（配置）：2.5；暴击几率：7%；暴击倍率：1.7倍；潜行攻击倍率：1.3倍；耐久：85；叠加上限：1；配置修理次数：1；品质：传奇,,攻击数值还会随等级缩放。,assets/images/武器/死亡虫群散弹枪--df014b3a8a.png,原版图鉴
火焰步枪的审判,Trial by Fire Rifle,传奇,步枪,这支步枪的炽热弹丸可以爆炸，并向附近的狂腐之敌散播净化之火。,基础伤害：1；攻击间隔：1.6秒；攻击距离（配置）：7；暴击几率：10%；暴击倍率：1.7倍；潜行攻击倍率：1.3倍；耐久：70；叠加上限：1；配置修理次数：1；品质：传奇,,攻击数值还会随等级缩放。,assets/images/武器/火焰步枪的审判--bd31d09c3e.png,原版图鉴
信仰之军的狂热,Fervor of Faith Crucifier,传奇,手枪,审判的主要目标是烧掉异端，要么让罪人皈依真正信仰，要么让他们的肉体化为灰烬（摘自荣耀盲者的讲道）,基础伤害：0；攻击间隔：0.6秒；攻击距离（配置）：4；暴击几率：10%；暴击倍率：1.5倍；潜行攻击倍率：1.3倍；耐久：170；叠加上限：1；配置修理次数：1；品质：传奇,,攻击数值还会随等级缩放。,assets/images/武器/信仰之军的狂热--52b9d7a127.png,原版图鉴
坟墓焚化器,Tomb Incinerator,传奇,切割,尽管判官蔑视送葬者，但仍用他们的科技武装自己，不仅刀剑焚烧罪人的肉体，还用酸液融化他们被腐蚀的铠甲。,基础伤害：0；攻击间隔：1.1秒；攻击距离（配置）：0.4；暴击几率：10%；暴击倍率：1.5倍；潜行攻击倍率：3倍；耐久：85；叠加上限：1；配置修理次数：1；品质：传奇,,攻击数值还会随等级缩放。,assets/images/武器/坟墓焚化器--c88a1117fd.png,原版图鉴
森林野兽锤子,Forest Beast's Hammer,未标注,粉碎、重击,赋予主动能力“森林之根”，对影响范围内所有敌人造成伤害。,基础伤害：4000–4200；攻击间隔：1.1秒；攻击距离（配置）：8；暴击倍率：1.3倍；潜行攻击倍率：3倍；耐久：130；叠加上限：1；配置修理次数：2,森林之根：充能伤害：15000。：,当前档案有 2 条同名记录；可能来自不同场景、活动或难度，请比较基础属性。,assets/images/武器/森林野兽锤子--11a076e7e3.png,原版图鉴
北极Vintorez-M,Arctic Vintorez-M,传奇,步枪,经过改造的步枪，可以远距离冻结并击杀敌人，被冻结的敌人无法靠近射手。,基础伤害：0；攻击间隔：1秒；攻击距离（配置）：7；暴击几率：10%；暴击倍率：1.7倍；潜行攻击倍率：1.3倍；耐久：120；叠加上限：1；配置修理次数：1；品质：传奇,,攻击数值还会随等级缩放。；当前档案有 5 条同名记录；可能来自不同场景、活动或难度，请比较基础属性。,assets/images/资源材料/能量块--4581a84736.png,原版图鉴
北极Vintorez-M,Arctic Vintorez-M,传奇,步枪,经过改造的步枪，可以远距离冻结并击杀敌人，被冻结的敌人无法靠近射手。,基础伤害：0；攻击间隔：1秒；攻击距离（配置）：7；暴击几率：10%；暴击倍率：1.7倍；潜行攻击倍率：1.3倍；耐久：75；叠加上限：1；配置修理次数：1；品质：传奇,,攻击数值还会随等级缩放。；当前档案有 5 条同名记录；可能来自不同场景、活动或难度，请比较基础属性。,assets/images/武器/北极Vintorez-M--524faaa712.png,原版图鉴
北极Vintorez-M,Arctic Vintorez-M,传奇,步枪,经过改造的步枪，可以远距离冻结并击杀敌人，被冻结的敌人无法靠近射手。,基础伤害：0；攻击间隔：1秒；攻击距离（配置）：7；暴击几率：10%；暴击倍率：1.7倍；潜行攻击倍率：1.3倍；耐久：75；叠加上限：1；配置修理次数：1；品质：传奇,,攻击数值还会随等级缩放。；当前档案有 5 条同名记录；可能来自不同场景、活动或难度，请比较基础属性。,assets/images/武器/北极Vintorez-M--f53ffc3719.png,原版图鉴
北极Vintorez-M,Arctic Vintorez-M,传奇,步枪,经过改造的步枪，可以远距离冻结并击杀敌人，被冻结的敌人无法靠近射手。,基础伤害：0；攻击间隔：1秒；攻击距离（配置）：7；暴击几率：10%；暴击倍率：2.02倍；潜行攻击倍率：1.3倍；耐久：75；叠加上限：1；配置修理次数：1；品质：传奇,,攻击数值还会随等级缩放。；当前档案有 5 条同名记录；可能来自不同场景、活动或难度，请比较基础属性。,assets/images/武器/北极Vintorez-M--468352a786.png,原版图鉴
北极AKM,Arctic AKM,传奇,突击步枪,一把神器突击步枪，针对对寒冷敏感的敌人进行过改造。,基础伤害：0；攻击间隔：0.15秒；攻击距离（配置）：6；暴击几率：5%；暴击倍率：1.5倍；潜行攻击倍率：1.3倍；耐久：700；叠加上限：1；配置修理次数：1；品质：传奇,,攻击数值还会随等级缩放。；当前档案有 4 条同名记录；可能来自不同场景、活动或难度，请比较基础属性。,assets/images/武器/北极AKM--b188be820d.png,原版图鉴
北极AKM,Arctic AKM,传奇,突击步枪,一把神器突击步枪，针对对寒冷敏感的敌人进行过改造。,基础伤害：0；攻击间隔：0.15秒；攻击距离（配置）：6；暴击几率：5%；暴击倍率：1.5倍；潜行攻击倍率：1.3倍；耐久：700；叠加上限：1；配置修理次数：1；品质：传奇,,攻击数值还会随等级缩放。；当前档案有 4 条同名记录；可能来自不同场景、活动或难度，请比较基础属性。,assets/images/武器/北极AKM--3115bc1902.png,原版图鉴
北极AKM,Arctic AKM,传奇,突击步枪,一把神器突击步枪，针对对寒冷敏感的敌人进行过改造。,基础伤害：0；攻击间隔：0.15秒；攻击距离（配置）：6；暴击几率：5%；暴击倍率：2.14倍；潜行攻击倍率：1.3倍；耐久：700；叠加上限：1；配置修理次数：1；品质：传奇,,攻击数值还会随等级缩放。；当前档案有 4 条同名记录；可能来自不同场景、活动或难度，请比较基础属性。,assets/images/武器/北极AKM--f6e862a439.png,原版图鉴
北极AKM,Arctic AKM,传奇,突击步枪,一把神器突击步枪，针对对寒冷敏感的敌人进行过改造。,基础伤害：0；攻击间隔：0.15秒；攻击距离（配置）：6；暴击几率：5%；暴击倍率：1.5倍；潜行攻击倍率：1.3倍；耐久：700；叠加上限：1；配置修理次数：1；品质：传奇,,攻击数值还会随等级缩放。；当前档案有 4 条同名记录；可能来自不同场景、活动或难度，请比较基础属性。,assets/images/武器/北极AKM--a1900db808.png,原版图鉴
北极SPAS-M,Arctic SPAS-M,传奇,霰弹枪,任何近身战斗的敌人，都会被经过神器改造的寒冰弹丸冻结。 被冻结的敌人无法逃离。,基础伤害：0；攻击间隔：1.2秒；攻击距离（配置）：4；暴击几率：7%；暴击倍率：1.7倍；潜行攻击倍率：1.3倍；耐久：85；叠加上限：1；配置修理次数：1；品质：传奇,,攻击数值还会随等级缩放。；当前档案有 3 条同名记录；可能来自不同场景、活动或难度，请比较基础属性。,assets/images/武器/北极SPAS-M--8fdedb1cc3.png,原版图鉴
北极SPAS-M,Arctic SPAS-M,传奇,霰弹枪,任何近身战斗的敌人，都会被经过神器改造的寒冰弹丸冻结。 被冻结的敌人无法逃离。,基础伤害：0；攻击间隔：1.2秒；攻击距离（配置）：4；暴击几率：7%；暴击倍率：1.7倍；潜行攻击倍率：1.3倍；耐久：85；叠加上限：1；配置修理次数：1；品质：传奇,,攻击数值还会随等级缩放。；当前档案有 3 条同名记录；可能来自不同场景、活动或难度，请比较基础属性。,assets/images/武器/北极SPAS-M--db5475895e.png,原版图鉴
北极SPAS-M,Arctic SPAS-M,传奇,霰弹枪,任何近身战斗的敌人，都会被经过神器改造的寒冰弹丸冻结。 被冻结的敌人无法逃离。,基础伤害：0；攻击间隔：1.2秒；攻击距离（配置）：4；暴击几率：7%；暴击倍率：1.7倍；潜行攻击倍率：1.3倍；耐久：85；叠加上限：1；配置修理次数：1；品质：传奇,,攻击数值还会随等级缩放。；当前档案有 3 条同名记录；可能来自不同场景、活动或难度，请比较基础属性。,assets/images/武器/北极SPAS-M--51f6bfa22e.png,原版图鉴
北极Mosin-M,Arctic Mosin-M,传奇,步枪,经过神器改造的冬季款7.62毫米经典步枪，威力强大，聚合物部件显著提高了它的耐用性。,基础伤害：0；攻击间隔：1.4秒；攻击距离（配置）：8.5；暴击几率：10%；暴击倍率：1.7倍；潜行攻击倍率：1.3倍；耐久：70；叠加上限：1；配置修理次数：1；品质：传奇,,攻击数值还会随等级缩放。,assets/images/武器/北极Mosin-M--855905d15b.png,原版图鉴
灭绝者加特林机枪,Exterminator Gatling Gun,未标注,重型武器,赋予主动能力“灭绝”：所选目标受到更高的伤害，射击速度提高。,基础伤害：450–500；攻击间隔：0.115秒；攻击距离（配置）：7；暴击几率：5%；暴击倍率：1.5倍；潜行攻击倍率：1.3倍；耐久：1000；叠加上限：1；配置修理次数：2,灭绝：充能伤害：10000。 冷却时间：16秒：暂时增加输出伤害。,,assets/images/武器/灭绝者加特林机枪--3e3064a558.png,原版图鉴
火焰喷射器,Flamethrower,传奇,重型武器,有些地方是在核战之后出现的，最好是把它们烧成白地。没有什么比火焰喷射器更好用的了！,基础伤害：0；攻击间隔：0.5秒；攻击距离（配置）：3.2；暴击几率：10%；暴击倍率：1.25倍；潜行攻击倍率：2倍；耐久：250；叠加上限：1；配置修理次数：1；品质：传奇,,攻击数值还会随等级缩放。；当前档案有 2 条同名记录；可能来自不同场景、活动或难度，请比较基础属性。,assets/images/武器/火焰喷射器--277e76b234.png,原版图鉴
坟墓火焰十字弓,Crossbow of the Tomb Fire,传奇,弓/十字弓,狂腐士的审判武器，由两个异象强化。有厚甲保护，可净化异教徒身上的枯萎病。,基础伤害：0；攻击间隔：0.6秒；攻击距离（配置）：6；暴击几率：7%；暴击倍率：1.7倍；潜行攻击倍率：1.3倍；耐久：170；叠加上限：1；配置修理次数：1；品质：传奇,,攻击数值还会随等级缩放。；可以被生产；相关工作台：残骸,assets/images/武器/坟墓火焰十字弓--155ef6bfe4.png,原版图鉴
粉碎锤,Smasher,传奇,粉碎、重击,领地上最好的铁匠的锤子，保护铠甲不受伤害，每次打击敌人都能恢复生命值。,基础伤害：0；攻击间隔：1.45秒；攻击距离（配置）：0.4；暴击几率：10%；暴击倍率：1.6倍；潜行攻击倍率：3倍；耐久：80；叠加上限：1；配置修理次数：1；品质：传奇,,攻击数值还会随等级缩放。；当前档案有 2 条同名记录；可能来自不同场景、活动或难度，请比较基础属性。,assets/images/武器/粉碎锤--a33d0c3684.png,原版图鉴
南十字星步枪,Crux Rifle,传奇,步枪,与射手一起屏住呼吸，然后急速释放，对目标造成重伤。,基础伤害：0；攻击间隔：1.6秒；攻击距离（配置）：8.5；暴击几率：10%；暴击倍率：1.8倍；潜行攻击倍率：1.3倍；耐久：70；叠加上限：1；配置修理次数：1；品质：传奇,,攻击数值还会随等级缩放。,assets/images/武器/南十字星步枪--8714eee9ed.png,原版图鉴
森林野兽锤子,Forest Beast's Hammer,传奇,粉碎、重击,看上去很重，但一旦拿起它，就会感觉到这把锤子很想加入战斗，粉碎尖叫之神的敌人。,基础伤害：0；攻击间隔：0.8秒；攻击距离（配置）：0.4；暴击几率：5%；暴击倍率：1.5倍；潜行攻击倍率：3倍；耐久：70；叠加上限：1；配置修理次数：1；品质：传奇,,攻击数值还会随等级缩放。；当前档案有 2 条同名记录；可能来自不同场景、活动或难度，请比较基础属性。,assets/images/武器/森林野兽锤子--d3d8c53fd7.png,原版图鉴
狱吏斧头,Turnkey's Axe,传奇,切割,这种掠食性的武器嚎叫着咬破肉体，咆哮着啜饮敌血。,基础伤害：0；攻击间隔：1.1秒；攻击距离（配置）：0.4；暴击几率：15%；暴击倍率：2.2倍；潜行攻击倍率：3倍；耐久：115；叠加上限：1；配置修理次数：1；品质：传奇,,攻击数值还会随等级缩放。,assets/images/武器/狱吏斧头--80f547d5fd.png,原版图鉴
鹰队MP5,Hawks MP5,传奇,冲锋枪,战前专门为私人军事企业鹰队生产的传奇MP5的标志性特征就是可靠性的提高。,基础伤害：0；攻击间隔：0.115秒；攻击距离（配置）：4；暴击几率：15%；暴击倍率：1.5倍；潜行攻击倍率：1.3倍；耐久：850；叠加上限：1；配置修理次数：1；品质：传奇,,攻击数值还会随等级缩放。,assets/images/武器/鹰队MP5--5d8a2b2f21.png,原版图鉴
斯泰尔AUG,Steyr AUG,传奇,冲锋枪,因为这种突击步枪的外观，游荡者们把它叫做“鱼”，鹰队老兵很欣赏它的高精确度和射速。,基础伤害：0；攻击间隔：0.17秒；攻击距离（配置）：6.5；暴击几率：5%；暴击倍率：1.5倍；潜行攻击倍率：1.3倍；耐久：450；叠加上限：1；配置修理次数：1；品质：传奇,,攻击数值还会随等级缩放。,assets/images/武器/斯泰尔AUG--3ee2568ce5.png,原版图鉴
沙漠之鹰,Desert Eagle,传奇,手枪,即使在核战之前，人们也认为它的威力过于强大。如今它的主要价值在于能够一枪结束任何战斗。,基础伤害：121–141；攻击间隔：1.2秒；攻击距离（配置）：5；暴击几率：7%；暴击倍率：2倍；潜行攻击倍率：1.3倍；耐久：90；叠加上限：1；配置修理次数：1；品质：传奇,,攻击数值还会随等级缩放。,assets/images/武器/沙漠之鹰--e03768ee54.png,原版图鉴
AB战术步枪,AB Tactical,传奇,步枪,最好的鹰队狙击手甚至不用瞄准就能用这支步枪击中留名者的眼睛。,基础伤害：0；攻击间隔：1.4秒；攻击距离（配置）：8.5；暴击几率：10%；暴击倍率：2.3倍；潜行攻击倍率：1.3倍；耐久：75；叠加上限：1；配置修理次数：1；品质：传奇,,攻击数值还会随等级缩放。,assets/images/武器/AB战术步枪--994f06dca7.png,原版图鉴
汤米冲锋枪,Tommy Gun,罕见,突击步枪,从战前珍品收藏家那里偷来的博物馆展品。,基础伤害：103–121；攻击间隔：0.125秒；攻击距离（配置）：6；暴击几率：10%；暴击倍率：1.5倍；潜行攻击倍率：1.3倍；耐久：610；叠加上限：1；配置修理次数：1；品质：罕见,,当前档案有 2 条同名记录；可能来自不同场景、活动或难度，请比较基础属性。,assets/images/武器/汤米冲锋枪--47d8917157.png,原版图鉴
AKM“米达斯”,AKM Midas,传奇,突击步枪,这把武器是领地上地位高的象征。它是手工组装的，装有重型机械和异象材料，似乎能吸引黄金。,基础伤害：0；攻击间隔：0.15秒；攻击距离（配置）：6；暴击几率：7%；暴击倍率：1.5倍；潜行攻击倍率：1.3倍；耐久：1050；叠加上限：1；配置修理次数：2；品质：传奇,,攻击数值还会随等级缩放。,assets/images/武器/AKM“米达斯”--fb803b1a3b.png,原版图鉴
AKM齐射,AKM Volley,未标注,突击步枪,赋予你主动能力：炮兵训练。发射一枚热能榴弹，对整个区域造成伤害。,基础伤害：240–315；攻击间隔：0.15秒；攻击距离（配置）：6；暴击几率：10%；暴击倍率：1.5倍；潜行攻击倍率：1.3倍；耐久：750；叠加上限：1；配置修理次数：2,炮兵训练：充能所需伤害：9000。冷却时间：3秒。：能量值上限： +50%。,,assets/images/武器/AKM齐射--9ad6746d3e.png,原版图鉴
Groza A,Groza A,传奇,突击步枪,要塞兵团LRS部队可以来无影去无踪。也可以突然发射一片从天而降的闪电。,基础伤害：0；攻击间隔：0.15秒；攻击距离（配置）：6；暴击几率：7%；暴击倍率：1.5倍；潜行攻击倍率：1.3倍；耐久：700；叠加上限：1；配置修理次数：1；品质：传奇,,攻击数值还会随等级缩放。,assets/images/武器/Groza A--4c1b11521f.png,原版图鉴
伟大蛇彭特魂狩,Great Serpent's Soultaker,未标注,突击步枪,赋予你自动能力：蛇彭特的掩护。所有对你造成伤害的敌人都会受到酸性伤害作为回击。,基础伤害：533–585；攻击间隔：0.14秒；攻击距离（配置）：6；暴击几率：7%；暴击倍率：1.5倍；潜行攻击倍率：1.3倍；耐久：577；叠加上限：1；配置修理次数：2,蛇彭特的掩护：充能所需伤害：6000。 冷却时间：21秒。持续时间：15秒。：大幅提升弓箭伤害。,,assets/images/武器/伟大蛇彭特魂狩--bad3e3610a.png,原版图鉴
黄蜂榴弹发射器,Hornet Grenade Launcher,传奇,重型武器,,基础伤害：0；攻击间隔：1.5秒；攻击距离（配置）：6；暴击几率：5%；暴击倍率：1.5倍；潜行攻击倍率：1.3倍；耐久：70；叠加上限：1；配置修理次数：1；品质：传奇,,攻击数值还会随等级缩放。；可以被生产；当前档案有 2 条同名记录；可能来自不同场景、活动或难度，请比较基础属性。；相关工作台：残骸,assets/images/资源材料/能量块--4581a84736.png,原版图鉴
森林守护者之弓,Forest Guardian Bow,未标注,弓/十字弓,赋予你主动能力：森林蔓延。射出数支箭，造成范围毒素伤害，并使敌人麻痹。,基础伤害：1900–2000；攻击间隔：1.25秒；攻击距离（配置）：6；暴击几率：10%；暴击倍率：1.5倍；潜行攻击倍率：1.3倍；耐久：110；叠加上限：1；配置修理次数：2,森林蔓延：充能所需伤害：12500。 冷却时间：3秒。：延长射箭时间。,,assets/images/武器/森林守护者之弓--327c28cadd.png,原版图鉴
送葬者酸性劈刀,Undertakers' Acid Cleaver,罕见,刀/劈刀,用酸处理过的刀能刺穿最坚韧的铠甲。,基础伤害：103–121；攻击间隔：0.87秒；攻击距离（配置）：0.4；暴击几率：5%；暴击倍率：1.3倍；潜行攻击倍率：3倍；耐久：80；叠加上限：1；配置修理次数：1；品质：罕见,,当前档案有 3 条同名记录；可能来自不同场景、活动或难度，请比较基础属性。,assets/images/武器/厨师的劈刀--2745f12da8.png,原版图鉴
送葬者酸性劈刀,Undertakers' Acid Cleaver,罕见,刀/劈刀,用酸处理过的刀能刺穿最坚韧的铠甲。,基础伤害：103–121；攻击间隔：0.87秒；攻击距离（配置）：0.4；暴击几率：5%；暴击倍率：1.3倍；潜行攻击倍率：3倍；耐久：80；叠加上限：1；配置修理次数：1；品质：罕见,,当前档案有 3 条同名记录；可能来自不同场景、活动或难度，请比较基础属性。,assets/images/武器/厨师的劈刀--2745f12da8.png,原版图鉴
嗜血步枪,Bloodlust Rifle,未标注,步枪,赋予主动能力“血流”：对直线区域施加伤害并造成重伤，恢复你的生命值。,基础伤害：2100–2300；攻击间隔：1.4秒；攻击距离（配置）：8.5；暴击几率：20%；暴击倍率：1.5倍；潜行攻击倍率：1.3倍；耐久：115；叠加上限：1；配置修理次数：2,血流：充能伤害：15000。治疗时间：10秒。 冷却时间：3秒。：燃料。,,assets/images/武器/嗜血步枪--098bdc7c27.png,原版图鉴
Vepr-A Ifrit,Vepr-A Ifrit,传奇,霰弹枪,这把散弹枪开枪后，要想保守行动的秘密就不可能了。但有了这样的火力，这不会成为问题。,基础伤害：0；攻击间隔：1秒；攻击距离（配置）：4；暴击几率：7%；暴击倍率：1.7倍；潜行攻击倍率：1.3倍；耐久：100；叠加上限：1；配置修理次数：1；品质：传奇,,攻击数值还会随等级缩放。,assets/images/武器/Vepr-A Ifrit--d710c8e748.png,原版图鉴
PM-A“静电”,PM-A Static,传奇,手枪,游荡者喜爱PM，因为它简单又可靠。经过坪瑟改装的版本是一件危险的神器武器。,基础伤害：0；攻击间隔：0.6秒；攻击距离（配置）：4；暴击几率：7%；暴击倍率：1.5倍；潜行攻击倍率：1.3倍；耐久：90；叠加上限：1；配置修理次数：1；品质：传奇,,攻击数值还会随等级缩放。,assets/images/武器/PM-A“静电”--800d17a2b6.png,原版图鉴
FAMAS F1,FAMAS F1,传奇,突击步枪,国外特种部队小队，鹰队的分队，十分推崇FAMAS前所未有的准确性、可靠性和可用性。,基础伤害：0；攻击间隔：0.14秒；攻击距离（配置）：6；暴击几率：15%；暴击倍率：1.5倍；潜行攻击倍率：1.3倍；耐久：700；叠加上限：1；配置修理次数：1；品质：传奇,,攻击数值还会随等级缩放。,assets/images/武器/FAMAS F1--f4233265e9.png,原版图鉴
P90,P90,传奇,冲锋枪,当年，P90是未来的武器。一个永远不会到来的未来。,基础伤害：0；攻击间隔：0.115秒；攻击距离（配置）：6；暴击几率：5%；暴击倍率：1.5倍；潜行攻击倍率：1.3倍；耐久：800；叠加上限：1；配置修理次数：1；品质：传奇,,攻击数值还会随等级缩放。,assets/images/武器/P90--58d4d450be.png,原版图鉴
特警UMP,SWAT UMP,传奇,冲锋枪,鹰队喜欢在空战中使用UMP。它的威力强大，性能可靠，而且结构简单。,基础伤害：0；攻击间隔：0.17秒；攻击距离（配置）：6；暴击几率：5%；暴击倍率：1.5倍；潜行攻击倍率：1.3倍；耐久：565；叠加上限：1；配置修理次数：1；品质：传奇,,攻击数值还会随等级缩放。,assets/images/武器/特警UMP--c7ab26c5a9.png,原版图鉴
Shotgun Rain,Shotgun Rain,传奇,霰弹枪,"Upon close inspection, you can make out a worn-out engraving etched into the side of the weapon. “Some stay dry, while others feel the pain...""",基础伤害：0；攻击间隔：1秒；攻击距离（配置）：2.5；暴击几率：7%；暴击倍率：1.7倍；潜行攻击倍率：1.3倍；耐久：5000；叠加上限：1；品质：传奇,,攻击数值还会随等级缩放。,assets/images/武器/死亡虫群散弹枪--df014b3a8a.png,原版图鉴
Infinity Soultaker,Infinity Soultaker,传奇,突击步枪,Striders become immortal when they wield this godly weapon. It can only be found at Xenon's lair.,基础伤害：0；攻击间隔：0.125秒；攻击距离（配置）：6；暴击几率：5%；暴击倍率：1.5倍；潜行攻击倍率：1.3倍；耐久：24500；叠加上限：1；品质：传奇,,攻击数值还会随等级缩放。,assets/images/武器/AKM-A“吸血鬼”自动步枪--8021bd0207.png,原版图鉴
Vengeance Calvaire,Vengeance Calvaire,传奇,突击步枪,"Forged with the heart of Prime Carnifex, and cursed by a dark ritual which guides every bullet to seek vengeance for its masters.",基础伤害：0；攻击间隔：0.15秒；攻击距离（配置）：6；暴击几率：5%；暴击倍率：1.5倍；潜行攻击倍率：1.3倍；耐久：24500；叠加上限：1；品质：传奇,,攻击数值还会随等级缩放。,assets/images/武器/牧师狂腐士AKM--97aff916df.png,原版图鉴
Storm,Storm,传奇,步枪,An experimental rifle with parts made of a durable titanium alloy. Killing power and silence are the best features of this weapon that will serve its owner forever thanks to its unusual durability.,基础伤害：1；攻击间隔：1.4秒；攻击距离（配置）：8.5；暴击几率：10%；暴击倍率：1.7倍；潜行攻击倍率：1.3倍；耐久：5000；叠加上限：1；品质：传奇,,攻击数值还会随等级缩放。,assets/images/武器/森林战利品SKS--8fbfb39f9c.png,原版图鉴
斯泰尔AUG Patrick,Steyr AUG Patrick,传奇,冲锋枪,命运变幻莫测。这种现代化的武器会给主人带来好运……也会给目标带来厄运。,基础伤害：0；攻击间隔：0.17秒；攻击距离（配置）：6.5；暴击几率：15%；暴击倍率：2.48倍；潜行攻击倍率：1.3倍；耐久：450；叠加上限：1；配置修理次数：1；品质：传奇,,攻击数值还会随等级缩放。,assets/images/武器/斯泰尔AUG Patrick--1b47a30567.png,原版图鉴
屠夫的劈刀,Butcher's Cleaver,传奇,刀/劈刀,这把劈刀是在狂腐士焚化场的熔炉里制造的，是送给屠夫的礼物，他被邪教崇为弹坑使者。,基础伤害：103–121；攻击间隔：0.65秒；攻击距离（配置）：0.52；暴击几率：7%；暴击倍率：1.3倍；潜行攻击倍率：3倍；耐久：120；叠加上限：1；配置修理次数：1；品质：传奇,,攻击数值还会随等级缩放。,assets/images/武器/屠夫的劈刀--16b60109eb.png,原版图鉴
审判之眼,Eye of Inquisition,传奇,步枪,审判狙击手从远处施予救赎。无论异教徒选择躲在哪种铠甲后面，坟墓火焰都会从内部净化他们。,基础伤害：1；攻击间隔：1.4秒；攻击距离（配置）：7；暴击几率：20%；暴击倍率：1.5倍；潜行攻击倍率：1.3倍；耐久：70；叠加上限：1；配置修理次数：1；品质：传奇,,攻击数值还会随等级缩放。,assets/images/武器/审判之眼--0b5a89d215.png,原版图鉴
蛇彭特之怒,Wrath of the Serpent,传奇,重型武器,“伟大蛇彭特的力量将会爆发，当它的血液渗入敌人的铠甲并用酸液溶解他们的身体时，我们的敌人就将灭亡！”——萨梅迪阿索格巫师。,基础伤害：0；攻击间隔：1.5秒；攻击距离（配置）：6；暴击几率：5%；暴击倍率：1.5倍；潜行攻击倍率：1.3倍；耐久：70；叠加上限：1；配置修理次数：1；品质：传奇,,攻击数值还会随等级缩放。；可以被生产；相关工作台：残骸,assets/images/武器/蛇彭特之怒--2bae88fe46.png,原版图鉴
三连击,Triple Strike,未标注,霰弹枪,赋予主动能力“雷暴”，对目标周围造成电击范围伤害并令敌人瘫痪。,基础伤害：2200–2450；攻击间隔：1.2秒；攻击距离（配置）：4；暴击几率：7%；暴击倍率：1.7倍；潜行攻击倍率：1.3倍；耐久：112；叠加上限：1；配置修理次数：2,"雷暴：充能伤害：19,000。冷却时间：3秒：优良燃料。",,assets/images/武器/三连击--762e0c3a43.png,原版图鉴
战术汤米枪,"Tactical ""Tommy""",传奇,冲锋枪,对老式黑色电影的热爱使得鹰队指挥官之一对冲锋枪进行了改装，以适应领地的战斗情况。枪的外壳上有一段微妙的铭文：“别忘了打开蓝灯以获得好运”。,基础伤害：0；攻击间隔：0.125秒；攻击距离（配置）：6.5；暴击倍率：2倍；潜行攻击倍率：1.3倍；耐久：650；叠加上限：1；配置修理次数：1；品质：传奇,,攻击数值还会随等级缩放。,assets/images/武器/战术汤米枪--3994469ed2.png,原版图鉴
史密斯韦森M500,Smith & Wesson M500,传奇,手枪,核战前制造的大口径左轮手枪。在扛得住其后坐力的人手中非常有说服力。,基础伤害：1；攻击间隔：1.1秒；攻击距离（配置）：5；暴击几率：7%；暴击倍率：2倍；潜行攻击倍率：1.3倍；耐久：90；叠加上限：1；配置修理次数：1；品质：传奇,,攻击数值还会随等级缩放。；当前档案有 2 条同名记录；可能来自不同场景、活动或难度，请比较基础属性。,assets/images/武器/史密斯韦森M500--02ae4c9af3.png,原版图鉴
鹰队的贝雷塔,Hawks' Beretta,传奇,手枪,一支核战前生产的专属版本手枪，也是对鹰队指挥官多年服役的荣誉奖励。,基础伤害：0；攻击间隔：0.6秒；攻击距离（配置）：6；暴击几率：7%；暴击倍率：1.5倍；潜行攻击倍率：1.3倍；耐久：160；叠加上限：1；配置修理次数：1；品质：传奇,,攻击数值还会随等级缩放。,assets/images/武器/鹰队的贝雷塔--c6ede02ddb.png,原版图鉴
鹰队防卫型散弹枪,Hawks' Protecta,传奇,霰弹枪,自动散弹枪，鹰队突击小队的武器。可以用铅弹轰击任何阻碍他们前进的人。,基础伤害：0；攻击间隔：1.2秒；攻击距离（配置）：4；暴击几率：7%；暴击倍率：1.7倍；潜行攻击倍率：1.3倍；耐久：80；叠加上限：1；配置修理次数：1；品质：传奇,,攻击数值还会随等级缩放。,assets/images/武器/鹰队防卫型散弹枪--75161b7981.png,原版图鉴
M14神射手,M14 Marksman,传奇,步枪,M14的改进版狙击枪，将其缺点转化为优点：可靠、准确、致命。,基础伤害：0；攻击间隔：1.3秒；攻击距离（配置）：7.5；暴击几率：10%；暴击倍率：1.7倍；潜行攻击倍率：1.3倍；耐久：70；叠加上限：1；配置修理次数：1；品质：传奇,,攻击数值还会随等级缩放。,assets/images/武器/M14神射手--1cc2df369b.png,原版图鉴
突击队火箭筒,Commando Rocket Launcher,未标注,重型武器,赋予主动能力“火风暴”，造成范围伤害并使敌人着火。,基础伤害：1636–3036；攻击间隔：1.5秒；攻击距离（配置）：6；暴击几率：5%；暴击倍率：1.5倍；潜行攻击倍率：1.3倍；耐久：112；叠加上限：1；配置修理次数：2,火风暴：充能伤害：12000。冷却时间：6秒：在领地上受到重视。,,assets/images/武器/突击队火箭筒--9c427d569e.png,原版图鉴
平锅锤,Panhammer,传奇,霰弹枪,要塞兵团只缴获了几把这种散弹枪。它们在突破警戒线时将极为有用。,基础伤害：0；攻击间隔：0.8秒；攻击距离（配置）：4；暴击几率：5%；暴击倍率：2倍；潜行攻击倍率：1.3倍；耐久：100；叠加上限：1；配置修理次数：1；品质：传奇,,攻击数值还会随等级缩放。,assets/images/武器/平锅锤--81ba1885dd.png,原版图鉴
海辛十字弓,Hellsings' Crossbow,传奇,弓/十字弓,要塞兵团的多轮十字弓，用于LRS二排 （专门击杀第二波死灵变异体）。,基础伤害：0；攻击间隔：1.35秒；攻击距离（配置）：6；暴击几率：7%；暴击倍率：1.7倍；潜行攻击倍率：1.3倍；耐久：70；叠加上限：1；配置修理次数：1；品质：传奇,,攻击数值还会随等级缩放。,assets/images/武器/海辛十字弓--fbab6d9d83.png,原版图鉴
C.M.A.设备,C.M.A. Device,未标注,实验武器,"战斗物质湮灭器（C.M.A.）。
赋予主动能力“湮灭”，它会发射等离子光束，造成巨大范围伤害。",基础伤害：3700–3900；攻击间隔：1.2秒；攻击距离（配置）：7；暴击几率：5%；暴击倍率：1.7倍；潜行攻击倍率：1.3倍；耐久：90；叠加上限：1；配置修理次数：2,湮灭：充能伤害：24000。冷却时间：5秒：对敌人造成伤害， 并回复你的生命值。,,assets/images/武器/C.M.A.设备--349f0fb18e.png,原版图鉴
压缩-M设备,Compact-M Device,未标注,实验武器,赋予主动能力“压缩”，可暂时减少附近敌人的大小、生命值和伤害30%。普通攻击有15%的几率减少敌人的大小。,基础伤害：500–560；攻击间隔：0.185秒；攻击距离（配置）：6；暴击几率：5%；暴击倍率：1.5倍；潜行攻击倍率：1.3倍；耐久：756；叠加上限：1；配置修理次数：2,压缩：充能伤害：15000。冷却时间：5秒：阻止捕食性苔藓造成的减速效果。,,assets/images/武器/压缩-M设备--766c0f5887.png,原版图鉴
双贝雷塔-A“北方”,"Dual Berettas-A ""Nord""",传奇,手枪,坪瑟为兄弟会制造了贝雷塔-A“北方”，而且只成对提供。它们是游荡者进入扭曲异象区的武器。,基础伤害：0；攻击间隔：0.3秒；攻击距离（配置）：4；暴击几率：7%；暴击倍率：1.5倍；潜行攻击倍率：1.3倍；耐久：90；叠加上限：1；配置修理次数：1；品质：传奇,,攻击数值还会随等级缩放。,assets/images/武器/双贝雷塔-A“北方”--056b7a85af.png,原版图鉴
Saiga-M“纳米流”,"Saiga-M ""Nanoflow""",传奇,霰弹枪,兄弟会的向导并不总是知道他们在新的路线上会遇到什么。经过改装后可使用纳米技术的塞加手枪能帮助他们生存。,基础伤害：0；攻击间隔：1.2秒；攻击距离（配置）：4.5；暴击几率：7%；暴击倍率：1.7倍；潜行攻击倍率：1.3倍；耐久：85；叠加上限：1；配置修理次数：1；品质：传奇,,攻击数值还会随等级缩放。,assets/images/武器/Saiga-M“纳米流”--783011ff50.png,原版图鉴
AG-17“雪崩”,"AG-17 ""Avalanche""",传奇,重型武器,要塞兵团用于攻击来自火焰异象区的焦尸的破坏性武器。,基础伤害：0；攻击间隔：1.2秒；攻击距离（配置）：7；暴击几率：5%；暴击倍率：1.5倍；潜行攻击倍率：1.3倍；耐久：70；叠加上限：1；配置修理次数：1；品质：传奇,,攻击数值还会随等级缩放。,assets/images/武器/AG-17“雪崩”--54baf8c753.png,原版图鉴
兄弟会VSS Vintorez,Brotherhood VSS Vintorez,传奇,步枪,传奇特别版 VSS Vintorez。手工组装并由重型材料制成。,基础伤害：0；攻击间隔：1秒；攻击距离（配置）：7；暴击几率：10%；暴击倍率：1.7倍；潜行攻击倍率：1.3倍；耐久：75；叠加上限：1；配置修理次数：1；品质：传奇,,攻击数值还会随等级缩放。,assets/images/武器/兄弟会VSS Vintorez--1263c2d1cf.png,原版图鉴
散弹枪,Shotgun,未标注,霰弹枪,一种可靠的光膛步枪。 在近距离战斗中非常有效。,基础伤害：294–324；攻击间隔：1秒；攻击距离（配置）：2.5；暴击几率：10%；暴击倍率：1.7倍；潜行攻击倍率：1.3倍；耐久：70；叠加上限：1；配置修理次数：1,,当前档案有 5 条同名记录；可能来自不同场景、活动或难度，请比较基础属性。,assets/images/武器/散弹枪--629d5e6841.png,原版图鉴
永恒礼仪,Eternal Liturgy,未标注,重型武器,"“不仅仅是身体，不！罪人的灵魂必须在火焰中燃烧！”核战门徒。

获得主动能力“掌控身体”，暂时免疫任何减速效果。",基础伤害：330–380；攻击间隔：0.115秒；攻击距离（配置）：7；暴击几率：5%；暴击倍率：1.5倍；潜行攻击倍率：1.3倍；耐久：1000；叠加上限：1；配置修理次数：2,"“掌控身体”：
充能所需伤害：8500。冷却时间：16 秒。：剧情任务物品。",,assets/images/武器/永恒礼仪--186a0bd0b1.png,原版图鉴
燃烧冰雹,Burning Hail,传奇,霰弹枪,“怀疑就是不忠的标志。弹丸会将罪人的身体撕成碎片，但真理和火焰会净化他们的灵魂！”来自荣耀盲者的布道。,基础伤害：0；攻击间隔：1秒；攻击距离（配置）：4.5；暴击几率：7%；暴击倍率：1.7倍；潜行攻击倍率：1.3倍；耐久：100；叠加上限：1；配置修理次数：1；品质：传奇,,攻击数值还会随等级缩放。,assets/images/武器/燃烧冰雹--cc2852fc44.png,原版图鉴
旧AKM,Old AKM,未标注,突击步枪,一种传说中的武器， 在各地都能找到不同的版本。,基础伤害：32–47；攻击间隔：0.15秒；攻击距离（配置）：5；暴击几率：3%；暴击倍率：1.2倍；潜行攻击倍率：1.3倍；耐久：440；叠加上限：1,,可以被生产；相关工作台：残骸,assets/images/武器/AKM--ec1a9c7219.png,原版图鉴
贝雷塔-A“地狱”,"Berettas-A ""Inferno""",传奇,手枪,"由坪瑟设计的双贝雷塔，用于下到仓库里。
使用每日剧情任务奖励的详细物品进行组装。",基础伤害：0；攻击间隔：0.3秒；攻击距离（配置）：5.2；暴击几率：7%；暴击倍率：1.5倍；潜行攻击倍率：1.3倍；耐久：140；叠加上限：1；配置修理次数：1；品质：传奇,,攻击数值还会随等级缩放。,assets/images/武器/贝雷塔-A“地狱”--7586b57b86.png,原版图鉴
霍坎十字弓,Hokan Crossbow,未标注,弓/十字弓,"从送葬者那里窃取的技术经过了黑帮大师的改进，并与传统武器相结合。
赋予一项自动能力：玉盾。攻击你的敌人会受到坟墓火焰伤害。",基础伤害：2100–2450；攻击间隔：1.2秒；攻击距离（配置）：6；暴击几率：7%；暴击倍率：1.5倍；潜行攻击倍率：1.3倍；耐久：120；叠加上限：1；配置修理次数：2,玉盾：充能所需伤害：10000。 冷却时间：17秒。持续时间：15秒。：剧情任务物品。,,assets/images/武器/霍坎十字弓--0fb11ddb50.png,原版图鉴
死亡之舞,Dance of Death,传奇,突击步枪,萨梅迪男爵的仆从用忠实的手，通过这把武器播下了死亡的种子，从中生长出了尖叫声和坟墓火焰的闪光。,基础伤害：20–23；攻击间隔：0.125秒；攻击距离（配置）：6；暴击几率：7%；暴击倍率：1.5倍；潜行攻击倍率：1.3倍；耐久：400；叠加上限：1；配置修理次数：1；品质：传奇,,攻击数值还会随等级缩放。；当前档案有 2 条同名记录；可能来自不同场景、活动或难度，请比较基础属性。,assets/images/武器/死亡之舞--79ccd72b7e.png,原版图鉴
坟墓之语,Tomb Word,未标注,重型武器,赋予主动能力“死亡地带”，造成范围伤害，并在一个区域中用坟墓火焰焚烧敌人。,基础伤害：1825–2962；攻击间隔：1.5秒；攻击距离（配置）：6.5；暴击几率：5%；暴击倍率：1.5倍；潜行攻击倍率：1.3倍；耐久：112；叠加上限：1；配置修理次数：2,“死亡地带” 充能所需伤害：20000。冷却时间：7秒：第1名奖励。,,assets/images/武器/坟墓之语--4b2f57928d.png,原版图鉴
蛇彭特之眼,Serpent's Eyes,未标注,弓/十字弓,赋予主动能力灵魂之怒：+20%伤害治疗效果。有30%的闪避几率。增加奔跑速度20%。,基础伤害：1488–1755；攻击间隔：0.55秒；攻击距离（配置）：6；暴击几率：7%；暴击倍率：1.5倍；潜行攻击倍率：1.3倍；耐久：140；叠加上限：1；配置修理次数：2,灵魂之怒：充能所需伤害：13000。 冷却时间：17秒。持续时间：10秒。：第3名奖励。,,assets/images/武器/蛇彭特之眼--0b2ee1bad1.png,原版图鉴
尚戈的魂狩,Shango's Soultaker,未标注,突击步枪,"送葬者驱逐了尚戈洛亚的仆从，激怒了洛亚。增加对蛇彭特新娘、萨梅迪伏都教巫师和瘟疫伏都教巫师的伤害。

给予自动能力：尚戈的灾祸。所有伤害你的敌人都会受到返还的电力伤害。",基础伤害：427–468；攻击间隔：0.14秒；攻击距离（配置）：7；暴击几率：7%；暴击倍率：1.5倍；潜行攻击倍率：1.3倍；耐久：577；叠加上限：1；配置修理次数：2,“尚戈的灾祸”：充能所需伤害：6000。 冷却时间：21秒。持续时间：15秒。：,,assets/images/武器/尚戈的魂狩--7e46d3eb5f.png,原版图鉴
鹰队AF-M,Hawks AF-M,未标注,突击步枪,"作为与研究所合作的结果，鹰队枪匠获得了现代技术，并将他们的突击队使用的武器进行了现代化。
赋予你主动能力“闪光”，造成范围伤害，降低移动速度并增加敌人的失误率。",基础伤害：362–402；攻击间隔：0.15秒；攻击距离（配置）：6；暴击几率：12%；暴击倍率：1.6倍；潜行攻击倍率：1.3倍；耐久：950；叠加上限：1；配置修理次数：2,"闪光：
充能伤害：10,000。冷却时间：3秒：令重伤造成的伤害减少12%。",,assets/images/武器/鹰队AF-M--3087d496d8.png,原版图鉴
冰锤,Icehammer,传奇,霰弹枪,在与焦尸的战斗中经过了考验，平锅锤已经升级，对火焰死灵变异体更加有效。,基础伤害：0；攻击间隔：0.8秒；攻击距离（配置）：4；暴击几率：5%；暴击倍率：2倍；潜行攻击倍率：1.3倍；耐久：100；叠加上限：1；配置修理次数：1；品质：传奇,,攻击数值还会随等级缩放。,assets/images/武器/冰锤--ee1f2e98fc.png,原版图鉴
AB-A冰震,AB-A Iceshock,传奇,步枪,传说中的步枪，经过冰-9 强化。狂腐士和火焰变异体最糟糕的新年恶梦。,基础伤害：0；攻击间隔：1.4秒；攻击距离（配置）：8.5；暴击几率：10%；暴击倍率：2.3倍；潜行攻击倍率：1.3倍；耐久：75；叠加上限：1；配置修理次数：1；品质：传奇,,攻击数值还会随等级缩放。,assets/images/武器/AB-A冰震--ed104842cb.png,原版图鉴
坪瑟冷冻喷射器,Pincer's Cryothrower,未标注,重型武器,"它原本的设计目的是作为鸡尾酒的便携式冰块来源。但现在它作为一种强大的冰霜武器而受到追捧。

给予你主动能力：雪球。可对目标造成更大的伤害，并使其周围的敌人减速。",基础伤害：800–1300；攻击间隔：0.5秒；攻击距离（配置）：3.2；暴击几率：10%；暴击倍率：1.25倍；潜行攻击倍率：1.3倍；耐久：350；叠加上限：1；配置修理次数：2,"雪球：
充能伤害：12,000。冷却时间：5秒。：需要黑帮仪式蜡烛。",,assets/images/武器/坪瑟冷冻喷射器--9678eb5b16.png,原版图鉴
雷暴-A Toros,Thunderstorm-A Toros,传奇,突击步枪,结合了射击速度、火力和神器模块的冰-9可以冷却核炬士的热量，更不用说普通的邪教成员了。,基础伤害：0；攻击间隔：0.15秒；攻击距离（配置）：6；暴击几率：7%；暴击倍率：1.5倍；潜行攻击倍率：1.3倍；耐久：700；叠加上限：1；配置修理次数：1；品质：传奇,,攻击数值还会随等级缩放。,assets/images/武器/雷暴-A Toros--7abd3bebb0.png,原版图鉴
冰川博尔特枪,Boltgun Glacier,传奇,突击步枪,冰-9可以把一支普通的博尔特枪变成一件可怕的武器，用以对抗燃烧的焦尸和崇拜他们的狂热分子。,基础伤害：1；攻击间隔：0.25秒；攻击距离（配置）：5；暴击几率：15%；暴击倍率：1.8倍；潜行攻击倍率：1.3倍；耐久：250；叠加上限：1；配置修理次数：1；品质：传奇,,攻击数值还会随等级缩放。,assets/images/武器/冰川博尔特枪--fadb97932c.png,原版图鉴
礼物AKM暴风雪,Gift AKM Snowstorm,传奇,突击步枪,一把神器突击步枪，针对对寒冷敏感的敌人进行过改造。,基础伤害：0；攻击间隔：0.15秒；攻击距离（配置）：6；暴击几率：5%；暴击倍率：1.5倍；潜行攻击倍率：1.3倍；耐久：200；叠加上限：1；品质：传奇,,攻击数值还会随等级缩放。,assets/images/武器/北极AKM--b188be820d.png,原版图鉴
死亡之舞,Dance of Death,传奇,突击步枪,萨梅迪男爵的仆从用忠实的手，通过这把武器播下了死亡的种子，从中生长出了尖叫声和坟墓火焰的闪光。,基础伤害：20–23；攻击间隔：0.125秒；攻击距离（配置）：6；暴击几率：7%；暴击倍率：1.5倍；潜行攻击倍率：1.3倍；耐久：400；叠加上限：1；配置修理次数：1；品质：传奇,,攻击数值还会随等级缩放。；当前档案有 2 条同名记录；可能来自不同场景、活动或难度，请比较基础属性。,assets/images/武器/死亡之舞--79ccd72b7e.png,原版图鉴
Intra-9,Intra-9,传奇,冲锋枪,为守卫储藏室和鹰队阵地其他设施的哨兵提供的标准武器。,基础伤害：0；攻击间隔：0.17秒；攻击距离（配置）：6；暴击几率：7%；暴击倍率：1.4倍；潜行攻击倍率：1.3倍；耐久：480；叠加上限：1；配置修理次数：1；品质：传奇,,攻击数值还会随等级缩放。,assets/images/武器/Intra-9--6b26d425cb.png,原版图鉴
A-1设备,A-1 Device,未标注,手枪,"研究所的一项实验性设计。旨在保护设施人员在密闭空间内不被累积过多的标本所影响。

赋予主动能力扩张，造成基于对目标的射击次数的范围伤害。",基础伤害：1100–1300；攻击间隔：0.45秒；攻击距离（配置）：6；暴击几率：7%；暴击倍率：1.5倍；潜行攻击倍率：1.3倍；耐久：200；叠加上限：1；配置修理次数：2,"扩张：充能伤害：10,000。冷却时间：7秒：增加火焰伤害。",,assets/images/武器/A-1设备--2cfeae4610.png,原版图鉴
TEN-1设备,TEN-1 Device,未标注,霰弹枪,"研究所武器，可在搜索和捕获诺亚无人机系统无法获取的标本时，最大限度地减少人员损失。

赋予主动能力诱捕器，使敌人的攻击速度降低30%，持续10秒。它会让除头目以外的所有人瘫痪5秒。",基础伤害：600–1200；攻击间隔：1秒；攻击距离（配置）：4；潜行攻击倍率：1.3倍；耐久：115；叠加上限：1；配置修理次数：2,"诱捕器：充能伤害：19,000。冷却时间：3秒：可以打开。",,assets/images/武器/TEN-1设备--f48e37c130.png,原版图鉴
信仰的支柱,Pillar of Faith,传奇,粉碎、重击,“显然， 狂腐士获得了来自‘黑色方尖碑’的特殊武器……”要塞兵团调查队报告。,基础伤害：0；攻击间隔：1.25秒；攻击距离（配置）：0.6；暴击几率：5%；暴击倍率：1.5倍；潜行攻击倍率：3倍；耐久：80；叠加上限：1；配置修理次数：1；品质：传奇,,攻击数值还会随等级缩放。；当前档案有 2 条同名记录；可能来自不同场景、活动或难度，请比较基础属性。,assets/images/武器/信仰的支柱--aab08c37dc.png,原版图鉴
血龙,Bloody Dragon,传奇,步枪,在会用的人手中，这种武器会像闻到敌人鲜血的龙一样苏醒过来。,基础伤害：0；攻击间隔：1.6秒；攻击距离（配置）：7；暴击几率：10%；暴击倍率：1.8倍；潜行攻击倍率：1.3倍；耐久：70；叠加上限：1；配置修理次数：1；品质：传奇,,攻击数值还会随等级缩放。,assets/images/武器/血龙--9d6a7391cb.png,原版图鉴
神龙手枪,Shenlong Pistols,传奇,手枪,黑帮战士花费数年时间来磨练双持射击，以便在眨眼间夺走任何部落敌人的生命。,基础伤害：0；攻击间隔：0.4秒；攻击距离（配置）：5；暴击几率：7%；暴击倍率：1.4倍；潜行攻击倍率：1.3倍；耐久：150；叠加上限：1；配置修理次数：1；品质：传奇,,攻击数值还会随等级缩放。,assets/images/武器/神龙手枪--ac9d150411.png,原版图鉴
玛瑙突击步枪,Onyx Assault Rifle,未标注,突击步枪,"直到最近为止，精英武器都仅供巨龙的私人保安使用。

赋予主动能力“等离子冲击”：造成等离子范围伤害，并使敌人易受电力伤害，持续10秒。",基础伤害：150–170；攻击间隔：0.15秒；攻击距离（配置）：6；暴击几率：10%；暴击倍率：1.5倍；潜行攻击倍率：1.3倍；耐久：850；叠加上限：1；配置修理次数：2,"等离子冲击：
充能伤害：3000。冷却时间：6秒：可与商人斯普林特营地的CHAP交易坐标。",,assets/images/武器/玛瑙突击步枪--6f8ec09f73.png,原版图鉴
恶龙拳刃,Dragon Katars,未标注,刀/劈刀,"致命的金龙电刃。结合了千年的传统和先进的黑帮技术。

赋予主动能力“龙击”：造成1000点范围伤害并致盲敌人，之后拳刃对你前方锥形范围内的敌人造成伤害，持续5秒。",基础伤害：1261–1658；攻击间隔：0.6秒；攻击距离（配置）：0.4；暴击几率：10%；暴击倍率：1.5倍；潜行攻击倍率：3倍；耐久：270；叠加上限：1；配置修理次数：2,"龙击：充能伤害：10,000。冷却时间：5秒：可以在1级壁炉上烹饪。",,assets/images/武器/恶龙拳刃--33f0d29bd1.png,原版图鉴
火神十字弓,Hephaestus Crossbow,传奇,弓/十字弓,LRS战士很熟悉如何在仓库下水道中杀敌：通过潜行和火焰伤害。,基础伤害：0；攻击间隔：1.35秒；攻击距离（配置）：6；暴击几率：7%；暴击倍率：1.7倍；潜行攻击倍率：1.3倍；耐久：190；叠加上限：1；配置修理次数：1；品质：传奇,,攻击数值还会随等级缩放。；可以被生产；相关工作台：残骸,assets/images/武器/火神十字弓--cc048a7040.png,原版图鉴
雷暴-A“黎明”,Thunderstorm-A Dawn,传奇,突击步枪,特殊的LRS武器。对易受热能攻击伤害的敌人非常有效。,基础伤害：0；攻击间隔：0.15秒；攻击距离（配置）：6；暴击几率：7%；暴击倍率：1.5倍；潜行攻击倍率：1.3倍；耐久：700；叠加上限：1；配置修理次数：1；品质：传奇,,攻击数值还会随等级缩放。,assets/images/武器/雷暴-A“黎明”--edb63ea668.png,原版图鉴
捕食者加特林机枪,Predator Gatling Gun,未标注,重型武器,"血色共生体吞噬了这把枪的马达，将自己埋入枪的核心。沉重的枪管组像野兽一样咆哮。

赋予主动能力“盗窃”：有几率恢复20秒内因造成的伤害而损失的生命值的3%，最多叠加20次。减少敌人的伤害30%。",基础伤害：380–550；攻击间隔：0.115秒；攻击距离（配置）：7；暴击几率：5%；暴击倍率：1.5倍；潜行攻击倍率：1.3倍；耐久：1000；叠加上限：1；配置修理次数：2,"盗窃：
充能伤害：9000。冷却时间：16秒：武器零件。",,assets/images/武器/捕食者加特林机枪--3057f0efbb.png,原版图鉴
燃烧判决,Burning Decree,未标注,手枪,"这把左轮手枪不会走火，也不会补偿后坐力。它只知道如何直截了当地达到它的唯一目的：烧死敌人。

赋予主动能力“火线”：射击穿透所有敌人并使其着火，并有很高的几率造成暴击伤害。",基础伤害：1200–1300；攻击间隔：0.8秒；攻击距离（配置）：7；暴击几率：7%；暴击倍率：1.5倍；潜行攻击倍率：1.3倍；耐久：270；叠加上限：1；配置修理次数：2,"火线：
充能伤害：10000。冷却时间：16秒：相同装饰的效果会叠加。",,assets/images/武器/燃烧判决--82b36246ce.png,原版图鉴
改装的火枪,Modified Boomstick,传奇,霰弹枪,最后的领地上流行的武器，由熟练的游荡者加以改进。,基础伤害：0；攻击间隔：1.2秒；攻击距离（配置）：4；暴击几率：7%；暴击倍率：1.7倍；潜行攻击倍率：1.3倍；耐久：100；叠加上限：1；配置修理次数：1；品质：传奇,,攻击数值还会随等级缩放。,assets/images/武器/改装的火枪--02c9216f68.png,原版图鉴
狂腐士熔炉,Decay Crucible,未标注,重型武器,"“罪恶的阴霾使得异教徒的灵魂黑化。请帮助核辉光的光束划破他们的尘雾。”——摘自荣耀盲者的讲道。

赋予主动能力“焚化”，造成范围伤害并使敌人着火。",基础伤害：1640–3040；攻击间隔：1.45秒；攻击距离（配置）：6.5；暴击几率：5%；暴击倍率：1.7倍；潜行攻击倍率：1.3倍；耐久：125；叠加上限：1；配置修理次数：2,"焚化：
 充能伤害：12,000。冷却时间：6秒：冷却时间： 5秒。",,assets/images/武器/狂腐士熔炉--a78fb5dd8e.png,原版图鉴
SVD-A冰霜,SVD-A Frost,未标注,步枪,"“设计为将火焰物体的温度降到极低。就像我对狂腐士的评价一样低。”— 坪瑟。

赋予主动能力“冰壳”：选定的目标受到更高的伤害，同时降低50%的奔跑速度和攻击力。",基础伤害：2400–2600；攻击间隔：1.4秒；攻击距离（配置）：9；暴击几率：20%；暴击倍率：1.5倍；潜行攻击倍率：1.3倍；耐久：120；叠加上限：1；配置修理次数：2,冰壳：充能伤害：12000。治疗时间：4秒：用于避难所苹果树。,,assets/images/武器/SVD-A冰霜--273bc28cac.png,原版图鉴
最终忏悔枪,Last Confession,传奇,步枪,焚化场里摆满了第一次领地入侵的战利品。这些步枪是对失去生命的要塞兵团战士的悲哀留念。,基础伤害：0；攻击间隔：1秒；攻击距离（配置）：7.5；暴击几率：10%；暴击倍率：1.7倍；潜行攻击倍率：1.3倍；耐久：75；叠加上限：1；配置修理次数：1；品质：传奇,,攻击数值还会随等级缩放。,assets/images/武器/最终忏悔枪--538e89ad80.png,原版图鉴
坟墓探索枪,Tomb Discovery,传奇,重型武器,当炽热弹丸的爆炸声与异教徒痛苦挣扎的尖叫声交织在一起时，狂腐士开始颤抖。,基础伤害：1；攻击间隔：1秒；攻击距离（配置）：5.5；暴击几率：7%；暴击倍率：1.7倍；潜行攻击倍率：1.3倍；耐久：125；叠加上限：1；配置修理次数：1；品质：传奇,,攻击数值还会随等级缩放。,assets/images/武器/坟墓探索枪--81035d2ab0.png,原版图鉴
旧的SPAS-12,Old SPAS-12,罕见,霰弹枪,前握把快要掉了，引信只有一半的时间能用。但它能射击，这对武器来说是最重要的。,基础伤害：204–216；攻击间隔：1.2秒；攻击距离（配置）：2.5；暴击几率：7%；暴击倍率：1.7倍；潜行攻击倍率：1.3倍；耐久：60；叠加上限：1；配置修理次数：1；品质：罕见,,,assets/images/武器/SPAS-12--cd540358b0.png,原版图鉴
火焰喷射器,Flamethrower,传奇,重型武器,有些地方是在核战之后出现的，最好是把它们烧成白地。没有什么比火焰喷射器更好用的了！,基础伤害：0；攻击间隔：0.5秒；攻击距离（配置）：3.2；暴击几率：10%；暴击倍率：1.25倍；潜行攻击倍率：2倍；耐久：9999999；叠加上限：1；品质：传奇,,攻击数值还会随等级缩放。；当前档案有 2 条同名记录；可能来自不同场景、活动或难度，请比较基础属性。,assets/images/武器/火焰喷射器--277e76b234.png,原版图鉴
“西格玛-M” D-冲锋枪,"""Sygma-M"" D-SMG",未标注,冲锋枪,"鹰队用双冲锋枪将雇佣兵的效率提高了一倍，以闪电般的速度消灭目标。

赋予主动能力“电击”：对目标周围造成范围伤害并令敌人麻痹。",基础伤害：350–470；攻击间隔：0.14秒；攻击距离（配置）：6；暴击几率：12%；暴击倍率：1.6倍；潜行攻击倍率：1.3倍；耐久：900；叠加上限：1；配置修理次数：2,"电击：
充能伤害：14000。冷却时间：16秒：建造周年纪念物品的必需品。",,assets/images/武器/“西格玛-M” D-冲锋枪--bd0837a3d8.png,原版图鉴
“幽灵”SCAR-H,"""Ghost"" SCAR-H",未标注,突击步枪,"鹰队的座右铭“胜利之冠在鹰爪中”就刻在这件武器的枪托上。到目前为止，还没有人成功地缴获一件作为战利品。

赋予主动能力“鹰之投掷”：在角色前方的区域内射击。有3发充能攻击。",基础伤害：3200–3600；攻击间隔：0.8秒；攻击距离（配置）：7；暴击几率：7%；暴击倍率：1.5倍；潜行攻击倍率：1.3倍；耐久：800；叠加上限：1；配置修理次数：2,"鹰之投掷：
充能伤害：12,000。冷却时间：2秒：减少除头目外任何敌人
造成的来袭近战伤害8%。",,assets/images/武器/“幽灵”SCAR-H--ddfd224b51.png,原版图鉴
春季-M火箭筒,SPRING-M R. Launcher,未标注,重型武器,"这个为庆祝春季节庆而重新涂装的火箭筒，让空气中弥漫着油漆、清漆和火箭燃料的气味。

赋予主动能力“四射”：对目标进行一系列四次射击，造成范围伤害。",基础伤害：2464–2655；攻击间隔：1.3秒；攻击距离（配置）：6.5；暴击几率：5%；暴击倍率：1.5倍；潜行攻击倍率：1.3倍；耐久：150；叠加上限：1；配置修理次数：2,"四射：
充能伤害：21,000。冷却时间：16秒：用于激活D.O.Z.周年纪念装饰。",,assets/images/武器/春季-M火箭筒--1548a5376f.png,原版图鉴
SPAS-M阳光,SPAS-M Sunbeam,未标注,霰弹枪,"0122号报告《兔头战利品武器的研究》，只包含坪瑟的一行说明：“漂亮！”

赋予主动能力“枪手”：向目标发射火箭攻击，造成范围伤害。",基础伤害：0；攻击间隔：0.5秒；攻击距离（配置）：4；潜行攻击倍率：1.3倍；耐久：155；叠加上限：1；配置修理次数：2,"枪手：
 充能伤害：16,000。冷却时间：16秒：造成火焰、酸性或电力伤害。",,assets/images/武器/SPAS-M阳光--d7ce37255b.png,原版图鉴
鹰队EM,Hawks EM,传奇,突击步枪,实验性的速射突击步枪。根据鹰队高层要求的特殊订单限量生产。,基础伤害：0；攻击间隔：0.145秒；攻击距离（配置）：6；暴击几率：7%；暴击倍率：1.5倍；潜行攻击倍率：1.3倍；耐久：690；叠加上限：1；配置修理次数：1；品质：传奇,,攻击数值还会随等级缩放。,assets/images/武器/鹰队EM--b789c3ff98.png,原版图鉴
鹰队M107黑色,Hawks M107 Black,传奇,步枪,这种大口径步枪的轻质枪身简化了射击过程，同时不会明显降低武器的耐用性。,基础伤害：0；攻击间隔：1.5秒；攻击距离（配置）：8.5；暴击几率：13%；暴击倍率：1.8倍；潜行攻击倍率：1.3倍；耐久：75；叠加上限：1；配置修理次数：1；品质：传奇,,攻击数值还会随等级缩放。,assets/images/武器/鹰队M107黑色--97a9084db9.png,原版图鉴
刘易斯·麦克莱恩,Lewis McLean,未标注,重型武器,"核战之后不久，莫顿的小队在一个停用的储藏室里发现了一批旧的刘易斯枪械。鹰队对这些机枪进行了改装，现在用它们来装备他们的主要战斗部队。

赋予主动能力“高炉”：提高射击速度并为攻击附加火焰伤害，持续短时间。持续时间：10秒冷却时间：16秒",基础伤害：420–460；攻击间隔：0.17秒；攻击距离（配置）：7；暴击几率：5%；暴击倍率：1.5倍；潜行攻击倍率：1.3倍；耐久：1090；叠加上限：1；配置修理次数：2,"高炉：充能伤害：10,700。冷却时间：16秒：容量： 6个栏位。",,assets/images/武器/刘易斯·麦克莱恩--a0c4b417c1.png,原版图鉴
黄蜂复合弓,Wasp Compound Bow,未标注,弓/十字弓,"轻巧的结构和滑轮系统使它能够长时间地对敌人进行精确的射击。箭头上的电荷会造成严重的伤害。

赋予主动能力“冲击标记”：对目标造成3,500点伤害和三倍的盟友伤害。",基础伤害：2200–2450；攻击间隔：1.25秒；攻击距离（配置）：6；暴击几率：10%；暴击倍率：1.7倍；潜行攻击倍率：1.3倍；耐久：105；叠加上限：1；配置修理次数：2,"冲击标记：充能伤害：15,000。冷却时间：13秒：对敌人造成伤害， 并回复你的生命值。",,assets/images/武器/黄蜂复合弓--854bd10a43.png,原版图鉴
鹰队AF爱国者,Hawks AF Patriot,未标注,突击步枪,"升级版的突击步枪，带有节庆图案。作为对在战斗中表现突出的鹰队战士的奖励。

赋予主动能力“鹰击”：榴弹射击造成范围伤害，并在对敌人造成伤害时施加50%的脆弱性，持续10秒。",基础伤害：418–462；攻击间隔：0.15秒；攻击距离（配置）：6；暴击几率：12%；暴击倍率：1.6倍；潜行攻击倍率：1.3倍；耐久：950；叠加上限：1；配置修理次数：2,"鹰击：充能伤害：11,500。冷却时间：13秒：恢复生命值上限的 10%， 并补充50点生命值。",,assets/images/武器/鹰队AF爱国者--57119ef610.png,原版图鉴
级联-5设备,Cascade-5 Device,未标注,实验武器,"传言说，这些设备中有若干可以在几秒钟内将双子设施中的标本变成一堆灰烬。只要确保这些弧线不相交。

赋予主动能力“电流源”：给目标充能，对周围的敌人造成点伤害，持续5秒。有几率将其击晕。如果受电流源能力影响的敌人死亡，负面效果会转移到范围内的下一个敌人身上，持续时间会增加2秒。",基础伤害：320–350；攻击间隔：1秒；攻击距离（配置）：6；暴击倍率：1.7倍；潜行攻击倍率：1.3倍；耐久：756；叠加上限：1；配置修理次数：2,"电流源：充能伤害：10,100。冷却时间：3秒：恢复能量值。",,assets/images/武器/级联-5设备--830eaea4d9.png,原版图鉴
C96-A黑豹毛瑟枪,C96-A Panther Mausers,未标注,手枪,"根据索洛波夫的特别命令，对稀有武器进行这一改装的委托人姓名及其所针对的人的姓氏已被列为机密。现在，战士们可以通过发出蓝光的双枪套来识别哪些政委得到了指挥官的特别信任。

赋予主动能力“寒冰法令”：对目标周围的敌人小队施加周期性寒冷伤害。敌人的生命值越低，该能力造成的伤害就越大。有2次充能。持续时间：2秒。",基础伤害：722–751；攻击间隔：0.43秒；攻击距离（配置）：4；暴击几率：12%；暴击倍率：1.5倍；潜行攻击倍率：1.3倍；耐久：340；叠加上限：1；配置修理次数：2,"寒冰法令：充能伤害：10,000。冷却时间：5秒：恢复能量值和其他属性。",,assets/images/武器/C96-A黑豹毛瑟枪--38e1510b81.png,原版图鉴
专家VSS Vintorez步枪,Specialist's VSS Vintorez,未标注,步枪,配备了最尖端的升级，充分发挥这种步枪的潜力需要特殊的技能。,基础伤害：1300–1550；攻击间隔：1秒；攻击距离（配置）：7；暴击几率：10%；暴击倍率：1.7倍；潜行攻击倍率：1.3倍；耐久：77；叠加上限：1；配置修理次数：1,,,assets/images/武器/专家VSS Vintorez步枪--eef4277197.png,原版图鉴
专家Vintorez现代版步枪,Specialist's Vintorez-M,未标注,步枪,这款步枪配备了最尖端的升级，采用了加重的枪口部件，以减少子弹散布。,基础伤害：1300–1550；攻击间隔：1秒；攻击距离（配置）：7；暴击几率：10%；暴击倍率：1.7倍；潜行攻击倍率：1.3倍；耐久：77；叠加上限：1；配置修理次数：1,,,assets/images/武器/专家Vintorez现代版步枪--41dc3216b1.png,原版图鉴
专家Vintorez暴击版步枪,Specialist's Vintorez-C,未标注,步枪,这款步枪配备了最尖端的升级，采用了稀有的增大倍率的瞄准镜。,基础伤害：1300–1550；攻击间隔：1秒；攻击距离（配置）：7；暴击几率：10%；暴击倍率：2倍；潜行攻击倍率：1.3倍；耐久：77；叠加上限：1；配置修理次数：1,,,assets/images/武器/专家Vintorez暴击版步枪--c1a50de359.png,原版图鉴
专家AK步枪,Specialist's AK,未标注,突击步枪,配备了最尖端的升级，充分发挥这种突击步枪的潜力需要特殊的技能。,基础伤害：150–250；攻击间隔：0.15秒；攻击距离（配置）：6；暴击几率：5%；暴击倍率：1.5倍；潜行攻击倍率：1.3倍；耐久：780；叠加上限：1；配置修理次数：1,,,assets/images/武器/专家AK步枪--db9ca71fba.png,原版图鉴
专家AK现代版步枪,Specialist's AK-M,未标注,突击步枪,这款突击步枪配备了最尖端的升级，带有瞄准辅助视准仪，有助于更快地找到目标。,基础伤害：150–250；攻击间隔：0.15秒；攻击距离（配置）：6；暴击几率：5%；暴击倍率：1.5倍；潜行攻击倍率：1.3倍；耐久：780；叠加上限：1；配置修理次数：1,,,assets/images/武器/专家AK现代版步枪--7b038bf373.png,原版图鉴
专家AK通用版步枪,Specialist's AK-U,未标注,突击步枪,这款突击步枪配备了最尖端的升级，采用了稀有的增大倍率的瞄准镜。,基础伤害：150–250；攻击间隔：0.15秒；攻击距离（配置）：6；暴击几率：5%；暴击倍率：1.5倍；潜行攻击倍率：1.3倍；耐久：780；叠加上限：1；配置修理次数：1,,,assets/images/武器/专家AK通用版步枪--2d297c78f1.png,原版图鉴
专家SPAS伤害版散弹枪,Specialist's SPAS-D,未标注,霰弹枪,配备了最尖端的升级，充分发挥这种散弹枪的潜力需要特殊的技能。,基础伤害：1500–1900；攻击间隔：1.2秒；攻击距离（配置）：4；暴击几率：7%；暴击倍率：1.7倍；潜行攻击倍率：1.3倍；耐久：94；叠加上限：1；配置修理次数：1,,,assets/images/武器/专家SPAS伤害版散弹枪--64085deac8.png,原版图鉴
专家SPAS现代版散弹枪,Specialist's SPAS-M,未标注,霰弹枪,这款散弹枪配备了最尖端的升级，采用了罕见的增大倍率的瞄准镜。,基础伤害：1395–1767；攻击间隔：1.2秒；攻击距离（配置）：4；暴击几率：7%；暴击倍率：1.7倍；潜行攻击倍率：1.3倍；耐久：94；叠加上限：1；配置修理次数：1,,,assets/images/武器/专家SPAS现代版散弹枪--b5d8d6f6ec.png,原版图鉴
专家SPAS通用版散弹枪,Specialist's SPAS-U,未标注,霰弹枪,这款散弹枪配备了最尖端的升级，具有加速机构，可提高其射击速度。,基础伤害：1500–1900；攻击间隔：1.2秒；攻击距离（配置）：4；暴击几率：7%；暴击倍率：1.7倍；潜行攻击倍率：1.3倍；耐久：94；叠加上限：1；配置修理次数：1,,,assets/images/武器/专家SPAS通用版散弹枪--eee9fab2bf.png,原版图鉴
D-273设备,D-273 Device,未标注,实验武器,"带有冰霜神器的高斯枪改装。严禁在新黎明领地上使用，以免造成混乱。
赋予你主动能力：超级充能。它可暂时将射击速度提高30%，暴击几率提高30%。对火线沿线的所有敌人造成伤害。",基础伤害：2856–3123；攻击间隔：1.35秒；攻击距离（配置）：8.5；暴击几率：21%；暴击倍率：1.5倍；潜行攻击倍率：1.3倍；耐久：118；叠加上限：1；配置修理次数：2,"超级充能：
 充能伤害：17,000。冷却时间：9秒：增加步枪的伤害。",,assets/images/武器/D-273设备--e4d3c83f22.png,原版图鉴
冰霜黄蜂,Frosty Hornet,传奇,重型武器,要塞兵团只允许在特殊情况下对黄蜂榴弹发射器进行改装。得到这样的武器是一个巨大的胜利。,基础伤害：0；攻击间隔：1.5秒；攻击距离（配置）：6；暴击几率：5%；暴击倍率：1.5倍；潜行攻击倍率：1.3倍；耐久：75；叠加上限：1；配置修理次数：1；品质：传奇,,攻击数值还会随等级缩放。；可以被生产；相关工作台：残骸,assets/images/武器/冰霜黄蜂--a9e97ac049.png,原版图鉴
紧终双械2设备,D.U.E.T. 2 Device,未标注,手枪,当研究所的员工前往异象区执行战斗任务时，给予他们的实验性双手枪。,基础伤害：430–475；攻击间隔：0.3秒；攻击距离（配置）：4；暴击几率：7%；暴击倍率：1.5倍；潜行攻击倍率：1.3倍；耐久：310；叠加上限：1；配置修理次数：1,,,assets/images/武器/紧终双械2设备--4608a4e36e.png,原版图鉴
针头设备,Needle Device,未标注,弓/十字弓,后勤部人员使用的武器。常用来为研究所设施获取标本。,基础伤害：1880–2100；攻击间隔：1.35秒；攻击距离（配置）：6；暴击几率：7%；暴击倍率：1.7倍；潜行攻击倍率：1.3倍；耐久：74；叠加上限：1；配置修理次数：1,,,assets/images/武器/针头设备--871cc4106b.png,原版图鉴
史密斯韦森M500,Smith & Wesson M500,未标注,武器,核战前制造的大口径左轮手枪。在扛得住其后坐力的人手中非常有说服力。,基础伤害：1500–1800；攻击间隔：1.1秒；攻击距离（配置）：5；暴击几率：7%；暴击倍率：2倍；潜行攻击倍率：1.3倍；耐久：90；叠加上限：1；配置修理次数：1,,当前档案有 2 条同名记录；可能来自不同场景、活动或难度，请比较基础属性。,assets/images/武器/史密斯韦森M500--02ae4c9af3.png,原版图鉴
陆军M16,Army M16,罕见,突击步枪,一把著名的突击步枪， 在核战前身经百战。,基础伤害：1100–1350；攻击间隔：0.8秒；攻击距离（配置）：4；暴击几率：5%；暴击倍率：2倍；潜行攻击倍率：1.3倍；耐久：120；叠加上限：1；配置修理次数：1；品质：罕见,,当前档案有 2 条同名记录；可能来自不同场景、活动或难度，请比较基础属性。,assets/images/武器/陆军M16--167b06b119.png,原版图鉴
昂贡的决心,Ongun's Determination,未标注,霰弹枪,只有丹巴拉最忠心的少数特殊仆从才能从昂贡阿索格巫师本人手中拿到这把武器。,基础伤害：1470–1680；攻击间隔：1.3秒；攻击距离（配置）：5；暴击几率：7%；暴击倍率：1.7倍；潜行攻击倍率：1.3倍；耐久：94；叠加上限：1；配置修理次数：1,,,assets/images/武器/昂贡的决心--04f9f0122c.png,原版图鉴
寒冷专家AK步枪,Cold Specialist's AK,未标注,突击步枪,能够将这种武器发挥到极致的战士与著名的寒冰灭绝者不相上下。,基础伤害：110–180；攻击间隔：0.15秒；攻击距离（配置）：6；暴击几率：7%；暴击倍率：1.7倍；潜行攻击倍率：1.3倍；耐久：780；叠加上限：1；配置修理次数：1,,,assets/images/武器/寒冷专家AK步枪--1d063cd840.png,原版图鉴
间隔设备,Interval Device,传奇,霰弹枪,"研究所制造的实验性强力电磁武器。由于变异能量源的特殊性，只能使用1小时。
 倒计时会在你从仓库中取出设备时开始。",基础伤害：0；攻击间隔：1.2秒；攻击距离（配置）：5.5；暴击几率：7%；暴击倍率：1.7倍；潜行攻击倍率：1.3倍；叠加上限：1；品质：传奇,,攻击数值还会随等级缩放。,assets/images/武器/间隔设备--9d2d66fece.png,原版图鉴
白蚁复合弓,Termite Compound Bow,未标注,弓/十字弓,这种复合弓集成了作为战利品获得的坟墓火焰技术，可以有效地消灭领地上的大多数敌人。,基础伤害：1300–1450；攻击间隔：1.25秒；攻击距离（配置）：6；暴击几率：7%；暴击倍率：1.7倍；潜行攻击倍率：1.3倍；耐久：95；叠加上限：1；配置修理次数：1,,,assets/images/武器/白蚁复合弓--eaa47f5322.png,原版图鉴
旧双管步枪,Old Two-Barreled Rifle,未标注,霰弹枪,爷爷的狩猎步枪。在领地内，你得双管并用才能活下来。,基础伤害：345–366；攻击间隔：1.35秒；攻击距离（配置）：3.5；暴击几率：3%；暴击倍率：1.2倍；潜行攻击倍率：1.3倍；耐久：66；叠加上限：1,,,assets/images/武器/双管步枪--40c88090ac.png,原版图鉴
专业鹰队MP5,Specialist's Hawks MP5,未标注,突击步枪,这款突击步枪是专门为鹰队制造的一批特殊步枪。应用得当的话，它可以改变战场上的平衡。,基础伤害：170–210；攻击间隔：0.13秒；攻击距离（配置）：5.5；暴击几率：5%；暴击倍率：1.7倍；潜行攻击倍率：1.3倍；耐久：840；叠加上限：1；配置修理次数：1,,,assets/images/武器/专业鹰队MP5--8a12741ac4.png,原版图鉴
闪亮鹰队MP5,Shiny Hawks MP5,未标注,突击步枪,在熟练人士手中，这件武器能做到很多事情。它的零件具有春季设计，将为最后的领地的日常生活增添色彩。,基础伤害：165–205；攻击间隔：0.13秒；攻击距离（配置）：5.5；暴击几率：5%；暴击倍率：1.7倍；潜行攻击倍率：1.3倍；耐久：850；叠加上限：1；配置修理次数：1,,,assets/images/武器/闪亮鹰队MP5--d65e090686.png,原版图鉴
荒原恐怖,The Terror of the Wastelands,未标注,步枪,"用在领地上发现的废金属制作的武器。即使如此，它仍然能发挥它的主要功能，给所有不幸遇到秃鹫的人带来死亡。

赋予你主动能力：鱼叉，它会对盟友前方的敌人造成伤害，并使所有受伤的敌人减速。",基础伤害：2000–2400；攻击间隔：0.8秒；攻击距离（配置）：6；暴击几率：7%；暴击倍率：1.7倍；潜行攻击倍率：1.3倍；耐久：140；叠加上限：1；配置修理次数：2,"鱼叉：
 充能伤害：14,000。冷却时间：9秒：与被围困的房屋的主人及莱科维奇交易而得。",,assets/images/武器/荒原恐怖--afdb791d43.png,原版图鉴
鹰击M108,Hawkstrike M108,未标注,步枪,鹰队枪匠为狙击手的荣誉武器涂上了油彩。这让他们想起了在核战前离开的家园。,基础伤害：2000–2200；攻击间隔：1.5秒；攻击距离（配置）：8.5；暴击几率：10%；暴击倍率：1.7倍；潜行攻击倍率：1.3倍；耐久：75；叠加上限：1；配置修理次数：1,,,assets/images/武器/鹰击M108--d125562c24.png,原版图鉴
A极器件,A-Pole Device,未标注,实验武器,"它的威力略逊于C.M.A.，但由于有冰-9的神器模块，它也是研究所最致命的设备之一，是在核战之后创造的。

赋予主动能力“冰蚀”：标记一个敌人，对其造成360点伤害，并使其对寒冷的脆弱性增加40%。对目标和4米范围内的敌人减速50%。区域内的敌人受到的伤害比目标少。当被标记的敌人死亡时，该效果会传递给区域内的另一个敌人。持续7秒。",基础伤害：3000–3200；攻击间隔：1.2秒；攻击距离（配置）：7；暴击几率：5%；暴击倍率：1.7倍；潜行攻击倍率：1.3倍；耐久：90；叠加上限：1；配置修理次数：2,"冰蚀：
 充能伤害：24,000。冷却时间：5秒：对敌人造成伤害， 并回复你的生命值。",,assets/images/武器/A极器件--86b00b2a27.png,原版图鉴
龙息,Dragon's Breath,未标注,突击步枪,黑帮的敌人面对火影一族和他们的神器武器毫无胜算：火影会在几秒钟内将他们烧成灰烬。,基础伤害：125–175；攻击间隔：0.15秒；攻击距离（配置）：6；暴击几率：7%；暴击倍率：1.7倍；潜行攻击倍率：1.3倍；耐久：730；叠加上限：1；配置修理次数：1,,,assets/images/武器/龙息--5db3c1383d.png,原版图鉴
致命噬咬,Fatal Bite,未标注,弓/十字弓,当你瞄准敌人时，武器上的共生体就会停止跳动，似乎它能感知到受害者。,基础伤害：1250–1500；攻击间隔：1.25秒；攻击距离（配置）：6；暴击几率：7%；暴击倍率：1.7倍；潜行攻击倍率：1.3倍；耐久：115；叠加上限：1；配置修理次数：1,,,assets/images/武器/致命噬咬--38bf08cbaa.png,原版图鉴
尖叫之神的复仇,Screaming God's Revenge,未标注,霰弹枪,森林之子中经验丰富的追踪者经常在伏击时使用这种武器。近距离射击让那些决定扰乱尖叫之神安宁的人毫无生还机会。,基础伤害：1200–1600；攻击间隔：1.3秒；攻击距离（配置）：5；暴击几率：7%；暴击倍率：1.7倍；潜行攻击倍率：1.3倍；耐久：90；叠加上限：1；配置修理次数：1,,,assets/images/武器/尖叫之神的复仇--52f90c7e5e.png,原版图鉴
双怒左轮手枪,Double Fury Revolvers,未标注,手枪,“领地上有两种人：一种人知道如何双枪射击，另一种人不知道。我是前者。”——安妮·史密斯。,基础伤害：560–600；攻击间隔：0.4秒；攻击距离（配置）：5；暴击几率：7%；暴击倍率：1.5倍；潜行攻击倍率：1.3倍；耐久：310；叠加上限：1；配置修理次数：1,,,assets/images/武器/双怒左轮手枪--fd8bb544cd.png,原版图鉴
死亡预兆,Harbinger of Death,未标注,重型武器,获得主动能力“洛亚神之怒”，对目标造成伤害，并向大范围内的敌人发射碎片。,基础伤害：1853–2851；攻击间隔：1.5秒；攻击距离（配置）：6.5；暴击几率：5%；暴击倍率：1.5倍；潜行攻击倍率：1.8倍；耐久：112；叠加上限：1；配置修理次数：2,"洛亚神之怒：
 充能伤害：20,000。冷却时间：12秒：在 2级刨床上生产。",,assets/images/武器/死亡预兆--2ac77734f8.png,原版图鉴
巫师团魂狩,Coven's Soultaker,未标注,突击步枪,死亡来得越快，就有越多的灵魂被送往男爵那里接受他的收割，他对我们的保护也就越强！——萨梅迪阿索格巫师。,基础伤害：150–170；攻击间隔：0.14秒；攻击距离（配置）：6；暴击几率：7%；暴击倍率：1.7倍；潜行攻击倍率：1.3倍；耐久：800；叠加上限：1；配置修理次数：1,,,assets/images/武器/巫师团魂狩--080274b09e.png,原版图鉴
萨梅迪的呼吸,Samedi's Breath,未标注,重型武器,赋予主动能力“喷洒”：对目标造成伤害并施加周期性酸性伤害。伤害取决于目标身上洛亚神标记的数量。,基础伤害：700–1400；攻击间隔：0.5秒；攻击距离（配置）：3.2；暴击几率：12%；暴击倍率：1.2倍；潜行攻击倍率：1.3倍；耐久：350；叠加上限：1；配置修理次数：2,"喷洒：
 充能伤害：12,000。冷却时间：5秒：传奇物品。",,assets/images/武器/萨梅迪的呼吸--ef7ee3d1fc.png,原版图鉴
飓风-1设备,Hurricane-1 Device,未标注,重型武器,赋予主动能力“猛攻”，该能力可移除此武器的减速效果。7米范围内的敌人会对飓风-1设备的伤害脆弱。造成伤害时有20%的几率将敌人定身。,基础伤害：450–550；攻击间隔：0.115秒；攻击距离（配置）：7；暴击几率：5%；暴击倍率：1.5倍；潜行攻击倍率：1.3倍；耐久：1000；叠加上限：1；配置修理次数：2,"猛攻：
充能伤害：12,000。冷却时间：16秒：增加能量值上限10%。",,assets/images/武器/飓风-1设备--ba6ad24fa9.png,原版图鉴
D-冲锋枪“星条旗”,D-SMG «STARS AND STRIPES»,未标注,冲锋枪,限量版冲锋枪，带有节日图案，以庆祝老鹰部署到加尔科夫发电厂。,基础伤害：170–220；攻击间隔：0.14秒；攻击距离（配置）：6；暴击几率：5%；暴击倍率：1.7倍；潜行攻击倍率：1.3倍；耐久：750；叠加上限：1；配置修理次数：1,,,assets/images/武器/D-冲锋枪“星条旗”--b4b1c842e8.png,原版图鉴
临时玩具枪,Makeshift Popgun,未标注,手枪,最好将其拆解成为备用零件，而不是使用它。,基础伤害：97–185；攻击间隔：1.5秒；攻击距离（配置）：3；暴击几率：1%；潜行攻击倍率：1.3倍；耐久：130；叠加上限：1,,当前档案有 2 条同名记录；可能来自不同场景、活动或难度，请比较基础属性。,assets/images/武器/马卡洛夫手枪--584da1b991.png,原版图鉴
专家SVD,Specialist's SVD,未标注,步枪,无论是在核战之前还是之后，数十年来，它在熟练的狙击手手中都是一种可怕的武器。,基础伤害：2200–2400；攻击间隔：1.5秒；攻击距离（配置）：8.5；暴击几率：10%；暴击倍率：1.5倍；潜行攻击倍率：1.3倍；耐久：90；叠加上限：1；配置修理次数：1,,,assets/images/武器/专家SVD--afc8c6601f.png,原版图鉴
雷公手枪,Lei Gong Pistols,未标注,手枪,部落成员可能一辈子都见不到彼此的脸，但他们可以准确地识别制作这种手枪的大师的手。,基础伤害：350–420；攻击间隔：0.35秒；攻击距离（配置）：5；暴击几率：7%；暴击倍率：1.5倍；潜行攻击倍率：1.3倍；耐久：315；叠加上限：1；配置修理次数：1,,,assets/images/武器/雷公手枪--c72b3d2f8d.png,原版图鉴
临时玩具枪,Makeshift Popgun,未标注,手枪,最好将其拆解成为备用零件，而不是使用它。,基础伤害：95–115；攻击间隔：1.8秒；攻击距离（配置）：3；暴击几率：1%；潜行攻击倍率：1.3倍；耐久：90；叠加上限：1,,当前档案有 2 条同名记录；可能来自不同场景、活动或难度，请比较基础属性。,assets/images/武器/便利安迪手枪--fdd790b017.png,原版图鉴
击锤,Strikehammer,未标注,霰弹枪,“没有你，这把散弹枪就没用。没有这把散弹枪，你就一无是处……”——摘自斗牛犬迈克中士对鹰队专家小队新兵的演讲。,基础伤害：1750–1900；攻击间隔：1.3秒；攻击距离（配置）：5.2；暴击几率：7%；暴击倍率：1.7倍；潜行攻击倍率：1.3倍；耐久：95；叠加上限：1；配置修理次数：1,,,assets/images/武器/击锤--a3e0549217.png,原版图鉴
蛇彭特尖牙,Serpent's Fangs,未标注,武器,这些十字弓射出的致命箭矢就像蛇彭特的尖牙一样刺穿受害者的皮肉。,基础伤害：600–700；攻击间隔：0.55秒；攻击距离（配置）：6；暴击几率：7%；暴击倍率：1.5倍；潜行攻击倍率：1.3倍；耐久：185；叠加上限：1；配置修理次数：1,,,assets/images/武器/蛇彭特尖牙--635413fc6f.png,原版图鉴
协同-S设备,Tandem-S Device,未标注,手枪,这款手枪的鲜艳颜色表明它是专为惩教部人员进行实地试验而设计的。,基础伤害：370–450；攻击间隔：0.3秒；攻击距离（配置）：5；暴击几率：7%；暴击倍率：1.5倍；潜行攻击倍率：1.3倍；耐久：340；叠加上限：1；配置修理次数：1,,,assets/images/武器/协同-S设备--fd6fc89de8.png,原版图鉴
要塞火焰喷射器,Citadel Flamethrower,未标注,重型武器,获得主动能力“纵火”：在你前方的锥形范围内造成伤害，减少来袭伤害的30%，持续10秒，并减少火焰喷射器造成的最多20%的减速。,基础伤害：375–500；攻击间隔：0.15秒；攻击距离（配置）：4；暴击几率：12%；暴击倍率：1.3倍；潜行攻击倍率：1.3倍；耐久：650；叠加上限：1；配置修理次数：2,"纵火：
 充能伤害：12,000。冷却时间：12秒：只能放在地下室。",,assets/images/武器/要塞火焰喷射器--7530d8465d.png,原版图鉴
雷暴-S凯旋,Thunderstorm-S Triumph,未标注,突击步枪,要塞兵团战斗教官使用的武器。枪托上刻着“刻苦训练，轻松战斗”。,基础伤害：185–235；攻击间隔：0.15秒；攻击距离（配置）：7；暴击几率：5%；暴击倍率：1.5倍；潜行攻击倍率：1.3倍；耐久：780；叠加上限：1；配置修理次数：1,,,assets/images/武器/雷暴-S凯旋--64bff5613c.png,原版图鉴
萨梅迪的代价步枪,Samedi's Toll Rifle,传奇,步枪,萨梅迪男爵仆从的武器，他们守卫着通往伟大蛇彭特定居点道路的远处。,基础伤害：0；攻击间隔：1.6秒；攻击距离（配置）：7；暴击几率：10%；暴击倍率：1.5倍；潜行攻击倍率：2倍；耐久：75；叠加上限：1；配置修理次数：1；品质：传奇,,攻击数值还会随等级缩放。,assets/images/武器/萨梅迪的代价步枪--1415b3bc59.png,原版图鉴
PPS血栓,PPS Thrombus,未标注,冲锋枪,来自仓库的战利品武器，由自由游荡者兄弟会的枪匠升级而成。深受在尖叫森林中追逐战利品的经验丰富的游荡者喜爱。,基础伤害：160–210；攻击间隔：0.19秒；攻击距离（配置）：4；暴击几率：10%；暴击倍率：1.5倍；潜行攻击倍率：1.8倍；耐久：600；叠加上限：1；配置修理次数：1,,,assets/images/武器/PPS血栓--08eb95adb1.png,原版图鉴
冰风UMP-5A,Icewind UMP-5A,传奇,冲锋枪,寒冰灭绝者在清除某一地点的敌人时，会使用这种既可靠又小巧的武器。,基础伤害：0；攻击间隔：0.17秒；攻击距离（配置）：6；暴击几率：5%；暴击倍率：1.5倍；潜行攻击倍率：1.3倍；耐久：565；叠加上限：1；配置修理次数：1；品质：传奇,,攻击数值还会随等级缩放。,assets/images/武器/冰风UMP-5A--a66411f174.png,原版图鉴
AKM熊枪,AKM Bear,未标注,突击步枪,赋予主动能力“力量”：直接伤害变为三倍，但会降低攻击速度。7米范围内的敌人会对AKM熊枪的伤害脆弱。,基础伤害：575–625；攻击间隔：0.25秒；攻击距离（配置）：6；暴击几率：14%；暴击倍率：1.5倍；潜行攻击倍率：2倍；耐久：700；叠加上限：1；配置修理次数：2,"力量：
 充能伤害：16,000。冷却时间：14秒：冷却时间： 8秒。",,assets/images/武器/AKM熊枪--615c49aeb0.png,原版图鉴
冻伤M14-A,Frostbite M14-A,传奇,步枪,“从远处干掉一个狂腐士总比在野战医院治疗烧伤要好……”——弗罗斯特中尉。,基础伤害：0；攻击间隔：1.3秒；攻击距离（配置）：7.5；暴击几率：10%；暴击倍率：1.7倍；潜行攻击倍率：1.3倍；耐久：70；叠加上限：1；配置修理次数：1；品质：传奇,,攻击数值还会随等级缩放。,assets/images/武器/冻伤M14-A--2fe3524986.png,原版图鉴
光子装置,Photon Device,未标注,实验武器,"赋予主动能力“灼烧者”：对角色前方区域内所有敌人造成3,000点伤害。有3发充能攻击。",基础伤害：2900–3100；攻击间隔：0.83秒；攻击距离（配置）：5；暴击几率：10%；暴击倍率：1.5倍；潜行攻击倍率：1.8倍；耐久：850；叠加上限：1；配置修理次数：2,"灼烧者：
 充能伤害：24,000。冷却时间：2秒：非常稀有的物品。",,assets/images/武器/光子装置--a4cf65600f.png,原版图鉴
