名称,英文名称,品质,类型,说明,基础属性,特殊能力,来源提示,图片文件,图片类型,实体代码
原生木板,Raw Planks,未标注,,有点腐烂， 但还没有剥落。,叠加上限：20,,,assets/images/资源材料/原生木板--0217e8a5b8.png,原版图鉴,res_WoodPlank_raw
混凝土,Concrete,未标注,,非常适合坚固的建筑物。,叠加上限：20,,,assets/images/资源材料/混凝土--eab7c0232b.png,原版图鉴,res_Concrete
废金属,Scrap Metal,未标注,,战前世界的碎片。 可以熔炼成金属零件。,叠加上限：20,,,assets/images/资源材料/废金属--41a6f0fc87.png,原版图鉴,res_MetalScrap
钢筋,Rebar,未标注,,钢棒总是能派上用场。,叠加上限：20,,在铁砧上生产。；相关工作台：地下室出口,assets/images/资源材料/钢筋--08db8f68c1.png,原版图鉴,res_Rebar
铜线,Copper Wire,未标注,,退伍军人记得： 核战前， 有很多电线被埋在地下。,叠加上限：20,,,assets/images/资源材料/铜线--7ab9e5f083.png,原版图鉴,res_CopperWire
弹簧片,Leaf spring,未标注,,用优质金属制成的稀有部件。,叠加上限：20,,可以在小贩处交易,assets/images/资源材料/弹簧片--3f0cb20012.png,原版图鉴,res_LeafSpring
块茎,Tubers,未标注,,可以在 2级花园土地上种植。,叠加上限：20,,,assets/images/资源材料/块茎--c2f3cf8ff3.png,原版图鉴,res_Tubers
碎布,Rags,未标注,,破旧的天然材质布料。,叠加上限：20,,出现场景：小树林,assets/images/资源材料/碎布--a2e2a927d2.png,原版图鉴,res_Rags
缝线,Thread,未标注,,一对线轴： 用来编线。,叠加上限：20,,在织布机上生产。,assets/images/资源材料/缝线--b64e2fd41e.png,原版图鉴,res_Thread
细麻绳,Twine,未标注,,细绳。,叠加上限：20,,在织布机上生产。,assets/images/资源材料/细麻绳--50ad43ed09.png,原版图鉴,res_Twine
煤,Coal,未标注,,一种有用的矿物和高效燃料。,叠加上限：20,,,assets/images/资源材料/煤--e607120414.png,原版图鉴,res_Coal
泥炭,Peat,未标注,,泥土气味的煤球， 极其易燃， 可长时间燃烧并释放热量。,叠加上限：20,,,assets/images/资源材料/泥炭--975078527b.png,原版图鉴,res_Peat
钉子,Nails,未标注,,一把铁钉。,叠加上限：20,,在铁砧上生产。；相关工作台：地下室出口,assets/images/资源材料/钉子--abaa005420.png,原版图鉴,res_Nails
亚麻种子,Flax Seeds,未标注,,具有光泽， 闻起来像油。 只是一些普通的种子。,叠加上限：20,,,assets/images/资源材料/亚麻种子--13fe7949b7.png,原版图鉴,res_SeedFlax
亚麻,Flax,未标注,,用2级织布机把亚麻织成轻薄结实的布料。,叠加上限：20,,可以在 2级花园土地上种植。,assets/images/资源材料/亚麻--11fa891b81.png,原版图鉴,res_Flax
牛皮胶布,Duct Tape,未标注,,战前谚语： “用蓝色牛皮胶布粘合， 永远都无法分离”。,叠加上限：20,,,assets/images/资源材料/牛皮胶布--f0fb5f46f5.png,原版图鉴,res_DuctTape
兽皮,Skin,未标注,,从被杀的动物身上获取。,叠加上限：20,,,assets/images/资源材料/兽皮--1b6ecdb911.png,原版图鉴,res_Hide
皮革,Leather,未标注,,保存兽皮最简单的方法是制成皮革。,叠加上限：20,,在皮革商工作台上生产。；相关工作台：Разыскивается: Худ,assets/images/资源材料/皮革--6879c7c390.png,原版图鉴,res_Leather
铁锭,Iron Ingot,未标注,,边缘粗糙的铁锭： 显然是在野外铸造的 。,叠加上限：20,,"在2级铁
砧上生产。",assets/images/资源材料/铁锭--c1d90e745f.png,原版图鉴,res_IronIngot
优质木板,Quality Planks,未标注,,光滑干燥的木板。,叠加上限：20,,在刨床上生产。,assets/images/资源材料/优质木板--1f92e23d6a.png,原版图鉴,res_WoodPlank_quallity
铁皮,Iron Sheet,未标注,,金属片。 用点力， 你可以把它变成几乎任何你喜欢的形状。,叠加上限：20,,"在2级铁
砧上生产。",assets/images/资源材料/铁皮--56e75b8da7.png,原版图鉴,res_IronSheet
亚麻布,Linen,未标注,,亚麻布衣服比碎布衣服坚韧耐穿。,叠加上限：20,,在2级织布机上生产。,assets/images/资源材料/亚麻布--adbb841b0b.png,原版图鉴,res_FabricLinen
铁管,Iron Pipe,未标注,,在经验丰富的战士手中， 它可以用作危险的武器或轻武器。,叠加上限：20,,在3级铁砧上生产。；相关工作台：探路者,assets/images/资源材料/铁管--2172f8d63f.png,原版图鉴,res_IronPipe
聚乙烯塑料,Polythene,未标注,,核战后就停止了生产。 家庭必需品。,叠加上限：20,,,assets/images/资源材料/聚乙烯塑料--2a7b4c9d2e.png,原版图鉴,res_Cellophane
铜锭,Copper Ingot,未标注,,一块闪亮的铜锭， 一种稀有金属。,叠加上限：20,,可以在小贩处交易,assets/images/资源材料/铜锭--497b710643.png,原版图鉴,res_CopperIngot
铜,Copper,未标注,,铜是稀有金属， 可用于很多设备。,叠加上限：20,,出现场景：被围困的房屋,assets/images/资源材料/铜--f39567d168.png,原版图鉴,res_Copper
玻璃,Glass,未标注,,浑浊的高强度玻璃， 适用于实验室和光学仪器。,叠加上限：20,,,assets/images/资源材料/玻璃--e2c9aaf625.png,原版图鉴,res_Glass
灰烬,Ash,未标注,,"幸存者们用灰烬制造黑色粉末和肥皂。 

可以在领地中从壁炉和熄灭的炉底获得。",叠加上限：20,,,assets/images/资源材料/灰烬--b9ccb31b4b.png,原版图鉴,res_ashes
硝石,Saltpeter,未标注,,一种能制造烈性炸药的原料。,叠加上限：20,,"在 2级实验
台上生产。",assets/images/资源材料/硝石--33d4f3bf49.png,原版图鉴,res_Saltpeter
硫磺,Sulphur,未标注,,散发恶臭的黄色可燃粉末。 黑火药和炸药的重要成分。,叠加上限：20,,,assets/images/资源材料/硫磺--1410a055f0.png,原版图鉴,res_Sulfur
黑火药,Black Powder,未标注,,经典的炸药原料。,叠加上限：20,,"在 2级实验
台上生产。",assets/images/资源材料/黑火药--755ffb61d4.png,原版图鉴,res_BlackPowder
纸板,Cardboard,未标注,,厚纸板。 在核战之前， 它被用作包装材料。,叠加上限：20,,可以在小贩处交易,assets/images/资源材料/纸板--7545deec1b.png,原版图鉴,res_Cardboard
棉布,Cotton Fabric,未标注,,密棉布比亚麻布坚韧。,叠加上限：20,,在 3级织布机上生产。,assets/images/资源材料/棉布--bd3b93a0ce.png,原版图鉴,res_FabricCotton
棉花种子,Cotton Seeds,未标注,,核战前， 领地上并没有种植这些植物。 战后气候变得越来越炎热和干燥。,叠加上限：20,,,assets/images/资源材料/棉花种子--62dae69bc1.png,原版图鉴,res_SeedCotton
棉花,Cotton,未标注,,豆荚含有耐热植物的纤维和种子。,叠加上限：20,,可以在 3级花园土地上种植。,assets/images/资源材料/棉花--39eb74117d.png,原版图鉴,res_Cotton
红茶,Black Tea,未标注,,新鲜采摘、 冲泡的红茶真是提神！,叠加上限：21,,,assets/images/资源材料/红茶--3d8d81c2e1.png,原版图鉴,res_Tea
废料,Waste,未标注,,即使化粪池的残渣也能得到很好的利用。,叠加上限：20,,可以在厕所获得。,assets/images/资源材料/废料--5f1c8edee2.png,原版图鉴,res_Garbage
空水瓶,Empty Flask,未标注,,你可靠的水壶里一滴水都没了 。 它是空的 。,叠加上限：20,,可以被生产；相关工作台：残骸,assets/images/资源材料/空水瓶--b87394ac3d.png,原版图鉴,res_flask
钢锭,Steel Ingot,未标注,,耐用的金属，用于生产物品或建造物体。用于钢板的生产。,叠加上限：20,,在4级铁砧上生产。,assets/images/资源材料/钢锭--fd741f6d94.png,原版图鉴,res_Steel_ingot
违规者令牌,Violator’s token,未标注,,这块令牌的主人杀死了一个和平的幸存者。 它带有腐败印记。,叠加上限：20,,,assets/images/资源材料/违规者令牌--591d91d66a.png,原版图鉴,res_badge_pk
PDA для взлома,PDA для взлома,未标注,,Открывает закрытый контейнер,耐久：1；叠加上限：1,,,assets/images/资源材料/PDA для взлома--d13dffe668.png,原版图鉴,res_keycard_playtest
毁坏的马卡洛夫手枪,Broken Makarov,未标注,,严重损坏。 这把枪已经没法用了， 但部分零件可以利用。,叠加上限：20,,,assets/images/资源材料/毁坏的马卡洛夫手枪--68c5e967d5.png,原版图鉴,res_BrokenGun
硝酸甘油,Nitroglycerin,未标注,,极不稳定的炸药。,叠加上限：20,,可以在小贩处交易,assets/images/资源材料/硝酸甘油--6a075c14a8.png,原版图鉴,res_nitroglycerine
橡胶,Rubber,未标注,,磨损橡胶的碎片。,叠加上限：20,,,assets/images/资源材料/橡胶--7ae9e3496c.png,原版图鉴,res_Rubber
防水布,Tarpaulin,未标注,,高密度橡胶布。,叠加上限：20,,,assets/images/资源材料/防水布--2e3f02c191.png,原版图鉴,res_brazent
Объект для фейк рецептов,Объект для фейк рецептов,未标注,,"Незаменимый материал для прочных конструкций.

Добывается из бетонных блоков и валяется под ногами.",叠加上限：20,,,assets/images/资源材料/混凝土--eab7c0232b.png,原版图鉴,res_fake_blank
幸存者令牌,Survivor’s Token,未标注,,和平主义幸存者的徽章。 可能会有人想要交易它。,叠加上限：20,,,assets/images/资源材料/幸存者令牌--ab41c3f84a.png,原版图鉴,res_badge_nopk
汽车钥匙,Car Keys,未标注,,能打开汽车的可能性很小。,叠加上限：20,,,assets/images/资源材料/汽车钥匙--a67d4f93d1.png,原版图鉴,res_AutoKey
主板,Motherboard,未标注,,带有微芯片和其他小部件的战前计算机电路板。,叠加上限：20,,,assets/images/资源材料/主板--38c261c9a6.png,原版图鉴,res_MotherBoard
砂纸,Sandpaper,未标注,,高级砂纸， 用于打磨木制部件。,叠加上限：20,,,assets/images/资源材料/砂纸--53190299be.png,原版图鉴,res_SandPaper
RAM,RAM,未标注,,一个使用过的 DDR3 RAM模块。 某些领地人士可能会好好利用它。,叠加上限：20,,,assets/images/资源材料/RAM--a1400f63de.png,原版图鉴,res_MemoryStick
弹簧,Spring,未标注,,一个卷曲的弹簧， 可以快速松开。 它看起来像是某个更大物体的碎片。,叠加上限：20,,,assets/images/资源材料/弹簧--58849dd691.png,原版图鉴,res_Spring
珠宝,Jewelry,未标注,,珠宝。 它的前主人不需要它。,叠加上限：20,,出现场景：寂静树丛,assets/images/资源材料/珠宝--58d9eed214.png,原版图鉴,res_Jewerly
芯片,Chip,未标注,,一种带有 “Ozersk-2无线电设备厂制造”小标记的电子芯片。,叠加上限：20,,,assets/images/资源材料/芯片--35e09348bd.png,原版图鉴,res_Microchip
Проклятый артефакт,Проклятый артефакт,未标注,,"Прислушавшись, можно услышать тихий гул, исходящий от фигурки. Кажется, он складывается в слова, но их не разобрать.",叠加上限：1,,,assets/images/资源材料/Проклятый артефакт--5fb7a50275.png,原版图鉴,quest_cursed_artefact
不寻常的 PDA,Unusual PDA,未标注,,PDA状况良好。 它非常有用。,,,,assets/images/资源材料/不寻常的 PDA--1cbdf5a081.png,原版图鉴,quest_sherp_pda
狼血,Wolf blood,未标注,,狼的浓稠黑血。,叠加上限：1,,,assets/images/资源材料/狼血--145075b380.png,原版图鉴,quest_liquor_probe
Образец крови,Образец крови,未标注,,Отравленная ядом Лесовиков кровь. Ваша кровь,叠加上限：1,,,assets/images/资源材料/Образец крови--42323c7cb1.png,原版图鉴,quest_blood_probe
琥珀蘑菇,Amber Mushroom,未标注,,未知属性的神器。 闪闪发光， 摸上去很烫。 盖革计数器失灵了 。 你最好拿给瑞弗特看看。,叠加上限：1,,当前档案有 2 条同名记录；可能来自不同场景、活动或难度，请比较基础属性。,assets/images/资源材料/琥珀蘑菇--2ab9dc6b68.png,原版图鉴,quest_diamond_honey
辐条,Spokes,未标注,,旧自行车轮辐。,叠加上限：20,,在1级和2级废弃避难所中。；相关工作台：海辛十字弓,assets/images/资源材料/辐条--6b3a0f757f.png,原版图鉴,res_Spokes
螺栓,Bolts,未标注,,"钢制螺栓。 

游荡者最喜欢的消耗品。 能够发现危险的异象， 在组装装备时也很有用。",叠加上限：20,,仓库商人,assets/images/资源材料/螺栓--d01cf54346.png,原版图鉴,res_Bolts
自行车链轮,Bicycle Sprocket,未标注,,链轮包含在变速箱内。,叠加上限：20,,,assets/images/资源材料/自行车链轮--2d91ec0d87.png,原版图鉴,res_VeloStar
链节,Chain Link,未标注,,收集足够的链节， 就可以组成一条自行车链。,叠加上限：20,,旧加油站；相关工作台：毛骨悚然急救箱,assets/images/资源材料/链节--7051daabdb.png,原版图鉴,res_Zveno
大灾变徽章,Apocalypse Badge,未标注,,对我们测试人员的特别奖励。 测试完成后， 你可以将自己的大灾变徽章换成独特物品。,叠加上限：1000,,,assets/images/资源材料/大灾变徽章--e87e1bcd93.png,原版图鉴,res_Apocbadge
空罐头,Empty Can,未标注,,在领地内， 存货越多越好。 很有可能会派上用场。,叠加上限：20,,,assets/images/资源材料/空罐头--44c76f3f8b.png,原版图鉴,res_empty_can
"坏了的自行车","Broken Bicycle","未标注","","已经坏了， 但其他方面看起来不错。","叠加上限：1","","","assets/images/资源材料/坏了的自行车--99fa647dbb.png","原版图鉴"," broken_bicycle"
Масленка,Масленка,未标注,,Старая масленка с машинным маслом.,叠加上限：1,,,assets/images/资源材料/Масленка--f646bab15e.png,原版图鉴,quest_oil_pot
Сломанный слуховой аппарат,Сломанный слуховой аппарат,未标注,,"Если Клепка не починит его как можно скорей, Дед оглушит все Территории своими криками.",叠加上限：1,,,assets/images/资源材料/Сломанный слуховой аппарат--f38f7663ba.png,原版图鉴,quest_broken_device
Слуховой аппарат,Слуховой аппарат,未标注,,"Поскорей доставить Деду, пока его не сожрали горелые.",叠加上限：1,,,assets/images/资源材料/Слуховой аппарат--0797374477.png,原版图鉴,quest_aerophone
鹿角,Moose antlers,未标注,,狩猎的战利品， 澎湃的自豪之源。,叠加上限：20,,,assets/images/资源材料/鹿角--a8092b2b53.png,原版图鉴,res_moose_horns
建筑混凝土,Construction Concrete,未标注,,用混凝土砖砌成的墙壁更加光滑和坚固。,叠加上限：20,,在泥瓦匠工作台上生产。；当前档案有 2 条同名记录；可能来自不同场景、活动或难度，请比较基础属性。,assets/images/资源材料/建筑混凝土--5094079ac2.png,原版图鉴,res_treated_concrete
电线,Wires,未标注,,旧连接器。,叠加上限：20,,,assets/images/资源材料/电线--3c71e65d20.png,原版图鉴,wires
齿轮,Cogwheel,未标注,,有点生锈， 但仍然耐用。,叠加上限：20,,,assets/images/资源材料/齿轮--f5d454f08d.png,原版图鉴,gear
气罐,Gas Can,未标注,,核战后， 燃料的价值更高了 。,叠加上限：20,,可以在小贩处交易；当前档案有 2 条同名记录；可能来自不同场景、活动或难度，请比较基础属性。,assets/images/资源材料/气罐--196b3416da.png,原版图鉴,petrol
等级1武器盒,Level 1 Arms Crate,未标注,,升级武器的工具和消耗品。,叠加上限：20,,,assets/images/资源材料/等级1武器盒--37f3814895.png,原版图鉴,sharpening_of_weapons2
鞣制皮革,Tanned Leather,未标注,,由鞣制皮革制成的衣服一次又一次地挽救了主人的生命。,叠加上限：20,,在3级皮革商工作台上生产。,assets/images/资源材料/鞣制皮革--04960b07b6.png,原版图鉴,Improved_skin
建筑混凝土,Builder's Concrete,未标注,,普通形状的坚硬混凝土块。,叠加上限：20,,在2级泥瓦匠工作台上生产。；当前档案有 2 条同名记录；可能来自不同场景、活动或难度，请比较基础属性。,assets/images/资源材料/建筑混凝土--d37b12292a.png,原版图鉴,res_reinforced_beton
盐,Salt,未标注,,核战过后， 盐变得值钱了 。,叠加上限：20；恢复生命：5,,,assets/images/资源材料/盐--8432640453.png,原版图鉴,res_Salt
Перец,Перец,未标注,,Перец описание [y],叠加上限：20,,,assets/images/资源材料/硫磺--1410a055f0.png,原版图鉴,res_Pepper
钓鱼线,Fishing Line,未标注,,战前塑料钓鱼线。,叠加上限：20,,可以在小贩处交易,assets/images/资源材料/钓鱼线--6e34e41b92.png,原版图鉴,res_line
动物脂肪,Animal Fat,未标注,,你可以把它当作食物， 也可以作其他用途， 比如制成肥皂。,叠加上限：20；恢复生命：5,,,assets/images/资源材料/动物脂肪--fdeda4d449.png,原版图鉴,res_animal_fat
Военная рация [y],Военная рация [y],未标注,,Военная рация описание [y],叠加上限：1,,,assets/images/资源材料/钉子--abaa005420.png,原版图鉴,res_military_radio
Эмблема клана [y],Эмблема клана [y],未标注,,Эмблема клана описание [y],叠加上限：1,,,assets/images/资源材料/钉子--abaa005420.png,原版图鉴,res_clan_emblem
Мишень для стрельбы [y],Мишень для стрельбы [y],未标注,,Мишень для стрельбы описание [y],叠加上限：1,,,assets/images/资源材料/钉子--abaa005420.png,原版图鉴,res_target_for_shooting
橡胶软管,Rubber Hoses,未标注,,家庭必需品。,叠加上限：20,,在实验台上生产。,assets/images/资源材料/橡胶软管--bec2be6a7c.png,原版图鉴,res_Rubber_hoses
空瓶,Empty Bottle,未标注,,液体最好在密封的瓶子里储存和陈化。,叠加上限：20,,,assets/images/资源材料/空瓶--1f0a8b7aa0.png,原版图鉴,res_bottle
敌方活动守望者零件,HAWK Parts,未标注,,即使是损坏的战前机器也能派上用场。,叠加上限：20,,,assets/images/资源材料/敌方活动守望者零件--f502257ed5.png,原版图鉴,res_dron
电池,Batteries,未标注,,用于便携式设备的战前能源。,叠加上限：20,,可以在小贩处交易,assets/images/资源材料/电池--c8fe19e704.png,原版图鉴,res_batteries
抛光木板,Polished Planks,未标注,,精抛光木板。,叠加上限：20,,在 2级刨床上生产。,assets/images/资源材料/抛光木板--67de2e184f.png,原版图鉴,polished_boards
发动机零件,Engine Spare Parts,未标注,,战前机器的残骸。 你可以用它来建造工作台或车辆。,叠加上限：20,,,assets/images/资源材料/发动机零件--c161895e71.png,原版图鉴,engine_parts
铅,Lead,未标注,,从坏了的汽车电池中获得的铅碎片。,叠加上限：20,,,assets/images/资源材料/铅--3a4f8673b4.png,原版图鉴,rec_lead
TNT炸药,TNT,未标注,,威力强大的炸药， 能够安全操作。,基础伤害：200–270；攻击间隔：1秒；攻击距离（配置）：9；暴击几率：10%；暴击倍率：1.5倍；潜行攻击倍率：2.5倍；叠加上限：20,,当前档案有 2 条同名记录；可能来自不同场景、活动或难度，请比较基础属性。,assets/images/补给消耗品/自制炸药--c9da241b6a.png,原版图鉴,rec_TNT
螺纹,Screw Thread,未标注,,处于良好状态的齿轮齿条传动装置。,叠加上限：20,,,assets/images/资源材料/螺纹--23e5bd574e.png,原版图鉴,screw_mechanism
松木板材,Pine Planks,未标注,,非常坚硬的木板， 由变异树木制成。,叠加上限：20,,在3级刨床上生产。；当前档案有 2 条同名记录；可能来自不同场景、活动或难度，请比较基础属性。,assets/images/资源材料/松木板材--1e601bed0e.png,原版图鉴,treated_pine
螺丝钉,Screws,未标注,,不可或缺的固定元件。,叠加上限：20,,当前档案有 2 条同名记录；可能来自不同场景、活动或难度，请比较基础属性。,assets/images/资源材料/螺丝钉--ce812cc657.png,原版图鉴,rec_screw
等级1工具盒,Tool Box level 1,未标注,,升级铠甲的工具和消耗品。,叠加上限：20,,,assets/images/资源材料/等级1工具盒--ca30d832db.png,原版图鉴,sharpening_of_armor2
塑料,Plastic,未标注,,塑料垃圾。 战前的泛滥物。,叠加上限：20,,,assets/images/资源材料/塑料--22951e460b.png,原版图鉴,plastic
坏了的 CHAP,Broken CHAP,未标注,,网络助手自主宠物。 这个忠诚的机器人为保护主人而死。,叠加上限：1,,可以在小贩处交易,assets/images/资源材料/坏了的 CHAP--075b04a685.png,原版图鉴,Broken_Robobes
建筑花岗岩,Construction Granite,未标注,,一种耐用的建筑材料，用于建造避难所中的墙壁、地板和其他一些物体。,叠加上限：20,,在 3级泥瓦匠工作台上生产。；当前档案有 2 条同名记录；可能来自不同场景、活动或难度，请比较基础属性。,assets/images/资源材料/建筑花岗岩--58078016a1.png,原版图鉴,treated_granite
松木原木,Pine Logs,未标注,,森林中心的变异木材。 非常坚硬。,叠加上限：20,,尖叫森林；出现场景：神秘的地下室；当前档案有 2 条同名记录；可能来自不同场景、活动或难度，请比较基础属性。,assets/images/资源材料/松木原木--203b6b86ee.png,原版图鉴,Pine
坏了的散弹枪,Broken Shotgun,未标注,,看来， 有人把这支猎枪当棍棒用了 。,叠加上限：20,,,assets/images/资源材料/坏了的散弹枪--f1c7b7d4dd.png,原版图鉴,broken_edge
坏了的格洛克手枪,Broken Glock,未标注,,战利品手枪的损坏零件。,叠加上限：20,,,assets/images/资源材料/坏了的格洛克手枪--36b74239e9.png,原版图鉴,broken_glock
战前药片,Pre-War Pills,未标注,,很久前就过期了 。 不过， 你可以用它来制作抗辐射病药物。,叠加上限：20,,,assets/images/资源材料/战前药片--b1e9d73ebd.png,原版图鉴,aspirin
过滤器,Filter,未标注,,吸收式过滤器， 可以用来清除空气中的有毒气体或放射性尘埃。 也可以用作防毒面具。,叠加上限：20,,,assets/images/资源材料/过滤器--54db5a104a.png,原版图鉴,filters
坏了的 AKM,Broken AKM,未标注,,这把突击步枪损坏严重， 但最重要的零件依然可用。,叠加上限：20,,,assets/images/资源材料/坏了的 AKM--fe21c0c953.png,原版图鉴,Broken_AKM
坏了的 M16,Broken M16,未标注,,损坏的军用步枪。 已经无法使用， 但无论如何， 这是个好战利品。,叠加上限：20,,,assets/images/资源材料/坏了的 M16--b992cbfbf3.png,原版图鉴,Broken_M16
坏了的 T-16U阿玛塔主战坦克,Broken T-16U Armata,未标注,,要塞兵团的工程师针对僵尸大灾变改装了该坦克。 然而， 它已经坏了 。,叠加上限：1,,可以在小贩处交易,assets/images/资源材料/坏了的 T-16U阿玛塔主战坦克--f56d3d9038.png,原版图鉴,Broken_tank
凯芙拉,Kevlar,未标注,,超高强度的战前合成纤维。 这可是个幸运的发现。,叠加上限：20,,,assets/images/资源材料/凯芙拉--47f9db6c75.png,原版图鉴,kevlar
凿子,Chisel,未标注,,石材和金属加工工具。,叠加上限：20,,,assets/images/资源材料/凿子--d928b4da13.png,原版图鉴,chisel
金属屑,Metal Shavings,未标注,,金属加工废料。 建筑混凝土的原料。,叠加上限：20,,,assets/images/资源材料/金属屑--9739af2321.png,原版图鉴,metal_shaving
花岗岩,Granite,未标注,,你可以在尖叫森林中找到这种火山矿物的矿床，将其加工后可以得到一种优良的建筑材料。,叠加上限：20,,尖叫森林；当前档案有 2 条同名记录；可能来自不同场景、活动或难度，请比较基础属性。,assets/images/资源材料/花岗岩--c1fa688b62.png,原版图鉴,granite
人造革,Crafted Leather,未标注,,结实耐用的人造革材料。,叠加上限：20,,在2级皮革商工作台上生产。；相关工作台：探照灯,assets/images/资源材料/人造革--a3ad21ebd7.png,原版图鉴,improved_skin1
酸,Acid,未标注,,一种装有油状腐蚀性液体的瓶子， 这种液体可在坏了的汽车电池或其它地方找到 。,叠加上限：20,,,assets/images/资源材料/酸--7f302b9f11.png,原版图鉴,acid
润滑油,Grease,未标注,,为你的自行车恢复20个润滑油点。 领地的道路尘土飞扬， 未经润滑的发动机和装置很快就会毁坏。,叠加上限：20,,致命区域；出现场景：焦尸土地；出现场景：暗区,assets/images/资源材料/Масленка--f646bab15e.png,原版图鉴,Machine_oil
等级2武器盒子,Level 2 Arms Crate,未标注,,升级武器的工具和消耗品。,叠加上限：20,,,assets/images/资源材料/等级2武器盒子--19ae65bdbe.png,原版图鉴,sharpening_of_weapons4
等级2工具盒,Tool Box level 2,未标注,,升级铠甲的工具和消耗品。,叠加上限：20,,,assets/images/资源材料/等级2工具盒--d500221598.png,原版图鉴,sharpening_of_armor4
等级3武器盒子,Level 3 Arms Crate,未标注,,升级武器的工具和消耗品。,叠加上限：20,,当前档案有 2 条同名记录；可能来自不同场景、活动或难度，请比较基础属性。,assets/images/资源材料/等级3武器盒子--b4d2c78b45.png,原版图鉴,sharpening_of_weapons6
等级3工具盒,Tool Box level 3,未标注,,升级铠甲的工具和消耗品。,叠加上限：20,,,assets/images/资源材料/等级3工具盒--621abfa4d7.png,原版图鉴,sharpening_of_armor6
等级4武器盒子,Level 3 Arms Crate,未标注,,升级武器的工具和消耗品。,叠加上限：20,,当前档案有 2 条同名记录；可能来自不同场景、活动或难度，请比较基础属性。,assets/images/资源材料/等级4武器盒子--ea1ab84818.png,原版图鉴,sharpening_of_weapons8
等级4工具盒,Tool Box level 4,未标注,,升级铠甲的工具和消耗品。,叠加上限：20,,,assets/images/资源材料/等级4工具盒--e3c9ded75a.png,原版图鉴,sharpening_of_armor8
等级5武器盒子,Arms Crate level 5,未标注,,升级武器的工具和消耗品。,叠加上限：20,,当前档案有 3 条同名记录；可能来自不同场景、活动或难度，请比较基础属性。,assets/images/资源材料/等级5武器盒子--ed29239f03.png,原版图鉴,sharpening_of_weapons10
等级5工具盒,Tool Box level 5,未标注,,升级铠甲的工具和消耗品。,叠加上限：20,,,assets/images/资源材料/等级5工具盒--c9477dd6c4.png,原版图鉴,sharpening_of_armor10
旧毛边,Old Burr,未标注,,风钻的切割毛边。,叠加上限：20,,,assets/images/资源材料/旧毛边--6b9888d50b.png,原版图鉴,rec_old_drill
烟草,Tobacco,未标注,,大农场生产的自制烟草。,叠加上限：20,,出现场景：寂静树丛；出现场景：焦尸土地,assets/images/资源材料/烟草--321a5a1db8.png,原版图鉴,tabaco
频率发生器,Frequency Generator,未标注,,无线电部件。,叠加上限：20,,,assets/images/资源材料/频率发生器--d16e343d5e.png,原版图鉴,res_antenna
零度火花,Zero-Spark,未标注,,某些装置所需的一大块变异矿物。,叠加上限：20,,,assets/images/资源材料/零度火花--68f6861a5d.png,原版图鉴,res_emprtyfact
螺丝钉,Screwnails,未标注,,修理必需品。 它们会在你屋里派上用场的 。,叠加上限：20,,当前档案有 2 条同名记录；可能来自不同场景、活动或难度，请比较基础属性。,assets/images/资源材料/螺丝钉--1c01aa2e93.png,原版图鉴,res_surupi
Древесная кора,Древесная кора,未标注,,"Кора деревьев, подвергшихся аномальному излучению. Отвар из нее придает сил.",叠加上限：20,,出现场景：防风林；出现场景：森林郊区；出现场景：寂静树丛,assets/images/资源材料/Древесная кора--704b3621d7.png,原版图鉴,res__bark
狼牙,Wolf Fangs,未标注,,成年狼的尖牙。 能做成一条很棒的项链。,叠加上限：20,,,assets/images/资源材料/狼牙--30ecab717c.png,原版图鉴,res_wolf_teeth
未识别神器,Unidentified Artifact,未标注,,一种属性不明的异象神器。 在使用之前， 你必须先把它给专家解析， 或者用带有神器识别器的磁盘解析。,叠加上限：10,,当前档案有 6 条同名记录；可能来自不同场景、活动或难度，请比较基础属性。,assets/images/资源材料/未识别神器--e6837f2f9f.png,原版图鉴,res_Unidentified_Artifact_lazurit
坏了的摩托车,Broken Motorcycle,未标注,,可以修理的战前车辆。 找到零件， 你就可以驰骋并征服领地了！,叠加上限：20,,,assets/images/资源材料/坏了的摩托车--05f03efe99.png,原版图鉴,broken_motorcycle
西红柿种子,Tomato Seeds,未标注,,你可以用这些种子种西红柿。,叠加上限：20,,,assets/images/资源材料/西红柿种子--097d83559d.png,原版图鉴,res_tomato_seeds
钱,Bucks,未标注,,土匪和贸易联盟代表使用的战前货币。,叠加上限：20,,出现场景：寂静树丛,assets/images/资源材料/钱--d012d98085.png,原版图鉴,res_dollar
杉树枝,Fir Branches,未标注,,杉树枝是传统的新年装饰品。不过这些树枝上的针叶似乎在动……,叠加上限：20,,当前档案有 3 条同名记录；可能来自不同场景、活动或难度，请比较基础属性。,assets/images/资源材料/杉树枝--cd9690f02d.png,原版图鉴,res_fir_branches
节日花环,Festive Garland,未标注,,游荡者们有一个传说，说是在核战之前，人们相信新年树上的灯饰能吸引带来礼物的好精灵。,叠加上限：20,,当前档案有 2 条同名记录；可能来自不同场景、活动或难度，请比较基础属性。,assets/images/资源材料/节日花环--6000a40e46.png,原版图鉴,res_garland
新年树装饰,Tree Decorations,未标注,,战前的新年装饰品，奇迹般地在核战中幸存了下来。,叠加上限：20,,可作为新年奖励获取.；当前档案有 2 条同名记录；可能来自不同场景、活动或难度，请比较基础属性。,assets/images/资源材料/新年树装饰--5b247f6b53.png,原版图鉴,res_Christmas_decorations
礼品纸,Gift Paper,未标注,,色彩鲜艳的节日用纸， 印着有趣的图案。,叠加上限：20,,可作为新年奖励获取.；当前档案有 2 条同名记录；可能来自不同场景、活动或难度，请比较基础属性。,assets/images/资源材料/礼品纸--8ca2b3d859.png,原版图鉴,res_gift_wrap_2019
新年之星,New Year Star,未标注,,核战后，人们躲在地下室里好几个月都看不到星星。新年之星是希望的象征，也是美丽的装饰。,叠加上限：20,,当前档案有 2 条同名记录；可能来自不同场景、活动或难度，请比较基础属性。,assets/images/资源材料/新年之星--d14d99ba98.png,原版图鉴,res_Star
节日彩带,Festive Tinsel,未标注,,闪闪发光的装饰品，看起来很像瓶刷。没有别的用处，但挂在树上很好看。,叠加上限：20,,当前档案有 2 条同名记录；可能来自不同场景、活动或难度，请比较基础属性。,assets/images/资源材料/节日彩带--a07240fc12.png,原版图鉴,res_Tinsel
Елочные игрушки,Елочные игрушки,未标注,,"Фигурки разнообразных зверей, большинство из которых опознать могут только те, кто родился до Пожара.

Понадобится для установки елки в Убежище.",叠加上限：20,,,assets/images/资源材料/Елочные игрушки--f1bc61dcfa.png,原版图鉴,res_Toys_animals
新年树糖果,New Year Tree Candy,未标注,,无法食用，但挂在树上很好看。,叠加上限：20,,当前档案有 5 条同名记录；可能来自不同场景、活动或难度，请比较基础属性。,assets/images/资源材料/新年树糖果--837e19419c.png,原版图鉴,res_Candies
Носок для подарков,Носок для подарков,未标注,,"Никто не знает, откуда в носках появляются подарки, но это не мешает даже самым суровым обитателям Территорий класть их под новогоднюю елку в надежде получить что-то ценное.",叠加上限：1,,,assets/images/资源材料/Носок для подарков--f6640da8cb.png,原版图鉴,res_sock
简易警报器,Improvised Alarm,未标注,,由一根带有锡罐的绊线和一个扩音器组成， 能够向避难所的屋主和盟友发出警报信号。,叠加上限：20,,,assets/images/资源材料/简易警报器--55d65d30a3.png,原版图鉴,signaling
TNT炸药,TNT,未标注,,威力强大的炸药， 能够安全操作。,叠加上限：20,,当前档案有 2 条同名记录；可能来自不同场景、活动或难度，请比较基础属性。,assets/images/资源材料/TNT炸药--d44b22f3bd.png,原版图鉴,dynamite
炫光能量石,Glare,未标注,,神器力量的来源。 领地上最有价值的物品之一。,叠加上限：20,,,assets/images/资源材料/炫光能量石--fece51af1a.png,原版图鉴,res_radd_crystal_charged
血泪球,Bloody Tears,未标注,,一件仓库的稀有神器。,叠加上限：50,,出现场景：被围困的房屋；出现场景：储料设施,assets/images/资源材料/血泪球--18cce58e94.png,原版图鉴,res_bloody_tears
地下室钥匙,Basement Key,未标注,,瑞弗特坚持认为这把钥匙可以打开避难所的地下室。,耐久：10；叠加上限：1,,,assets/images/资源材料/地下室钥匙--4d6beeb99e.png,原版图鉴,cellar_key_s4
损坏的 PKM MG,Broken PKM MG,未标注,,这把机关枪损坏严重， 但最重要的零件依然可用。,叠加上限：20,,,assets/images/资源材料/损坏的 PKM MG--051b40d283.png,原版图鉴,Broken_machine_gun
SD卡,SD Card,未标注,,与你的 PDA不兼容。 如果你找到一张合适的读卡器， 就可以阅读它的内容。,叠加上限：20,,,assets/images/资源材料/SD卡--7d4a32cd6a.png,原版图鉴,res_SD
平板电脑,Tablet,未标注,,屏幕裂开了， 满是灰尘。 电池没电了 。,叠加上限：20,,,assets/images/资源材料/平板电脑--db4ae351e8.png,原版图鉴,res_tablet
胶片摄影机,Film Camera,未标注,,镜头完好无损， 但没有胶卷无法使用。 你可以把它拆开， 拿出镜头。,叠加上限：20,,,assets/images/资源材料/胶片摄影机--9f9d985117.png,原版图鉴,res_camera
卡牌,Deck of Сards,未标注,,这副牌是在核战之前生产的 。 你可以用它来玩游荡者最喜欢的游戏， 努卡扑克。,叠加上限：20,,,assets/images/资源材料/卡牌--b41a72b516.png,原版图鉴,res_playing_cards
未识别神器,Unidentified Artifact,未标注,,一种属性不明的异象神器。 在使用之前， 你必须先把它给专家解析， 或者用带有神器识别器的磁盘解析。,叠加上限：1,,当前档案有 6 条同名记录；可能来自不同场景、活动或难度，请比较基础属性。,assets/images/资源材料/未识别神器--e6837f2f9f.png,原版图鉴,res_Unidentified_Artifact_limonka
未识别神器,Unidentified Artifact,未标注,,一种属性不明的异象神器。 在使用之前， 你必须先把它给专家解析， 或者用带有神器识别器的磁盘解析。,叠加上限：1,,当前档案有 6 条同名记录；可能来自不同场景、活动或难度，请比较基础属性。,assets/images/资源材料/未识别神器--e6837f2f9f.png,原版图鉴,res_Unidentified_Artifact_tooth
未识别神器,Unidentified Artifact,未标注,,一种属性不明的异象神器。 在使用之前， 你必须先把它给专家解析， 或者用带有神器识别器的磁盘解析。,叠加上限：1,,当前档案有 6 条同名记录；可能来自不同场景、活动或难度，请比较基础属性。,assets/images/资源材料/未识别神器--e6837f2f9f.png,原版图鉴,res_Unidentified_Artifact_devilheg
焦尸生物样本。,Charred Biological Samples,未标注,,"装满的试剂瓶注射器。 

即使静止， 液体中也会有漩涡， 就好似脉动。 应研究所要求， 以研究焦尸区。",叠加上限：20,,当前档案有 2 条同名记录；可能来自不同场景、活动或难度，请比较基础属性。,assets/images/资源材料/焦尸生物样本。--d4c4f531c8.png,原版图鉴,quest_probe_burnt
复活的刽子手血样,Risen Carnifex's blood,未标注,,"装满粘稠液体的烧瓶。 

如果仔细观察， 你会发现深红色液体的结构就像一个微缩的血管系统。 研究所的维拉 · 霍洛多娃博士承诺为此样本支付丰厚报酬。",叠加上限：1,,,assets/images/资源材料/复活的刽子手血样--f3e42b9f90.png,原版图鉴,quest_probe_rebel_pagan
长舌僵尸生物样本,Stinger Biological Sample,未标注,,"试剂瓶注射器。 

瓶中物质在周期性地移动， 就像数以百计的小水蛭。 应研究所特殊亡灵起源实验室的要求收集。",叠加上限：10,,当前档案有 2 条同名记录；可能来自不同场景、活动或难度，请比较基础属性。,assets/images/资源材料/复活的刽子手血样--f3e42b9f90.png,原版图鉴,quest_probe_pagan
爪子生物样本,Claw Biological Sample,未标注,,"试剂瓶注射器。 

烧瓶中装满了原油状的黑色液体。 液体内漂浮着刺入玻璃壁的黑色细针。 研究所副所长霍洛多娃博士的个人订单。",叠加上限：10,,当前档案有 2 条同名记录；可能来自不同场景、活动或难度，请比较基础属性。,assets/images/资源材料/爪子生物样本--8e408929dd.png,原版图鉴,quest_probe_claw
留名者生物样本,Tagger Biological Sample,未标注,,"试剂瓶注射器。 

一种黑色的胶状物质好像在撞击玻璃壁内部， 似乎想要挣脱出来。 烧瓶上附有瑞弗特签名的便条。 上面写着： “把这个交给霍洛多娃。 别吃！ ”",叠加上限：10,,当前档案有 2 条同名记录；可能来自不同场景、活动或难度，请比较基础属性。,assets/images/资源材料/留名者生物样本--5c3ead65ed.png,原版图鉴,quest_probe_gripper
要塞兵团的文件,Citadel Corps' Documents,未标注,,标记为“绝密”的厚文件夹。 它用红色蜡密封， 密封蜡的塔型图案是要塞特种兵团的徽章。,叠加上限：10,,当前档案有 2 条同名记录；可能来自不同场景、活动或难度，请比较基础属性。,assets/images/资源材料/要塞兵团的文件--5df43cd745.png,原版图鉴,quest_stronghold_document_besiege_house
琥珀蘑菇,Amber Mushroom,未标注,,未知属性的神器。 闪闪发光， 摸上去很烫。 盖革计数器失灵了 。 小心处理。,叠加上限：1,,当前档案有 2 条同名记录；可能来自不同场景、活动或难度，请比较基础属性。,assets/images/资源材料/琥珀蘑菇--2ab9dc6b68.png,原版图鉴,quest_amber_fungus
要塞兵团的文件,Citadel Corps' Documents,未标注,,标记为“绝密”的厚文件夹。 它用红色蜡密封， 密封蜡的塔型图案是要塞特种兵团的徽章。,叠加上限：10,,当前档案有 2 条同名记录；可能来自不同场景、活动或难度，请比较基础属性。,assets/images/资源材料/要塞兵团的文件--5df43cd745.png,原版图鉴,quest_stronghold_document_broken_trailer
树,Tree,未标注,,树,叠加上限：1,,,assets/images/资源材料/树--de32ce4a40.png,原版图鉴,where_find_tree
寂静树丛,Quiet Grove,未标注,,,叠加上限：1,,进入迷雾， 在全局地图上查找。,assets/images/资源材料/寂静树丛--c07debcca0.png,原版图鉴,where_find_tihaya_rosza
焦尸,Charred,未标注,,,叠加上限：1,,,assets/images/资源材料/焦尸--a4e6e7f3d6.png,原版图鉴,where_find_burnt
铁荒原,Iron Wastelands,未标注,,,叠加上限：1,,进入迷雾， 在全局地图上查找。,assets/images/资源材料/铁荒原--bd4e42442a.png,原版图鉴,where_find_pustosh
桶,Barrel,未标注,,桶,叠加上限：1,,,assets/images/资源材料/桶--92159adfcf.png,原版图鉴,where_find_barrel
送葬者,Undertakers,未标注,,,叠加上限：1,,,assets/images/资源材料/送葬者--872f4c28c0.png,原版图鉴,where_find_skulls
狂腐士,Decayers,未标注,,,叠加上限：1,,狂腐士生成于铁荒原和焦尸土地。可能需要尝试多次才能找到它们。,assets/images/资源材料/狂腐士--6166b5fd12.png,原版图鉴,where_find_raspadniki
森林之友,Forest Children,未标注,,,叠加上限：1,,,assets/images/资源材料/森林之友--a7483a10bb.png,原版图鉴,where_find_lesovik
混凝土块,Concrete Block,未标注,,混凝土块,叠加上限：1,,,assets/images/资源材料/混凝土块--183bde5b54.png,原版图鉴,where_find_beton
神器识别磁盘,Artifact Identifying Disk,未标注,,游荡者的神器数据库。 不幸的是， 来自异象物品的辐射经常会损坏这些设备。,叠加上限：20,,,assets/images/资源材料/神器识别磁盘--2c56b3cb90.png,原版图鉴,res_hdd_determinant_artifacts
背包,Backpack,未标注,,"Чей-то рюкзак, плотно упакованный. Внутри может быть что-то ценное.",,,,assets/images/资源材料/背包--c759676da4.png,原版图鉴,where_find_rukzak
旧手提箱,Old Suitcase,未标注,,"Плотно набитый чемодан, перехваченный ремнями. Внутри может быть что-то ценное.",叠加上限：1,,,assets/images/资源材料/旧手提箱--95e7df2b59.png,原版图鉴,where_find_chemodan
战利品袋,Bag with Swag,未标注,,"Плотно набитый чемодан, перехваченный ремнями. Внутри может быть что-то ценное.",叠加上限：1,,,assets/images/资源材料/战利品袋--dc0d1a4670.png,原版图鉴,where_find_spotsumka
能量值,Energy,未标注,,,,,进食、 使用神器、 或者在你安全的避难所呆一段时间来恢复能量值。,assets/images/资源材料/能量值--7ef23f1acd.png,原版图鉴,where_find_energy
森林管理员,Forest Keeper,未标注,,,叠加上限：1,,,assets/images/资源材料/狂腐士--6166b5fd12.png,原版图鉴,where_find_drug_lesa
复仇者狂腐士,Vindicator Decayer,未标注,,,叠加上限：1,,,assets/images/资源材料/复仇者狂腐士--36e740c251.png,原版图鉴,where_find_bratkluchnik
空投,Airdrop,未标注,,,,,,assets/images/资源材料/空投--e84c1ea7a2.png,原版图鉴,where_find_airdrop
留名者,Tagger,未标注,,,叠加上限：1,,,assets/images/资源材料/留名者--164a613fb2.png,原版图鉴,where_find_hvat
战前香烟,Pre-war Cigarettes,未标注,,一包战前香烟。 可以用来向吸烟者换取贵重物品。,叠加上限：20,,出现场景：寂静树丛,assets/images/资源材料/战前香烟--56eec776ca.png,原版图鉴,res_cigarettes
双血泪球,Double Bloody Tear,未标注,,双血泪球非常稀有。可以在要塞前哨与仓库商人和少尉进行交易。,叠加上限：50,,出现场景：被围困的房屋；出现场景：储料设施,assets/images/资源材料/双血泪球--3cdd5d804d.png,原版图鉴,res_token_2
三血泪球,Triple Bloody Tear,未标注,,最稀有的三重神器。可以在要塞前哨与仓库商人和少尉进行交易。,叠加上限：50,,出现场景：储料设施,assets/images/资源材料/三血泪球--9ea83571fc.png,原版图鉴,res_token_3
弹药盒,Ammo Box,未标注,,火枪弹药。 被围困房屋的农夫要你把这个带给他 。,叠加上限：10000,,,assets/images/资源材料/弹药盒--78f10aac3c.png,原版图鉴,quest_bullets_for_farmer
狂腐士狗牌,Decayer's Tag,未标注,,狂腐士狗牌。可与莱科维奇以及被围困的房屋的农夫交易。,叠加上限：50,,出现场景：Старая остановка,assets/images/资源材料/狂腐士狗牌--b71b07db35.png,原版图鉴,res_Token_Raspadnikov
狂腐士双狗牌,Decayer's Double Tag,未标注,,狂腐士狗牌。可与莱科维奇、被围困的房屋给农夫，以及要塞前哨的少尉交易。,叠加上限：50,,出现场景：Старая остановка,assets/images/资源材料/狂腐士双狗牌--943cff360c.png,原版图鉴,res_Token_Raspadnikov_double
Знак работорговцев,Знак работорговцев,未标注,,"Трофей, добытый у работорговцев.

Можно обменять на товары, например, у механика Занозы.",叠加上限：20,,,assets/images/资源材料/Знак работорговцев--2d08a73061.png,原版图鉴,res_Token_bike_trader
火花塞,Spark Plugs,未标注,,有机油渍的旧火花塞。 你可以使用备用品， 但是在领地找到备用火花塞可不容易！,叠加上限：20,,当前档案有 4 条同名记录；可能来自不同场景、活动或难度，请比较基础属性。,assets/images/资源材料/火花塞--f2ce7388b2.png,原版图鉴,quest_spark_plug
汽车电池,Car Battery,未标注,,它覆盖着灰尘和蛛网， 但你不能太挑剔。,叠加上限：20,,,assets/images/资源材料/汽车电池--157dbcae00.png,原版图鉴,quest_akum_repair
完整的散热器,Intact Radiator,未标注,,上面满是铁锈， 还有点弯。 但它运转良好。,叠加上限：20,,,assets/images/资源材料/完整的散热器--8314510612.png,原版图鉴,quest_rad_repair
火机油,Lighter Fluid,未标注,,加速壁炉的烹饪。,叠加上限：20,,,assets/images/资源材料/火机油--d0433979f3.png,原版图鉴,res_catalyst_Ignition_fluid
肥料,Fertilizer,未标注,,可用于花园土地， 加速生长。,叠加上限：20,,,assets/images/资源材料/肥料--aba6148420.png,原版图鉴,res_catalyst_Fertilizers
凿子箱,Chisel Kit,未标注,,可用于刨床， 加速生产。,叠加上限：20,,,assets/images/资源材料/凿子箱--4c50a0749d.png,原版图鉴,res_catalyst_Sharpened_chisels
缝纫针,Sewing Needles,未标注,,可用于织布机， 加速生产。,叠加上限：20,,,assets/images/资源材料/缝纫针--a89a00d938.png,原版图鉴,res_catalyst_Sewing_needles
净水器,Water Purifier,未标注,,可用于水井和集水器， 加速集水。,叠加上限：20,,,assets/images/资源材料/净水器--2ce89be2ce.png,原版图鉴,res_catalyst_Water_purification_filter
块煤,Lump Coal,未标注,,可用于铁砧， 加速生产。,叠加上限：20,,,assets/images/资源材料/块煤--0166cedceb.png,原版图鉴,res_catalyst_Coal_coke
催化剂,Catalyzers,未标注,,可用于医生桌和实验台， 加速生产。,叠加上限：20,,,assets/images/资源材料/催化剂--92567a2064.png,原版图鉴,res_catalyst_Reagents
神器识别加速器,Tick Tock,未标注,,加速神器识别。,叠加上限：20,,,assets/images/资源材料/神器识别加速器--af28966eb6.png,原版图鉴,res_catalyst_Artifact
鞣剂,Tanning Liquor,未标注,,可用于皮革商工作台， 加速生产。,叠加上限：20,,,assets/images/资源材料/鞣剂--51760810e8.png,原版图鉴,res_catalyst_Tanning_solution
金刚石粉,Diamond Powder,未标注,,可用于泥瓦匠工作台， 加速生产。,叠加上限：20,,,assets/images/资源材料/金刚石粉--65a7d36930.png,原版图鉴,res_catalyst_Diamond_dust
战前杂志,Pre-War Magazine,未标注,,在厕所加速生产。,叠加上限：20,,,assets/images/资源材料/战前杂志--550e8a00fc.png,原版图鉴,res_catalyst_Toilet_magazine
建造者箱,Builder's Kit,未标注,,舒适的 3x3等级2房间。,叠加上限：1,,,assets/images/资源材料/建造者箱--a3ec601143.png,原版图鉴,bank_builderkit_fake_icon_container
旧钥匙,Old Key,未标注,,尝试用这把钥匙打开仓库的战利品箱吧,耐久：1；叠加上限：1,,当前档案有 2 条同名记录；可能来自不同场景、活动或难度，请比较基础属性。,assets/images/资源材料/地下室钥匙--4d6beeb99e.png,原版图鉴,event_tongue_key
小麦种子,Wheat Seeds,未标注,,可以在花园土地上种植。,叠加上限：20,,,assets/images/资源材料/小麦种子--0931aa1f40.png,原版图鉴,res_wheat_seeds
小麦,Wheat,未标注,,麦穗累累的麦秆。 可以在实验台上浸泡， 以进一步蒸馏。,叠加上限：20,,任何等级的花园土地,assets/images/资源材料/小麦--bfaa7d655f.png,原版图鉴,res_wheat
千钧怪之角,Stomper's Horn,未标注,,几乎没有人能活着逃离千钧怪， 能拿到战利品的人更是寥寥无几。,叠加上限：10,,,assets/images/资源材料/千钧怪之角--bd9014ba46.png,原版图鉴,quest_horn_behemoth
真空管,Vacuum Tube,未标注,,散发出温暖舒适的光芒。,叠加上限：20,,,assets/images/资源材料/真空管--33c2e532ab.png,原版图鉴,electric_lamp
战前胶水,Pre-War Glue,未标注,,由加尔科夫化工厂生产。 狂腐士用它的迷醉效果来给新信徒洗脑。,叠加上限：20,,出现场景：铁荒原,assets/images/资源材料/战前胶水--5dbf5c91be.png,原版图鉴,glue_moment
大型炸弹,Big Bang,未标注,,里面有三颗手榴弹、 爆裂糖果和天青石。 在敌人确信你寡不敌众时使用。,叠加上限：1,,,assets/images/资源材料/大型炸弹--ac9644c7ce.png,原版图鉴,bank_vagabound_green_fake_icon_container
麋鹿血样,Moose's blood sample,未标注,,一整瓶动物的放射性血液。,叠加上限：1,,,assets/images/资源材料/Образец крови--42323c7cb1.png,原版图鉴,quest_blood_probe_elk
等级1武器盒子,Arsenal Crate level 1,未标注,,升级武器的工具和消耗品。,叠加上限：20,,,assets/images/资源材料/等级1武器盒子--1ab0669bdd.png,原版图鉴,sharpening_of_weapons_blue2
等级1专用工具盒,Special Tool Box level 1,未标注,,升级铠甲的工具和消耗品。,叠加上限：20,,当前档案有 2 条同名记录；可能来自不同场景、活动或难度，请比较基础属性。,assets/images/资源材料/等级1工具盒--ca30d832db.png,原版图鉴,sharpening_of_armor_blue2
等级3武器盒子,Arsenal Crate level 3,未标注,,升级武器的工具和消耗品。,叠加上限：20,,当前档案有 2 条同名记录；可能来自不同场景、活动或难度，请比较基础属性。,assets/images/资源材料/等级3武器盒子--9cd50f63b1.png,原版图鉴,sharpening_of_weapons_blue4
等级1专用工具盒,Special Tool Box level 1,未标注,,升级铠甲的工具和消耗品。,叠加上限：20,,当前档案有 2 条同名记录；可能来自不同场景、活动或难度，请比较基础属性。,assets/images/资源材料/等级2工具盒--d500221598.png,原版图鉴,sharpening_of_armor_blue4
等级4武器盒子,Arsenal Crate level 4,未标注,,升级武器的工具和消耗品。,叠加上限：20,,当前档案有 2 条同名记录；可能来自不同场景、活动或难度，请比较基础属性。,assets/images/资源材料/等级4武器盒子--4335384484.png,原版图鉴,sharpening_of_weapons_blue6
等级3专用工具盒,Special Tool Box level 3,未标注,,升级铠甲的工具和消耗品。,叠加上限：20,,,assets/images/资源材料/等级3专用工具盒--926d8154c5.png,原版图鉴,sharpening_of_armor_blue6
等级5武器盒子,Arsenal Crate level 5,未标注,,升级武器的工具和消耗品。,叠加上限：20,,当前档案有 3 条同名记录；可能来自不同场景、活动或难度，请比较基础属性。,assets/images/资源材料/等级5武器盒子--c5a58e6d7b.png,原版图鉴,sharpening_of_weapons_blue8
等级4专用工具盒,Special Tool Box level 4,未标注,,升级铠甲的工具和消耗品。,叠加上限：20,,,assets/images/资源材料/等级4工具盒--e3c9ded75a.png,原版图鉴,sharpening_of_armor_blue8
等级6武器盒子,Arsenal Crate level 6,未标注,,升级武器的工具和消耗品。,叠加上限：20,,,assets/images/资源材料/等级6武器盒子--29e0d52f79.png,原版图鉴,sharpening_of_weapons_blue10
等级5专用工具盒,Special Tool Box level 5,未标注,,升级铠甲的工具和消耗品。,叠加上限：20,,,assets/images/资源材料/等级5工具盒--c9477dd6c4.png,原版图鉴,sharpening_of_armor_blue10
未识别神器,Unidentified Artifact,未标注,,一种属性不明的异象神器。 在使用之前， 你必须先把它给专家解析， 或者用带有神器识别器的磁盘解析。,叠加上限：1,,当前档案有 6 条同名记录；可能来自不同场景、活动或难度，请比较基础属性。,assets/images/资源材料/未识别神器--e6837f2f9f.png,原版图鉴,res_Unidentified_Artifact_all8sprint
塞西亚人的小块土地,Scythian Patch,未标注,,塞西亚人感激之情的表示。可在伏击中与莱科维奇交易，在要塞前哨与少尉交易。,叠加上限：50,,出现场景：森林郊区,assets/images/资源材料/塞西亚人的小块土地--db29a0d783.png,原版图鉴,res_Token_camper
点火线圈,Ignition Coils,未标注,,一辆车上有四个点火线圈！ 运气太棒了！,叠加上限：20,,,assets/images/资源材料/点火线圈--104e9be43c.png,原版图鉴,quest_katushka_repair
Топливный насос,Топливный насос,未标注,,"Корпус ржавый, фильтр забит. Но для трейлера подойдет.",叠加上限：20,,,assets/images/资源材料/完整的散热器--8314510612.png,原版图鉴,quest_nasos_repair
发动机启动电机,Engine Starter,未标注,,虽然旧了， 但还能用。,叠加上限：20,,,assets/images/资源材料/发动机启动电机--f7029a03e5.png,原版图鉴,quest_starter_repair
自行车螺丝刀,Bicycle Screwdriver,未标注,,一款业经时间检验的简单工具， 用于修复损坏的自行车改装。,叠加上限：20,,,assets/images/资源材料/自行车螺丝刀--0194909cc9.png,原版图鉴,res_mod_repeir
旧钥匙,Old Key,未标注,,尝试用这把钥匙打开仓库的战利品箱吧,耐久：1；叠加上限：1,,当前档案有 2 条同名记录；可能来自不同场景、活动或难度，请比较基础属性。,assets/images/资源材料/地下室钥匙--4d6beeb99e.png,原版图鉴,event_tongue_key_2
频率片段#1,Frequency Fragment#1,未标注,,一张纸， 上面沾满了核炬士的血。 它记载着一些数字， 是狂腐士无线电频率的一部分。,叠加上限：100,,,assets/images/资源材料/频率片段#1--eadc3e1d94.png,原版图鉴,quest_scrap_of_note_first_Ambush
频率片段#2,Frequency Fragment#2,未标注,,一张纸， 上面沾满了核炬士的血。 它记载着一些数字， 是狂腐士无线电频率的一部分。,叠加上限：100,,,assets/images/资源材料/频率片段#2--f879397608.png,原版图鉴,quest_scrap_of_note_second_Ambush
频率片段#3,Frequency Fragment#3,未标注,,一张纸， 上面沾满了核炬士的血。 它记载着一些数字， 是狂腐士无线电频率的一部分。,叠加上限：100,,,assets/images/资源材料/频率片段#3--0c2ac83e6c.png,原版图鉴,quest_scrap_of_note_third_Ambush
频率片段#4,Frequency Fragment#4,未标注,,一张纸， 上面沾满了核炬士的血。 它记载着一些数字， 是狂腐士无线电频率的一部分。,叠加上限：100,,,assets/images/资源材料/频率片段#4--27d537b31a.png,原版图鉴,quest_scrap_of_note_fourth_Ambush
狂腐士的消息,Decayers' Message,未标注,,一张纸， 记载着关于狂腐士的计划和坐标的宝贵信息。 上面沾满了核炬士的血。,叠加上限：100,,,assets/images/其他物品/通往地下室的提示--9ae6e47c80.png,原版图鉴,quest_whole_note_first_Ambush
狂腐士的频率,Decayers' Frequency,未标注,,一张沾满血迹的纸。它记载着一串数字，是狂腐士的无线电频率。,叠加上限：100,,当前档案有 2 条同名记录；可能来自不同场景、活动或难度，请比较基础属性。,assets/images/资源材料/狂腐士的频率--df0b90fb02.png,原版图鉴,quest_whole_note_second_Ambush
常见铠甲箱,Common Arms Crate,未标注,,修理或拆解常规武器的必需品。,叠加上限：50,,出现场景：被围困的房屋；出现场景：焦尸土地；当前档案有 2 条同名记录；可能来自不同场景、活动或难度，请比较基础属性。,assets/images/资源材料/常见铠甲箱--6887dea469.png,原版图鉴,box_for_fix_weapon1
常见工具,Common Tools,未标注,,修理或拆解常规铠甲的必需品。,叠加上限：50,,当前档案有 2 条同名记录；可能来自不同场景、活动或难度，请比较基础属性。,assets/images/资源材料/常见工具--d3bcc8e006.png,原版图鉴,box_for_fix_armor1
罕见铠甲箱,Uncommon Arms Crate,未标注,,修理或拆解优质武器的必需品。,叠加上限：50,,出现场景：被围困的房屋；出现场景：焦尸土地；当前档案有 2 条同名记录；可能来自不同场景、活动或难度，请比较基础属性。,assets/images/资源材料/等级1武器盒--37f3814895.png,原版图鉴,box_for_fix_weapon2
罕见物品,Uncommon Tools,未标注,,修理或拆解优质铠甲的必需品。,叠加上限：50,,当前档案有 2 条同名记录；可能来自不同场景、活动或难度，请比较基础属性。,assets/images/资源材料/等级1工具盒--ca30d832db.png,原版图鉴,box_for_fix_armor2
传奇铠甲箱,Legendary Arms Crate,未标注,,修理或拆解传奇武器的必需品。,叠加上限：50,,出现场景：被围困的房屋；出现场景：研究所的天线；出现场景：储料设施；当前档案有 2 条同名记录；可能来自不同场景、活动或难度，请比较基础属性。,assets/images/资源材料/传奇铠甲箱--a7895237c7.png,原版图鉴,box_for_fix_weapon3
传奇工具,Legendary Tools,未标注,,修理或拆解传奇铠甲的必需品。,叠加上限：50,,出现场景：被围困的房屋；出现场景：研究所的天线；出现场景：储料设施；当前档案有 2 条同名记录；可能来自不同场景、活动或难度，请比较基础属性。,assets/images/资源材料/传奇工具--913a1a3cfd.png,原版图鉴,box_for_fix_armor3
士兵,Solder,未标注,,一种铅锡合金线轴， 用于焊接金属。,叠加上限：20,,仓库商人；出现场景：被围困的房屋；出现场景：焦尸土地；出现场景：二极管设施,assets/images/资源材料/士兵--78b5fdc9b0.png,原版图鉴,solder
钢锯片,Hacksaw Blades,未标注,,一对战前的钢锯片， 锯齿已经过热处理。,叠加上限：20,,,assets/images/资源材料/钢锯片--34a5ab138f.png,原版图鉴,hacksaw_blades
铣刀,Milling Cutters,未标注,,几种用于切割金属的硬质合金刀具。,叠加上限：20,,可以在小贩处交易,assets/images/资源材料/铣刀--09f331fa1e.png,原版图鉴,cutters
"航道罗盘","Beam Compass","未标注","","一种简单的测量工具。","叠加上限：20","","","assets/images/资源材料/航道罗盘--0710419250.png","原版图鉴"," set_of_drills"
钳子,Pliers,未标注,,可用于修理工作台， 加速生产。,叠加上限：20,,,assets/images/资源材料/钳子--06a8f6eb34.png,原版图鉴,res_catalyst_Pliers
血腥骑具盒,Bloody Ride,未标注,,盒子里装着你的自行车顶级武器： 塞西亚人双刃斧或塞西亚人 SPAS-12。,叠加上限：1,,,assets/images/资源材料/血腥骑具盒--7ea085fe70.png,原版图鉴,bank_vagabound_black_fake_icon_container
每日消息,Daily News,未标注,,关于用修理工作台替换升级工作台的消息。,叠加上限：1,,当前档案有 102 条同名记录；可能来自不同场景、活动或难度，请比较基础属性。,assets/images/资源材料/每日消息--7938a65e56.png,原版图鉴,Info_mail_bench_repair
送葬者南瓜,Undertakers' Pumpkins,未标注,,去年秋天的收获，被伏都教教徒用作祭坛装饰。,叠加上限：20,,当前档案有 2 条同名记录；可能来自不同场景、活动或难度，请比较基础属性。,assets/images/资源材料/送葬者南瓜--71e11ff6a2.png,原版图鉴,res_pumkin_halloween2
送葬者蜡烛,Undertakers' Candles,未标注,,在暮色中闪烁的烛光，营造出仪式的不祥气氛。,叠加上限：20,,当前档案有 2 条同名记录；可能来自不同场景、活动或难度，请比较基础属性。,assets/images/资源材料/送葬者蜡烛--bbf347a8cf.png,原版图鉴,res_candle_halloween2
"伏都教香薰","Voodoo Incense","未标注","","香薰配方被严格保密， 是任何仪式或伏都教派对的必需品。","叠加上限：20","","当前档案有 2 条同名记录；可能来自不同场景、活动或难度，请比较基础属性。","assets/images/资源材料/伏都教香薰--1d5f7fc64c.png","原版图鉴","res_incense_halloween2 "
稻草人帽子,Scarecrow's Hat,未标注,,一顶稻草人戴着的巨大歪草帽。,叠加上限：20,,当前档案有 2 条同名记录；可能来自不同场景、活动或难度，请比较基础属性。,assets/images/资源材料/稻草人帽子--c8bac27134.png,原版图鉴,res_hat_halloween2
毛骨悚然液体,Spooky Liquid,未标注,,可用于毛骨悚然喷泉。 它会发出微光， 就像丹巴拉精灵的酸液。,叠加上限：20,,当前档案有 2 条同名记录；可能来自不同场景、活动或难度，请比较基础属性。,assets/images/资源材料/毛骨悚然液体--c7273225d6.png,原版图鉴,res_dye_halloween2
黑色牛皮胶布,Black Duct Tape,未标注,,送葬者一定是唯一喜欢黑色强力胶带胜过蓝色的家伙。,叠加上限：20,,出现场景：商人的营地,assets/images/资源材料/黑色牛皮胶布--ac5a727cd4.png,原版图鉴,res_insulating_tape_halloween
伏都教信徒的坐标,Voodooists' Coordinates,未标注,,酸雨在顶端留下了坐标焦痕。 角落里有一个奇怪的符号， 标记着交叉的蛇和旗帜。,叠加上限：1,,当前档案有 2 条同名记录；可能来自不同场景、活动或难度，请比较基础属性。,assets/images/资源材料/伏都教信徒的坐标--fc286239f0.png,原版图鉴,quest_coordinate_Snake_Halloween
伏都教信徒的坐标,Voodooists' Coordinates,未标注,,酸雨在顶端留下了坐标焦痕。 角落里有一个奇怪的符号， 标记着交叉的蛇和旗帜。,叠加上限：1,,当前档案有 2 条同名记录；可能来自不同场景、活动或难度，请比较基础属性。,assets/images/资源材料/伏都教信徒的坐标--fc286239f0.png,原版图鉴,Coordinate_Halloween
毒性油漆,Toxic Paint,未标注,,伏都教信徒使用特殊的毒性油漆， 使丹巴拉仆从的车更加令人敬畏。,叠加上限：20,,出现场景：商人的营地,assets/images/资源材料/毒性油漆--3e8d2d52c2.png,原版图鉴,res_lumipaint_halloween
钢铆钉,Steel Rivets,未标注,,用于送葬者重型自行车， 将所有零件紧固定在一起。,叠加上限：20,,在蛇彭特新娘营地的瘟疫伏都教巫师处,assets/images/资源材料/钢铆钉--db6e9d27bf.png,原版图鉴,res_zaklepki_halloween
死神镰刀,Reaper's Sickles,未标注,,巫毒教教徒为自行车轮绑上杀伤性刀片，随后去收割灵魂。,叠加上限：20,,在蛇彭特新娘营地的瘟疫伏都教巫师处,assets/images/资源材料/死神镰刀--745a32d539.png,原版图鉴,res_blades_halloween
送葬者辐条,Undertakers' Spokes,未标注,,特别结实。普通自行车辐条不适用于伏都教重型自行车车轮。,叠加上限：20,,在铁砧上生产。；你可在特殊主题活动期间收到这个。；相关工作台：地下室出口；相关工作台：垃圾盒子,assets/images/资源材料/钢筋--08db8f68c1.png,原版图鉴,res_spicy_halloween
黑色皮革,Black Leather,未标注,,黑色是送葬者的最爱。 他们将一切涂成黑色， 甚至是自行车皮革包。,叠加上限：20,,出现场景：周年纪念商人的营地；出现场景：防风林,assets/images/资源材料/黑色皮革--7417212fb3.png,原版图鉴,res_blackmetal_halloween
克劳怪头骨,Claw's Skull,未标注,,变异扭曲了所有克劳怪的骨头， 形成了可怕的凸起和尖刺。 不过送葬者觉得它们很漂亮。,叠加上限：20,,出现场景：商人的营地,assets/images/资源材料/克劳怪头骨--6abf8b3914.png,原版图鉴,res_baraka_skull_halloween
长舌僵尸骨头,Stinger's Bones,未标注,,伏都教教徒相信， 长舌僵尸是萨梅迪神力的可怕证明， 而他们的骨头则象征了这种力量。,叠加上限：20,,出现场景：附身者竞技场,assets/images/资源材料/长舌僵尸骨头--22c5f12f08.png,原版图鉴,res_tonguebones_halloween
留名者肋骨,Tagger's Ribs,未标注,,变种人的肋骨像钢铁一样坚韧。 它们是萨梅迪仆人车辆上必不可少的装饰品。,叠加上限：20,,出现场景：周年纪念商人的营地；出现场景：防风林,assets/images/资源材料/留名者肋骨--dc5407ab18.png,原版图鉴,res_begunrebra_halloween
Pioneer Badges,Pioneer Badges,未标注,,Gratitude from the team D.O.Z. Survival.,叠加上限：1000,,,assets/images/资源材料/大灾变徽章--e87e1bcd93.png,原版图鉴,pioneer_badge
伏都教娃娃,Voodoo Doll,未标注,,看起来送葬者曾试图杀死仓库刽子手， 然而他们都消失了， 只剩下这些娃娃。 你可以在团队商人处交易。,叠加上限：50,,,assets/images/资源材料/伏都教娃娃--55dd083d74.png,原版图鉴,res_Token_Halloween
每日消息,Daily News,未标注,,击败蛇彭特 · 布莱德 （送葬者头目）。 备忘录。,叠加上限：1,,当前档案有 102 条同名记录；可能来自不同场景、活动或难度，请比较基础属性。,assets/images/资源材料/每日消息--7938a65e56.png,原版图鉴,Info_mail_Halloween
万圣节面具,Halloween Masks,未标注,,尖叫面具、南瓜脑袋面具、狼人面具或狂人面具。吓死你的敌人。,叠加上限：1,,当前档案有 2 条同名记录；可能来自不同场景、活动或难度，请比较基础属性。,assets/images/资源材料/万圣节面具--38212be58b.png,原版图鉴,bank_masks_fake_icon_container
烛台,Candle Holder,未标注,,一个可怕的烛台， 会让你的节日大餐更加特别。,叠加上限：20,,出现场景：被围困的房屋,assets/images/资源材料/烛台--4c8140d86f.png,原版图鉴,res_candlestick_TD
节日餐具,Festive Tableware,未标注,,这些盘子和餐具在战争中幸免于难， 把它们摆上餐桌， 布置一顿节日大餐吧。,叠加上限：20,,来自避难所的部落女猎手。；相关工作台：圣诞集市点数,assets/images/资源材料/节日餐具--ccbfc38d88.png,原版图鉴,res_tableware_TD
节日餐巾,Festive Napkins,未标注,,感恩节期间， 别忘了礼仪哦！,叠加上限：20,,包含在被围困的房屋事件奖励内；相关工作台：内行狂腐士,assets/images/资源材料/节日餐巾--60ddf74657.png,原版图鉴,res_napkins_TD
南瓜种子,Pumpkin Seeds,未标注,,巨大的南瓜种子。,叠加上限：20,,巨型南瓜；相关工作台：焦尸,assets/images/资源材料/南瓜种子--57b1a13797.png,原版图鉴,res_pumpkin_seeds
玉米种子,Corn Seeds,未标注,,你可以在任何喜欢的地方种植玉米——即使是在辐射地区。,叠加上限：20,,希望农场；相关工作台：镜头-2B面罩,assets/images/资源材料/玉米种子--d34bcea03e.png,原版图鉴,res_corn_seeds
每日消息,Daily News,未标注,,Detailed info about the Thanksgiving festive event.,叠加上限：1,,当前档案有 102 条同名记录；可能来自不同场景、活动或难度，请比较基础属性。,assets/images/资源材料/每日消息--7938a65e56.png,原版图鉴,Info_mail_how_play_TD
笼子钥匙,Cage Keys,未标注,,这些生锈的钥匙可以打开仓库的笼子和囚室， 变异的土匪们将俘虏关押在那里。,耐久：1；叠加上限：1,,当前档案有 3 条同名记录；可能来自不同场景、活动或难度，请比较基础属性。,assets/images/资源材料/笼子钥匙--933bbcd53b.png,原版图鉴,key_from_cage_captive
Undertakers' Camp Coordinates,Undertakers' Camp Coordinates,未标注,,This tip will lead you to a place where Undertakes are preparing a Voodoo rite. You might obtain their acid weapons there.,叠加上限：1,,当前档案有 2 条同名记录；可能来自不同场景、活动或难度，请比较基础属性。,assets/images/资源材料/Undertakers' Camp Coordinates--738a1fb6c8.png,原版图鉴,Coordinate_skull_house_quest
Undertakers' Camp Coordinates,Undertakers' Camp Coordinates,未标注,,This tip will lead you to a place where Undertakes are preparing a Voodoo rite. You might obtain their acid weapons there.,叠加上限：1；恢复生命：0,,当前档案有 2 条同名记录；可能来自不同场景、活动或难度，请比较基础属性。,assets/images/资源材料/Undertakers' Camp Coordinates--738a1fb6c8.png,原版图鉴,Coordinate_skull_house
刑讯室钥匙,Torture Room Key,未标注,,在斯肯尼变成不死刽子手之前， 这把钥匙是他的， 可以打开仓库南侧的刑讯室。,耐久：1；叠加上限：1,,,assets/images/资源材料/刑讯室钥匙--c48ec767a2.png,原版图鉴,key_from_pytochnaya
冰-9,Ice-Nine,未标注,,能瞬间冻结对象的稀有神器。,叠加上限：20,,可作为新年奖励获取.；当前档案有 2 条同名记录；可能来自不同场景、活动或难度，请比较基础属性。,assets/images/资源材料/冰-9--0d5d47517e.png,原版图鉴,res_artifact_freeze_2019
氧气瓶,Oxygen Tank,未标注,,领地上一台能用的压缩机都没有 。 一个装满氧气的氧气瓶非常罕见。,叠加上限：20,,可作为新年奖励获取.；当前档案有 2 条同名记录；可能来自不同场景、活动或难度，请比较基础属性。,assets/images/资源材料/氧气瓶--896696f8d8.png,原版图鉴,res_oxygen_ballon_2019
变异雪花,Aberrated Snow,未标注,,永远不会融化， 只在除夕夜飘落在领地上。,叠加上限：20,,可作为新年奖励获取.；当前档案有 2 条同名记录；可能来自不同场景、活动或难度，请比较基础属性。,assets/images/资源材料/变异雪花--adb8e822a1.png,原版图鉴,res_new_year_snow_snowman_2019
光芒花环,Light Garland,未标注,,在其他时节， 很适合用它来为地下室照明。 但在新年里， 它有更好的用途。,叠加上限：20,,可作为新年奖励获取.；当前档案有 2 条同名记录；可能来自不同场景、活动或难度，请比较基础属性。,assets/images/资源材料/光芒花环--58e8f47277.png,原版图鉴,res_new_year_light_rope_2019
新年挑战！,New Year Challenge!,未标注,,Detailed info and rules.,叠加上限：1,,,assets/images/资源材料/每日消息--7938a65e56.png,原版图鉴,Info_mail_how_play_New_Year
碎裂铠甲,Chipped Shell,未标注,,变异焦尸的一块不寻常的皮肤碎片，上面有鲜艳的血管。可以在要塞前哨与仓库商人和少尉进行交易。,叠加上限：50,,出现场景：焦尸土地；出现场景：储料设施,assets/images/资源材料/碎裂铠甲--fa337b38b9.png,原版图鉴,res_Token_stone
定位销,Dowel Pins,未标注,,用于组装训练木偶。,叠加上限：20,,你可在特殊主题活动期间收到这个。；当前档案有 3 条同名记录；可能来自不同场景、活动或难度，请比较基础属性。；相关工作台：钢锯片,assets/images/资源材料/定位销--0840aa6f41.png,原版图鉴,res_KNG_01
锣零件,Gong Parts,未标注,,搭建一个框架并组装好零件， 即可在避难所里装配一面锣。,叠加上限：20,,你可在特殊主题活动期间收到这个。；当前档案有 3 条同名记录；可能来自不同场景、活动或难度，请比较基础属性。；相关工作台：钢锯片,assets/images/资源材料/锣零件--37251b2dda.png,原版图鉴,res_KNG_02
节日灯笼,Festive Lantern,未标注,,象征着太阳。 将是春节绝佳的树木装饰。,叠加上限：20,,你可在特殊主题活动期间收到这个。；当前档案有 3 条同名记录；可能来自不同场景、活动或难度，请比较基础属性。；相关工作台：钢锯片,assets/images/资源材料/节日灯笼--3e290b9733.png,原版图鉴,res_KNG_03
锻铁,Wrought Iron,未标注,,一块深色的锻铁。用于建造黑帮金属雕像。,叠加上限：20,,你可在特殊主题活动期间收到这个。；当前档案有 3 条同名记录；可能来自不同场景、活动或难度，请比较基础属性。；相关工作台：钢锯片,assets/images/资源材料/锻铁--9149aa7194.png,原版图鉴,res_KNG_04
礼仪餐具,Ceremonial Tableware,未标注,,节日茶具。,叠加上限：20,,你可在特殊主题活动期间收到这个。；当前档案有 3 条同名记录；可能来自不同场景、活动或难度，请比较基础属性。；相关工作台：钢锯片,assets/images/资源材料/礼仪餐具--b588413948.png,原版图鉴,res_KNG_05
淋浴龙头,Shower Faucet,未标注,,仓库里的淋浴管道装置。,叠加上限：20,,出现场景：被围困的房屋,assets/images/资源材料/淋浴龙头--07c5ce4c6c.png,原版图鉴,res_Ventil
淋浴阀门,Control Valve,未标注,,仓库里的淋浴锅炉阀门。,叠加上限：20,,,assets/images/资源材料/淋浴阀门--e61deb68b3.png,原版图鉴,res_Klapan
门铰,Door Hinges,未标注,,要在仓库的游荡者营地建造储物柜， 可靠的门铰会派上用场。,叠加上限：20,,出现场景：被围困的房屋,assets/images/资源材料/门铰--c2bbd763f8.png,原版图鉴,res_Petli
每日消息,Daily News,未标注,,黑帮的复仇活动和新衣柜的信息,叠加上限：1,,当前档案有 102 条同名记录；可能来自不同场景、活动或难度，请比较基础属性。,assets/images/资源材料/每日消息--7938a65e56.png,原版图鉴,Info_mail_chinese_new_year
节日油漆,Festive Paint,未标注,,如果你想装饰自己精心制作的大盒子，油漆会派上用场的。,叠加上限：20,,你可在特殊主题活动期间收到这个。；当前档案有 3 条同名记录；可能来自不同场景、活动或难度，请比较基础属性。；相关工作台：钢锯片,assets/images/资源材料/节日油漆--3636fd7742.png,原版图鉴,res_KNG_06
青铜锭,Bronze Ingot,未标注,,昂贵且美丽的材料。 青铜制成的雕塑看起来令人惊艳。,叠加上限：20,,你可在特殊主题活动期间收到这个。；当前档案有 3 条同名记录；可能来自不同场景、活动或难度，请比较基础属性。；相关工作台：钢锯片,assets/images/资源材料/青铜锭--7505a6085e.png,原版图鉴,res_KNG_7
恶魔面具,Demon Masks,未标注,,包括五个黑帮恶魔面具之一的碎片。在不共戴天的敌人面前隐藏你的脸。,叠加上限：1,,,assets/images/资源材料/恶魔面具--1ede1abe9b.png,原版图鉴,bank_masks_fake_icon_container_cny
黑帮材料,Triad Materials,未标注,,经过加工的玄武岩、黄铜锭、石蜡，以及一盏黄色、绿色或节日灯笼。,叠加上限：1,,,assets/images/资源材料/黑帮材料--2d91f08a40.png,原版图鉴,bank_res_fake_icon_container_cny
幸存者姑娘的镰刀,Survivor Girl's Sickle,未标注,,这把镰刀属于幸存者姑娘，你在领地见过她。将其物归原主。,叠加上限：20,,,assets/images/资源材料/幸存者姑娘的镰刀--54a2f6e699.png,原版图鉴,quest_gatherer_sickle
幸存者姑娘的锯子,Survivor Girl's Saw,未标注,,这把锯子属于幸存者姑娘，你在领地见过她。将其物归原主。,叠加上限：20,,,assets/images/资源材料/幸存者姑娘的锯子--a383a818f8.png,原版图鉴,quest_gatherer_saw
草药袋,Sack of Herbs,未标注,,这件物品属于幸存者姑娘，你在领地见过她。将其物归原主。,叠加上限：20,,,assets/images/资源材料/草药袋--dbacf309eb.png,原版图鉴,quest_gatherer_sack
幸存者姑娘的手提包,Survivor Girl's Bag,未标注,,这个手提包属于幸存者姑娘，你在领地见过她。将其物归原主。,叠加上限：20,,,assets/images/资源材料/幸存者姑娘的手提包--e3803e0484.png,原版图鉴,quest_gatherer_sackmini
死灵晶体,Necrocrystal,未标注,,这是可以在焦尸的尸体上找的异变矿物。游荡者要你找到它。,叠加上限：20,,,assets/images/资源材料/死灵晶体--46eabe10a0.png,原版图鉴,quest_gatherer_necrocrystal
刽子手舌头,Carnifex's Tongue,未标注,,你只有杀死刽子手才能获得整个舌头，它会复活多次。可在仓库商人处交换。,叠加上限：20,,出现场景：储料设施,assets/images/资源材料/刽子手舌头--0e85c6ed51.png,原版图鉴,res_palach_uniqe
推拉神器,Push-and-Pull,未标注,,可以吸引或推开物品的电磁神器。只能在电磁异象中找到。,叠加上限：20,,可在旧加油站找到；当前档案有 2 条同名记录；可能来自不同场景、活动或难度，请比较基础属性。；相关工作台：毛骨悚然急救箱,assets/images/资源材料/推拉神器--1adbbba4a4.png,原版图鉴,res_pull_n_push
加油站钥匙,Gas Station key,未标注,,枪手的前搭档焦尸身上找到的一把旧钥匙。用它打开加油站入口的门。,耐久：1；叠加上限：1,,,assets/images/资源材料/加油站钥匙--a6fae806bc.png,原版图鉴,key_from_GAS_station
一堆杂志,Pile of Magazines,未标注,,不是什么新出版的，但在核战之后，这就是你能找到的一切了。,叠加上限：1,,,assets/images/资源材料/一堆杂志--6178e44c82.png,原版图鉴,quest_item_magazines
后院钥匙,Backyard key,未标注,,加油站员工入口的小钥匙。可以打开通往一楼的后院的门。,耐久：1；叠加上限：1,,,assets/images/资源材料/后院钥匙--6987089536.png,原版图鉴,key_from_GAS_station_back_dvor
推拉神器,Push-and-Pull,未标注,,可以吸引或推开物品的电磁神器。只能在电磁异象中找到。,,,当前档案有 2 条同名记录；可能来自不同场景、活动或难度，请比较基础属性。,assets/images/资源材料/推拉神器--1adbbba4a4.png,原版图鉴,res_pull_n_push_for_quest
礼品电子水烟设备,Gift Vape Device,未标注,,上面刻的字说，“丹，你真是热辣到冒烟！”,,,,assets/images/资源材料/礼品电子水烟设备--06222dc49a.png,原版图鉴,res_vape_azs_quest
军用手表,Military Watch,未标注,,上面刻的字说，“赠予阿纳托利以表彰忠诚服役。”,,,,assets/images/资源材料/军用手表--bf33348d9a.png,原版图鉴,res_clock_azs_quest
打火机,Gas Lighter,未标注,,还有什么比几乎从来不坏的东西在核战后更有用呢？,叠加上限：1,,,assets/images/资源材料/打火机--ac675529d1.png,原版图鉴,quest_item_zippo
手电筒,Flashlight,未标注,,亮度足以发现在黑夜里偷偷潜入的焦尸。,叠加上限：1,,,assets/images/资源材料/手电筒--ba06dc2430.png,原版图鉴,quest_item_flashlight
煤气罐,Gas Cylinder,未标注,,当你需要取暖或做饭时所用的满满一罐煤气。,叠加上限：1,,,assets/images/资源材料/煤气罐--7d2e4d62a6.png,原版图鉴,quest_item_gas_ballon
能量块,Energon,未标注,,这种稀有的能量神器的边缘看起来好像是石头做的，但它们不断扭曲。即使是最小的粒子也充满了能量。,叠加上限：20,,,assets/images/资源材料/能量块--4581a84736.png,原版图鉴,res_catalyst_reload_stanok_energy
兄弟会三角旗的油漆,Paint for brotherhood pennant,未标注,,"自由兄弟会用这种耐用的染料来涂他们的三角旗。

可以在仓库与商人进行交换。",叠加上限：20,,,assets/images/资源材料/兄弟会三角旗的油漆--d2d88fb6a4.png,原版图鉴,res_flag_res1
兄弟会三角旗的材料,Material for brotherhood pennant,未标注,,这种材料在战前被用来遮盖昂贵的汽车。如今游荡者用它来做三角旗。你可以在仓库商人那里交易它。,叠加上限：20,,出现场景：焦尸土地,assets/images/资源材料/兄弟会三角旗的材料--c5be010e48.png,原版图鉴,res_flag_res2
每日消息,Daily News,未标注,,更多关于新异常区：旧加油站的信息。,叠加上限：1,,当前档案有 102 条同名记录；可能来自不同场景、活动或难度，请比较基础属性。,assets/images/资源材料/每日消息--7938a65e56.png,原版图鉴,Info_mail_chinese_old_azs
三叶草,Clover,未标注,,节日的象征，带来好运并为治疗赋予了新的意义。你可以在收集草药的同时找到它。,叠加上限：20,,,assets/images/资源材料/三叶草--18ad179c89.png,原版图鉴,res_trefoil
火焰瓶,Fire Flask,未标注,,火焰瓶经常在试验台上引起火灾，但是技术进步了，科学家们学会了如何将危险的神器用于武器。,叠加上限：20,,,assets/images/资源材料/火焰瓶--2b6bfcafbf.png,原版图鉴,res_flask_fire
毒物瓶,Toxic Flask,未标注,,毒物瓶对送葬者来说是神圣的。他们认为这是伟大的蛇彭特丹巴拉的礼物。它会产生酸。研究所使用它来改造SPAS-12武器。,叠加上限：20,,双子设施,assets/images/资源材料/毒物瓶--2ffa9a2f1a.png,原版图鉴,res_flask_poison
火花瓶,Spark Flask,未标注,,火花瓶是低压电池，借助研究所的技术，它可以为武器提供高能量的放电。,叠加上限：20,,二极管设施；相关工作台：蛇彭特信徒靴子,assets/images/资源材料/火花瓶--da97e9f11d.png,原版图鉴,res_flask_electricity
高压电缆,High-Voltage Cable,未标注,,它可以在高压下传输电力。用于经神器改造的武器。,叠加上限：20,,出现场景：荒凉山谷；出现场景：被围困的房屋,assets/images/资源材料/高压电缆--86b26c89b8.png,原版图鉴,res_ thick_wire
蓝色薄纱,Blue Gauze,未标注,,A-205是几年前由研究所的变异合成部合成的。 科学家们经常用它来制作药品，因为它具有治疗性质。,叠加上限：20；恢复生命：5,,喷泉-E模块；相关工作台：牛肉,assets/images/资源材料/蓝色薄纱--c95ccb4a3f.png,原版图鉴,res_art_klim
芳纶薄纱,Aramid Gauze,未标注,,实验织物。它重量轻、耐用，而且有弹性。用于超坚韧的铠甲。,叠加上限：20,,出现场景：荒凉山谷；出现场景：被围困的房屋；当前档案有 2 条同名记录；可能来自不同场景、活动或难度，请比较基础属性。,assets/images/资源材料/芳纶薄纱--c15d8c8ef0.png,原版图鉴,res_cloth_great
控制继电器,Control Relay,未标注,,控制复杂设备中的高压电路。可在避难所的异象区使用。,叠加上限：20,,出现场景：荒凉山谷；出现场景：被围困的房屋；当前档案有 5 条同名记录；可能来自不同场景、活动或难度，请比较基础属性。,assets/images/资源材料/控制继电器--772bef74e1.png,原版图鉴,res_electronics_parts
上锁频率,Lock Fragments,未标注,,防盗保护系统。用于研究所的加压容器。,叠加上限：20,,出现场景：荒凉山谷；出现场景：被围困的房屋,assets/images/资源材料/上锁频率--b522277c80.png,原版图鉴,res_institute_box_res
神器盒子,Artifact Box,未标注,,研究所将新发现的神器放在这些箱子里，以便进一步鉴定和研究。,叠加上限：10,,,assets/images/资源材料/神器盒子--4a47c6afda.png,原版图鉴,res_Unidentified_Artifact_bunker
未识别神器,Unidentified Artifact,未标注,,一种属性不明的异象神器。 在使用之前， 你必须先把它给专家解析， 或者用带有神器识别器的磁盘解析。,叠加上限：1,,当前档案有 6 条同名记录；可能来自不同场景、活动或难度，请比较基础属性。,assets/images/资源材料/未识别神器--e6837f2f9f.png,原版图鉴,res_Unidentified_1st_april
每日消息,Daily News,未标注,,泰坦项目挑战的最新情况。,叠加上限：1,,当前档案有 102 条同名记录；可能来自不同场景、活动或难度，请比较基础属性。,assets/images/资源材料/每日消息--7938a65e56.png,原版图鉴,Info_mail_chinese_liderbord_institute
密封彩蛋,Sealed Egg,未标注,,有人在玩春季捉迷藏！你需要在神器识别器处识别出密封彩蛋，才能换取春季节庆点数！,叠加上限：10,,,assets/images/资源材料/密封彩蛋--db791e08cd.png,原版图鉴,res_Unidentified_Easter_event
神器解码器,Artifact Decoder,未标注,,用于绕过神器识别器的数字保护并安全地识别或打开神器，如密封彩蛋。,叠加上限：20,,,assets/images/资源材料/神器解码器--ac7f74b4d7.png,原版图鉴,res_hdd_determinant_artifacts_holy_pasha_hristos_voskrese
蛋黄,Yolk,未标注,,对它发送合适的电流，它就会提高你的视神经传导性，增强你在中短距离上的集中力和注意力。,叠加上限：20,,在春季节庆奖励中。；相关工作台：森林野兽铠甲,assets/images/资源材料/蛋黄--3fecf8196a.png,原版图鉴,res_decor_egg
法贝热模块零件,Fabergé Module Parts,未标注,,高耐久度外壳的碎片，研究所在包括法贝热模块在内的某些设备中会使用它。,叠加上限：20,,春季节庆期间可找到。；相关工作台：血色洞穴,assets/images/资源材料/法贝热模块零件--013eceee88.png,原版图鉴,res_egg_parts
悬浮器单元,Levitator Unit,未标注,,此元件可产生一个电磁场，使法贝热模块等登固态设备漂浮在空中。,叠加上限：20,,春季节庆期间可找到。；相关工作台：血色洞穴,assets/images/资源材料/悬浮器单元--efba416034.png,原版图鉴,res_platform_parts
法贝热模块激活器,Fabergé Module Activator,未标注,,一次性设备，可以让你运行研究所模块的一个周期。使用后自毁。,叠加上限：20,,出现场景：铁荒原；当前档案有 3 条同名记录；可能来自不同场景、活动或难度，请比较基础属性。,assets/images/资源材料/法贝热模块激活器--af52850908.png,原版图鉴,res_activator_Egg
实验防护,Experimental Protection,未标注,,防止周期性电电力伤害、重伤和酸性伤害的消耗品。,叠加上限：1,,,assets/images/资源材料/实验防护--8dd20ddf48.png,原版图鉴,bank_inst_fake_icon_dot
泰坦项目装备,Titan Project Equipment,未标注,,压缩空气、输血包和金属箔，防止研究所设施的恶劣环境。,叠加上限：1,,,assets/images/资源材料/泰坦项目装备--274ddd8518.png,原版图鉴,bank_inst_fake_icon_dot_boss
泰坦神器,Titan Artifacts,未标注,,包含制作神器武器的神器和克里姆的传奇铠甲。,叠加上限：1,,,assets/images/资源材料/泰坦神器--7cdac6edd0.png,原版图鉴,bank_inst_fake_icon_atrs
研究所材料,Institute's Materials,未标注,,内含神器武器、铠甲、盒子和避难所传送门的零件。,叠加上限：1,,,assets/images/资源材料/研究所材料--ea18e6ec9f.png,原版图鉴,bank_inst_fake_icon_res
玄武岩,Basalt,未标注,,加尔科夫附近从未开采过玄武岩。这是黑帮在核战爆发之前出口的。如今，它被用来制作石像鬼。,叠加上限：20,,你可在特殊主题活动期间收到这个。；当前档案有 3 条同名记录；可能来自不同场景、活动或难度，请比较基础属性。；相关工作台：钢锯片,assets/images/资源材料/玄武岩--18ab5cb82b.png,原版图鉴,res_triads_granit01
黄铜锭,Brass Ingot,未标注,,黑帮为了他们的雕像不遗余力。,叠加上限：20,,你可在特殊主题活动期间收到这个。；当前档案有 3 条同名记录；可能来自不同场景、活动或难度，请比较基础属性。；相关工作台：钢锯片,assets/images/资源材料/黄铜锭--50b9793546.png,原版图鉴,res_triads_nefrit01
金灯笼,Golden Lantern,未标注,,黑帮异变树的装饰， 提供对电力的防护。,叠加上限：20,,你可在特殊主题活动期间收到这个。；当前档案有 3 条同名记录；可能来自不同场景、活动或难度，请比较基础属性。；相关工作台：钢锯片,assets/images/资源材料/金灯笼--b0f3aa9152.png,原版图鉴,res_triads_yellow_lamp01
绿灯笼,Green Lantern,未标注,,黑帮的战士们在与送葬者作战之前，会将这些灯笼挂在树上。,叠加上限：20,,你可在特殊主题活动期间收到这个。；当前档案有 3 条同名记录；可能来自不同场景、活动或难度，请比较基础属性。；相关工作台：钢锯片,assets/images/资源材料/绿灯笼--5c88425b09.png,原版图鉴,res_triads_green_lamp01
石蜡,Paraffin Wax,未标注,,黑帮将其用作装饰蜡烛和炸药中的增稠剂。,叠加上限：20,,你可在特殊主题活动期间收到这个。；当前档案有 3 条同名记录；可能来自不同场景、活动或难度，请比较基础属性。；相关工作台：钢锯片,assets/images/资源材料/石蜡--db7313036b.png,原版图鉴,res_triads_parafin01
黑帮仪式蜡烛,Triad Ritual Candle,未标注,,点燃这个蜡烛可激活保护性的黑帮装饰。,叠加上限：20,,当前档案有 4 条同名记录；可能来自不同场景、活动或难度，请比较基础属性。,assets/images/资源材料/黑帮仪式蜡烛--3322151c35.png,原版图鉴,res_activator_decors_triad1
黑帮令牌,Triad Token,未标注,,异变物品，用于激活黑帮装饰，它会增加你的伤害。,叠加上限：20,,当前档案有 3 条同名记录；可能来自不同场景、活动或难度，请比较基础属性。,assets/images/资源材料/黑帮令牌--8f6ff07b1d.png,原版图鉴,res_activator_decors_triad2
焦尸生物样本。,Charred Biological Samples,未标注,,"装满的试剂瓶注射器。 

即使静止， 液体中也会有漩涡， 就好似脉动。 应研究所要求， 以研究焦尸区。",叠加上限：20,,当前档案有 2 条同名记录；可能来自不同场景、活动或难度，请比较基础属性。,assets/images/资源材料/焦尸生物样本。--d4c4f531c8.png,原版图鉴,quest_probe_burnt_stopers_2_0
焦尸耳朵,Charred Ear,未标注,,割下的耳朵。对要塞兵团来说，这表示你知道如何使用刀剑，并能够完成任务。,叠加上限：20,,,assets/images/资源材料/焦尸耳朵--bc1dd4362c.png,原版图鉴,quest_ear_burnt_stopers_2_0
从仓库获得的肌肉焦尸耳朵,Beef Ear from the Warehouse,未标注,,它还在抽搐。把它拿给要塞兵团战士作为证明。,叠加上限：20,,,assets/images/资源材料/从仓库获得的肌肉焦尸耳朵--019fd54fb0.png,原版图鉴,quest_ear_burnt_hozmag_stopers_2_0
Биоматериалы из Хозмага,Биоматериалы из Хозмага,未标注,,"Заполненная колба инъектора.

Когда вы держите колбу в руке, вам кажется, что жидкость внутри тянется к вашим венам. Требуется Институту для изучения некромутаций Второй волны.",叠加上限：20,,,assets/images/资源材料/焦尸生物样本。--d4c4f531c8.png,原版图鉴,quest_obr_burnt_hozmag_stopers_2_0
要塞兵团名单,Citadel Corps List,未标注,,核战前在此居住的当地居民名单。大部分名字都被划掉了。其余的则标着“适合服役”。,叠加上限：20,,当前档案有 2 条同名记录；可能来自不同场景、活动或难度，请比较基础属性。,assets/images/资源材料/要塞兵团名单--9719ca9eff.png,原版图鉴,quest_perepis_oplot_stopers_22_0
Документы Института,Документы Института,未标注,,"Заполненная форма А-25 с графиками и данными исследований. В тексте слишком много специальных терминов, чтобы его разобрать.",叠加上限：20,,,assets/images/资源材料/能量块--4581a84736.png,原版图鉴,quest_docs_inst_stopers_2_0
要塞兵团名单,Citadel Corps List,未标注,,核战前在此居住的当地居民名单。大部分名字都被划掉了。其余的则标着“适合服役”。,叠加上限：20,,当前档案有 2 条同名记录；可能来自不同场景、活动或难度，请比较基础属性。,assets/images/资源材料/要塞兵团名单--9719ca9eff.png,原版图鉴,quest_perepis_oplot_stopers_2_0
牧师狂腐士狗牌,Chaplain Decayers' Tag,未标注,,忠于荣耀盲者教义的象征。赋予使用火和剑强迫异教徒醒悟的权利。,叠加上限：20,,,assets/images/资源材料/牧师狂腐士狗牌--750286d773.png,原版图鉴,quest_decay_signt_stopers_2_0
Кровь Капеллана Распада,Кровь Капеллана Распада,未标注,,"Образец крови слегка светится, счетчик Гейгера около него зашкаливает.",叠加上限：20,,,assets/images/资源材料/能量块--4581a84736.png,原版图鉴,quest_decay_blood_stopers_2_0
留名者生物样本,Tagger Biological Sample,未标注,,"试剂瓶注射器。 

一种黑色的胶状物质好像在撞击玻璃壁内部， 似乎想要挣脱出来。 烧瓶上附有瑞弗特签名的便条。 上面写着： “把这个交给霍洛多娃。 别吃！ ”",叠加上限：10,,当前档案有 2 条同名记录；可能来自不同场景、活动或难度，请比较基础属性。,assets/images/资源材料/留名者生物样本--5c3ead65ed.png,原版图鉴,quest_probe_gripper_stopers_2_0
爪子生物样本,Claw Biological Sample,未标注,,"试剂瓶注射器。 

烧瓶中装满了原油状的黑色液体。 液体内漂浮着刺入玻璃壁的黑色细针。 研究所副所长霍洛多娃博士的个人订单。",叠加上限：10,,当前档案有 2 条同名记录；可能来自不同场景、活动或难度，请比较基础属性。,assets/images/资源材料/爪子生物样本--8e408929dd.png,原版图鉴,quest_probe_claw_stopers_2_0
长舌僵尸生物样本,Stinger Biological Sample,未标注,,"试剂瓶注射器。 

瓶中物质在周期性地移动， 就像数以百计的小水蛭。 应研究所特殊亡灵起源实验室的要求收集。",叠加上限：10,,当前档案有 2 条同名记录；可能来自不同场景、活动或难度，请比较基础属性。,assets/images/资源材料/复活的刽子手血样--f3e42b9f90.png,原版图鉴,quest_probe_pagan_stopers_2_0
留名者耳朵,Tagger's Ear,未标注,,耳朵上覆盖着鳞片。它还在抽搐。把它拿给要塞兵团战士作为证明。,叠加上限：20,,,assets/images/资源材料/留名者耳朵--a081da9e37.png,原版图鉴,quest_ear_burnt_catcher_stopers_2_0
克劳怪耳朵,Claw's Ear,未标注,,耳朵上覆盖着锋利的倒刺。它还在抽搐。把它拿给要塞兵团战士作为证明。,叠加上限：20,,,assets/images/资源材料/克劳怪耳朵--c95d9e3878.png,原版图鉴,quest_ear_burnt_claw_stopers_2_0
长舌僵尸耳朵,Stinger's Ear,未标注,,解剖后的耳朵试图再生并迅速长满肉。它还在抽搐。把它拿给要塞兵团战士作为证明。,叠加上限：20,,,assets/images/资源材料/长舌僵尸耳朵--5f61a8b521.png,原版图鉴,quest_ear_burnt_stinger_stopers_2_0
Отчет ученого,Отчет ученого,未标注,,"Листы бумаги, исписанные научными наблюдениями, данными с приборов и непонятными формулами.

Передайте Ч.А.П.у в Убежище для выполнения поручения.",叠加上限：20,,,assets/images/资源材料/能量块--4581a84736.png,原版图鉴,quest_docs_report_stopers_2_0
官员的报告,Officer's Report,未标注,,"硬质封面的文件，上面写着“机密”。

将文件交给前哨的要塞兵团战士以完成派系任务。",叠加上限：20,,,assets/images/资源材料/官员的报告--556325f1cd.png,原版图鉴,quest_officer_report_stopers_2_0
Записи ученого,Записи ученого,未标注,,"Листы бумаги, исписанные научными наблюдениями, данными приборов и непонятными формулами.

Передайте Ч.А.П.у в Убежище для выполнения поручения.",叠加上限：20,,,assets/images/资源材料/Записи ученого--f07e5f510b.png,原版图鉴,quest_docs_notes_stopers_2_0
机密文件,Classified documents,未标注,,"硬质封面的文件，上面写着“机密”。

将文件交给前哨的要塞兵团战士以完成派系任务。",叠加上限：20,,,assets/images/资源材料/机密文件--1348c408c4.png,原版图鉴,quest_docs_notes_report_stopers_2_0
Кровь Мертвого сторожа,Кровь Мертвого сторожа,未标注,,"Темная кровь будто пропитана током.

Передайте Ч.А.П.у в Убежище для выполнения поручения.",叠加上限：20,,,assets/images/资源材料/能量块--4581a84736.png,原版图鉴,quest_tolya_blood_stopers_2_0
僵尸守卫的耳朵,Dead Watchman's Ear,未标注,,"耳朵好像在轻微地电击你。

将耳朵交给前哨的要塞兵团战士以完成派系任务。",叠加上限：20,,,assets/images/资源材料/僵尸守卫的耳朵--38c78c7714.png,原版图鉴,quest_tolya_ear_stopers_2_0
血色祭坛碎片,Bloody Altar Shard,未标注,,仓库中食尸鬼祭坛的碎片， 沾染了受害者的鲜血。,叠加上限：10,,,assets/images/资源材料/血色祭坛碎片--4ce1f1af57.png,原版图鉴,quest_blood_altar_part_stopers_2_0
Образец «пиявочника»,Образец «пиявочника»,未标注,,"Сгусток кровавой субстанции, оставшийся после уничтожения аномалии.

Передайте Ч.А.П.у в Убежище для выполнения поручения.",叠加上限：20,,,assets/images/资源材料/能量块--4581a84736.png,原版图鉴,quest_probe_sucker_stopers_2_0
Аномальная кора,Аномальная кора,未标注,,"Крепкая кора со светящимися аномальным светом прожилками.

Передайте Ч.А.П.у в Убежище для выполнения поручения.",叠加上限：20,,,assets/images/资源材料/能量块--4581a84736.png,原版图鉴,quest_abberated_wood_stopers_2_0
弹链,Cartridge Belts,未标注,,"大容量弹链，装有二百发12毫米弹药，供要塞兵团的冲锋枪使用。

将弹链交给前哨的要塞兵团战士以完成派系任务。",叠加上限：20,,当前档案有 2 条同名记录；可能来自不同场景、活动或难度，请比较基础属性。,assets/images/资源材料/弹链--bc4028450c.png,原版图鉴,quest_machinegun_supply_stopers_2_0
Фрагменты Ч.А.П.а,Фрагменты Ч.А.П.а,未标注,,"Детали высокотехнологичного робота-помощника. Кажется, этому робопсу не повезло с последним заданием.

Передайте Ч.А.П.у в Убежище для выполнения поручения.",叠加上限：20,,,assets/images/资源材料/能量块--4581a84736.png,原版图鉴,quest_chap_fragments_stopers_2_0
军用无人机碎片,Military Drone Fragment,未标注,,"损坏的军用无人机机身的一部分。

将其交给前哨的要塞兵团战士以完成派系任务。",叠加上限：20,,,assets/images/资源材料/军用无人机碎片--70df4a951a.png,原版图鉴,quest_drone_fragments_stopers_2_0
Облученный металл,Облученный металл,未标注,,"Кусок бочки, подвергшийся мощному радиоактивному излучению.

Передайте Ч.А.П.у в Убежище для выполнения поручения.",叠加上限：20,,,assets/images/资源材料/能量块--4581a84736.png,原版图鉴,quest_radioactive_metal_stopers_2_0
要塞兵团的口粮,Citadel Corps' Food Ration,未标注,,"一个军用口粮包。看起来不能吃。

将其交给前哨的要塞兵团战士以完成派系任务。",叠加上限：20,,,assets/images/资源材料/要塞兵团的口粮--508c139012.png,原版图鉴,quest_sukhpai_stopers_2_0
电容器,Capacitor,未标注,,"一个完整的战前电容器。从电力变流器隔间中回收得到。

将其交给要塞兵团战士以完成派系任务。",叠加上限：20,,,assets/images/资源材料/电容器--63190efa55.png,原版图鉴,quest_kondensator_stopers_2_0
每日消息,Daily News,未标注,,有关裂痕项目的详细信息,叠加上限：1,,当前档案有 102 条同名记录；可能来自不同场景、活动或难度，请比较基础属性。,assets/images/资源材料/每日消息--7938a65e56.png,原版图鉴,Info_mail_chinese_liderbord_pvp_event
伤害提升器,Damage Boosters,未标注,,经过神器改造的装备，可增加异变伤害。包含以下物品之一：暴风雪、发电机、溃疡或引火盒。,叠加上限：1,,当前档案有 4 条同名记录；可能来自不同场景、活动或难度，请比较基础属性。,assets/images/资源材料/伤害提升器--d9b80a8aa2.png,原版图鉴,bank_keys_fake_gadgets
控制继电器,Control Relay,未标注,,控制复杂设备中的高压电路。可在避难所的异象区使用。,叠加上限：20,,出现场景：荒凉山谷；出现场景：被围困的房屋；当前档案有 5 条同名记录；可能来自不同场景、活动或难度，请比较基础属性。,assets/images/资源材料/控制继电器--772bef74e1.png,原版图鉴,res_leg_weap_20_1
控制继电器,Control Relay,未标注,,控制复杂设备中的高压电路。可在避难所的异象区使用。,叠加上限：20,,出现场景：荒凉山谷；出现场景：被围困的房屋；当前档案有 5 条同名记录；可能来自不同场景、活动或难度，请比较基础属性。,assets/images/资源材料/控制继电器--772bef74e1.png,原版图鉴,res_leg_weap_20_2
控制继电器,Control Relay,未标注,,控制复杂设备中的高压电路。可在避难所的异象区使用。,叠加上限：20,,出现场景：荒凉山谷；出现场景：被围困的房屋；当前档案有 5 条同名记录；可能来自不同场景、活动或难度，请比较基础属性。,assets/images/资源材料/控制继电器--772bef74e1.png,原版图鉴,res_leg_weap_20_3
控制继电器,Control Relay,未标注,,控制复杂设备中的高压电路。可在避难所的异象区使用。,叠加上限：20,,出现场景：荒凉山谷；出现场景：被围困的房屋；当前档案有 5 条同名记录；可能来自不同场景、活动或难度，请比较基础属性。,assets/images/资源材料/控制继电器--772bef74e1.png,原版图鉴,res_leg_weap_20_4
旧加油站死灵晶体,Old Gas Station Necrocrystals,未标注,,一种耐用的异变矿物，从旧加油站的焦尸身上获得。,叠加上限：20,,,assets/images/资源材料/死灵晶体--46eabe10a0.png,原版图鉴,quest_necrocrystal_forest_stopers_2_0
仓库里的死灵晶体,Warehouse Necrocrystals,未标注,,异变矿物的黑色表面有一抹红色。在内部， 你可以看到红色甜甜圈状的物体，看起来像是红细胞。,叠加上限：20,,,assets/images/资源材料/仓库里的死灵晶体--b24f8c64f7.png,原版图鉴,quest_necrocrystal_hozmag_stopers_2_0
留名者的死灵晶体,Tagger's Necrocrystals,未标注,,一种黑色的液体在矿物内部盘旋。,叠加上限：20,,,assets/images/资源材料/留名者的死灵晶体--487c514d12.png,原版图鉴,quest_necrocrystal_catcher_stopers_2_0
克劳怪的死灵晶体,Claw's Necrocrystals,未标注,,矿物外表覆盖着锋利的针。,叠加上限：20,,,assets/images/资源材料/克劳怪的死灵晶体--a2a959e45d.png,原版图鉴,quest_necrocrystal_claw_stopers_2_0
长舌僵尸的死灵晶体,Stinger's Necrocrystals,未标注,,你手中的矿物正与你的心脏一起跳动。,叠加上限：20,,,assets/images/资源材料/长舌僵尸的死灵晶体--77a590bd8b.png,原版图鉴,quest_necrocrystal_sting_stopers_2_0
僵尸守卫的死灵晶体,Dead Watchman's Necrocrystals,未标注,,这种矿物是一种极好的绝缘体。里面的电荷无法使你触电。,叠加上限：20,,,assets/images/资源材料/僵尸守卫的死灵晶体--ff2bd95111.png,原版图鉴,quest_necrocrystal_tolya_stopers_2_0
吸血蛭的死灵晶体,Leechers' Necrocrystals,未标注,,由仓库异象之一形成的矿物。你拿着它感觉很不舒服，像是想要尽快把它给眼镜蛇一样。,叠加上限：20,,,assets/images/资源材料/吸血蛭的死灵晶体--fe6210a8a2.png,原版图鉴,quest_necrocrystal_blooder_stopers_2_0
蝾螈,Newt,未标注,,由不明材料制成的透明小人偶。它安静地发出嘶嘶声，与水接触时发出绿色光芒。,叠加上限：20,,,assets/images/资源材料/蝾螈--d59029937f.png,原版图鉴,quest_necrocrystal_triton_stopers_2_0
警笛,Siren,未标注,,一些游荡者认为，警笛包含了领地对核战的记忆。该神器不时发出震耳欲聋的空袭警报声。,叠加上限：20,,,assets/images/资源材料/警笛--27a1b9fa5d.png,原版图鉴,quest_necrocrystal_siren_stopers_2_0
黑色寿衣,Black Shroud,未标注,,没有人知道黑色蜘蛛网方块怎么会在荒凉山谷中出现。一些游荡者认为它们很有价值， 但从不说他们如何使用它们。,叠加上限：20,,,assets/images/资源材料/黑色寿衣--ebf948978b.png,原版图鉴,quest_necrocrystal_black_savan_stopers_2_0
暖绒球,Warmer,未标注,,这件神器看起来像个棉球。其温度从未低于 40°C。,叠加上限：20,,,assets/images/资源材料/暖绒球--2d7c47c9d6.png,原版图鉴,quest_necrocrystal_teplushka_stopers_2_0
不可能的折纸,Impossible Origami,未标注,,复杂的形状，无法展开成一张纸。它会立即折叠变回不可能的物体。,叠加上限：20,,,assets/images/资源材料/不可能的折纸--93b558186d.png,原版图鉴,quest_necrocrystal_origami_stopers_2_0
奇怪的信,Strange Letter,未标注,,这封信是写给一个不熟悉的游荡者的。当你尝试看信时，墨水渗出了血，使它无法阅读。,叠加上限：20,,,assets/images/资源材料/奇怪的信--00a626861d.png,原版图鉴,quest_necrocrystal_letter_stopers_2_0
牧师狂腐士的蜡封,Chaplain Decayers' Seal,未标注,,狂腐士的粗陋蜡封，用于标记诗篇，经荣耀盲者批准。,叠加上限：20,,,assets/images/资源材料/牧师狂腐士的蜡封--e2c4abf91f.png,原版图鉴,quest_necrocrystal_surguch_stopers_2_0
西图斯之石,Theseus's Stone,未标注,,一堆小碎片在未知力量的作用下分崩离析，又恢复成形。,叠加上限：20,,,assets/images/资源材料/西图斯之石--e8385a1ec9.png,原版图鉴,quest_necrocrystal_theseus_stopers_2_0
液氧,Liquid Oxygen,未标注,,液氧用于生产气体混合物和喷雾剂。,叠加上限：20,,出现场景：焦尸土地,assets/images/资源材料/液氧--321b2b4197.png,原版图鉴,res_liquid_oxygen
血小板袋,Bag of Platelets,未标注,,包含浓缩的人类血小板。用于生产加快伤口愈合的药品和医疗设备。,叠加上限：20,,出现场景：被围困的房屋,assets/images/资源材料/血小板袋--9fe17440f5.png,原版图鉴,res_flask_with_plasma
益生元溶液,Prebiotic Solution,未标注,,多种化合物的混合物，大量暴露在生物类神器中。用于生产药品。,叠加上限：20,,出现场景：沼泽,assets/images/资源材料/益生元溶液--becad5c520.png,原版图鉴,res_medicine_flask
未识别的电力神器,Unidentified Electric Artifact,未标注,,被强大的电场包围的异变物体。找到一个磁盘，并在电力神器识别器中识别该神器，以便能够使用它。,叠加上限：10,,当前档案有 2 条同名记录；可能来自不同场景、活动或难度，请比较基础属性。,assets/images/资源材料/未识别的电力神器--e5ff124d44.png,原版图鉴,res_Unidentified_Artifact_folga
未识别的电力神器,Unidentified Electric Artifact,未标注,,被强大的电场包围的异变物体。找到一个磁盘，并在电力神器识别器中识别该神器，以便能够使用它。,叠加上限：1,,当前档案有 2 条同名记录；可能来自不同场景、活动或难度，请比较基础属性。,assets/images/资源材料/未识别的电力神器--e5ff124d44.png,原版图鉴,res_Unidentified_Artifact_ebonit
电力神器识别磁盘,Electric Artifact Identifying Disk,未标注,,此磁盘包含游荡者对电力神器的知识库。在经过一次识别后，它会消磁并变得无法使用。,叠加上限：20,,,assets/images/资源材料/电力神器识别磁盘--855ebc1852.png,原版图鉴,res_hdd_determinant_artifacts_folga_ebonit
双子路线图,Route T Map,未标注,,收集所有的双子路线图，了解前往双子研究所设施的安全路线，该设施内有一个危险的标本。,,,,assets/images/资源材料/双子路线图--7f7cb8471b.png,原版图鉴,Coordinate_bliz_quest
二极管路线图,Route D Map,未标注,,收集所有的二极管路线图，了解前往二极管研究所设施的安全路线，该设施内有一个危险的标本。,,,,assets/images/资源材料/二极管路线图--1efe3790ca.png,原版图鉴,Coordinate_diod_quest
储料路线图,Route S Map,未标注,,收集所有的储料路线图，了解前往储料研究所设施的安全路线，该设施内有一个危险的标本。,,,,assets/images/资源材料/储料路线图--6803f2c73b.png,原版图鉴,Coordinate_stocker_quest
赤红丝带,Crimson Ribbon,未标注,,这件神器看起来像是肌肉组织碎片。其性质尚未得到研究。据研究所称，在所谓的第二波变异之后，异象区出现了赤红丝带。,叠加上限：50,,仓库；相关工作台：等级1专用工具盒,assets/images/资源材料/赤红丝带--af1887109a.png,原版图鉴,res_stocker_token
加减,Minus-Plus,未标注,,这件神器的两极在强大磁场的内部悬空。无论如何，都无法将它们放在一起。,叠加上限：50,,可在旧加油站找到；相关工作台：死亡助手斧头,assets/images/资源材料/加减--c7dd300ef0.png,原版图鉴,res_diod_token
蛇眼,Serpent Eye,未标注,,一件非常珍贵的送葬者剧毒神器，用于帮派的祭礼。,叠加上限：50,,发现于：空投、红色区。,assets/images/资源材料/蛇眼--c6b27542fa.png,原版图鉴,res_Twins_token
血刺,Blood Lancet,未标注,,小瓶中的晶体。可以在中心看到类似血液的液体。使用它来制作经神器改造的武器，该武器会造成流血效果。,叠加上限：20,,储料设施,assets/images/资源材料/血刺--5fa121ece6.png,原版图鉴,res_flask_blood
鹰队的打火机,Hawks' Lighter,未标注,,著名的鹰队的战利品打火机。用于激活希望雕像和烟花炮。,叠加上限：20,,出现场景：森林郊区；出现场景：铁荒原；当前档案有 3 条同名记录；可能来自不同场景、活动或难度，请比较基础属性。,assets/images/资源材料/鹰队的打火机--c14474d7ee.png,原版图鉴,res_activator_decors_indep_day
暗物质探测器,Dark Matter Detector,未标注,,此便携设备可探测高浓度的暗物质并存储加密日志。是研究所的鹰队装备。将此设备交给坪瑟。,叠加上限：1,,当前档案有 2 条同名记录；可能来自不同场景、活动或难度，请比较基础属性。,assets/images/资源材料/暗物质探测器--8117c37bd9.png,原版图鉴,quest_pvp_scene_one
鹰队的装备配件,Hawks' Equipment Fittings,未标注,,独特的外国武器配件，曾由鹰队的战士使用。,叠加上限：20,,你可在特殊主题活动期间收到这个。；当前档案有 3 条同名记录；可能来自不同场景、活动或难度，请比较基础属性。,assets/images/资源材料/鹰队的装备配件--f9439cea24.png,原版图鉴,res_july_4_common_old
贴纸和油漆,Stickers and Paint,未标注,,用于给予M16“自由”著名的节日外观。,叠加上限：20,,可以在仓库里获得。；出现场景：被围困的房屋；当前档案有 3 条同名记录；可能来自不同场景、活动或难度，请比较基础属性。,assets/images/资源材料/贴纸和油漆--953a75f902.png,原版图鉴,res_july_4_m16_old
鹰队巴雷特M82零件,Hawks Barret M82 Parts,未标注,,专为.50口径步枪的沉重弹药而设计。,叠加上限：20,,可以在仓库里获得。；出现场景：被围困的房屋；当前档案有 3 条同名记录；可能来自不同场景、活动或难度，请比较基础属性。,assets/images/资源材料/鹰队巴雷特M82零件--a7f88ebfa7.png,原版图鉴,res_july_4_barett_old
和平制造者零件,Peacemaker Parts,未标注,,点45口径左轮手枪零件。状态良好。,叠加上限：20,,可以在仓库里获得。；出现场景：被围困的房屋；当前档案有 3 条同名记录；可能来自不同场景、活动或难度，请比较基础属性。,assets/images/资源材料/和平制造者零件--cfd1510e21.png,原版图鉴,res_july_4_saa_old
AMT Hardballer零件,AMT Hardballer Longslide Parts,未标注,,现代版著名柯尔特M1911的生产零件。,叠加上限：20,,可以在仓库里获得。；出现场景：被围困的房屋；当前档案有 3 条同名记录；可能来自不同场景、活动或难度，请比较基础属性。,assets/images/资源材料/AMT Hardballer零件--26d7dfeaf9.png,原版图鉴,res_july_4_1911_old
苹果种子,Apple Seeds,未标注,,街头传说研究所最优秀的专家创造了这种高产的苹果树。,叠加上限：20,,,assets/images/资源材料/苹果种子--7ee89ae70c.png,原版图鉴,res_apple_ceeds_indep
烟花弹,Firework Charges,未标注,,足够的烟花弹，供你每天随意发射节日烟花。,叠加上限：20,,你可在特殊主题活动期间收到这个。；当前档案有 3 条同名记录；可能来自不同场景、活动或难度，请比较基础属性。,assets/images/资源材料/烟花弹--c98ccd2813.png,原版图鉴,res_fireworks_indep_old
丙烷,Propane,未标注,,你可以一直观看希望雕像的火，直到燃尽为止。,叠加上限：20,,你可在特殊主题活动期间收到这个。；当前档案有 3 条同名记录；可能来自不同场景、活动或难度，请比较基础属性。,assets/images/资源材料/丙烷--9fd51c930f.png,原版图鉴,res_gas_indep_old
热狗肠,Hot-Dog Sausage,未标注,,没有香肠的热狗就像没有刽子手的仓库！,叠加上限：20；恢复生命：5,,出现场景：防风林,assets/images/资源材料/热狗肠--88d4d69dd8.png,原版图鉴,res_soseeges_indep_old
面团,Dough,未标注,,快速的小麦面团，可制成美味的糕点。,叠加上限：20,,可以在3级壁炉上烹饪。；相关工作台：等级3门,assets/images/资源材料/面团--fb6f6ac242.png,原版图鉴,res_dough
装饰材料,Decoration Materials,未标注,,新避难所装饰的资源。,叠加上限：1,,,assets/images/资源材料/装饰材料--4a04014830.png,原版图鉴,bank_ake_icon_container_res_decor
真正的射击帽。,Genuine gunslingers' hats,未标注,,牛仔或土匪帽的碎片。,叠加上限：1,,,assets/images/资源材料/真正的射击帽。--278cf2238b.png,原版图鉴,bank_ake_icon_container_res_hat
技能神经质粒,Skill Neuroplasmids,未标注,,战斗，生存或资源等一种类型的5个神经质粒。每个神经质粒包含10个相应的技能点数。,叠加上限：1,,当前档案有 7 条同名记录；可能来自不同场景、活动或难度，请比较基础属性。,assets/images/资源材料/技能神经质粒--87a6c0f4f4.png,原版图鉴,bank_ake_icon_container_res_inj
暗物质探测器,Dark Matter Detector,未标注,,此便携设备可探测高浓度的暗物质并存储加密日志。是研究所的鹰队装备。将此设备交给坪瑟。,叠加上限：1,,当前档案有 2 条同名记录；可能来自不同场景、活动或难度，请比较基础属性。,assets/images/资源材料/暗物质探测器--8117c37bd9.png,原版图鉴,quest_pvp_scene_two
兄弟会提灯,Brotherhood Lantern,未标注,,激活一周年纪念碑、二周年纪念碑、三周年纪念碑和游荡者少女雕像的必需品。它的射线会与一些神器发生共振，释放出能量。,叠加上限：20,,出现场景：防风林；当前档案有 3 条同名记录；可能来自不同场景、活动或难度，请比较基础属性。,assets/images/资源材料/兄弟会提灯--07405e3798.png,原版图鉴,res_activator_decors_dr_DOZ
折射镜,Refractor,未标注,,研究所全息模块的基本组成部分。建造它的必需品。它的射线会刺激战士的视觉，提高他们在远距离射击时发现敌人弱点的能力。,叠加上限：20,,出现场景：仓库；出现场景：坪瑟的避难所,assets/images/资源材料/折射镜--19b206d595.png,原版图鉴,res_artef_blue
扭曲,Twist,未标注,,纪念碑的基本组成部分。当正确供能时可提升战士的反应，并降低在近战中被敌人击中的风险。,叠加上限：20,,出现场景：仓库；出现场景：坪瑟的避难所,assets/images/资源材料/扭曲--ddf3ebcc3d.png,原版图鉴,res_artef_yellow
惊喜-3设备备件,Surprise-3 Device spare parts,未标注,,火焰、酸性、电力神器和坪瑟存货中的其他部件。,叠加上限：20,,可在坪瑟的商人 CHAP处找到。；相关工作台：黑帮箱子,assets/images/资源材料/惊喜-3设备备件--10bcbdfb45.png,原版图鉴,res_1_year_doz_weapon_unique
黑暗碎片,Dark Shard,未标注,,研究所在暗区内集中的暗物质中发现的稀有且极其珍贵的晶体。,叠加上限：50,,出现场景：神秘的地下室,assets/images/资源材料/黑暗碎片--93f7f2e6e6.png,原版图鉴,res_cristalic_token
灭绝者改装版战术背心,Exterminator's Modified Tac Vest,未标注,,灭绝者改装版战术背心，可减少来袭火力、酸性或暗区伤害。,叠加上限：1,,,assets/images/资源材料/灭绝者改装版战术背心--323c12e174.png,原版图鉴,bank_res_fake_icon_container_nakidka
灭绝者改装版头盔,Exterminator's Modified Helmet,未标注,,灭绝者改装版头盔，可增加霰弹枪、突击步枪和步枪的伤害。,基础护甲：0；叠加上限：1,,护甲会随等级缩放。,assets/images/资源材料/灭绝者改装版头盔--d455c50223.png,原版图鉴,bank_res_fake_icon_container_hat
改装版SPAS-M（随机效果）,Modified SPAS-M,未标注,,经过改装的暗区SPAS-12，可降低敌人的速度或者增加敌人的失误几率。,叠加上限：1,,,assets/images/资源材料/改装版SPAS-M（随机效果）--7967820b24.png,原版图鉴,bank_res_fake_icon_container_spas
改装版AK（随机效果）,Modified AK (random effect),未标注,,经过改装的战术暗区AK，可造成更高的暴击伤害、降低敌人的治疗效率或对敌人的铠甲造成更高的伤害。,基础伤害：1；攻击间隔：0.15秒；攻击距离（配置）：7；暴击几率：10%；暴击倍率：1.7倍；叠加上限：1,,攻击数值还会随等级缩放。,assets/images/资源材料/改装版AK（随机效果）--252ba1d6ea.png,原版图鉴,bank_res_fake_icon_container_akm
改装版Vintorez-M（随机效果）,Modified VSS Vintorez-M (random effect),未标注,,经过改装的战术暗区Vintorez，可造成更高的暴击伤害、降低敌人的速度或对敌人的铠甲造成更高的伤害。,基础伤害：1；攻击间隔：1秒；攻击距离（配置）：7；暴击几率：10%；暴击倍率：1.7倍；潜行攻击倍率：2倍；叠加上限：1,,攻击数值还会随等级缩放。,assets/images/资源材料/改装版Vintorez-M（随机效果）--db968b71e9.png,原版图鉴,bank_res_fake_icon_container_vintorez
火焰模块的一部分,Part of Fire Module,未标注,,坪瑟的科技。该模块可以积聚并传递火焰瓶神器的能量。,叠加上限：20,,可在坪瑟的商人 CHAP处找到。；相关工作台：黑帮箱子,assets/images/资源材料/火焰模块的一部分--d301469c1c.png,原版图鉴,res_modul_fire
暗区SPAS-M零件,Dark Zone SPAS-M Parts,未标注,,独特的零件，可以把SPAS-M变成致命的暗区武器。由坪瑟开发和生产。,叠加上限：20,,可在坪瑟的商人 CHAP处找到。；相关工作台：黑帮箱子,assets/images/资源材料/暗区SPAS-M零件--21f324b425.png,原版图鉴,res_dark_material_gen
电力模块的一部分,Part of Electric Module,未标注,,这些元素会在电力武器中积聚并传递火花瓶神器的能量。,叠加上限：20,,可在坪瑟的商人 CHAP处找到。；相关工作台：黑帮箱子,assets/images/资源材料/电力模块的一部分--0d51f3a8e8.png,原版图鉴,res_modul_electro
黑暗芳纶,Dark Aramid,未标注,,一种带有黑暗碎片纳米颗粒的特殊织物。坪瑟将这种织物用在了暗区渗透战术小队“灭绝者”的铠甲中。,叠加上限：20,,可在坪瑟的商人 CHAP处找到。；相关工作台：黑帮箱子,assets/images/资源材料/黑暗芳纶--b51e8424d6.png,原版图鉴,res_shadow_material
裂痕点数,Rupture project points,未标注,,获得点数并在排行榜上名列前茅，以获得更好的奖励！,,,,assets/images/资源材料/裂痕点数--a4a4669418.png,原版图鉴,fake_marker_pvp_event_restart
松木原木,Pine Logs,未标注,,产自尖叫森林中心的变异木材。非常坚硬。可用于在刨床上生产木板。,叠加上限：20,,尖叫森林；当前档案有 2 条同名记录；可能来自不同场景、活动或难度，请比较基础属性。,assets/images/资源材料/松木原木--fd251154ec.png,原版图鉴,res__pine_log
松木板材,Pine Planks,未标注,,非常坚硬的木板，由变异的松木制成。,叠加上限：20,,在3级刨床上生产。；当前档案有 2 条同名记录；可能来自不同场景、活动或难度，请比较基础属性。,assets/images/资源材料/松木板材--d4d8989e1b.png,原版图鉴,res_pine_board
花岗岩,Granite,未标注,,你可以在尖叫森林中找到这种火山矿物的矿床，将其加工后可以得到一种优良的建筑材料。,叠加上限：20,,尖叫森林；当前档案有 2 条同名记录；可能来自不同场景、活动或难度，请比较基础属性。,assets/images/资源材料/花岗岩--c1fa688b62.png,原版图鉴,res_rough_granite
建筑花岗岩,Construction Granite,未标注,,一种耐用的建筑材料，用于建造避难所中的墙壁、地板和其他一些物体。,叠加上限：20,,在 3级泥瓦匠工作台上生产。；当前档案有 2 条同名记录；可能来自不同场景、活动或难度，请比较基础属性。；相关工作台：旧塔棒,assets/images/资源材料/建筑花岗岩--58078016a1.png,原版图鉴,res_processed_granite
铸铁锭,Cast-Iron Ingot,未标注,,建造坚固物体的必需品。可进行熔炼。从尖叫森林获得。,叠加上限：20,,尖叫森林,assets/images/资源材料/铸铁锭--cdb05d4122.png,原版图鉴,res_pig_iron
钢板,Steel Sheets,未标注,,钢板，由钢锭制成。 用于建造高耐久性的墙壁和地板。,叠加上限：20,,在4级铁砧上生产。,assets/images/资源材料/钢板--3d5a500d2a.png,原版图鉴,res_steel_plate
鹰队盒子箱体,Hawks' Box Hull,未标注,,这种箱体用耐用的合金制成，可以保护鹰队的货物盒，防止物理破损并用于直升机紧急空投。,叠加上限：20,,出现场景：坎卜斯设施,assets/images/资源材料/鹰队盒子箱体--f09a7a8d01.png,原版图鉴,res_for_pvp_hotfix
黑帮仪式蜡烛,Triad Ritual Candle,未标注,,点燃这个蜡烛可激活保护性的黑帮装饰。,叠加上限：20,,当前档案有 4 条同名记录；可能来自不同场景、活动或难度，请比较基础属性。,assets/images/资源材料/黑帮仪式蜡烛--3322151c35.png,原版图鉴,res_activator_decors_triad11
黑帮蓝图,Triad Blueprints,未标注,,这个卷轴包含了强化黑帮纪念碑的蓝图。没人知道它的来历。,叠加上限：20,,可在黑帮的回归期间的货物中找到。；当前档案有 2 条同名记录；可能来自不同场景、活动或难度，请比较基础属性。；相关工作台：钢锯片,assets/images/资源材料/黑帮蓝图--281ec16aaf.png,原版图鉴,res_Triada_23
衣柜固定件,Wardrobe Fixtures,未标注,,门把手和抽屉滑轨，升级避难所的衣柜所需。,叠加上限：20,,出现场景：焦尸土地,assets/images/资源材料/衣柜固定件--7bd8e25208.png,原版图鉴,res_wardrobe_2
槽钢,Channel Bar,未标注,,桥梁等大型物体的可靠支撑物。,叠加上限：20,,工程师斯普林特；相关工作台：集水器,assets/images/资源材料/槽钢--d88b9bf4ea.png,原版图鉴,res_unic_bridge1
加强网,Reinforcing Net,未标注,,用于在施工期间加固不同的物体，包括桥梁和地基。,叠加上限：20,,仓库商人,assets/images/资源材料/加强网--629ee36923.png,原版图鉴,res_unic_bridge2
承重缆线,Bearing Cable,未标注,,耐用可靠的三芯缆线，适合连接或加固重物。,叠加上限：20,,储料设施,assets/images/资源材料/承重缆线--9b76a9df7e.png,原版图鉴,res_unic_bridge3
定位销,Dowel Pins,未标注,,用于组装训练木偶。,叠加上限：20,,你可在特殊主题活动期间收到这个。；当前档案有 3 条同名记录；可能来自不同场景、活动或难度，请比较基础属性。；相关工作台：钢锯片,assets/images/资源材料/定位销--0840aa6f41.png,原版图鉴,res_KNG_1
青铜锭,Bronze Ingot,未标注,,昂贵且美丽的材料。 青铜制成的雕塑看起来令人惊艳。,叠加上限：20,,你可在特殊主题活动期间收到这个。；当前档案有 3 条同名记录；可能来自不同场景、活动或难度，请比较基础属性。；相关工作台：钢锯片,assets/images/资源材料/青铜锭--7505a6085e.png,原版图鉴,res_KNG_07
锣零件,Gong Parts,未标注,,搭建一个框架并组装好零件， 即可在避难所里装配一面锣。,叠加上限：20,,你可在特殊主题活动期间收到这个。；当前档案有 3 条同名记录；可能来自不同场景、活动或难度，请比较基础属性。；相关工作台：钢锯片,assets/images/资源材料/锣零件--37251b2dda.png,原版图鉴,res_KNG_2
礼仪餐具,Ceremonial Tableware,未标注,,节日茶具。,叠加上限：20,,你可在特殊主题活动期间收到这个。；当前档案有 3 条同名记录；可能来自不同场景、活动或难度，请比较基础属性。；相关工作台：钢锯片,assets/images/资源材料/礼仪餐具--b588413948.png,原版图鉴,res_KNG_5
锻铁,Wrought Iron,未标注,,一块深色的锻铁。用于建造黑帮金属雕像。,叠加上限：20,,你可在特殊主题活动期间收到这个。；当前档案有 3 条同名记录；可能来自不同场景、活动或难度，请比较基础属性。；相关工作台：钢锯片,assets/images/资源材料/锻铁--9149aa7194.png,原版图鉴,res_KNG_4
节日灯笼,Festive Lantern,未标注,,象征着太阳。 将是春节绝佳的树木装饰。,叠加上限：20,,你可在特殊主题活动期间收到这个。；当前档案有 3 条同名记录；可能来自不同场景、活动或难度，请比较基础属性。；相关工作台：钢锯片,assets/images/资源材料/节日灯笼--3e290b9733.png,原版图鉴,res_KNG_3
玄武岩,Basalt,未标注,,加尔科夫附近从未开采过玄武岩。这是黑帮在核战爆发之前出口的。如今，它被用来制作石像鬼。,叠加上限：20,,你可在特殊主题活动期间收到这个。；当前档案有 3 条同名记录；可能来自不同场景、活动或难度，请比较基础属性。；相关工作台：钢锯片,assets/images/资源材料/玄武岩--18ab5cb82b.png,原版图鉴,res_triads_granit
石蜡,Paraffin Wax,未标注,,黑帮将其用作装饰蜡烛和炸药中的增稠剂。,叠加上限：20,,你可在特殊主题活动期间收到这个。；当前档案有 3 条同名记录；可能来自不同场景、活动或难度，请比较基础属性。；相关工作台：钢锯片,assets/images/资源材料/石蜡--db7313036b.png,原版图鉴,res_triads_parafin
金灯笼,Golden Lantern,未标注,,黑帮异变树的装饰， 提供对电力的防护。,叠加上限：20,,你可在特殊主题活动期间收到这个。；当前档案有 3 条同名记录；可能来自不同场景、活动或难度，请比较基础属性。；相关工作台：钢锯片,assets/images/资源材料/金灯笼--b0f3aa9152.png,原版图鉴,res_triads_yellow_lamp
绿灯笼,Green Lantern,未标注,,黑帮的战士们在与送葬者作战之前，会将这些灯笼挂在树上。,叠加上限：20,,你可在特殊主题活动期间收到这个。；当前档案有 3 条同名记录；可能来自不同场景、活动或难度，请比较基础属性。；相关工作台：钢锯片,assets/images/资源材料/绿灯笼--5c88425b09.png,原版图鉴,res_triads_green_lamp
黄铜锭,Brass Ingot,未标注,,黑帮为了他们的雕像不遗余力。,叠加上限：20,,你可在特殊主题活动期间收到这个。；当前档案有 3 条同名记录；可能来自不同场景、活动或难度，请比较基础属性。；相关工作台：钢锯片,assets/images/资源材料/黄铜锭--50b9793546.png,原版图鉴,res_triads_nefrit
节日油漆,Festive Paint,未标注,,如果你想装饰自己精心制作的大盒子，油漆会派上用场的。,叠加上限：20,,你可在特殊主题活动期间收到这个。；当前档案有 3 条同名记录；可能来自不同场景、活动或难度，请比较基础属性。；相关工作台：钢锯片,assets/images/资源材料/节日油漆--3636fd7742.png,原版图鉴,res_KNG_6
黑帮的回归活动点数,Return of the Triad Event Points,未标注,,获得点数并在排行榜上名列前茅，以获得更好的奖励！,,,,assets/images/资源材料/黑帮的回归活动点数--ed5083c78e.png,原版图鉴,fake_marker_three_chest_invisible
森林令牌,Token of the Forest,未标注,,尖叫森林的仪式令牌。可在尖叫森林的桥上与英格丽德交易，也可在要塞前哨与少尉交易。,叠加上限：20,,尖叫森林,assets/images/资源材料/森林令牌--ac094dcd3a.png,原版图鉴,res_Token_Ingrid_1
希鲁达,Hiruda,未标注,,受仓库食尸鬼保护的神器。接触到皮肤时就会开始吸血。,叠加上限：1,,,assets/images/资源材料/希鲁达--3b899c6f44.png,原版图鉴,quest_girudostone
刨刀,Planer Blade,未标注,,对于尖叫森林的结实松木来说足够锋利。,叠加上限：20,,尖叫森林,assets/images/资源材料/刨刀--62cb60e146.png,原版图鉴,res_plane_blade
氮气,Nitrogen,未标注,,用于钢的冶炼和退火。,叠加上限：20,,尖叫森林,assets/images/资源材料/氮气--811e8a3fcb.png,原版图鉴,res_nitrogen_cylinder
砂盘,Grinding Disk,未标注,,用于抛光各种来源的岩石。,叠加上限：20,,尖叫森林,assets/images/资源材料/砂盘--49027075e6.png,原版图鉴,res_Grinding_wheel
金刚石切割片,Diamond Disks,未标注,,用于现场切割花岗岩和其他坚硬岩石。,叠加上限：20,,可在尖叫森林里找到。；出现场景：神秘的地下室,assets/images/资源材料/金刚石切割片--f8155e7e9c.png,原版图鉴,res_Diamond_saws
滚珠轴承,Ball Bearings,未标注,,高级刨床的抽屉滑轨。,叠加上限：20,,尖叫森林；出现场景：神秘的地下室,assets/images/资源材料/滚珠轴承--289ae6bf73.png,原版图鉴,res_Ball_guides
压力控制器,Pressure Controller,未标注,,此零件用于控制送入熔炉内的气体、氮气和气体混合物的量和压力。,叠加上限：20,,铁匠英格丽德；相关工作台：中和喷雾,assets/images/资源材料/压力控制器--e927f8f0b3.png,原版图鉴,res_Pressure_regulator
黑帮装备,Triad's Equipment,未标注,,黑帮手环或黑帮暗影披风。,叠加上限：1,,当前档案有 2 条同名记录；可能来自不同场景、活动或难度，请比较基础属性。,assets/images/资源材料/黑帮装备--e6927881a7.png,原版图鉴,bank_cny_gadgets_fake
黑帮恶龙头盔,Triad Dragon's Helmet,未标注,,进行过随机改装的黑帮恶龙头盔：投掷武器伤害、暴击近战伤害或隐形攻击伤害增加。,基础护甲：0；叠加上限：1,,护甲会随等级缩放。,assets/images/资源材料/黑帮恶龙头盔--78ca550a3d.png,原版图鉴,bank_cny_helmets_fake
黑帮恶龙铠甲,Triad Dragon's Armor,未标注,,进行过随机改装的黑帮恶龙铠甲部分：火焰、电力、酸性或暗区伤害增加。,基础护甲：0；叠加上限：1,,护甲会随等级缩放。,assets/images/资源材料/黑帮恶龙铠甲--c84a3921f1.png,原版图鉴,bank_cny_razgruzki_fake
蓝图部分,Part of Blueprint,未标注,,喵咪,叠加上限：1,,当前档案有 5 条同名记录；可能来自不同场景、活动或难度，请比较基础属性。,assets/images/其他物品/蓝图部分--0ab54328ef.png,原版图鉴,bank_keys_fake_maneki_neko
蓝图部分,Part of Blueprint,未标注,,柯基,叠加上限：1,,当前档案有 5 条同名记录；可能来自不同场景、活动或难度，请比较基础属性。,assets/images/其他物品/蓝图部分--f790491575.png,原版图鉴,bank_keys_fake_korgi
蓝图部分,Part of Blueprint,未标注,,加尔科夫邮政服务,叠加上限：1,,当前档案有 5 条同名记录；可能来自不同场景、活动或难度，请比较基础属性。,assets/images/其他物品/蓝图部分--9eb3c2d113.png,原版图鉴,bank_keys_fake_postman
蓝图部分,Part of Blueprint,未标注,,喷气背包,叠加上限：1,,当前档案有 5 条同名记录；可能来自不同场景、活动或难度，请比较基础属性。,assets/images/其他物品/蓝图部分--fb1aa6b274.png,原版图鉴,bank_keys_fake_jetpack
黑帮装饰碎片,Triad's Decoration Parts,未标注,,礼仪餐具、锣零件、绿灯笼、青铜锭、定位销或锻铁。,叠加上限：1,,,assets/images/资源材料/黑帮装饰碎片--529fb0d26e.png,原版图鉴,bank_res_fake_icon_container_cny2
每日消息,Daily News,未标注,,黑帮的复仇活动和新衣柜的信息。,叠加上限：1,,当前档案有 102 条同名记录；可能来自不同场景、活动或难度，请比较基础属性。,assets/images/资源材料/每日消息--7938a65e56.png,原版图鉴,Info_mail_chinese_23_sprint
黑帮装备,Triad's Equipment,未标注,,黑帮手环或黑帮暗影披风。,叠加上限：1,,当前档案有 2 条同名记录；可能来自不同场景、活动或难度，请比较基础属性。,assets/images/资源材料/黑帮装备--e6927881a7.png,原版图鉴,bank_cny_gadgets_fake2
颗粒解毒剂,Granulated Antidote,未标注,,含有由森林之子的毒素合成的颗粒解毒剂。用于猫鼬注射枪和生物过滤器。,叠加上限：20,,出现场景：研究所的天线；出现场景：神秘的地下室,assets/images/资源材料/颗粒解毒剂--14ecd0a8bc.png,原版图鉴,res_anti_poison_res
蓝图部分,Part of Blueprint,未标注,,紧急救援,叠加上限：1,,当前档案有 5 条同名记录；可能来自不同场景、活动或难度，请比较基础属性。,assets/images/其他物品/蓝图部分--99fe89a6d1.png,原版图鉴,bank_keys_fake_first_aid
监视器零件,Monitor Spare Parts,未标注,,用研究所的封条密封住，但明显被揭开过了。,叠加上限：20,,"森林野兽
的巢穴。；相关工作台：萨梅迪巫师",assets/images/资源材料/能量块--4581a84736.png,原版图鉴,res_rack_item
激光镜片,Laser Lens,未标注,,研究所设计的。一个罕见的零件，被英格丽德用于临时的激光切割机来切割金属。,叠加上限：50,,出现场景：荒凉山谷；出现场景：被围困的房屋,assets/images/资源材料/激光镜片--d5a0223778.png,原版图鉴,res_Token_Ingrid_2
松木炭,Pine Coal,未标注,,变异木材经过长时间干燥后，会在高温下变成炭，很适合用来模铸钢制品。,叠加上限：20,,在铁砧上生产。；相关工作台：Торо,assets/images/资源材料/松木炭--29510af2d3.png,原版图鉴,res_Coal_wood_forest
坚固的锁,Sturdy Lock,未标注,,即使巨大的盒子里装满了战利品，也能把它们紧紧锁住。,叠加上限：20,,"森林野兽
的巢穴。",assets/images/资源材料/坚固的锁--22b5586ec8.png,原版图鉴,res_lock_parts
每日消息,Daily News,未标注,,有关新的致命地点的更多信息：尖叫森林。,叠加上限：1,,当前档案有 102 条同名记录；可能来自不同场景、活动或难度，请比较基础属性。,assets/images/资源材料/每日消息--7938a65e56.png,原版图鉴,Info_mail_chinese_24_sprint
工作台的独特零件,Unique parts of workbenches,未标注,,压力控制器、金刚石切割片或滚珠轴承以升级避难所的工作台。,叠加上限：1,,,assets/images/资源材料/工作台的独特零件--de4198fd59.png,原版图鉴,bank_fake_resources_24
工作台的蓝图,Blueprints of workbenches,未标注,,4级铁砧、3级泥瓦匠工作台或3级刨床的蓝图。,叠加上限：1,,,assets/images/资源材料/工作台的蓝图--4bd60a7c91.png,原版图鉴,bank_fake_schemes_24
丹巴拉左轮手枪碎片,Damballah Revolver Fragments,未标注,,送葬者左轮手枪的碎片，由防酸钢和受害者的骨头制成，祭祀蛇灵神丹巴拉。,叠加上限：20,,伏都教巫师“铸造者”；相关工作台：核判官铠甲长袍,assets/images/资源材料/丹巴拉左轮手枪碎片--412ad48754.png,原版图鉴,res_weapon_unique_revolver_dambala
送葬者南瓜,Undertakers' Pumpkins,未标注,,去年秋天的收获，被伏都教教徒用作祭坛装饰。,叠加上限：20,,在万圣节剧情任务奖励中。；当前档案有 2 条同名记录；可能来自不同场景、活动或难度，请比较基础属性。,assets/images/资源材料/送葬者南瓜--71e11ff6a2.png,原版图鉴,res_pumkin_halloween_2020
送葬者蜡烛,Undertakers' Candles,未标注,,在暮色中闪烁的烛光，营造出仪式的不祥气氛。,叠加上限：20,,在万圣节剧情任务奖励中。；当前档案有 2 条同名记录；可能来自不同场景、活动或难度，请比较基础属性。,assets/images/资源材料/送葬者蜡烛--bbf347a8cf.png,原版图鉴,res_candle_halloween_20202
伏都教香薰,Voodoo Incense,未标注,,香薰配方被严格保密， 是任何仪式或伏都教派对的必需品。,叠加上限：20,,在万圣节剧情任务奖励中。；当前档案有 2 条同名记录；可能来自不同场景、活动或难度，请比较基础属性。,assets/images/资源材料/伏都教香薰--1d5f7fc64c.png,原版图鉴,res_incense_halloween_2020
稻草人帽子,Scarecrow's Hat,未标注,,一顶稻草人戴着的巨大歪草帽。,叠加上限：20,,在万圣节剧情任务奖励中。；当前档案有 2 条同名记录；可能来自不同场景、活动或难度，请比较基础属性。,assets/images/资源材料/稻草人帽子--c8bac27134.png,原版图鉴,res_hat_halloween_2020
毛骨悚然液体,Spooky Liquid,未标注,,可用于毛骨悚然喷泉。 它会发出微光， 就像丹巴拉精灵的酸液。,叠加上限：20,,在万圣节剧情任务奖励中。；当前档案有 2 条同名记录；可能来自不同场景、活动或难度，请比较基础属性。,assets/images/资源材料/毛骨悚然液体--c7273225d6.png,原版图鉴,res_dye_halloween_2020
轨道链节,Track Chain Link,未标注,,一条二手轨道链节，工作状态良好。 送葬者使用类似的零件来建造他们的移动祭坛。,叠加上限：20,,在万圣节剧情任务奖励中。,assets/images/资源材料/轨道链节--ea3f9fcbca.png,原版图鉴,res_skull_halloween_2020
送葬者蛇彭特神像,Undertakers' Serpent's Idol,未标注,,这个冷酷的神像是死亡仪式的一部分。激活蛇灵祭坛和领地幽灵的必需品。,叠加上限：20,,当前档案有 3 条同名记录；可能来自不同场景、活动或难度，请比较基础属性。,assets/images/资源材料/送葬者蛇彭特神像--8fe2e4eb02.png,原版图鉴,res_activator_decors_helloween
每日消息,Daily News,未标注,,狂腐士入侵活动：详细信息。,叠加上限：1,,当前档案有 102 条同名记录；可能来自不同场景、活动或难度，请比较基础属性。,assets/images/资源材料/每日消息--7938a65e56.png,原版图鉴,Info_mail_decayers_26_sprint
空白伏都教娃娃,Blank Voodoo Doll,未标注,,一个空白的伏都教娃娃，受到神灵的保佑，是所有送葬者娃娃的基础。,叠加上限：20,,在领地的万圣节奖励中；在萨梅迪收割活动奖励中。,assets/images/资源材料/空白伏都教娃娃--ff42a4a364.png,原版图鉴,res_bike_mod_halloween_2020
电厂螺母,Nut from the Plant,未标注,,工厂纪念品，受到狂腐士的崇拜。激活狂腐士邪教装饰的必需品。,叠加上限：20,,出现场景：Старая остановка；出现场景：森林郊区；当前档案有 3 条同名记录；可能来自不同场景、活动或难度，请比较基础属性。,assets/images/资源材料/电厂螺母--569434df61.png,原版图鉴,res_activator_decors_decayers_df
盲者之脸,The Blind Face,未标注,,装饰着所有狂腐祭坛的荣耀盲者面孔，印在焚化场上。,叠加上限：20,,在狂腐士货物中；相关工作台：暗区AK,assets/images/资源材料/盲者之脸--50c2c1691d.png,原版图鉴,res_26_decayers_unique_0
燃烧器喷嘴,Burner Nozzle,未标注,,没有明火，就不会有狂腐士标志。,叠加上限：20,,在狂腐士货物中；相关工作台：暗区AK,assets/images/资源材料/燃烧器喷嘴--4ebdf06dea.png,原版图鉴,res_26_decayers_unique_1
管风琴琴键,Organ Keys,未标注,,狂腐士在他们的宗教乐器中使用破碎的钢琴和其他键盘乐器的琴键。,叠加上限：20,,在狂腐士货物中；相关工作台：暗区AK,assets/images/资源材料/管风琴琴键--13108e41de.png,原版图鉴,res_26_decayers_unique_2
减气装置,Gas Reduction Device,未标注,,将丙烷平稳、连续地送入狂腐火炬。,叠加上限：20,,在狂腐士货物中；当前档案有 2 条同名记录；可能来自不同场景、活动或难度，请比较基础属性。；相关工作台：暗区AK,assets/images/资源材料/减气装置--96cc17b66d.png,原版图鉴,res_26_decayers_unique_3
狂腐士盒子备用零件,Decayers' Crate Spare Parts,未标注,,狂腐士盒子的高端组件。狂热分子无法生产它们！,叠加上限：20,,在狂腐士货物中；相关工作台：暗区AK,assets/images/资源材料/狂腐士盒子备用零件--1ef069a0ec.png,原版图鉴,res_26_decayers_box
回音镜,Echoscope,未标注,,在译码员桌解密回音花的必需品。,,,,assets/images/资源材料/回音镜--1d85af6fea.png,原版图鉴,res_desypher
送葬者武器,Undertakers' Weapons,未标注,,灵魂收割者、萨梅迪锯子，或萨梅迪仁慈铁铲。,叠加上限：1,,,assets/images/资源材料/送葬者武器--ec91ec0a31.png,原版图鉴,bank_res_fake_icon_hw2020_melee_green
送葬者枪械,Undertakers' Firearm,未标注,,送葬者魂狩或巫师左轮手枪。,叠加上限：1,,,assets/images/资源材料/送葬者枪械--dad7e6163c.png,原版图鉴,bank_res_fake_icon_hw2020_range_green
蛇彭特信徒头盔,Serpent's Cohort's Helmet,未标注,,拉米亚或阿依达·维铎头盔。,叠加上限：1,,,assets/images/资源材料/蛇彭特信徒头盔--be2d4fdd7e.png,原版图鉴,bank_res_fake_icon_hw2020_helm_leg
蛇彭特信徒铠甲服,Serpent's Cohort's Armored Coat,未标注,,拉米亚或阿依达·维铎铠甲服。,叠加上限：1,,,assets/images/资源材料/蛇彭特信徒铠甲服--53167bb2ec.png,原版图鉴,bank_res_fake_icon_hw2020_chest_leg
送葬者之斧或双刃大砍刀,Undertakers' axe or claymore,未标注,,巫师的埋葬双刃大砍刀（有几率瞬间击杀敌人）或萨梅迪卫士之斧（铠甲磨损率减少）。,叠加上限：1,,当前档案有 2 条同名记录；可能来自不同场景、活动或难度，请比较基础属性。,assets/images/资源材料/送葬者之斧或双刃大砍刀--9299b9fa53.png,原版图鉴,bank_res_fake_icon_hw2020_melee_leg
送葬者的独特武器,Undertakers' Unique Weapons,未标注,,死亡召唤步枪（有几率瞬间击杀敌人）、死亡虫群散弹枪（范围效果伤害）或死亡狂怒博尔特枪（破甲）。,叠加上限：1,,当前档案有 2 条同名记录；可能来自不同场景、活动或难度，请比较基础属性。,assets/images/资源材料/送葬者的独特武器--a265141bc8.png,原版图鉴,bank_res_fake_icon_hw2020_range_leg
万圣节面具,Halloween Masks,未标注,,尖叫面具、南瓜脑袋面具、狼人面具或狂人面具。吓死你的敌人。,叠加上限：1,,当前档案有 2 条同名记录；可能来自不同场景、活动或难度，请比较基础属性。,assets/images/资源材料/万圣节面具--38212be58b.png,原版图鉴,bank_res_fake_icon_hw2020_masks
新娘钥匙,Brides' Key,未标注,,一把沉甸甸的钥匙，让人想到墓地。可通过在蛇彭特新娘营地中击杀敌人和摧毁祭坛获得。,叠加上限：1,,,assets/images/资源材料/新娘钥匙--061f4e2748.png,原版图鉴,key_from_bossfight_helloween
每日消息,Daily News,未标注,,有关领地的万圣节活动的详情。,叠加上限：1,,当前档案有 102 条同名记录；可能来自不同场景、活动或难度，请比较基础属性。,assets/images/资源材料/每日消息--7938a65e56.png,原版图鉴,Info_mail_decayers_25_sprint_H
可疑的盒子,Suspicious Box,未标注,,盒子上贴着很多“切勿打开”的标签。盒子里有东西在发出奇怪的吞咽声。还是尽快把它交给坪瑟的好。,叠加上限：20,,,assets/images/资源材料/可疑的盒子--3fce2d81f9.png,原版图鉴,res_lewkovitzch_quest_trading
黄貂鱼,Stingray,未标注,,小型能量神器，由于性能不稳定很少使用。必须将其交给坪瑟。,叠加上限：20,,,assets/images/资源材料/黄貂鱼--c74ef94a4d.png,原版图鉴,res_quest_claw_artifact
微芯片,Chip,未标注,,一个简单的可编程微芯片。坪瑟可以将它用于他的设备。,叠加上限：20,,,assets/images/资源材料/微芯片--057f7d1a2a.png,原版图鉴,res_quest_micro_item
血色苔藓样本,Bloody Moss Sample,未标注,,血色苔藓样本。在仓库里获得。坪瑟感兴趣的学术和实践课题。,叠加上限：20,,,assets/images/资源材料/血色苔藓样本--e8374600e7.png,原版图鉴,res_quest_biomaterial_item
狂腐士的燃烧器,Decayers' Burner,未标注,,没有火，就不可能举行颂扬工厂的仪式。激活狂腐士邪教装饰的必需品。,叠加上限：20,,出现场景：Старая остановка；出现场景：森林郊区；当前档案有 4 条同名记录；可能来自不同场景、活动或难度，请比较基础属性。,assets/images/资源材料/狂腐士的燃烧器--cb7859f34c.png,原版图鉴,res_activator_decors_decayers_atk
狂腐士入侵点数,Decayers' Invasion Points,未标注,,获取点数，登上排行榜顶端，获得狂腐士货物钥匙。,,,,assets/images/资源材料/狂腐士入侵点数--a90384c4bb.png,原版图鉴,fake_marker_three_chest_invisible_decayers
黑帮令牌,Triad Token,未标注,,异变物品，用于激活黑帮装饰，它会增加你的伤害。,叠加上限：20,,当前档案有 3 条同名记录；可能来自不同场景、活动或难度，请比较基础属性。,assets/images/资源材料/黑帮令牌--8f6ff07b1d.png,原版图鉴,fake_medalion_5
黑帮令牌,Triad Token,未标注,,异变物品，用于激活黑帮装饰，它会增加你的伤害。,叠加上限：20,,当前档案有 3 条同名记录；可能来自不同场景、活动或难度，请比较基础属性。,assets/images/资源材料/黑帮令牌--8f6ff07b1d.png,原版图鉴,fake_medalion_20
核炬士微芯片,Torch Chip,未标注,,核炬士的高端铠甲组件。你最好将其交给坪瑟。,叠加上限：20,,当前档案有 2 条同名记录；可能来自不同场景、活动或难度，请比较基础属性。,assets/images/资源材料/核炬士微芯片--b620623f24.png,原版图鉴,res_quest_torcher_chip
提灯电池,Lantern Battery,未标注,,一块几乎充满电的战前电池，装在浸湿的纸盒里。它会在坪瑟的设备里派上用场。,叠加上限：20,,,assets/images/资源材料/提灯电池--e5db5176e8.png,原版图鉴,res_quest_artifact_claw_basement
腌黄瓜,Pickles,未标注,,战前的罐装放射性腌黄瓜。别吃，最好送给坪瑟……用于科学用途。,叠加上限：20,,,assets/images/资源材料/腌黄瓜--a31361d7a1.png,原版图鉴,res_quest_cucumber_quest
核炬士微芯片,Torch Chip,未标注,,核炬士的高端铠甲组件。你最好将其交给坪瑟。,叠加上限：20,,当前档案有 2 条同名记录；可能来自不同场景、活动或难度，请比较基础属性。,assets/images/资源材料/核炬士微芯片--b620623f24.png,原版图鉴,res_quest_slot_item
每日消息,Daily News,未标注,,新年活动的最新更新,叠加上限：1,,当前档案有 102 条同名记录；可能来自不同场景、活动或难度，请比较基础属性。,assets/images/资源材料/每日消息--7938a65e56.png,原版图鉴,Info_mail_decayers_27_sprint_newyear_2020
关于仓库的注意事项,Heads Up on the Storage,未标注,,新仓库规则：详细信息,叠加上限：1,,,assets/images/资源材料/每日消息--7938a65e56.png,原版图鉴,Info_mail_timer_26_sprint
狂腐士装饰品的零件,Parts of Decayers' Decorations,未标注,,管风琴琴键、燃烧器喷嘴，或减气装置。,叠加上限：1,,当前档案有 2 条同名记录；可能来自不同场景、活动或难度，请比较基础属性。,assets/images/资源材料/狂腐士装饰品的零件--d75e082164.png,原版图鉴,bank_res_fake_icon_decayers_decor_resource
引火盒和火焰阻止器,Tinderbox and Flame Arrester,未标注,,神器：防御周期性火焰伤害。增加输出火焰伤害。,叠加上限：1,,,assets/images/资源材料/引火盒和火焰阻止器--6cb38933b5.png,原版图鉴,bank_gadget_fake_icon_decayers_kp
坎卜斯设施钥匙,Krampus Facility key,未标注,,坚固的减压设备，由研究所制造。用它来减压并解锁坎卜斯设施门。,叠加上限：3,,每四小时补充一次；相关工作台：暗黑游荡者裤子,assets/images/资源材料/坎卜斯设施钥匙--6b0b35a8a8.png,原版图鉴,key_newyear_bunker
生产强化器,Production Boosters,未标注,,包含五个强化器，适用于避难所内所有工作台。,叠加上限：1,,,assets/images/资源材料/生产强化器--974b389182.png,原版图鉴,timerchest_res_fake_icon_catalyst_x5
人造雪,Artificial Snow,未标注,,战前，这些地方冬天都被雪覆盖，但人们还是不断制造人造雪。,叠加上限：20,,来自新年营地的冬季特使。,assets/images/资源材料/人造雪--f54c083c9a.png,原版图鉴,res_new_year_2020
变异雪花,Aberrated Snow,未标注,,永远不会融化， 只在除夕夜飘落在领地上。,叠加上限：20,,来自新年营地的冬季特使。；当前档案有 2 条同名记录；可能来自不同场景、活动或难度，请比较基础属性。,assets/images/资源材料/变异雪花--adb8e822a1.png,原版图鉴,res_new_year_snow_snowman
光芒花环,Light Garland,未标注,,在其他时节， 很适合用它来为地下室照明。 但在新年里， 它有更好的用途。,叠加上限：20,,来自新年营地的冬季特使。；当前档案有 2 条同名记录；可能来自不同场景、活动或难度，请比较基础属性。,assets/images/资源材料/光芒花环--58e8f47277.png,原版图鉴,res_new_year_light_rope
礼品纸,Gift Paper,未标注,,色彩鲜艳的节日用纸， 印着有趣的图案。,叠加上限：20,,来自新年营地的冬季特使。；当前档案有 2 条同名记录；可能来自不同场景、活动或难度，请比较基础属性。,assets/images/资源材料/礼品纸--8ca2b3d859.png,原版图鉴,res_gift_wrap
冰-9,Ice-Nine,未标注,,能瞬间冻结对象的稀有神器。,叠加上限：20,,来自新年营地的冬季特使。；当前档案有 2 条同名记录；可能来自不同场景、活动或难度，请比较基础属性。,assets/images/资源材料/冰-9--0d5d47517e.png,原版图鉴,res_artifact_freeze
氧气瓶,Oxygen Tank,未标注,,领地上一台能用的压缩机都没有 。 一个装满氧气的氧气瓶非常罕见。,叠加上限：20,,来自新年营地的冬季特使。；当前档案有 2 条同名记录；可能来自不同场景、活动或难度，请比较基础属性。,assets/images/资源材料/氧气瓶--896696f8d8.png,原版图鉴,res_oxygen_ballon
暗影棘刺,Shadow Quill,未标注,,暗区中一个已灭绝的异象的残余碎片。坪瑟需要它来进行科学研究。,叠加上限：20,,,assets/images/资源材料/暗影棘刺--fae06f7016.png,原版图鉴,res_quest_dark_needle
红魔球碎片,Piece of Red Sphere,未标注,,异象的核心，通过在刽子手巢穴中血战而获得。它仍然在抽搐。你应该将它交给坪瑟。,叠加上限：20,,,assets/images/资源材料/红魔球碎片--22af896da2.png,原版图鉴,res_red_sphere_part_quest
新年用品,New Year Thingies,未标注,,氧气瓶、光芒花环，或变异雪花来创造独特的新年物品。,叠加上限：1,,,assets/images/资源材料/新年用品--065661ea97.png,原版图鉴,ny_old_res_pack
北极SPAS-M,Arctic SPAS-M,未标注,,传奇散弹枪的冬季改装之一。,叠加上限：1,,当前档案有 2 条同名记录；可能来自不同场景、活动或难度，请比较基础属性。,assets/images/资源材料/北极SPAS-M--e145c4d078.png,原版图鉴,bank_ny_res_fake_icon_container_spas
北极AKM,Arctic AKM,未标注,,传奇突击步枪的冬季改装之一。,叠加上限：1,,当前档案有 2 条同名记录；可能来自不同场景、活动或难度，请比较基础属性。,assets/images/资源材料/北极AKM--2b984ed2fa.png,原版图鉴,bank_ny_res_fake_icon_container_akm
北极Vintorez-M,Arctic Vintorez-M,未标注,,传奇步枪的冬季改装之一。,叠加上限：1,,当前档案有 2 条同名记录；可能来自不同场景、活动或难度，请比较基础属性。,assets/images/资源材料/北极Vintorez-M--83b797cfc6.png,原版图鉴,bank_ny_res_fake_icon_container_vss
食尸鬼组织样本,Ghoul Tissue Sample,未标注,,给坪瑟的酸化食尸鬼生物样本。,叠加上限：20,,,assets/images/资源材料/食尸鬼组织样本--8604fad9c7.png,原版图鉴,res_quest_biomaterial_ghouls_item
长舌僵尸样本,Stinger's Sample,未标注,,给坪瑟的热处理长舌僵尸生物样本。,叠加上限：20,,,assets/images/资源材料/长舌僵尸样本--71d4c9e805.png,原版图鉴,res_quest_biomaterial_stinger_item
回音花探测器,Echo Flower Detector,未标注,,坪瑟的临时装置，应该能帮你找到谢尔普的回音花。,叠加上限：1,,,assets/images/资源材料/回音花探测器--f7d433b5be.png,原版图鉴,res_echo_detector
黑帮仪式蜡烛,Triad Ritual Candle,未标注,,点燃这个蜡烛可激活保护性的黑帮装饰。,叠加上限：20,,当前档案有 4 条同名记录；可能来自不同场景、活动或难度，请比较基础属性。,assets/images/资源材料/黑帮仪式蜡烛--3322151c35.png,原版图鉴,res_activator_decors_triad1_fake_5
黑帮仪式蜡烛,Triad Ritual Candle,未标注,,点燃这个蜡烛可激活保护性的黑帮装饰。,叠加上限：20,,当前档案有 4 条同名记录；可能来自不同场景、活动或难度，请比较基础属性。,assets/images/资源材料/黑帮仪式蜡烛--3322151c35.png,原版图鉴,res_activator_decors_triad1_fake_20
送葬者蛇彭特神像,Undertakers' Serpent's Idol,未标注,,这个冷酷的神像是死亡仪式的一部分。激活蛇灵祭坛和领地幽灵的必需品。,叠加上限：20,,当前档案有 3 条同名记录；可能来自不同场景、活动或难度，请比较基础属性。,assets/images/资源材料/送葬者蛇彭特神像--8fe2e4eb02.png,原版图鉴,res_activator_decors_helloween_fake_5
送葬者蛇彭特神像,Undertakers' Serpent's Idol,未标注,,这个冷酷的神像是死亡仪式的一部分。激活蛇灵祭坛和领地幽灵的必需品。,叠加上限：20,,当前档案有 3 条同名记录；可能来自不同场景、活动或难度，请比较基础属性。,assets/images/资源材料/送葬者蛇彭特神像--8fe2e4eb02.png,原版图鉴,res_activator_decors_helloween_fake_20
杉树枝,Fir Branches,未标注,,杉树枝是传统的新年装饰品。不过这些树枝上的针叶似乎在动……,叠加上限：20,,当前档案有 3 条同名记录；可能来自不同场景、活动或难度，请比较基础属性。,assets/images/资源材料/杉树枝--cd9690f02d.png,原版图鉴,res_fir_branches_2021
法贝热模块激活器,Fabergé Module Activator,未标注,,一次性设备，可以让你运行研究所模块的一个周期。使用后自毁。,叠加上限：20,,当前档案有 3 条同名记录；可能来自不同场景、活动或难度，请比较基础属性。,assets/images/资源材料/法贝热模块激活器--af52850908.png,原版图鉴,res_activator_Egg_fake_5
法贝热模块激活器,Fabergé Module Activator,未标注,,一次性设备，可以让你运行研究所模块的一个周期。使用后自毁。,叠加上限：20,,当前档案有 3 条同名记录；可能来自不同场景、活动或难度，请比较基础属性。,assets/images/资源材料/法贝热模块激活器--af52850908.png,原版图鉴,res_activator_Egg_fake_20
节日花环,Festive Garland,未标注,,游荡者们有一个传说，说是在核战之前，人们相信新年树上的灯饰能吸引带来礼物的好精灵。,叠加上限：20,,在“拯救新年！”活动中；当前档案有 2 条同名记录；可能来自不同场景、活动或难度，请比较基础属性。,assets/images/资源材料/节日花环--6000a40e46.png,原版图鉴,res_garland_2021
新年树装饰,Tree Decorations,未标注,,战前的新年装饰品，奇迹般地在核战中幸存了下来。,叠加上限：20,,在“拯救新年！”活动中；当前档案有 2 条同名记录；可能来自不同场景、活动或难度，请比较基础属性。,assets/images/资源材料/新年树装饰--5b247f6b53.png,原版图鉴,res_Christmas_decorations_2021
新年之星,New Year Star,未标注,,核战后，人们躲在地下室里好几个月都看不到星星。新年之星是希望的象征，也是美丽的装饰。,叠加上限：20,,在“拯救新年！”活动中；当前档案有 2 条同名记录；可能来自不同场景、活动或难度，请比较基础属性。,assets/images/资源材料/新年之星--d14d99ba98.png,原版图鉴,res_Star_2021
节日彩带,Festive Tinsel,未标注,,闪闪发光的装饰品，看起来很像瓶刷。没有别的用处，但挂在树上很好看。,叠加上限：20,,在“拯救新年！”活动中；当前档案有 2 条同名记录；可能来自不同场景、活动或难度，请比较基础属性。,assets/images/资源材料/节日彩带--a07240fc12.png,原版图鉴,res_Tinsel_2021
鹰队的打火机,Hawks' Lighter,未标注,,著名的鹰队的战利品打火机。用于激活希望雕像和烟花炮。,叠加上限：20,,当前档案有 3 条同名记录；可能来自不同场景、活动或难度，请比较基础属性。,assets/images/资源材料/鹰队的打火机--c14474d7ee.png,原版图鉴,res_activator_decors_indep_day_fake_5
新年树糖果,New Year Tree Candy,未标注,,无法食用，但挂在树上很好看。,叠加上限：20,,在“拯救新年！”活动中；当前档案有 5 条同名记录；可能来自不同场景、活动或难度，请比较基础属性。,assets/images/资源材料/新年树糖果--837e19419c.png,原版图鉴,res_Candies_2021
鹰队的打火机,Hawks' Lighter,未标注,,著名的鹰队的战利品打火机。用于激活希望雕像和烟花炮。,叠加上限：20,,当前档案有 3 条同名记录；可能来自不同场景、活动或难度，请比较基础属性。,assets/images/资源材料/鹰队的打火机--c14474d7ee.png,原版图鉴,res_activator_decors_indep_day_fake_20
兄弟会提灯,Brotherhood Lantern,未标注,,激活一周年纪念碑、二周年纪念碑、三周年纪念碑和游荡者少女雕像的必需品。它的射线会与一些神器发生共振，释放出能量。,叠加上限：20,,当前档案有 3 条同名记录；可能来自不同场景、活动或难度，请比较基础属性。,assets/images/资源材料/兄弟会提灯--07405e3798.png,原版图鉴,res_activator_decors_dr_DOZ_fake_5
兄弟会提灯,Brotherhood Lantern,未标注,,激活一周年纪念碑、二周年纪念碑、三周年纪念碑和游荡者少女雕像的必需品。它的射线会与一些神器发生共振，释放出能量。,叠加上限：20,,当前档案有 3 条同名记录；可能来自不同场景、活动或难度，请比较基础属性。,assets/images/资源材料/兄弟会提灯--07405e3798.png,原版图鉴,res_activator_decors_dr_DOZ_fake_20
狂腐士的燃烧器,Decayers' Burner,未标注,,没有火，就不可能举行颂扬工厂的仪式。激活狂腐士邪教装饰的必需品。,叠加上限：20,,当前档案有 4 条同名记录；可能来自不同场景、活动或难度，请比较基础属性。,assets/images/资源材料/狂腐士的燃烧器--cb7859f34c.png,原版图鉴,res_activator_decors_decayers_atk_fake_5
狂腐士的燃烧器,Decayers' Burner,未标注,,没有火，就不可能举行颂扬工厂的仪式。激活狂腐士邪教装饰的必需品。,叠加上限：20,,当前档案有 4 条同名记录；可能来自不同场景、活动或难度，请比较基础属性。,assets/images/资源材料/狂腐士的燃烧器--cb7859f34c.png,原版图鉴,res_activator_decors_decayers_atk_fake_20
电厂螺母,Nut from the Plant,未标注,,工厂纪念品，受到狂腐士的崇拜。激活狂腐士邪教装饰的必需品。,叠加上限：20,,当前档案有 3 条同名记录；可能来自不同场景、活动或难度，请比较基础属性。,assets/images/资源材料/电厂螺母--569434df61.png,原版图鉴,res_activator_decors_decayers_df_fake_5
电厂螺母,Nut from the Plant,未标注,,工厂纪念品，受到狂腐士的崇拜。激活狂腐士邪教装饰的必需品。,叠加上限：20,,当前档案有 3 条同名记录；可能来自不同场景、活动或难度，请比较基础属性。,assets/images/资源材料/电厂螺母--569434df61.png,原版图鉴,res_activator_decors_decayers_df_fake_20
雾灯,Fog Lights,未标注,,"电器在战后的领地显得格外珍贵，尤其是可正常工作的雾灯。

可以在仓库与商人进行交换。",叠加上限：20,,旧加油站的UAZ越野车,assets/images/资源材料/雾灯--0aa4dc1ea3.png,原版图鉴,res_quest_autolamps
牢房钥匙,Cell Keys,未标注,,一串可以打开仓库监狱牢房的钥匙。你根本无法得知里面有什么！,耐久：1；叠加上限：1,,,assets/images/资源材料/牢房钥匙--70ba5e0109.png,原版图鉴,key_from_karcer
第一个刽子手尖刺,Thorn of the Prime Carnifex,未标注,,团队商人会用他最好的货物来换取这样的尖刺，出于对敢于杀死第一个刽子手的人的纯粹尊重！,叠加上限：20,,出现场景：荒凉山谷；出现场景：被围困的房屋,assets/images/资源材料/第一个刽子手尖刺--a5c4e85c83.png,原版图鉴,res_Token_Hangman_27
藏匿处代码的片段,Fragment of Stash Code,未标注,,一张小纸片，上面潦草地记录了传说中的仓库帮派藏匿处的部分代码。,叠加上限：10,,,assets/images/资源材料/藏匿处代码的片段--794d8f3d88.png,原版图鉴,res_obshak_code_1
平锉刀,Flat File,未标注,,旧的双面平锉刀。,叠加上限：20,,,assets/images/资源材料/平锉刀--e3d0f28e2a.png,原版图鉴,res_master_key
硬橡胶碎片,Ebonite Shard,未标注,,一块不稳定的神器碎片，可以消除物体上的静电。,叠加上限：20,,旧加油站；相关工作台：毛骨悚然急救箱,assets/images/资源材料/硬橡胶碎片--bb56f047c7.png,原版图鉴,res_piece_of_ebOnit
发电机夹具,Generator Clamp,未标注,,这是一个发电机夹具。你可以用它来修理仓库里的发电机。,叠加上限：20,,旧加油站；相关工作台：毛骨悚然急救箱,assets/images/资源材料/发电机夹具--7f95702046.png,原版图鉴,res_klemma
电源电缆,Power Cable,未标注,,一条很粗的三线加接地绝缘电缆，用于从发电机向当地电网供电。,叠加上限：20,,出现场景：沼泽,assets/images/资源材料/电源电缆--251f9133a1.png,原版图鉴,res_kabel_ochen_silni
狱吏马甲,Turnkey's Armor,未标注,,共生结帮助你穿着这套铠甲移动，甚至还能背负大量的重量，但它们始终渴求血液作为回报。,基础护甲：0；叠加上限：1,,护甲会随等级缩放。,assets/images/资源材料/狱吏马甲--7274792ef0.png,原版图鉴,bank_kazemates_warder_chest_fale_icon
送葬者的枪,Undertakers' Gun,未标注,,死亡召唤步枪、死亡狂怒博尔特枪或死亡虫群散弹枪。,叠加上限：1,,,assets/images/资源材料/送葬者的枪--755ba951a6.png,原版图鉴,bank_kazemates_undertakers_guns_fake_icon
钻机压缩机,Drill Compressor,未标注,,钻井泵的一个主要部件，用于清理井下固体废物。,叠加上限：20,,,assets/images/资源材料/钻机压缩机--3a904ce5c2.png,原版图鉴,res_kompressor
液压齿轮马达,Hydraulic Gear Motor,未标注,,一台旧的液压马达，可以用在钻机上。工作状态良好。,叠加上限：20,,尖叫森林,assets/images/资源材料/液压齿轮马达--ed5b9d7439.png,原版图鉴,res_gidrovrashatel
冷却系统软管,Cooling System Hose,未标注,,耐用的软管是液压钻机冷却系统的一部分。,叠加上限：20,,双子设施,assets/images/资源材料/冷却系统软管--87eeb26391.png,原版图鉴,res_shlang
损坏的摩托车发动机,Broken Motorcycle Engine,未标注,,坏掉的摩托车发动机。活塞卡在汽缸中。需要更换。,叠加上限：20,,仓库商人,assets/images/资源材料/损坏的摩托车发动机--c27c335540.png,原版图鉴,broken_motorcycle_motor
活塞,Piston,未标注,,摩托车二冲程内燃机的关键部件。,叠加上限：20,,仓库商人,assets/images/资源材料/活塞--75477fbfbc.png,原版图鉴,motorcycle_piston
制动轮,Brake Wheel,未标注,,坚硬的抛光制动轮，上面有刹车片留下的痕迹。从尺寸来看，这是摩托车的一个零件。,叠加上限：20,,仓库商人,assets/images/资源材料/制动轮--2479552323.png,原版图鉴,motorcycle_breaks
气缸体,Cylinder Block,未标注,,摩托车发动机的重要零件。用于修理摩托车。,叠加上限：20,,仓库商人,assets/images/资源材料/气缸体--f9674bdeb4.png,原版图鉴,motorcycle_cylinder
轮胎气门,Tire Valve,未标注,,用橡胶密封的小阀门。在加气时它会很有用。可与摩托车轮配合使用。,叠加上限：20,,废弃避难所等级3,assets/images/资源材料/轮胎气门--6e3fb0ef64.png,原版图鉴,motorcycle_nipple
密封胶,Sealant,未标注,,一管密封胶，在如此条件下竟然完好无损。如果你需要修理燃油流动系统中的细管或油箱，它就会派上用场。,叠加上限：20,,出现场景：荒凉山谷,assets/images/资源材料/密封胶--ac95252c10.png,原版图鉴,motorcycle_sealant
摩托车发动机,Motorcycle Engine,未标注,,一台二冲程发动机，用生锈的备用零件组装起来的。它还能运转真是个奇迹。,叠加上限：20,,可以被生产；相关工作台：残骸,assets/images/资源材料/摩托车发动机--4e759bdc05.png,原版图鉴,motorcycle_motor
钻机轴,Drill Shaft,未标注,,液压钻机的备用钻机轴。可用于修理避难所地下室中的钻机。,,,,assets/images/资源材料/钻机轴--43996b596f.png,原版图鉴,res_val_for_boor_home_location
滚动轴承,Rolling Bearing,未标注,,用于钻机等旋转机械的重型轴承。,叠加上限：20,,仓库商人,assets/images/资源材料/滚动轴承--5d51f6ed9a.png,原版图鉴,res_podshipnik_for_boor
每日消息,Daily News,未标注,,有关仓库监狱的更多信息,叠加上限：1,,当前档案有 102 条同名记录；可能来自不同场景、活动或难度，请比较基础属性。,assets/images/资源材料/每日消息--7938a65e56.png,原版图鉴,Info_mail_timer_27_slammer
透明血泪球,Clear Bloody Tear,未标注,,透明的异象能量凝结块。可通过摧毁刽子手巢穴中的红魔球获得。,叠加上限：20,,出现场景：储料设施,assets/images/资源材料/透明血泪球--fd22c164a0.png,原版图鉴,res_Token_anomaly_boss_casemate
伤害提升器,Damage Boosters,未标注,,暴风雪、溃疡和引火盒。,叠加上限：1,,当前档案有 4 条同名记录；可能来自不同场景、活动或难度，请比较基础属性。,assets/images/资源材料/伤害提升器--738aade1ae.png,原版图鉴,bank_res_fake_icon_container_3_gadget
鹰队盒子锁,Hawks' Box Lock,未标注,,鹰队箱子的可靠保护，防止被盗。,叠加上限：20,,来自避难所的部落女猎手。；当前档案有 2 条同名记录；可能来自不同场景、活动或难度，请比较基础属性。；相关工作台：圣诞集市点数,assets/images/资源材料/鹰队盒子锁--cb9e398ffc.png,原版图鉴,res_stellaj_28
鹰队的装备配件,Hawks' Equipment Fittings,未标注,,独特的外国武器配件，曾由鹰队的战士使用。,叠加上限：20,,你可在特殊主题活动期间收到这个。；出现场景：伏击；当前档案有 3 条同名记录；可能来自不同场景、活动或难度，请比较基础属性。；相关工作台：索格博修理箱,assets/images/资源材料/鹰队的装备配件--f9439cea24.png,原版图鉴,res_july_4_common
贴纸和油漆,Stickers and Paint,未标注,,用于给予M16“自由”著名的节日外观。,叠加上限：20,,你可在特殊主题活动期间收到这个。；当前档案有 3 条同名记录；可能来自不同场景、活动或难度，请比较基础属性。,assets/images/资源材料/贴纸和油漆--953a75f902.png,原版图鉴,res_july_4_m16
鹰队巴雷特M82零件,Hawks Barret M82 Parts,未标注,,专为.50口径步枪的沉重弹药而设计。,叠加上限：20,,你可在特殊主题活动期间收到这个。；当前档案有 3 条同名记录；可能来自不同场景、活动或难度，请比较基础属性。,assets/images/资源材料/鹰队巴雷特M82零件--a7f88ebfa7.png,原版图鉴,res_july_4_barett
和平制造者零件,Peacemaker Parts,未标注,,点45口径左轮手枪零件。状态良好。,叠加上限：20,,你可在特殊主题活动期间收到这个。；当前档案有 3 条同名记录；可能来自不同场景、活动或难度，请比较基础属性。,assets/images/资源材料/和平制造者零件--cfd1510e21.png,原版图鉴,res_july_4_saa
AMT Hardballer零件,AMT Hardballer Longslide Parts,未标注,,现代版著名柯尔特M1911的生产零件。,叠加上限：20,,你可在特殊主题活动期间收到这个。；当前档案有 3 条同名记录；可能来自不同场景、活动或难度，请比较基础属性。,assets/images/资源材料/AMT Hardballer零件--26d7dfeaf9.png,原版图鉴,res_july_4_1911
烟花弹,Firework Charges,未标注,,足够的烟花弹，供你每天随意发射节日烟花。,叠加上限：20,,来自避难所的部落女猎手。；当前档案有 3 条同名记录；可能来自不同场景、活动或难度，请比较基础属性。；相关工作台：圣诞集市点数,assets/images/资源材料/烟花弹--c98ccd2813.png,原版图鉴,res_fireworks_indep
丙烷,Propane,未标注,,你可以一直观看希望雕像的火，直到燃尽为止。,叠加上限：20,,来自避难所的部落女猎手。；当前档案有 3 条同名记录；可能来自不同场景、活动或难度，请比较基础属性。；相关工作台：圣诞集市点数,assets/images/资源材料/丙烷--9fd51c930f.png,原版图鉴,res_gas_indep
鹰队MP5零件,Hawks MP5 Parts,未标注,,传奇冲锋枪自动装弹器。,叠加上限：20,,你可在特殊主题活动期间收到这个。；当前档案有 2 条同名记录；可能来自不同场景、活动或难度，请比较基础属性。,assets/images/资源材料/鹰队MP5零件--c03f7014e1.png,原版图鉴,res_july_4_mp5
斯泰尔AUG零件,Steyr AUG Parts,未标注,,来自鹰队补给品的原装备用零件。,叠加上限：20,,你可在特殊主题活动期间收到这个。；当前档案有 2 条同名记录；可能来自不同场景、活动或难度，请比较基础属性。,assets/images/资源材料/斯泰尔AUG零件--dda1bb771a.png,原版图鉴,res_july_4_aug
AB战术步枪零件,AB Tactical Parts,未标注,,调整AW步枪枪托和后托所需的备用零件。,叠加上限：20,,你可在特殊主题活动期间收到这个。；当前档案有 2 条同名记录；可能来自不同场景、活动或难度，请比较基础属性。,assets/images/资源材料/AB战术步枪零件--e9c019cc37.png,原版图鉴,res_july_4_AWP
沙漠之鹰零件,Desert Eagle Parts,未标注,,工厂制造的备用零件，用于沙漠之鹰独特的气体系统。,叠加上限：20,,你可在特殊主题活动期间收到这个。；当前档案有 2 条同名记录；可能来自不同场景、活动或难度，请比较基础属性。,assets/images/资源材料/沙漠之鹰零件--3dd5e35914.png,原版图鉴,res_july_4_DE
鹰队突击步枪,Hawks' Assault Rifle,未标注,,传奇武器之一：M16“自由”、斯泰尔 AUG，或鹰队MP5。,基础伤害：1；攻击间隔：1秒；攻击距离（配置）：7；暴击几率：10%；暴击倍率：1.7倍；叠加上限：1,,攻击数值还会随等级缩放。,assets/images/资源材料/鹰队突击步枪--5929763907.png,原版图鉴,bank_res_fake_icon_m16_mp5_aug
鹰队手枪,Hawks' Pistol,未标注,,传奇武器之一：和平制造者、AMT Hardballer长套筒型，或沙漠之鹰。,基础伤害：1；攻击间隔：1秒；攻击距离（配置）：7；暴击几率：10%；暴击倍率：1.7倍；叠加上限：1,,攻击数值还会随等级缩放。,assets/images/资源材料/鹰队手枪--036ea75e6a.png,原版图鉴,bank_res_fake_icon_1911_saa_deagle
鹰队步枪,Hawks' Rifle,未标注,,传奇武器之一：AB战术步枪或鹰队巴雷特M82。,基础伤害：1；攻击间隔：1秒；攻击距离（配置）：7；暴击几率：10%；暴击倍率：1.7倍；叠加上限：1,,攻击数值还会随等级缩放。,assets/images/资源材料/鹰队步枪--c116ee5027.png,原版图鉴,bank_res_fake_icon_awp_barrett
黑帮蓝图,Triad Blueprints,未标注,,这个卷轴包含了强化黑帮纪念碑的蓝图。没人知道它的来历。,叠加上限：20,,黑帮头目的货物；当前档案有 2 条同名记录；可能来自不同场景、活动或难度，请比较基础属性。；相关工作台：塞西亚人的大箱子,assets/images/资源材料/黑帮蓝图--281ec16aaf.png,原版图鉴,res_Triada_29
定位销,Dowel Pins,未标注,,用于组装训练木偶。,叠加上限：20,,你可在特殊主题活动期间收到这个。；当前档案有 3 条同名记录；可能来自不同场景、活动或难度，请比较基础属性。；相关工作台：钢锯片,assets/images/资源材料/定位销--0840aa6f41.png,原版图鉴,res_KNG_129
青铜锭,Bronze Ingot,未标注,,昂贵且美丽的材料。 青铜制成的雕塑看起来令人惊艳。,叠加上限：20,,你可在特殊主题活动期间收到这个。；当前档案有 3 条同名记录；可能来自不同场景、活动或难度，请比较基础属性。；相关工作台：钢锯片,assets/images/资源材料/青铜锭--7505a6085e.png,原版图鉴,res_KNG_0729
锣零件,Gong Parts,未标注,,搭建一个框架并组装好零件， 即可在避难所里装配一面锣。,叠加上限：20,,你可在特殊主题活动期间收到这个。；当前档案有 3 条同名记录；可能来自不同场景、活动或难度，请比较基础属性。；相关工作台：钢锯片,assets/images/资源材料/锣零件--37251b2dda.png,原版图鉴,res_KNG_229
礼仪餐具,Ceremonial Tableware,未标注,,节日茶具。,叠加上限：20,,你可在特殊主题活动期间收到这个。；当前档案有 3 条同名记录；可能来自不同场景、活动或难度，请比较基础属性。；相关工作台：钢锯片,assets/images/资源材料/礼仪餐具--b588413948.png,原版图鉴,res_KNG_529
锻铁,Wrought Iron,未标注,,一块深色的锻铁。用于建造黑帮金属雕像。,叠加上限：20,,你可在特殊主题活动期间收到这个。；当前档案有 3 条同名记录；可能来自不同场景、活动或难度，请比较基础属性。；相关工作台：钢锯片,assets/images/资源材料/锻铁--9149aa7194.png,原版图鉴,res_KNG_429
节日灯笼,Festive Lantern,未标注,,象征着太阳。 将是春节绝佳的树木装饰。,叠加上限：20,,可在黑帮的回归期间的货物中找到。；当前档案有 3 条同名记录；可能来自不同场景、活动或难度，请比较基础属性。；相关工作台：钢锯片,assets/images/资源材料/节日灯笼--3e290b9733.png,原版图鉴,res_KNG_329
石蜡,Paraffin Wax,未标注,,黑帮将其用作装饰蜡烛和炸药中的增稠剂。,叠加上限：20,,你可在特殊主题活动期间收到这个。；当前档案有 3 条同名记录；可能来自不同场景、活动或难度，请比较基础属性。；相关工作台：钢锯片,assets/images/资源材料/石蜡--db7313036b.png,原版图鉴,res_triads_parafin29
玄武岩,Basalt,未标注,,加尔科夫附近从未开采过玄武岩。这是黑帮在核战爆发之前出口的。如今，它被用来制作石像鬼。,叠加上限：20,,你可在特殊主题活动期间收到这个。；当前档案有 3 条同名记录；可能来自不同场景、活动或难度，请比较基础属性。；相关工作台：钢锯片,assets/images/资源材料/玄武岩--18ab5cb82b.png,原版图鉴,res_triads_granit29
金灯笼,Golden Lantern,未标注,,黑帮异变树的装饰， 提供对电力的防护。,叠加上限：20,,可在黑帮的回归期间的货物中找到。；当前档案有 3 条同名记录；可能来自不同场景、活动或难度，请比较基础属性。；相关工作台：钢锯片,assets/images/资源材料/金灯笼--b0f3aa9152.png,原版图鉴,res_triads_yellow_lamp29
绿灯笼,Green Lantern,未标注,,黑帮的战士们在与送葬者作战之前，会将这些灯笼挂在树上。,叠加上限：20,,你可在特殊主题活动期间收到这个。；当前档案有 3 条同名记录；可能来自不同场景、活动或难度，请比较基础属性。；相关工作台：钢锯片,assets/images/资源材料/绿灯笼--5c88425b09.png,原版图鉴,res_triads_green_lamp29
黄铜锭,Brass Ingot,未标注,,黑帮为了他们的雕像不遗余力。,叠加上限：20,,可在黑帮的回归期间的货物中找到。；当前档案有 3 条同名记录；可能来自不同场景、活动或难度，请比较基础属性。；相关工作台：钢锯片,assets/images/资源材料/黄铜锭--50b9793546.png,原版图鉴,res_triads_nefrit29
节日油漆,Festive Paint,未标注,,如果你想装饰自己精心制作的大盒子，油漆会派上用场的。,叠加上限：20,,可在黑帮的回归期间的货物中找到。；当前档案有 3 条同名记录；可能来自不同场景、活动或难度，请比较基础属性。；相关工作台：钢锯片,assets/images/资源材料/节日油漆--3636fd7742.png,原版图鉴,res_KNG_629
春节盒子锁,Lunar Box Lock,未标注,,供黑帮最贵重的容器使用的防撬坚固锁。,叠加上限：20,,黑帮头目的货物；当前档案有 2 条同名记录；可能来自不同场景、活动或难度，请比较基础属性。；相关工作台：塞西亚人的大箱子,assets/images/资源材料/春节盒子锁--99e9c85f0b.png,原版图鉴,res_stellaj_29
每日消息,Daily News,未标注,,有关春节活动的详细信息。,叠加上限：1,,当前档案有 102 条同名记录；可能来自不同场景、活动或难度，请比较基础属性。,assets/images/资源材料/每日消息--7938a65e56.png,原版图鉴,Info_mail_chinese_29_sprint
背带和卡扣,Straps and Locks,未标注,,硬核徒步旅行的背包配件，供特种部队使用。这些背带和卡扣可以承受多年的巨大负荷。,叠加上限：20,,"森林野兽
的巢穴。",assets/images/资源材料/背带和卡扣--e356835f97.png,原版图鉴,res_tactic_backpack_1_29
军队背包图样,Army Backpack Pattern,未标注,,宽大的军队背包剪裁片，随时可以缝制。,叠加上限：20,,仓库商人,assets/images/资源材料/军队背包图样--376679a1da.png,原版图鉴,res_tactic_backpack_2_29
伤害提升器,Damage Boosters,未标注,,经过神器改造的装备，可增加异变伤害。包含以下物品之一：暴风雪、发电机、溃疡或引火盒。,叠加上限：1,,当前档案有 4 条同名记录；可能来自不同场景、活动或难度，请比较基础属性。,assets/images/资源材料/伤害提升器--d9b80a8aa2.png,原版图鉴,bank_res_fake_icon_1of4_gadgets
要塞兵团的宣传碟,Citadel Corps Propaganda Disk,未标注,,索洛波夫司令的讲话录音，用于在要塞兵团宣传站播放。,叠加上限：20,,在派系任务奖励中。；当前档案有 3 条同名记录；可能来自不同场景、活动或难度，请比较基础属性。,assets/images/资源材料/要塞兵团的宣传碟--b0269b11be.png,原版图鉴,res_activator_decors_oplot
安培,Amp,未标注,,只有自由游荡者兄弟会中最有经验的成员才能获得的神器。可激活一个驯服的异象。,叠加上限：20,,在派系任务奖励中。；当前档案有 3 条同名记录；可能来自不同场景、活动或难度，请比较基础属性。,assets/images/资源材料/安培--9bf363c0ff.png,原版图鉴,res_activator_decors_brod
稳压器,Voltage Stabilizer,未标注,,战前调节电压浪涌的装置。 当你想用不稳定的异象电力来供电时，这会很方便。,叠加上限：20,,在中型和大型盒子里,assets/images/资源材料/稳压器--c18008913f.png,原版图鉴,res_uniqe_decors_brod
液晶面板,LCD Panel,未标注,,核战前随处可见的液晶面板，现在几乎找不到了。要塞兵团为了宣传目的，建立了一条小规模的生产线。,叠加上限：20,,在中型和大型盒子里,assets/images/资源材料/液晶面板--562515c118.png,原版图鉴,res_uniqe_decors_oplot
扬声器,Loudspeaker,未标注,,"警报系统的喇叭扬声器。尽管外表有凹痕和锈迹，但工作正常。

用于信号警报系统的维修。",叠加上限：20,,在寂静树丛里的地下室。,assets/images/资源材料/扬声器--f00eac8eeb.png,原版图鉴,res_shout_stopper
信号系统零件,Signal system parts,未标注,,"通信系统零件。在其中一些零件上，你可以看到一个库存号码和首字母HT。

用于信号警报系统的维修。",叠加上限：20,,旧加油站；相关工作台：毛骨悚然急救箱,assets/images/资源材料/信号系统零件--d4ed65a60f.png,原版图鉴,res_warning_system_stopper
要塞兵团的宣传碟,Citadel Corps Propaganda Disk,未标注,,索洛波夫司令的讲话录音，用于在要塞兵团宣传站播放。,叠加上限：20,,当前档案有 3 条同名记录；可能来自不同场景、活动或难度，请比较基础属性。,assets/images/资源材料/要塞兵团的宣传碟--b0269b11be.png,原版图鉴,res_activator_decors_oplot_fake_5
要塞兵团的宣传碟,Citadel Corps Propaganda Disk,未标注,,索洛波夫司令的讲话录音，用于在要塞兵团宣传站播放。,叠加上限：20,,当前档案有 3 条同名记录；可能来自不同场景、活动或难度，请比较基础属性。,assets/images/资源材料/要塞兵团的宣传碟--b0269b11be.png,原版图鉴,res_activator_decors_oplot_fake_20
安培,Amp,未标注,,只有自由游荡者兄弟会中最有经验的成员才能获得的神器。可激活一个驯服的异象。,叠加上限：20,,当前档案有 3 条同名记录；可能来自不同场景、活动或难度，请比较基础属性。,assets/images/资源材料/安培--9bf363c0ff.png,原版图鉴,res_activator_decors_brod_fake_5
安培,Amp,未标注,,只有自由游荡者兄弟会中最有经验的成员才能获得的神器。可激活一个驯服的异象。,叠加上限：20,,当前档案有 3 条同名记录；可能来自不同场景、活动或难度，请比较基础属性。,assets/images/资源材料/安培--9bf363c0ff.png,原版图鉴,res_activator_decors_brod_fake_20
每日消息,Daily News,未标注,,萨梅迪收割活动：详细信息。,叠加上限：1,,当前档案有 102 条同名记录；可能来自不同场景、活动或难度，请比较基础属性。,assets/images/资源材料/每日消息--7938a65e56.png,原版图鉴,Info_mail_decayers_event_skull
送葬者之斧或双刃大砍刀,Undertakers' axe or claymore,未标注,,巫师的埋葬双刃大砍刀（有几率瞬间击杀敌人）或萨梅迪卫士之斧（铠甲磨损率减少）。,叠加上限：1,,当前档案有 2 条同名记录；可能来自不同场景、活动或难度，请比较基础属性。,assets/images/资源材料/送葬者之斧或双刃大砍刀--9299b9fa53.png,原版图鉴,bank_res_fake_icon_mogil_melee_leg
送葬者的独特武器,Undertakers' Unique Weapons,未标注,,死亡召唤步枪（有几率瞬间击杀敌人）、死亡虫群散弹枪（范围效果伤害）或死亡狂怒博尔特枪（破甲）。,叠加上限：1,,当前档案有 2 条同名记录；可能来自不同场景、活动或难度，请比较基础属性。,assets/images/资源材料/送葬者的独特武器--a265141bc8.png,原版图鉴,bank_res_fake_icon_mogil_range_leg
旅行锁扣,Travel Locks,未标注,,简单、耐用、非常可靠的容器锁扣。它们可以承受大量的移动，并让你在需要的时候快速打开盖子。 用于摩托车的改装版。,叠加上限：20,,在派系任务奖励中。；相关工作台：蓝图部分,assets/images/资源材料/旅行锁扣--1a735c823b.png,原版图鉴,res_zanoza_lock
耐用涂料,Heavy-duty Paint,未标注,,耐热和耐机械效果的涂料。核战前在军队中使用。塞西亚人将其用于他们的改装摩托车。,叠加上限：20,,在派系任务奖励中。；相关工作台：蓝图部分,assets/images/资源材料/耐用涂料--5aad4ca516.png,原版图鉴,res_zanoza_paint
传说武器,Legend's Weapon,未标注,,暗黑游荡者的传奇武器之一。,叠加上限：1,,,assets/images/资源材料/传说武器--ebd1dc1e35.png,原版图鉴,bank_res_fake_icon_svd_spas_bs
孵化器,Incubator,未标注,,加速神器识别器中密封彩蛋的识别。春季节庆期间可在彩蛋篮中找到。,叠加上限：20,,,assets/images/资源材料/孵化器--580278157a.png,原版图鉴,res_catalyst_pasha
金刚石锉刀文件,Diamond Broach File,未标注,,完美的武器需要精确且完美打磨的备用零件。你需要工具才能制作。,叠加上限：20,,在春季节庆奖励中。；当前档案有 3 条同名记录；可能来自不同场景、活动或难度，请比较基础属性。；相关工作台：森林野兽铠甲,assets/images/资源材料/金刚石锉刀文件--a8b5e9f9d3.png,原版图鉴,res_pasha_2021_blue_weapon
角钢,Angle Steel,未标注,,堆放任何货物需要可靠的货架和坚固的固定装置。,叠加上限：20,,在春季节庆奖励中。；相关工作台：森林野兽铠甲,assets/images/资源材料/角钢--af4e637618.png,原版图鉴,res_pasha_2021_metall_col
吸湿剂,Moisture Absorbent,未标注,,保持仓库和密封容器内的正常湿度水平。可用于储存木材。,叠加上限：20,,在春季节庆奖励中。；当前档案有 2 条同名记录；可能来自不同场景、活动或难度，请比较基础属性。；相关工作台：森林野兽铠甲,assets/images/资源材料/吸湿剂--ed045a92ce.png,原版图鉴,res_pasha_2021_wood_col
屠夫的沸血,Butcher's Boiling Blood,未标注,,可保持高温数小时。试管发出异常的热量。,叠加上限：20,,屠夫，被烧毁的餐厅地下室。,assets/images/资源材料/屠夫的沸血--9828ef1d72.png,原版图鉴,res_Token_pudge1
灼热屠夫头骨,Torrid Butcher's Skull,未标注,,灾难酒吧的人说，只有让屠夫真的生气，才能获得头骨神器。,叠加上限：20,,屠夫，被烧毁的餐厅地下室。,assets/images/资源材料/灼热屠夫头骨--effdf7eb12.png,原版图鉴,res_Token_pudge2
幸运纹身,Lucky Tattoos,未标注,,女性四叶纹身或男性幸运纹身的碎片。,叠加上限：1,,,assets/images/资源材料/幸运纹身--17ed7c693c.png,原版图鉴,bank_taty_dsp2021_fake_icon_1of2
春季节庆点数,Spring Festival Points,未标注,,领取春季节庆特殊活动奖励的必需品。,,,,assets/images/补给消耗品/春季节庆点数--d43abcdbef.png,原版图鉴,fake_pasha_points
每日消息,Daily News,未标注,,关于春季节庆的信息。,叠加上限：1,,当前档案有 102 条同名记录；可能来自不同场景、活动或难度，请比较基础属性。,assets/images/资源材料/每日消息--7938a65e56.png,原版图鉴,Info_mail_decayers_event_easter
钛板,Titan Sheet,未标注,,高度耐用的钛板。熟练的武器匠可将其加工成完美的武器或铠甲备用零件。,叠加上限：20,,在春季节庆奖励中。；当前档案有 4 条同名记录；可能来自不同场景、活动或难度，请比较基础属性。；相关工作台：森林野兽铠甲,assets/images/资源材料/钛板--21f4d791ad.png,原版图鉴,res_pasha_2021_blue_weapon_2
异象松木板,Aberrated Pine Blank,未标注,,来自尖叫森林的木头。有人可能为此付出了生命。,叠加上限：20,,在春季节庆奖励中。；当前档案有 2 条同名记录；可能来自不同场景、活动或难度，请比较基础属性。；相关工作台：森林野兽铠甲,assets/images/资源材料/异象松木板--2977dce641.png,原版图鉴,res_pasha_2021_blue_weapon_
聚合物复合材料,Composite Polymer,未标注,,用重型弦线加固的聚合物。它比钢更轻、更强，而且不导热也不导电。制作专家武器的必需品。,叠加上限：20,,在春季节庆奖励中。；在游荡者通行证的奖励中。；当前档案有 2 条同名记录；可能来自不同场景、活动或难度，请比较基础属性。；相关工作台：森林野兽铠甲,assets/images/资源材料/聚合物复合材料--6cb5a50956.png,原版图鉴,res_pasha_2021_blue_weapon_1
钳子箱,Pliers Kit,未标注,,用于重型材料的最佳工具。但即使最佳工具也可能不会长久。,叠加上限：20,,在春季节庆奖励中。；当前档案有 3 条同名记录；可能来自不同场景、活动或难度，请比较基础属性。；相关工作台：森林野兽铠甲,assets/images/资源材料/钳子箱--1855a59c9e.png,原版图鉴,res_pasha_2021_blue_weapon_6
一箱鱼子酱罐头,Box of Caviar Tins,未标注,,一个没有包装的箱子，里面有几十个罐头，是核战前的红鱼子酱，给匪徒的。,叠加上限：1,,,assets/images/资源材料/一箱鱼子酱罐头--ecd281b492.png,原版图鉴,quest_shuher_ikra
加密的匪徒提示,Coded Racketeers' Tip,未标注,,一张用匪徒黑话写的纸条。字迹似乎有些熟悉，但内容完全看不明白。尼克斯给其他匪徒的留言。,叠加上限：1,,当前档案有 2 条同名记录；可能来自不同场景、活动或难度，请比较基础属性。,assets/images/资源材料/加密的匪徒提示--d0dc4385ef.png,原版图鉴,quest_shuher_navodka_rasshifr
加密的尼克斯提示,Coded Nix's Note,未标注,,用匪徒黑话写成的简短字条。尼克斯把它留在了匪徒营地。也许里面有他下一步去哪里的信息。,叠加上限：1,,,assets/images/资源材料/加密的匪徒提示--d0dc4385ef.png,原版图鉴,quest_shuher_zapiska_1
兹纳门斯基的解码器。类型：方言,Znamensky's Decoder. Type: Dialect,未标注,,刻字：实验室样品。使用说明可参见题为“使用加尔科夫地区罪犯黑话的实用密码学”的文章。,,,,assets/images/资源材料/兹纳门斯基的解码器。类型：方言--5f523e3d95.png,原版图鉴,quest_shuher_dekoder_1
加密的匪徒提示,Coded Racketeers' Tip,未标注,,用匪徒黑话写成的字条。需要兹纳门斯基的解码器才能解读，里面应该有关于尼克斯藏身的地下室的信息。,叠加上限：1,,当前档案有 2 条同名记录；可能来自不同场景、活动或难度，请比较基础属性。,assets/images/资源材料/加密的匪徒提示--d0dc4385ef.png,原版图鉴,quest_shuher_navodka_rasshifr_2
汽车音响系统,Car Stereo System,未标注,,可使用的汽车音响系统。被烧毁的餐厅的匪徒要你找到这件物品，以换取他们的帮助。,叠加上限：1,,,assets/images/资源材料/汽车音响系统--8a40e73a89.png,原版图鉴,quest_shuher_magnitola
核炬士护肩,Nuclear Torch Shoulder Pad,未标注,,精英邪教士兵所穿圣铠甲的一部分。上面布满了荣耀盲者的格言。,叠加上限：20,,,assets/images/资源材料/核炬士护肩--1b8e8bcae1.png,原版图鉴,quest_shuher_naplechnik
弹链,Cartridge Belts,未标注,,"大容量弹链，装有二百发12毫米弹药，供要塞兵团的冲锋枪使用。

将弹链交给前哨的要塞兵团战士以完成派系任务。",叠加上限：20,,当前档案有 2 条同名记录；可能来自不同场景、活动或难度，请比较基础属性。,assets/images/资源材料/弹链--bc4028450c.png,原版图鉴,quest_shuher_navodka_rasshifr_3
尼克斯的手机,Nix's Phone,未标注,,一部屏幕碎裂的智能手机。包含一段视频。从拍摄角度来看，是手机放在尼克斯胸前口袋里的时候拍到的。日期：核战后约6个月。,叠加上限：1,,当前档案有 2 条同名记录；可能来自不同场景、活动或难度，请比较基础属性。,assets/images/其他物品/载有信息的冻结手机--77fc869848.png,原版图鉴,quest_shuher_mobila
破解的匪徒提示,Decoded Racketeers' Tip,未标注,,从匪徒黑话翻译过来的字条。包含有关尼克斯所去营地的信息。,叠加上限：1,,当前档案有 2 条同名记录；可能来自不同场景、活动或难度，请比较基础属性。,assets/images/资源材料/加密的匪徒提示--d0dc4385ef.png,原版图鉴,quest_shuher_zapiska_rash_1
破解的尼克斯提示,Decoded Nix's Note,未标注,,从匪徒黑话翻译过来的的简短字条。里面有尼克斯给帮派成员的留言。,叠加上限：1,,,assets/images/资源材料/加密的匪徒提示--d0dc4385ef.png,原版图鉴,quest_shuher_zapiska_rash_2
破解的匪徒提示,Decoded Racketeers' Tip,未标注,,从匪徒黑话翻译过来的字条。包含有关尼克斯藏身的地下室的信息。,叠加上限：1,,当前档案有 2 条同名记录；可能来自不同场景、活动或难度，请比较基础属性。,assets/images/资源材料/加密的匪徒提示--d0dc4385ef.png,原版图鉴,quest_shuher_zapiska_rash_3
赠与契约,Deed of gift,未标注,,纸张烧毁得很厉害，但还能看清一些字迹。,叠加上限：1,,,assets/images/其他物品/家长来信--8ff5169e26.png,原版图鉴,quest_zapiska_zaton_1
管理员给服务员的说明,Administrator note for waiter,未标注,,一张烧焦的纸，上面有菜单和笔记。,叠加上限：1,,,assets/images/其他物品/家长来信--8ff5169e26.png,原版图鉴,quest_zapiska_zaton_2
艺人记事,Entertainer's note,未标注,,在一张纸上列出的派对时间表。,叠加上限：1,,,assets/images/其他物品/家长来信--8ff5169e26.png,原版图鉴,quest_zapiska_zaton_3
录音带,Cassette recording,未标注,,一盒边缘融化了的磁带，标着：扎顿，妈妈。,叠加上限：1,,,assets/images/其他物品/战前录音--a930ebd544.png,原版图鉴,quest_zapiska_zaton_4
尼克斯的手机,Nix's Phone,未标注,,一部屏幕碎裂的智能手机。包含一段视频。从拍摄角度来看，是手机放在尼克斯胸前口袋里的时候拍到的。日期：核战后约6个月。,叠加上限：1,,当前档案有 2 条同名记录；可能来自不同场景、活动或难度，请比较基础属性。,assets/images/其他物品/载有信息的冻结手机--77fc869848.png,原版图鉴,quest_zapiska_zaton_5
战前香烟或烟草,Pre-war Cigarettes or Tobacco,未标注,,一种可以与商人交换的物品。,叠加上限：1,,,assets/images/资源材料/战前香烟或烟草--cc779500e0.png,原版图鉴,bank_res_fake_icon_smoke
战前啤酒或伏特加,Pre-war Beer or Vodka,未标注,,一种可以与商人交换的物品。,叠加上限：1,,,assets/images/资源材料/战前啤酒或伏特加--2838b99831.png,原版图鉴,bank_res_fake_icon_drinks
钱或珠宝,Bucks or Jewelry,未标注,,一种可以与商人交换的物品。,叠加上限：1,,,assets/images/资源材料/钱或珠宝--35f75003b5.png,原版图鉴,bank_res_fake_icon_money
狂腐士的狗牌,Decayers' Tags,未标注,,一种可以与商人交换的物品。,叠加上限：1,,,assets/images/资源材料/狂腐士的狗牌--de25482a73.png,原版图鉴,bank_res_fake_icon_tokens
狂腐士之锁,Decayers' Lock,未标注,,一把由狂腐士的神职人员祝福的安全锁，以保护核辉光的礼物不受不义之徒的侵害。,叠加上限：20,,在狂腐士货物中；相关工作台：暗区AK,assets/images/资源材料/狂腐士之锁--aae013217f.png,原版图鉴,res_stellaj_32
每日消息,Daily News,未标注,,狂腐士入侵活动：详细信息。,叠加上限：1,,当前档案有 102 条同名记录；可能来自不同场景、活动或难度，请比较基础属性。,assets/images/资源材料/每日消息--7938a65e56.png,原版图鉴,Info_mail_decayers_31_sprint
无人机电池,Drone Battery,未标注,,战斗无人机飞行所需的紧凑型锂聚合物电池。,叠加上限：20,,出现场景：双子设施；当前档案有 3 条同名记录；可能来自不同场景、活动或难度，请比较基础属性。,assets/images/资源材料/无人机电池--44318291b4.png,原版图鉴,res_activator_mechanic_3way
路线图片段,Route Map Fragment,未标注,,标明包含贵重战利品的旧地窖位置的路线图的一部分。,叠加上限：20,,出现场景：储料设施；当前档案有 3 条同名记录；可能来自不同场景、活动或难度，请比较基础属性。,assets/images/资源材料/路线图片段--19e834eaea.png,原版图鉴,res_activator_stalker_3way
无人机光学组件,Drone Optical Components,未标注,,用于防震相机的紧凑型镜头。 适用于升级无人机光学器件，使瞄准更容易。,叠加上限：20,,В наградах особого события «Прорыв из Темной Зоны».；相关工作台：萨梅迪巫师,assets/images/资源材料/能量块--4581a84736.png,原版图鉴,res_upgrade_NPC_mechanic_3way
Детали многофункционального КПК,Детали многофункционального КПК,未标注,,"Части корпуса, микросхемы и тумблеры КПК, в прошлом принадлежавшего опытному члену Вольного Братства. В маркировках можно различить только цифру 2.",叠加上限：20,,在暗区突破特殊活动的奖励中；相关工作台：萨梅迪巫师,assets/images/资源材料/能量块--4581a84736.png,原版图鉴,res_upgrade_NPC_stalker_3way
巫师钥匙,Houngan's Key,未标注,,这把钥匙是坟墓大师的杰作。它可以打开被遗忘的墓地里的巫师宝箱，里面肯定有贵重的东西。,耐久：1；叠加上限：5,,,assets/images/资源材料/巫师钥匙--06fedd8937.png,原版图鉴,key_from_chest_elit_coop
未识别的血腥神器,Unidentified Bloody Artifact,未标注,,"由仓库入侵活动中出现在领地上的吸血蛭掉落。
识别后可在要塞兵团招募员那里交易入侵点数。",叠加上限：10,,,assets/images/资源材料/未识别的血腥神器--ad70128466.png,原版图鉴,res_Unidentified_Bloody_artifact_invasion
血腥识别盘,Bloody Identification Disk,未标注,,在使用神器识别器时，识别血腥神器所需的光盘。可以在仓库入侵活动中出现在领地上的血腥食尸鬼那里找到。,叠加上限：20,,,assets/images/资源材料/血腥识别盘--be3c0ae5b2.png,原版图鉴,res_hdd_determinant_artifacts_bloody_hozmag_invasion
路线图片段,Route Map Fragment,未标注,,标明包含贵重战利品的旧地窖位置的路线图的一部分。,叠加上限：20,,当前档案有 3 条同名记录；可能来自不同场景、活动或难度，请比较基础属性。,assets/images/资源材料/路线图片段--19e834eaea.png,原版图鉴,res_activator_stalker_3way_fake_5
路线图片段,Route Map Fragment,未标注,,标明包含贵重战利品的旧地窖位置的路线图的一部分。,叠加上限：20,,当前档案有 3 条同名记录；可能来自不同场景、活动或难度，请比较基础属性。,assets/images/资源材料/路线图片段--19e834eaea.png,原版图鉴,res_activator_stalker_3way_fake_20
无人机电池,Drone Battery,未标注,,战斗无人机飞行所需的紧凑型锂聚合物电池。,叠加上限：20,,当前档案有 3 条同名记录；可能来自不同场景、活动或难度，请比较基础属性。,assets/images/资源材料/无人机电池--44318291b4.png,原版图鉴,res_activator_mechanic_3way_fake_5
无人机电池,Drone Battery,未标注,,战斗无人机飞行所需的紧凑型锂聚合物电池。,叠加上限：20,,当前档案有 3 条同名记录；可能来自不同场景、活动或难度，请比较基础属性。,assets/images/资源材料/无人机电池--44318291b4.png,原版图鉴,res_activator_mechanic_3way_fake_20
血腥种子,Bloody Seeds,未标注,,与仓库中的变异病源传播有关的神器。要塞兵团收集这些神器以供他们的科学家分析，希望阻止仓库入侵。,叠加上限：20,,当前档案有 2 条同名记录；可能来自不同场景、活动或难度，请比较基础属性。,assets/images/资源材料/血腥种子--b171b5d9cf.png,原版图鉴,res_Bloody_artifact_invasion
每日消息,Daily News,未标注,,暗区突破活动：详细信息。,叠加上限：1,,当前档案有 102 条同名记录；可能来自不同场景、活动或难度，请比较基础属性。,assets/images/资源材料/每日消息--7938a65e56.png,原版图鉴,Info_mail_3way_32_sprint
旧骨,Old Bones,未标注,,伏都教教徒相信，通过在仪式中使用旧骨，他们就可以探究萨梅迪男爵的来世。,叠加上限：20,,,assets/images/资源材料/旧骨--10ab617003.png,原版图鉴,res_bones_graves_quest
送葬者的损坏铠甲,Undertakers' Broken Armor,未标注,,护肩上的骨头已经裂开，只适合于举行仪式。,叠加上限：20,,,assets/images/资源材料/送葬者的损坏铠甲--2ed3edd3c3.png,原版图鉴,res_bones_armor_fragments_quest
屠夫的骨头,Butcher's Bone,未标注,,一块仍然炽热的胫骨。是人类的三倍大小，具有高放射性。,叠加上限：20,,,assets/images/资源材料/屠夫的骨头--bbf14882ca.png,原版图鉴,res_bones_butcher_quest
僵尸守卫的骨头,Dead Watchman's Bone,未标注,,肱骨上布满了青绿色的斑点，发出微弱的电磁辐射。,叠加上限：20,,,assets/images/资源材料/僵尸守卫的骨头--acaf8cb2fc.png,原版图鉴,res_dead_watchman_bone_quest
狱吏的骨头,Turnkey's Bone,未标注,,这个食尸鬼的肋骨上覆盖着嵌入骨头中的小型共生体。,叠加上限：20,,,assets/images/资源材料/狱吏的骨头--aa10243666.png,原版图鉴,res_jailkeeper_bone_quest
巫师的损坏铠甲,Houngan's Broken Armor,未标注,,曾属于送葬者巫师的骨制铠甲碎片。,叠加上限：20,,,assets/images/资源材料/巫师的损坏铠甲--eb93d28f59.png,原版图鉴,res_bones_armor_fragments_elite_quest
伏都教巫师项链,Bokor's Necklace,未标注,,侍奉死亡洛亚神的伏都教巫师在脖子上戴着由死去敌人的骨头制成的项链。,叠加上限：20,,,assets/images/资源材料/伏都教巫师项链--e4bec443d0.png,原版图鉴,res_bone_jewelry_quest
送葬者护身符,Undertakers' Amulet,未标注,,与草药和油混合的变异体骨头，是每个送葬者为自己制作的格里斯格里斯护身符的组成部分。,叠加上限：20,,,assets/images/资源材料/送葬者护身符--c5f37a43cd.png,原版图鉴,res_amulet_quest
送葬者钥匙,Undertakers' Key,未标注,,一把形状简单的钥匙，可以用来打开被遗忘的墓地里的送葬者盒子。,耐久：1；叠加上限：10,,,assets/images/资源材料/送葬者钥匙--2c81d02ca9.png,原版图鉴,key_from_chest_elit_coop_solo
血液强化器,Hemobooster,未标注,,使用神器识别器时，加速识别血腥神器的速度。可以在仓库入侵活动中出现在领地上的血腥食尸鬼那里找到。,叠加上限：20,,,assets/images/资源材料/血液强化器--f8c1d0c1e4.png,原版图鉴,res_catalyst_Bloody_artifact_invasion
食尸鬼祭坛板,Ghoul Altar Plate,未标注,,暴露在仓库异象影响下的钢板，可以抑制它的扩散。食尸鬼如何建造祭坛还是未知数，但你没有办法在自己的熔炉重现这种效果。,叠加上限：20,,在水泵站下方下水道的鼠王那里。,assets/images/资源材料/食尸鬼祭坛板--d6745a087d.png,原版图鉴,res_decor_altar_gul
共生结,Symbiont Knot,未标注,,仓库共生有机物的一块活体。它会释放变异能量并在接触食尸鬼装饰后将其激活。,叠加上限：20,,出现场景：被围困的房屋；当前档案有 3 条同名记录；可能来自不同场景、活动或难度，请比较基础属性。,assets/images/资源材料/共生结--ee26830d19.png,原版图鉴,res_activator_decors_altar_gul
每日消息,Daily News,未标注,,关于仓库入侵的详细信息。,叠加上限：1,,当前档案有 102 条同名记录；可能来自不同场景、活动或难度，请比较基础属性。,assets/images/资源材料/每日消息--7938a65e56.png,原版图鉴,Info_mail_event_khozmag_invasion
丹巴拉之血,Damballah's Blood,未标注,,伟大蛇彭特丹巴拉把他的血献给了我们，我们用它来使灵魂的收获永不停止——昂贡阿索格巫师。,叠加上限：20,,出现场景：储料设施入口；出现场景：暗区,assets/images/资源材料/丹巴拉之血--952ca44792.png,原版图鉴,res_flask_toxic
尖刺板,Spiked Plates,未标注,,在将板子用于铠甲制作之前，送葬者会进行一个仪式，在仪式上他们用各种焦尸的獠牙装饰它们。,叠加上限：20,,被遗忘的墓地,assets/images/资源材料/尖刺板--638388a5b8.png,原版图鉴,res_platten_thorn
毒蛇之心,Viper's Heart,未标注,,如果没有这件神器，就无法生产送葬者最好的酸性武器，所以它在最后的领地上受到高度重视。,叠加上限：20,,被遗忘的墓地,assets/images/资源材料/毒蛇之心--5d64910b47.png,原版图鉴,res_artefact_acid_skulls
送葬者工具,Undertakers' Tools,未标注,,这套工具中的大部分都是自制的，但其中也有一把扳手上有一个几乎看不出来的鸟头图案。,叠加上限：20,,被遗忘的墓地,assets/images/资源材料/送葬者工具--d53b4dd457.png,原版图鉴,res_tools_skulls
尚戈之路,Trail of Shango,未标注,,复活者认为，这些茎来自雷霆之灵的祝福，他被逐出了送葬者的万神殿。,叠加上限：20,,"森林野兽
的巢穴。；相关工作台：留名者",assets/images/资源材料/尚戈之路--0f2aefc0f1.png,原版图鉴,res_grass_anomaly
仪式油,Ritual Oil,未标注,,一个小型陶瓷容器，送葬者牧师将油装在里面，用于制作他们所侍奉的洛亚神祝福的软膏。,叠加上限：20,,出现场景：暗区,assets/images/资源材料/仪式油--10dd81a580.png,原版图鉴,res_oil
昂贡的指导,Ongun's Guidance,未标注,,铁匠的送葬者之书中的几页。没有这样的说明，你就无法彻底了解如何使用送葬者工作台。,叠加上限：40,,被遗忘的墓地,assets/images/资源材料/昂贡的指导--8f02d4bb2a.png,原版图鉴,res_blacksmith_records_skull
冲压装备,Equipment for the Press,未标注,,各种冲压附件，将金属压制成所需的形状。是制造铠甲和武器不可替代的装备部件。,叠加上限：20,,仓库商人,assets/images/资源材料/冲压装备--9d34924e21.png,原版图鉴,res_fasteners_bench_skull
酸滴,Acid Drop,未标注,,稀有的酸性神器，送葬者相信它能为任何物品注入洛亚的力量和祝福。,叠加上限：40,,尖叫森林,assets/images/资源材料/酸滴--2419e13be5.png,原版图鉴,res_artefact_bench_skull
金刚石锉刀文件,Diamond Broach File,未标注,,完美的武器需要精确且完美打磨的备用零件。你需要工具才能制作。,叠加上限：20,,在春季节庆奖励中。；当前档案有 3 条同名记录；可能来自不同场景、活动或难度，请比较基础属性。；相关工作台：森林野兽铠甲,assets/images/资源材料/金刚石锉刀文件--a8b5e9f9d3.png,原版图鉴,res_pasha_2021_blue_weapon_new
钛板,Titan Sheet,未标注,,高度耐用的钛板。熟练的武器匠可将其加工成完美的武器或铠甲备用零件。,叠加上限：20,,在春季节庆奖励中。；当前档案有 4 条同名记录；可能来自不同场景、活动或难度，请比较基础属性。；相关工作台：森林野兽铠甲,assets/images/资源材料/钛板--21f4d791ad.png,原版图鉴,res_pasha_2021_blue_weapon_2_new
异象松木板,Aberrated Pine Blank,未标注,,来自尖叫森林的木头。有人可能为此付出了生命。,叠加上限：20,,在春季节庆奖励中。；当前档案有 2 条同名记录；可能来自不同场景、活动或难度，请比较基础属性。；相关工作台：森林野兽铠甲,assets/images/资源材料/异象松木板--2977dce641.png,原版图鉴,res_pasha_2021_blue_weapon_3_new
聚合物复合材料,Composite Polymer,未标注,,用重型弦线加固的聚合物。它比钢更轻、更强，而且不导热也不导电。制作专家武器的必需品。,叠加上限：20,,在游荡者通行证的奖励中。；当前档案有 2 条同名记录；可能来自不同场景、活动或难度，请比较基础属性。,assets/images/资源材料/聚合物复合材料--6cb5a50956.png,原版图鉴,res_pasha_2021_blue_weapon_4_new
钳子箱,Pliers Kit,未标注,,用于重型材料的最佳工具。但即使最佳工具也可能不会长久。,叠加上限：20,,在春季节庆奖励中。；当前档案有 3 条同名记录；可能来自不同场景、活动或难度，请比较基础属性。；相关工作台：森林野兽铠甲,assets/images/资源材料/钳子箱--1855a59c9e.png,原版图鉴,res_pasha_2021_blue_weapon_5_new
共生结,Symbiont Knot,未标注,,仓库共生有机物的一块活体。它会释放变异能量并在接触食尸鬼装饰后将其激活。,叠加上限：20,,当前档案有 3 条同名记录；可能来自不同场景、活动或难度，请比较基础属性。,assets/images/资源材料/共生结--ee26830d19.png,原版图鉴,res_activator_decors_altar_gul_fake_5
共生结,Symbiont Knot,未标注,,仓库共生有机物的一块活体。它会释放变异能量并在接触食尸鬼装饰后将其激活。,叠加上限：20,,当前档案有 3 条同名记录；可能来自不同场景、活动或难度，请比较基础属性。,assets/images/资源材料/共生结--ee26830d19.png,原版图鉴,res_activator_decors_altar_gul_fake_20
黑帮暗影令牌,Triad Shadow Token,未标注,,与黑帮有特殊关系的标志。这些令牌可以换取黑帮大师的服务。,叠加上限：20,,当前档案有 3 条同名记录；可能来自不同场景、活动或难度，请比较基础属性。,assets/images/资源材料/黑帮暗影令牌--a63fde34f1.png,原版图鉴,res_activator_decoration_triad_npc
黑帮暗影令牌,Triad Shadow Token,未标注,,与黑帮有特殊关系的标志。这些令牌可以换取黑帮大师的服务。,叠加上限：20,,当前档案有 3 条同名记录；可能来自不同场景、活动或难度，请比较基础属性。,assets/images/资源材料/黑帮暗影令牌--a63fde34f1.png,原版图鉴,res_activator_decoration_triad_npc_fake_3
黑帮暗影令牌,Triad Shadow Token,未标注,,与黑帮有特殊关系的标志。这些令牌可以换取黑帮大师的服务。,叠加上限：20,,当前档案有 3 条同名记录；可能来自不同场景、活动或难度，请比较基础属性。,assets/images/资源材料/黑帮暗影令牌--a63fde34f1.png,原版图鉴,res_activator_decoration_triad_npc_fake_10
献给神灵的祭品,Offering to the Spirits,未标注,,用于祭祀洛亚神的仪式，送葬者用动物的血肉包裹在画有神圣图形的布上作为祭品。,叠加上限：20,,出现场景：暗区；当前档案有 3 条同名记录；可能来自不同场景、活动或难度，请比较基础属性。,assets/images/资源材料/献给神灵的祭品--954cdcefca.png,原版图鉴,res_activator_decors_altar_skull
竹纤维织物,Bamboo Fabric,未标注,,黑帮严格遵守传统，即使在小事上也是如此。没有竹纤维织物，你就无法与黑帮大师一起准备训练场。,叠加上限：20,,可在黑帮的回归期间的货物中找到。；当前档案有 2 条同名记录；可能来自不同场景、活动或难度，请比较基础属性。；相关工作台：钢锯片,assets/images/资源材料/竹纤维织物--ba4986e5fe.png,原版图鉴,res_Triada_32_75
三连击零件,Triple Strike Parts,未标注,,一种大口径多管武器的零件，用黑帮的秘密语言密封。,叠加上限：20,,你可在特殊主题活动期间收到这个。；当前档案有 2 条同名记录；可能来自不同场景、活动或难度，请比较基础属性。,assets/images/资源材料/三连击零件--b67edcdba7.png,原版图鉴,res_Triada_32_75_shutgun_ability
每日消息,Daily News,未标注,,有关黑帮的回归活动的详细信息。,叠加上限：1,,当前档案有 102 条同名记录；可能来自不同场景、活动或难度，请比较基础属性。,assets/images/资源材料/每日消息--7938a65e56.png,原版图鉴,Info_mail_event_triad_return_0521
春节盒子锁,Lunar Box Lock,未标注,,供黑帮最贵重的容器使用的防撬坚固锁。,叠加上限：20,,你可在特殊主题活动期间收到这个。；当前档案有 2 条同名记录；可能来自不同场景、活动或难度，请比较基础属性。,assets/images/资源材料/春节盒子锁--99e9c85f0b.png,原版图鉴,res_stellaj_32_75
冷冻模块的一部分,Part of Freezing Module,未标注,,坪瑟使用像这样的模块为武器添加神器改装。 这个部件用于在手枪上安装冰-9。,叠加上限：20,,可在坪瑟的商人 CHAP处找到。；相关工作台：黑帮箱子,assets/images/资源材料/冷冻模块的一部分--5de6ba548e.png,原版图鉴,res_weapon_unique_revolver_krio
伤害提升器,Damage Boosters,未标注,,暴风雪、发电机、溃疡和引火盒。,叠加上限：1,,当前档案有 4 条同名记录；可能来自不同场景、活动或难度，请比较基础属性。,assets/images/资源材料/伤害提升器--d9b80a8aa2.png,原版图鉴,bank_res_fake_icon_4of4_gadgets
蛇彭特标志,Sign of the Serpent,未标注,,加入伟大蛇彭特定居点的巫师的标志。丹巴拉牧师宁愿死也不愿意和他们的标志分开。,叠加上限：20,,,assets/images/资源材料/蛇彭特标志--d646fe1075.png,原版图鉴,quest_snake_sign
鹰队盒子锁,Hawks' Box Lock,未标注,,鹰队箱子的可靠保护，防止被盗。,叠加上限：20,,在挑战奖励中；当前档案有 2 条同名记录；可能来自不同场景、活动或难度，请比较基础属性。,assets/images/资源材料/鹰队盒子锁--cb9e398ffc.png,原版图鉴,res_stellaj_34_sprint
鹰队的装备配件,Hawks' Equipment Fittings,未标注,,独特的外国武器配件，曾由鹰队的战士使用。,叠加上限：20,,来自避难所的部落女猎手。；当前档案有 3 条同名记录；可能来自不同场景、活动或难度，请比较基础属性。；相关工作台：圣诞集市点数,assets/images/资源材料/鹰队的装备配件--f9439cea24.png,原版图鉴,res_july_4_common_34_sprint
贴纸和油漆,Stickers and Paint,未标注,,用于给予M16“自由”著名的节日外观。,叠加上限：20,,你可在特殊主题活动期间收到这个。；出现场景：被围困的房屋；出现场景：储料设施；当前档案有 3 条同名记录；可能来自不同场景、活动或难度，请比较基础属性。,assets/images/资源材料/贴纸和油漆--953a75f902.png,原版图鉴,res_july_4_m16_34_sprint
鹰队巴雷特M82零件,Hawks Barret M82 Parts,未标注,,专为.50口径步枪的沉重弹药而设计。,叠加上限：20,,仓库；当前档案有 3 条同名记录；可能来自不同场景、活动或难度，请比较基础属性。,assets/images/资源材料/鹰队巴雷特M82零件--a7f88ebfa7.png,原版图鉴,res_july_4_barett_34_sprint
和平制造者零件,Peacemaker Parts,未标注,,点45口径左轮手枪零件。状态良好。,叠加上限：20,,在挑战奖励中；当前档案有 3 条同名记录；可能来自不同场景、活动或难度，请比较基础属性。,assets/images/资源材料/和平制造者零件--cfd1510e21.png,原版图鉴,res_july_4_saa_34_spr
AMT Hardballer零件,AMT Hardballer Longslide Parts,未标注,,现代版著名柯尔特M1911的生产零件。,叠加上限：20,,你可在特殊主题活动期间收到这个。；出现场景：焦尸土地；出现场景：二极管设施；当前档案有 3 条同名记录；可能来自不同场景、活动或难度，请比较基础属性。；相关工作台：毛骨悚然急救箱,assets/images/资源材料/AMT Hardballer零件--26d7dfeaf9.png,原版图鉴,res_july_4_1911_34_spr
鹰队MP5零件,Hawks MP5 Parts,未标注,,传奇冲锋枪自动装弹器。,叠加上限：20,,在挑战奖励中；当前档案有 2 条同名记录；可能来自不同场景、活动或难度，请比较基础属性。,assets/images/资源材料/鹰队MP5零件--c03f7014e1.png,原版图鉴,res_july_4_mp5_34_spr
斯泰尔AUG零件,Steyr AUG Parts,未标注,,来自鹰队补给品的原装备用零件。,叠加上限：20,,在挑战奖励中；当前档案有 2 条同名记录；可能来自不同场景、活动或难度，请比较基础属性。,assets/images/资源材料/斯泰尔AUG零件--dda1bb771a.png,原版图鉴,res_july_4_aug_34_spr
AB战术步枪零件,AB Tactical Parts,未标注,,调整AW步枪枪托和后托所需的备用零件。,叠加上限：20,,仓库监狱；当前档案有 2 条同名记录；可能来自不同场景、活动或难度，请比较基础属性。,assets/images/资源材料/AB战术步枪零件--e9c019cc37.png,原版图鉴,res_july_4_AWP_34_spr
沙漠之鹰零件,Desert Eagle Parts,未标注,,工厂制造的备用零件，用于沙漠之鹰独特的气体系统。,叠加上限：20,,仓库监狱；当前档案有 2 条同名记录；可能来自不同场景、活动或难度，请比较基础属性。,assets/images/资源材料/沙漠之鹰零件--3dd5e35914.png,原版图鉴,res_july_4_DE_34_spr
烟花弹,Firework Charges,未标注,,足够的烟花弹，供你每天随意发射节日烟花。,叠加上限：20,,在挑战奖励中；当前档案有 3 条同名记录；可能来自不同场景、活动或难度，请比较基础属性。,assets/images/资源材料/烟花弹--c98ccd2813.png,原版图鉴,res_fireworks_indep_34_spr
丙烷,Propane,未标注,,你可以一直观看希望雕像的火，直到燃尽为止。,叠加上限：20,,在挑战奖励中；当前档案有 3 条同名记录；可能来自不同场景、活动或难度，请比较基础属性。,assets/images/资源材料/丙烷--9fd51c930f.png,原版图鉴,res_gas_indep_34_spr
警长星徽,Sheriff's Star,未标注,,可以别在衣服上的沉重金属星形徽章，据说它可以挡住子弹，但最好不要试验。,叠加上限：20,,当前档案有 3 条同名记录；可能来自不同场景、活动或难度，请比较基础属性。,assets/images/资源材料/警长星徽--dce7e982b7.png,原版图鉴,res_activator_decoration_sherif_npc
实物大小的标靶零件,Life-Size Target Parts,未标注,,由安装在弹簧上的坚韧钢板制成的目标，非常适合装备小型射击场，以便警长可以练习打靶。,叠加上限：20,,在挑战奖励中,assets/images/资源材料/实物大小的标靶零件--84b9236bf1.png,原版图鉴,res_sherif_34
警长星徽,Sheriff's Star,未标注,,可以别在衣服上的沉重金属星形徽章，据说它可以挡住子弹，但最好不要试验。,叠加上限：20,,当前档案有 3 条同名记录；可能来自不同场景、活动或难度，请比较基础属性。,assets/images/资源材料/警长星徽--dce7e982b7.png,原版图鉴,res_activator_decoration_sherif_npc_fake_3
警长星徽,Sheriff's Star,未标注,,可以别在衣服上的沉重金属星形徽章，据说它可以挡住子弹，但最好不要试验。,叠加上限：20,,当前档案有 3 条同名记录；可能来自不同场景、活动或难度，请比较基础属性。,assets/images/资源材料/警长星徽--dce7e982b7.png,原版图鉴,res_activator_decoration_sherif_npc_fake_10
每日消息,Daily News,未标注,,关于合作模式和被遗忘的墓地的详细信息。,叠加上限：1,,当前档案有 102 条同名记录；可能来自不同场景、活动或难度，请比较基础属性。,assets/images/资源材料/每日消息--7938a65e56.png,原版图鉴,Info_mail_event_coop_0621
伏都教药水,Voodoo Decoction,未标注,,一瓶气味浓烈的草药药水。很难相信它能提供任何有益的效果。,叠加上限：1,,,assets/images/资源材料/伏都教药水--8bf4cf0ce9.png,原版图鉴,res_vodoo_drink_quest
送葬者的火炬,Undertakers' Torch,未标注,,燃烧着永恒绿色火焰的火炬。即使在酸雨下也能点火。,叠加上限：20,,,assets/images/资源材料/送葬者的火炬--1a1a0f5a20.png,原版图鉴,res_graves_torch_quest
青苹果,Green Apple,未标注,,生长在被核战蹂躏的土地上的酸苹果。,叠加上限：20,,,assets/images/资源材料/青苹果--9ae42bd81b.png,原版图鉴,res_green_apple_quest
枯萎的花朵,Wilted Flowers,未标注,,这些花很早就开放并凋谢了。目前还不清楚是谁把它们摘下来，又是出于什么原因放在盒子里的。,叠加上限：20,,,assets/images/资源材料/枯萎的花朵--7a35a3b312.png,原版图鉴,res_flower_quest
等级5武器盒子,Arsenal Crate level 5,未标注,,升级武器的工具和消耗品。,叠加上限：20,,当前档案有 3 条同名记录；可能来自不同场景、活动或难度，请比较基础属性。,assets/images/资源材料/等级5武器盒子--c5a58e6d7b.png,原版图鉴,sharpening_of_weapons_blue8
纳米礼包,Nanite Bundle,未标注,,随机的纳米机器，可以暂时改造你的武器。,叠加上限：1,,,assets/images/资源材料/纳米礼包--c60a417e49.png,原版图鉴,bank_random_nanit_fake_icon
每日消息,Daily News,未标注,,有关清理领地活动和鹰队挑战的详情。,叠加上限：1,,当前档案有 102 条同名记录；可能来自不同场景、活动或难度，请比较基础属性。,assets/images/资源材料/每日消息--7938a65e56.png,原版图鉴,Info_mail_event_4jul_0721
墓地祭品,Graveyard Offering,未标注,,为洛亚神提供的仪式祭品。伏都教巫师“铸造者”用来观看过去的仪式的一部分。,叠加上限：20,,,assets/images/资源材料/墓地祭品--8ae146d6ac.png,原版图鉴,res_offering_quest
阿金博左轮手枪零件,Akimbo Revolvers Parts,未标注,,极其复杂地装配好的零件，用于刻有“阿金博”铭文的一套两把左轮手枪。,叠加上限：20,,来自避难所的部落女猎手。；相关工作台：圣诞集市点数,assets/images/资源材料/阿金博左轮手枪零件--8fb4427815.png,原版图鉴,res_july_4_DR_34_spr
突击队火箭筒零件,Commando Rocket Launcher Parts,未标注,,标有“FLASH”的大口径四管榴弹发射器的零件。,叠加上限：20,,来自避难所的部落女猎手。；相关工作台：圣诞集市点数,assets/images/资源材料/突击队火箭筒零件--a677af66c8.png,原版图鉴,res_july_4_comando_34_spr
平锅锤提钻零件,Hawks' Panhammer Parts,未标注,,核战前的犊牛式散弹枪枪机零件。领地上很少有枪械师见过这样的东西。,叠加上限：20,,在仓库入侵奖励中；当前档案有 2 条同名记录；可能来自不同场景、活动或难度，请比较基础属性。,assets/images/资源材料/沙漠之鹰零件--3dd5e35914.png,原版图鉴,res_july_4_Pancor Jackhammer_34_spr
火花塞,Sparklers,未标注,,庆祝节日的小烟花。可以方便地庆祝你最喜欢的游戏的周年纪念。,叠加上限：20,,当前档案有 4 条同名记录；可能来自不同场景、活动或难度，请比较基础属性。,assets/images/资源材料/火花塞--0b849682d3.png,原版图鉴,res_activator_decors_cake_dr_DOZ2021
献给神灵的祭品,Offering to the Spirits,未标注,,用于祭祀洛亚神的仪式，送葬者用动物的血肉包裹在画有神圣图形的布上作为祭品。,叠加上限：20,,当前档案有 3 条同名记录；可能来自不同场景、活动或难度，请比较基础属性。,assets/images/资源材料/献给神灵的祭品--954cdcefca.png,原版图鉴,res_activator_decors_altar_skull_1
加速,Acceleration,未标注,,加速能量可提高运动协调性，从而提高自动武器的准确性，并使你能够从更远的距离击中目标。,叠加上限：20,,你可在特殊主题活动期间收到这个。；出现场景：仓库；出现场景：坪瑟的避难所；当前档案有 2 条同名记录；可能来自不同场景、活动或难度，请比较基础属性。,assets/images/资源材料/加速--471769e0c5.png,原版图鉴,res_decoration_1_dr_doz_2
献给神灵的祭品,Offering to the Spirits,未标注,,用于祭祀洛亚神的仪式，送葬者用动物的血肉包裹在画有神圣图形的布上作为祭品。,叠加上限：20,,当前档案有 3 条同名记录；可能来自不同场景、活动或难度，请比较基础属性。,assets/images/资源材料/献给神灵的祭品--954cdcefca.png,原版图鉴,res_activator_decors_altar_skull_2
异象磁铁的线圈,Coil on Aberrated Magnet,未标注,,当正确聚焦时，这些线圈的异象力场会影响分子间的结合，缩小物体的物理尺寸。,叠加上限：20,,活动商人；相关工作台：6阶证章,assets/images/资源材料/异象磁铁的线圈--e0238e71e9.png,原版图鉴,res_weapon_1_dr_doz_2
变异松脂,Aberrated Pine Resin,未标注,,一种独特的材料，吸收了尖叫森林中树木的变异特性。,叠加上限：20,,出现场景：仓库；出现场景：坪瑟的避难所,assets/images/资源材料/变异松脂--c673c7fec1.png,原版图鉴,res_weapon_3_dr_doz_2
周年纪念币,Anniversary Coin,未标注,,"为纪念加尔科夫核电站的启用而发行的周年纪念币。可以在活动商人处兑换礼物和附身者的试炼点数。

可在从铁荒原到尖叫森林的活动货物中找到，或在异象区和被遗忘的墓地中找到[小队]。",叠加上限：100,,在活动货物、异象区或墓地中；当前档案有 2 条同名记录；可能来自不同场景、活动或难度，请比较基础属性。；相关工作台：获得,assets/images/资源材料/周年纪念币--573b435dba.png,原版图鉴,res_coin_hb
蛋糕棒棒糖,Cake Lollipop,未标注,,没有辐射的领地是不可想象的。所以代表避难所的蛋糕上要有一个这样的棒棒糖。,叠加上限：20,,活动商人；相关工作台：6阶证章,assets/images/资源材料/蛋糕棒棒糖--07b9118bd6.png,原版图鉴,res_decoration_cake_dr_doz_2021
黑帮钥匙,Triad Key,未标注,,用于在全局活动期间解锁黑帮货物。,,,当前档案有 5 条同名记录；可能来自不同场景、活动或难度，请比较基础属性。,assets/images/资源材料/黑帮钥匙--1e084c2f0f.png,原版图鉴,key_triada_event_trader_triad
每日消息,Daily News,未标注,,D.O.Z.周年纪念日和节日试炼详情。,叠加上限：1,,当前档案有 102 条同名记录；可能来自不同场景、活动或难度，请比较基础属性。,assets/images/资源材料/每日消息--7938a65e56.png,原版图鉴,Info_mail_event_dr_doz_2021
火花塞,Sparklers,未标注,,庆祝节日的小烟花。可以方便地庆祝你最喜欢的游戏的周年纪念。,叠加上限：20,,当前档案有 4 条同名记录；可能来自不同场景、活动或难度，请比较基础属性。,assets/images/资源材料/火花塞--0b849682d3.png,原版图鉴,res_activator_decors_cake_dr_DOZ2021_fake5
火花塞,Sparklers,未标注,,庆祝节日的小烟花。可以方便地庆祝你最喜欢的游戏的周年纪念。,叠加上限：20,,当前档案有 4 条同名记录；可能来自不同场景、活动或难度，请比较基础属性。,assets/images/资源材料/火花塞--0b849682d3.png,原版图鉴,res_activator_decors_cake_dr_DOZ2021_fake20
风琴定音管,Organ Stimmhorn,未标注,,狂腐士在开始演奏前总是用定音管来调音。,叠加上限：20,,在狂腐士货物中；相关工作台：暗区AK,assets/images/资源材料/风琴定音管--e90e05029a.png,原版图鉴,res_26_decayers_unique_npc
瓦斯管道,Gas Line,未标注,,狂腐士可以从所有的任何机器中把这些东西扯出来，而不大注意管道的直径。最重要的是把丙烷输送到邪教的神圣结构中的燃烧器里。,叠加上限：20,,在狂腐士货物中；相关工作台：暗区AK,assets/images/资源材料/瓦斯管道--c73f804b56.png,原版图鉴,res_26_decayers_unique_upgrade
每日消息,Daily News,未标注,,狂腐士入侵活动：详细信息。,叠加上限：1,,当前档案有 102 条同名记录；可能来自不同场景、活动或难度，请比较基础属性。,assets/images/资源材料/每日消息--7938a65e56.png,原版图鉴,Info_mail_decayers_35_sprint
狂腐士赞美诗乐谱,Decay Hymns Sheet Music,未标注,,只有用与之相配的乐器演奏的神圣狂腐士赞美诗，才能赐予祝福。,叠加上限：20,,出现场景：Старая остановка；出现场景：森林郊区,assets/images/资源材料/狂腐士赞美诗乐谱--3e3033dbb2.png,原版图鉴,res_activator_rasp_org
绝热材料,Thermal Insulation,未标注,,用它来覆盖特定容器的容器壁，防止里面的食物变质，即使在热浪中也是如此。,叠加上限：20,,在狂腐士货物中；相关工作台：暗区AK,assets/images/资源材料/绝热材料--24590b340d.png,原版图鉴,res_26_decayers_unique_food
银网,Silver Net,未标注,,如果不确保清洁和长期保存，就无法储存大量的水。,叠加上限：20,,在狂腐士货物中；相关工作台：暗区AK,assets/images/资源材料/银网--c193db140f.png,原版图鉴,res_26_decayers_unique_water
狂腐士赞美诗乐谱х3,Decay Hymns Sheet Music х3,未标注,,狂腐士风琴师的几页乐谱。,叠加上限：20,,,assets/images/资源材料/狂腐士赞美诗乐谱--3e3033dbb2.png,原版图鉴,res_activator_decoration_raspadnik_za_organom_npc_fake_3
狂腐士赞美诗乐谱х10,Decay Hymns Sheet Music х10,未标注,,狂腐士风琴师的一叠乐谱。,叠加上限：20,,,assets/images/资源材料/狂腐士赞美诗乐谱--3e3033dbb2.png,原版图鉴,res_activator_decoration_raspadnik_za_organom_npc_fake_10
寒冷武器,Frosty Weapon,未标注,,你可以得到一支北极SPAS-M、VSS Vintorez-M狙击步枪，或AKM，造成寒冷伤害。,叠加上限：1,,,assets/images/资源材料/寒冷武器--f34574c0d8.png,原版图鉴,bank_fake_icon_container_frost_weapon
每日消息,Daily News,未标注,,关于合作模式的详细信息。,叠加上限：1,,当前档案有 102 条同名记录；可能来自不同场景、活动或难度，请比较基础属性。,assets/images/资源材料/每日消息--7938a65e56.png,原版图鉴,Info_mail_green_coop_35_sprint
共生锁,Symbiotic Lock,未标注,,共生体细胞将普通的锁变成了可靠的保护装置，保护食尸鬼箱子里的战利品。,叠加上限：20,,你可在特殊主题活动期间收到这个。；相关工作台：送葬者蜡烛,assets/images/资源材料/共生锁--2f749a7eaa.png,原版图鉴,res_stellaj_36_sprint
仓库货架部件,Warehouse Rack Pieces,未标注,,一个仓库货架，曾经用来承载装满酒瓶的架子。,叠加上限：20,,你可在特殊主题活动期间收到这个。；相关工作台：送葬者蜡烛,assets/images/资源材料/仓库货架部件--97b897992f.png,原版图鉴,res_stellaj_45_slots_36_sprint
血色苔藓孢子,Bloody Moss Spores,未标注,,增加食尸鬼祭坛的共生附着物的生长，使其变异更活跃。,叠加上限：20,,在水泵站下方下水道的鼠王那里。,assets/images/资源材料/血色苔藓孢子--fe0ea2e873.png,原版图鉴,res_decor_altar_gul_lvl2
平锅锤提钻零件,Hawks' Panhammer Parts,未标注,,平锅锤自动散弹枪的生产零件。标签上写着“……制造”，前面的地名难以辨认。,叠加上限：20,,你可在特殊主题活动期间收到这个。；当前档案有 2 条同名记录；可能来自不同场景、活动或难度，请比较基础属性。；相关工作台：送葬者蜡烛,assets/images/资源材料/平锅锤提钻零件--183eee1cd0.png,原版图鉴,res_jackhammer
绿色的兄弟会臂章,Green Brotherhood Patch,未标注,,任何曾经与朋友并肩杀敌的人都会永远记得这个臂章所象征的东西。,叠加上限：20,,在绿色区与其他玩家一起击杀敌人。,assets/images/资源材料/绿色的兄弟会臂章--6df418b19d.png,原版图鉴,token_of_friend_green
黄色的兄弟会臂章,Yellow Brotherhood Patch,未标注,,任何曾经与朋友并肩杀敌的人都会永远记得这个臂章所象征的东西。,叠加上限：20,,在黄色区与其他玩家一起击杀的敌人。；相关工作台：铠甲盒子,assets/images/资源材料/黄色的兄弟会臂章--8c16687545.png,原版图鉴,token_of_friend_yellow
红色的兄弟会臂章,Red Brotherhood Patch,未标注,,任何曾经与朋友并肩杀敌的人都会永远记得这个臂章所象征的东西。,叠加上限：20,,你可以与你的小队一起在红色区找到这些。；相关工作台：武器盒子,assets/images/资源材料/红色的兄弟会臂章--6422c9c24e.png,原版图鉴,token_of_friend_red
每日消息,Daily News,未标注,,关于仓库入侵的详细信息。,叠加上限：1,,当前档案有 102 条同名记录；可能来自不同场景、活动或难度，请比较基础属性。,assets/images/资源材料/每日消息--7938a65e56.png,原版图鉴,Info_mail_event_khozmag_invasion36
神器武器,Artifact Weapon,未标注,,列表中的一种武器：SPAS-A眼镜蛇、格洛克-A冷冻枪、SVD-A”裁决”狙击步枪、地狱散弹枪。,叠加上限：1,,,assets/images/资源材料/神器武器--dde899ffc6.png,原版图鉴,bank_fake_icon_container_triad_weapon
火焰武器,Fire Weapon,未标注,,列表中的一种武器：地狱散弹枪、火焰步枪的审判、狂腐士圣殿战士的AKM。,叠加上限：1,,,assets/images/资源材料/火焰武器--f7b6d09e28.png,原版图鉴,bank_fake_icon_container_fire_weapon
贝雷塔-A“地狱”零件,"Berettas-A ""Inferno"" Parts",未标注,,贝雷塔-A“地狱”的主要元素，用于组装具备火焰伤害的双传奇手枪。,叠加上限：20,,在每日剧情任务奖励中。；相关工作台：3级刨床,assets/images/资源材料/贝雷塔-A“地狱”零件--0b3203eb22.png,原版图鉴,res_weapon_pyroberett
完美武器箱子,Perfect Arms Crate,未标注,,"修理完美武器的所需物品。
用于修理工作台的材料。",叠加上限：50,,出现场景：暗区；当前档案有 2 条同名记录；可能来自不同场景、活动或难度，请比较基础属性。,assets/images/资源材料/完美武器箱子--7846214481.png,原版图鉴,box_for_fix_weapon_blue_1
内窥镜电池,Borescope Battery,未标注,,从这种电池的外观来看，它不会工作很长时间。为了安全地操作内窥镜，你需要好几块这种电池。,叠加上限：20,,尖叫森林,assets/images/资源材料/内窥镜电池--fca090fee8.png,原版图鉴,boroscop_battery
每日消息,Daily News,未标注,,关于合作模式的详细信息。,叠加上限：1,,当前档案有 102 条同名记录；可能来自不同场景、活动或难度，请比较基础属性。,assets/images/资源材料/每日消息--7938a65e56.png,原版图鉴,Info_mail_yellow_coop_36_sprint
黑帮恶龙印章,Triad Black Dragons' Seal,未标注,,数百年来，它一直作为黑帮头目的身份象征。任何人只要带上这个印章，黑龙就不能拒绝。,叠加上限：20,,出现场景：暗区；当前档案有 3 条同名记录；可能来自不同场景、活动或难度，请比较基础属性。,assets/images/资源材料/黑帮恶龙印章--9d495dcc14.png,原版图鉴,res_activator_decoration_triad_npc_ninja
黑龙牌坊零件,Black Dragons' Arch Parts,未标注,,大牌坊的珠宝，几个世纪以来一直象征着黑龙一族的权力和他们在黑帮的地位。,叠加上限：20,,你可在特殊主题活动期间收到这个。；相关工作台：钢锯片,assets/images/资源材料/黑龙牌坊零件--96e9128b38.png,原版图鉴,res_triady_ninja
黑帮恶龙印章,Triad Black Dragons' Seal,未标注,,数百年来，它一直作为黑帮头目的身份象征。任何人只要带上这个印章，黑龙就不能拒绝。,叠加上限：20,,当前档案有 3 条同名记录；可能来自不同场景、活动或难度，请比较基础属性。,assets/images/资源材料/黑帮恶龙印章--9d495dcc14.png,原版图鉴,res_activator_decoration_ninja_npc_fake_3
黑帮恶龙印章,Triad Black Dragons' Seal,未标注,,数百年来，它一直作为黑帮头目的身份象征。任何人只要带上这个印章，黑龙就不能拒绝。,叠加上限：20,,当前档案有 3 条同名记录；可能来自不同场景、活动或难度，请比较基础属性。,assets/images/资源材料/黑帮恶龙印章--9d495dcc14.png,原版图鉴,res_activator_ninja_npc_fake_10
黑龙皮,Black Dragons' Hide,未标注,,即使研究所的科学家也无法确定黑龙用了什么化学反应物来制造他们铠甲的皮革。有一点是肯定的：在领地上找不到比这更强的材料了。,叠加上限：20,,黑帮头目的货物；相关工作台：塞西亚人的大箱子,assets/images/资源材料/黑龙皮--199e82e029.png,原版图鉴,res_Triada_37_armor_perfect_1
黑化钛,Blackened Titanium,未标注,,黑龙不会透露生产这种金属的技术，就连对其他的黑帮部落也一样。,叠加上限：20,,困难战斗模式下的金龙。,assets/images/资源材料/黑化钛--f8b18340f1.png,原版图鉴,res_Triada_37_armor_perfect_2
竹纤维织物,Bamboo Fabric,未标注,,黑帮严格遵守传统，即使在小事上也是如此。没有竹纤维织物，你就无法与黑帮大师一起准备训练场。,叠加上限：20,,黑帮头目的货物；当前档案有 2 条同名记录；可能来自不同场景、活动或难度，请比较基础属性。；相关工作台：塞西亚人的大箱子,assets/images/资源材料/竹纤维织物--ba4986e5fe.png,原版图鉴,res_Triada_37_1
三连击零件,Triple Strike Parts,未标注,,一种大口径多管武器的零件，用黑帮的秘密语言密封。,叠加上限：20,,困难战斗模式下的金龙。；当前档案有 2 条同名记录；可能来自不同场景、活动或难度，请比较基础属性。,assets/images/资源材料/三连击零件--b67edcdba7.png,原版图鉴,res_Triada_37_1_shutgun_ability
方舟软盘,Ark Floppy Disk,未标注,,带有方舟标志的旧软盘。你的PDA不具备从这种数据存储设备中读取数据的技术能力。,叠加上限：20,,,assets/images/资源材料/方舟软盘--cb4e48e2b7.png,原版图鉴,quest_ark_dicket_1
每日消息,Daily News,未标注,,有关黑帮的回归活动的详细信息。,叠加上限：1,,当前档案有 102 条同名记录；可能来自不同场景、活动或难度，请比较基础属性。,assets/images/资源材料/每日消息--7938a65e56.png,原版图鉴,Info_mail_triada_37_sprint
送葬者箱子零件,Undertakers' Crate Parts,未标注,,由昂贡的铁匠制作的耐酸零件，用于制作坟墓箱子。,叠加上限：20,,在万圣节剧情任务奖励中。,assets/images/资源材料/送葬者箱子零件--c11a7a6e75.png,原版图鉴,res_box_slot_45_37
通风格栅,Vent Grate,未标注,,用于清除存放酸性武器时可能积聚在兵工厂内的有毒烟雾。,叠加上限：20,,在万圣节挑战奖励中；出现场景：尖叫森林,assets/images/资源材料/通风格栅--5b5c9b4323.png,原版图鉴,res_box_weapon_37
圣台装饰,Credence Decorations,未标注,,装有伟大蛇彭特酸液的额外储罐，伪装成随身套件。,叠加上限：20,,在万圣节挑战奖励中,assets/images/资源材料/圣台装饰--ca56d20baa.png,原版图鉴,res_decoration_altar_lvl2_37
酸性压缩气体罐,Compressed Acid Gas Tank,未标注,,这些储罐被丹巴拉仆从用来储存和运输来自伏都教教徒主要避难所的坟墓中的有毒气体。,叠加上限：20,,在万圣节剧情任务奖励中。,assets/images/资源材料/酸性压缩气体罐--6683cac436.png,原版图鉴,res_decoration_acid_flask_37
化学反应剂,Chemical Reactants,未标注,,合成工厂实验室的剩余储备，在伟大蛇彭特的伏都教伏都教教徒起源的有毒废物墓中。瘟疫伏都教巫师需要它们来进行“尔兹莉崇拜仪式”的化学实验。,叠加上限：20,,被遗忘的墓地[合作]；当前档案有 3 条同名记录；可能来自不同场景、活动或难度，请比较基础属性。；相关工作台：挑战规则,assets/images/资源材料/化学反应剂--f284d98fdf.png,原版图鉴,res_activator_decors_hellouin
坟墓毒素样本,Samples of Tomb Toxins,未标注,,这些直接取自坟墓的独特毒素是二十年来非正常暴露和持续合成化学废物的成果。,叠加上限：20,,你可在特殊主题活动期间收到这个。,assets/images/资源材料/坟墓毒素样本--9283faa549.png,原版图鉴,res_decoration_doctor_37
伏都教巫师之锁,Bokor's Lock,未标注,,即使是腐蚀性最强的酸也无法损坏的坚固锁。送葬者用它们来给大箱遗物上锁。,叠加上限：20,,在万圣节挑战奖励中,assets/images/资源材料/伏都教巫师之锁--f27bdf268d.png,原版图鉴,res_box_slot_75_37
死亡之舞突击步枪零件,Dance of Death Assault Rifle Parts,未标注,,来自坟墓武器储藏室的备用零件，昂贡的铁匠们用它来组装自动武器。,叠加上限：20,,在万圣节挑战奖励中；出现场景：尖叫森林；出现场景：周年纪念商人的营地,assets/images/资源材料/死亡之舞突击步枪零件--abeb6fb823.png,原版图鉴,res_leg_avtomat_halloween
蛇彭特之眼十字弓零件,Serpent's Eyes Crossbow Parts,未标注,,为最凶猛和最熟练的萨梅迪武士准备的双十字弓零件。,叠加上限：20,,在万圣节剧情任务奖励中。；出现场景：周年纪念商人的营地,assets/images/资源材料/蛇彭特之眼十字弓零件--8382b59b0d.png,原版图鉴,res_double_arbalet_halloween
坟墓之语零件,Tomb Word parts,未标注,,送葬者成功地复刻了鹰队的技术，并在坟墓中建立了强力武器备用零件的生产。,叠加上限：20,,在万圣节挑战奖励中,assets/images/资源材料/坟墓之语零件--27ecf8bb27.png,原版图鉴,res_blue_raketnica_halloween
蛇彭特圣杯,Serpent's Chalice,未标注,,在丹巴拉面纱赋予力量和保护的仪式开始时，浓浓的酸性烟雾充满了这个圣杯。,叠加上限：20,,出现场景：储料设施入口；当前档案有 3 条同名记录；可能来自不同场景、活动或难度，请比较基础属性。,assets/images/资源材料/蛇彭特圣杯--95fa5fc01c.png,原版图鉴,res_activator_decoration_hellouin
蛇彭特圣杯,Serpent's Chalice,未标注,,在丹巴拉面纱赋予力量和保护的仪式开始时，浓浓的酸性烟雾充满了这个圣杯。,叠加上限：20,,当前档案有 3 条同名记录；可能来自不同场景、活动或难度，请比较基础属性。,assets/images/资源材料/蛇彭特圣杯--95fa5fc01c.png,原版图鉴,res_activator_decors_Kolba_fake_5
蛇彭特圣杯,Serpent's Chalice,未标注,,在丹巴拉面纱赋予力量和保护的仪式开始时，浓浓的酸性烟雾充满了这个圣杯。,叠加上限：20,,当前档案有 3 条同名记录；可能来自不同场景、活动或难度，请比较基础属性。,assets/images/资源材料/蛇彭特圣杯--95fa5fc01c.png,原版图鉴,res_activator_decors_Kolba_fake_20
化学反应剂,Chemical Reactants,未标注,,合成工厂实验室的剩余储备，在伟大蛇彭特的伏都教伏都教教徒起源的有毒废物墓中。瘟疫伏都教巫师需要它们来进行“尔兹莉崇拜仪式”的化学实验。,叠加上限：20,,当前档案有 3 条同名记录；可能来自不同场景、活动或难度，请比较基础属性。,assets/images/资源材料/化学反应剂--f284d98fdf.png,原版图鉴,res_activator_decoration_doctor_fake_3
化学反应剂,Chemical Reactants,未标注,,合成工厂实验室的剩余储备，在伟大蛇彭特的伏都教伏都教教徒起源的有毒废物墓中。瘟疫伏都教巫师需要它们来进行“尔兹莉崇拜仪式”的化学实验。,叠加上限：20,,当前档案有 3 条同名记录；可能来自不同场景、活动或难度，请比较基础属性。,assets/images/资源材料/化学反应剂--f284d98fdf.png,原版图鉴,res_activator_decoration_doctor_fake_10
瘟疫伏都教巫师之瓶,Plague Bokor's Bottle,未标注,,只要把这个瓶子里的东西倒进新娘营地的丹巴拉面纱里，瘟疫伏都教巫师就会在伟大蛇彭特的召唤下出现。,叠加上限：1,,当前档案有 2 条同名记录；可能来自不同场景、活动或难度，请比较基础属性。,assets/images/资源材料/瘟疫伏都教巫师之瓶--d0102663fb.png,原版图鉴,key_from_bossfight_token
瘟疫伏都教巫师之瓶,Plague Bokor's Bottle,未标注,,只要把这个瓶子里的东西倒进新娘营地的丹巴拉面纱里，瘟疫伏都教巫师就会在伟大蛇彭特的召唤下出现。,叠加上限：1,,当前档案有 2 条同名记录；可能来自不同场景、活动或难度，请比较基础属性。,assets/images/资源材料/瘟疫伏都教巫师之瓶--d0102663fb.png,原版图鉴,key_from_bossfight_doctor_helloween_2021
常见铠甲箱,Common Arms Crate,未标注,,修理或拆解常规武器的必需品。,叠加上限：50,,出现场景：焦尸土地；当前档案有 2 条同名记录；可能来自不同场景、活动或难度，请比较基础属性。,assets/images/资源材料/常见铠甲箱--6887dea469.png,原版图鉴,box_for_fix_weapon1_ico_repair
常见工具,Common Tools,未标注,,修理或拆解常规铠甲的必需品。,叠加上限：50,,出现场景：焦尸土地；当前档案有 2 条同名记录；可能来自不同场景、活动或难度，请比较基础属性。,assets/images/资源材料/常见工具--d3bcc8e006.png,原版图鉴,box_for_fix_armor1_ico_repair
罕见铠甲箱,Uncommon Arms Crate,未标注,,修理或拆解优质武器的必需品。,叠加上限：50,,出现场景：研究所的天线；当前档案有 2 条同名记录；可能来自不同场景、活动或难度，请比较基础属性。,assets/images/资源材料/等级1武器盒--37f3814895.png,原版图鉴,box_for_fix_weapon2_ico_repair
罕见物品,Uncommon Tools,未标注,,修理或拆解优质铠甲的必需品。,叠加上限：50,,出现场景：研究所的天线；当前档案有 2 条同名记录；可能来自不同场景、活动或难度，请比较基础属性。,assets/images/资源材料/等级1工具盒--ca30d832db.png,原版图鉴,box_for_fix_armor2_ico_repair
传奇铠甲箱,Legendary Arms Crate,未标注,,修理或拆解传奇武器的必需品。,叠加上限：50,,出现场景：储料设施；当前档案有 2 条同名记录；可能来自不同场景、活动或难度，请比较基础属性。,assets/images/资源材料/传奇铠甲箱--a7895237c7.png,原版图鉴,box_for_fix_weapon3_ico_repair
传奇工具,Legendary Tools,未标注,,用于修理传奇铠甲。,叠加上限：50,,出现场景：储料设施；当前档案有 2 条同名记录；可能来自不同场景、活动或难度，请比较基础属性。,assets/images/资源材料/传奇工具--913a1a3cfd.png,原版图鉴,box_for_fix_armor3_ico_repair
列表中的一件武器,One weapon from the list,未标注,,"斯泰尔AUG
沙漠之鹰
鹰队巴雷特M82",叠加上限：1,,当前档案有 8 条同名记录；可能来自不同场景、活动或难度，请比较基础属性。,assets/images/资源材料/列表中的一件武器--58a3a73de3.png,原版图鉴,bank_fake_icon_container_american_weapon
列表中的一件武器,One weapon from the list,未标注,,"蛇咬步枪
地狱散弹枪
冰龙狩弓",叠加上限：1,,当前档案有 8 条同名记录；可能来自不同场景、活动或难度，请比较基础属性。,assets/images/资源材料/列表中的一件武器--1db5be4439.png,原版图鉴,bank_fake_icon_container_triad2_weapon
列表中的一件武器,One weapon from the list,未标注,,"光辉狂腐士十字弓
牧师狂腐士AKM
燃烧冰雹",叠加上限：1,,当前档案有 8 条同名记录；可能来自不同场景、活动或难度，请比较基础属性。,assets/images/资源材料/列表中的一件武器--22772c7e12.png,原版图鉴,bank_fake_icon_container_decayers_weapon
列表中的一件武器,One weapon from the list,未标注,,"森林监督员的弓
森林姐妹的鞭子
森林战利品SKS",叠加上限：1,,当前档案有 8 条同名记录；可能来自不同场景、活动或难度，请比较基础属性。,assets/images/资源材料/列表中的一件武器--28c2d5145c.png,原版图鉴,bank_fake_icon_container_wood_weapon
列表中的一个小工具,One gadget from the list,未标注,,发电机、溃疡和引火盒。,叠加上限：1,,当前档案有 3 条同名记录；可能来自不同场景、活动或难度，请比较基础属性。,assets/images/资源材料/列表中的一个小工具--cc0ddc4539.png,原版图鉴,bank_fake_icon_container_gajets
列表中的一件武器,One weapon from the list,未标注,,"暗区AK
暗区Vintorez-M
暗区SPAS-M",叠加上限：1,,当前档案有 8 条同名记录；可能来自不同场景、活动或难度，请比较基础属性。,assets/images/资源材料/列表中的一件武器--e7f314a826.png,原版图鉴,bank_fake_icon_container_pvp_weapon
列表中的一件武器,One weapon from the list,未标注,,"血腥AK
南十字星步枪
撕裂散弹枪",叠加上限：1,,当前档案有 8 条同名记录；可能来自不同场景、活动或难度，请比较基础属性。,assets/images/资源材料/列表中的一件武器--321540ff9f.png,原版图鉴,bank_fake_icon_container_hgoul_weapon
列表中的一个纳米机器,One nanite from the list,未标注,,"热能纳米机器
酸性纳米机器
电力纳米机器",叠加上限：1,,当前档案有 3 条同名记录；可能来自不同场景、活动或难度，请比较基础属性。,assets/images/资源材料/列表中的一个纳米机器--19ac20bd56.png,原版图鉴,bank_fake_icon_container_nanit
列表中的一个背包,One backpack from the list,未标注,,"森林之子的背包
暗黑游荡者背包
灭绝者背包",叠加上限：1,,当前档案有 4 条同名记录；可能来自不同场景、活动或难度，请比较基础属性。,assets/images/资源材料/列表中的一个背包--ac140375ef.png,原版图鉴,bank_fake_icon_container_backpack
列表中的一个铠甲零件,One armor part from the list,未标注,,"净化之火头盔
森林野兽面具
黑帮暗影头盔",叠加上限：1,,当前档案有 5 条同名记录；可能来自不同场景、活动或难度，请比较基础属性。,assets/images/资源材料/列表中的一个铠甲零件--7cc117afe3.png,原版图鉴,bank_fake_icon_container_helmets
列表中的一件武器,One weapon from the list,未标注,,"毒性手榴弹
一批燃烧弹鸡尾酒
黑帮战刃",叠加上限：1,,当前档案有 8 条同名记录；可能来自不同场景、活动或难度，请比较基础属性。,assets/images/资源材料/列表中的一件武器--ec932cfc3f.png,原版图鉴,bank_fake_icon_container_bomb
列表中的一个铠甲零件,One armor part from the list,未标注,,"森林野兽铠甲
黑帮暗影铠甲
烈焰惩罚铠甲长袍",叠加上限：1,,当前档案有 5 条同名记录；可能来自不同场景、活动或难度，请比较基础属性。,assets/images/资源材料/列表中的一个铠甲零件--1645a21fbb.png,原版图鉴,bank_fake_icon_container_jacket
列表中的一个背包,One backpack from the list,未标注,,"黑帮恶龙背包
鹰队战术背包
核炬士背包",叠加上限：1,,当前档案有 4 条同名记录；可能来自不同场景、活动或难度，请比较基础属性。,assets/images/资源材料/列表中的一个背包--f5271f9f68.png,原版图鉴,bank_fake_icon_container_bp
列表中的一个铠甲零件,One armor part from the list,未标注,,"核炬士长袍
黑帮暗影背心
森林野兽背心",叠加上限：1,,当前档案有 5 条同名记录；可能来自不同场景、活动或难度，请比较基础属性。,assets/images/资源材料/列表中的一个铠甲零件--e307cb3711.png,原版图鉴,bank_fake_icon_container_shirts
列表中的一个铠甲零件,One armor part from the list,未标注,,"黑帮暗影裤子
森林野兽裤子
核炬士裤子",叠加上限：1,,当前档案有 5 条同名记录；可能来自不同场景、活动或难度，请比较基础属性。,assets/images/资源材料/列表中的一个铠甲零件--f879e5c3c1.png,原版图鉴,bank_fake_icon_container_pants
列表中的一个铠甲零件,One armor part from the list,未标注,,"核炬士靴子
黑帮暗影靴子
森林野兽靴子",叠加上限：1,,当前档案有 5 条同名记录；可能来自不同场景、活动或难度，请比较基础属性。,assets/images/资源材料/列表中的一个铠甲零件--ddd88f8775.png,原版图鉴,bank_fake_icon_container_boots
列表中的一个小工具,One gadget from the list,未标注,,"烧灼治疗器
火焰阻止器
刺激器",叠加上限：1,,当前档案有 3 条同名记录；可能来自不同场景、活动或难度，请比较基础属性。,assets/images/资源材料/列表中的一个小工具--bc8f4313a5.png,原版图鉴,bank_fake_icon_container_gaj
每日消息,Daily News,未标注,,有关万圣节活动的详细信息。,叠加上限：1,,当前档案有 102 条同名记录；可能来自不同场景、活动或难度，请比较基础属性。,assets/images/资源材料/每日消息--7938a65e56.png,原版图鉴,Info_mail_yellow_halloween_37_sprint
尔兹莉蘑菇,Erzulie Mushrooms,未标注,,来自山谷的最稀有的变异蘑菇，浸泡在酸中。用于瘟疫伏都教巫师药水。,叠加上限：20,,出现场景：暗区；出现场景：尖叫森林。野兽的巢穴；出现场景：附身者竞技场,assets/images/资源材料/尔兹莉蘑菇--e00b8f2533.png,原版图鉴,res_erzulie_mushrooms_37
完美武器箱子,Perfect Arms Crate,未标注,,完美武器箱子,叠加上限：50,,出现场景：暗区；当前档案有 2 条同名记录；可能来自不同场景、活动或难度，请比较基础属性。,assets/images/资源材料/完美武器箱子--7846214481.png,原版图鉴,box_for_fix_weapon4_ico_repair
鹰队AF-M零件,Hawks AF-M Parts,未标注,,莫顿上校亲自监管储藏室的库存。所以鹰队枪匠总是有足够的武器备用零件。,叠加上限：20,,来自避难所的部落女猎手。；相关工作台：圣诞集市点数,assets/images/资源材料/鹰队AF-M零件--37cbb1d312.png,原版图鉴,res_weapon_AR15
原型D6零件,Prototype D6 Parts,未标注,,组装D6实验性武器所需的电源、五金件和线圈。,叠加上限：20,,来自要塞前哨的少尉。；当前档案有 2 条同名记录；可能来自不同场景、活动或难度，请比较基础属性。；相关工作台：钻机压缩机,assets/images/资源材料/原型D6零件--3df122497e.png,原版图鉴,res_weapon_blue_gauss
干燥油,Drying Oil,未标注,,用于木材的快速干燥处理，可提供保护并防止真菌生长。,叠加上限：20,,来自避难所的部落女猎手。；当前档案有 2 条同名记录；可能来自不同场景、活动或难度，请比较基础属性。；相关工作台：圣诞集市点数,assets/images/资源材料/干燥油--c7f25663c3.png,原版图鉴,res_idushatnik
烹饪书,Cookbook,未标注,,只有部落里最好的厨师才能正确使用这本书。它包含数百种节日餐桌菜谱。,叠加上限：20,,来自游荡者营地的女商人。；当前档案有 3 条同名记录；可能来自不同场景、活动或难度，请比较基础属性。,assets/images/资源材料/烹饪书--a326b1b0c0.png,原版图鉴,res_activator_decoration_indeec_2021
豆子,Beans,未标注,,据最后的领地上的大多数农夫说，豆子是火鸡的最佳饲料。,叠加上限：20,,来自游荡者营地的女商人。；出现场景：Старая остановка,assets/images/资源材料/豆子--f8823879d6.png,原版图鉴,res_activator_decoration_indushatnik_2021
列表中的一个资源,One resource from the list,未标注,,"蜡烛
南瓜",叠加上限：1,,当前档案有 4 条同名记录；可能来自不同场景、活动或难度，请比较基础属性。,assets/images/资源材料/列表中的一个资源--d94f66d1f7.png,原版图鉴,bank_fake_icon_container_resourses_one_helloween
列表中的一个资源,One resource from the list,未标注,,"伏都教香薰
稻草人帽子
毛骨悚然液体
轨道链节",叠加上限：1,,当前档案有 4 条同名记录；可能来自不同场景、活动或难度，请比较基础属性。,assets/images/资源材料/列表中的一个资源--3fc3e5408b.png,原版图鉴,bank_fake_icon_container_resourses_two_helloween
朝圣者硬币,Pilgrim Coin,未标注,,一个装有这些硬币的地窖在核战前不久被发现。这些硬币曾经存放在加尔科夫历史博物馆。每年一次，它们可以用来交易宝贵的礼物。,,,在感恩节奖励中。；相关工作台：圣诞集市点数,assets/images/资源材料/朝圣者硬币--468c6c48ee.png,原版图鉴,token_thanksgiving_day_2021
笼子钥匙,Cage Key,未标注,,一把旧锁的钥匙。如果你不想让别人不小心把你锁在某个地方，比如家禽养殖场的笼子里，就应该把钥匙放在手边。,耐久：1；叠加上限：1,,当前档案有 3 条同名记录；可能来自不同场景、活动或难度，请比较基础属性。,assets/images/资源材料/地下室钥匙--4d6beeb99e.png,原版图鉴,key_event_thanksgiving_day
烹饪书,Cookbook,未标注,,只有部落里最好的厨师才能正确使用这本书。它包含数百种节日餐桌菜谱。,叠加上限：20,,当前档案有 3 条同名记录；可能来自不同场景、活动或难度，请比较基础属性。,assets/images/资源材料/烹饪书--a326b1b0c0.png,原版图鉴,res_activator_decors_indeec_table_fake_3
烹饪书,Cookbook,未标注,,只有部落里最好的厨师才能正确使用这本书。它包含数百种节日餐桌菜谱。,叠加上限：20,,当前档案有 3 条同名记录；可能来自不同场景、活动或难度，请比较基础属性。,assets/images/资源材料/烹饪书--a326b1b0c0.png,原版图鉴,res_activator_decors_indeec_table_fake_10
每日消息,Daily News,未标注,,有关感恩节活动的详细信息。,叠加上限：1,,当前档案有 102 条同名记录；可能来自不同场景、活动或难度，请比较基础属性。,assets/images/资源材料/每日消息--7938a65e56.png,原版图鉴,Info_mail_yellow_thanksgiving_day_38_sprint
方舟钥匙卡,Ark Key Card,未标注,,公务用途。会在方舟楼层中开始一个实验。,耐久：10；叠加上限：6,,,assets/images/资源材料/方舟钥匙卡--5960e7618b.png,原版图鉴,cellar_key_ark
复用钥匙卡,Re-access Key Card,未标注,,用于在方舟楼层中开始实验的钥匙。,耐久：10；叠加上限：6,,,assets/images/资源材料/复用钥匙卡--1b15baa6cf.png,原版图鉴,cellar_key_ark_reuse
装甲玻璃,Armored Glass,未标注,,多层抗冲击玻璃，能够承受各种机械载荷。,叠加上限：20,,来自新年营地的冬季特使。,assets/images/资源材料/装甲玻璃--311df62127.png,原版图鉴,res_sklad_broni
新年保险箱锁,New Year Safe Lock,未标注,,供你的新年保险箱使用的结实的锁。由一位未知艺术家亲手绘制。,叠加上限：20,,来自新年营地的冬季特使。,assets/images/资源材料/新年保险箱锁--fba4a9007c.png,原版图鉴,res_korobka_75_NewYear
杉树枝,Fir Branches,未标注,,杉树枝是传统的新年装饰品。不过这些树枝上的针叶似乎在动……,叠加上限：20,,来自新年营地的冬季特使。；当前档案有 3 条同名记录；可能来自不同场景、活动或难度，请比较基础属性。,assets/images/资源材料/杉树枝--cd9690f02d.png,原版图鉴,res_NewYear_elka
花环灯,Garland Lights,未标注,,战前的灯，可以用来装饰任何东西，甚至CHAP。,叠加上限：20,,来自新年营地的冬季特使。,assets/images/资源材料/节日花环--6000a40e46.png,原版图鉴,res_NewYear_Chap
针织袜子,Knitted Socks,未标注,,加尔科夫的居民经常在新年期间互相赠送这样的袜子，以便在节日庆祝活动中不至于冻坏脚。,叠加上限：20,,来自新年营地的冬季特使。,assets/images/资源材料/Носок для подарков--f6640da8cb.png,原版图鉴,res_NewYear_kamin
冬季客人的珠宝,Winter Guest's Jewelry,未标注,,为冬季客人来访而装饰避难所的重要小饰物。,叠加上限：20,,来自新年营地的冬季特使。,assets/images/资源材料/冬季客人的珠宝--9ac6dd2e2e.png,原版图鉴,res_NewYear_NPC_Elf
防弹尼龙,Bulletproof Nylon,未标注,,要塞兵团长期在其铠甲中使用第五代对位芳纶。,叠加上限：20,,在方舟的CHAP那里；当前档案有 2 条同名记录；可能来自不同场景、活动或难度，请比较基础属性。；相关工作台：蓝图部分,assets/images/资源材料/防弹尼龙--7fc15738c2.png,原版图鉴,res_NewYear_oplot_armor_full
钛合金,Titanium Alloy,未标注,,如果透露生产这种合金所用的技术信息，会被指控为叛国罪。,叠加上限：20,,在方舟的CHAP那里；相关工作台：蓝图部分,assets/images/资源材料/钛合金--b73c6fd957.png,原版图鉴,res_NewYear_oplot_armor_part
坪瑟冷冻喷射器零件,Pincer's Cryothrower Parts,未标注,,“……在这里插入电线，然后……哦，我不记得了，但谁在乎呢！你不需要它！气球、喷嘴、冰-9、冷却的杯子，嗝-嗝，混合加尔科夫伏特加与……” - 摘自坪瑟的音频说明。,叠加上限：20,,来自新年营地的冬季特使。,assets/images/资源材料/坪瑟冷冻喷射器零件--1c6da68e23.png,原版图鉴,res_NewYear_blue_criomet
新年树糖果,New Year Tree Candy,未标注,,无法食用，但挂在树上很好看。,叠加上限：20,,来自要塞前哨的少尉。；当前档案有 5 条同名记录；可能来自不同场景、活动或难度，请比较基础属性。；相关工作台：钻机压缩机,assets/images/资源材料/新年树糖果--837e19419c.png,原版图鉴,res_activator_decoration_npc_elf
激活器套装,Activators Set,未标注,,礼包中有全部装饰的激活器。,叠加上限：1,,当前档案有 5 条同名记录；可能来自不同场景、活动或难度，请比较基础属性。,assets/images/资源材料/激活器套装--646a51b596.png,原版图鉴,bank_fake_icon_aktivator_1_bf
激活器套装,Activators Set,未标注,,礼包中有全部装饰的激活器。,叠加上限：1,,当前档案有 5 条同名记录；可能来自不同场景、活动或难度，请比较基础属性。,assets/images/资源材料/激活器套装--0c554ce52f.png,原版图鉴,bank_fake_icon_aktivator_2_bf
激活器套装,Activators Set,未标注,,礼包中有全部装饰的激活器。,叠加上限：1,,当前档案有 5 条同名记录；可能来自不同场景、活动或难度，请比较基础属性。,assets/images/资源材料/激活器套装--95f60f61a8.png,原版图鉴,bank_fake_icon_aktivator_3_bf
激活器套装,Activators Set,未标注,,礼包中有全部装饰的激活器。,叠加上限：1,,当前档案有 5 条同名记录；可能来自不同场景、活动或难度，请比较基础属性。,assets/images/资源材料/激活器套装--efafa25695.png,原版图鉴,bank_fake_icon_aktivator_4_bf
激活器套装,Activators Set,未标注,,礼包中有全部装饰的激活器。,叠加上限：1,,当前档案有 5 条同名记录；可能来自不同场景、活动或难度，请比较基础属性。,assets/images/资源材料/激活器套装--a2ae02cb44.png,原版图鉴,bank_fake_icon_aktivator_5_bf
新年树糖果,New Year Tree Candy,未标注,,无法食用，但挂在树上很好看。,叠加上限：20,,当前档案有 5 条同名记录；可能来自不同场景、活动或难度，请比较基础属性。,assets/images/资源材料/新年树糖果--837e19419c.png,原版图鉴,res_activator_decoration_elf_npc_fake_3
新年树糖果,New Year Tree Candy,未标注,,无法食用，但挂在树上很好看。,叠加上限：20,,当前档案有 5 条同名记录；可能来自不同场景、活动或难度，请比较基础属性。,assets/images/资源材料/新年树糖果--837e19419c.png,原版图鉴,res_activator_decoration_elf_npc_fake_10
雪花球,Snow Globe,未标注,,战前的新年纪念品，使节日精神得以延续。,叠加上限：20,,当前档案有 2 条同名记录；可能来自不同场景、活动或难度，请比较基础属性。,assets/images/其他物品/雪花球--9483bc3d87.png,原版图鉴,res_activator_decoration_christmas_tree_fake_5
雪花球,Snow Globe,未标注,,战前的新年纪念品，使节日精神得以延续。,叠加上限：20,,当前档案有 2 条同名记录；可能来自不同场景、活动或难度，请比较基础属性。,assets/images/其他物品/雪花球--9483bc3d87.png,原版图鉴,res_activator_decoration_christmas_tree_fake_20
礼物袜,Gift Stocking,未标注,,在核战之前，这些袜子被挂在壁炉上，等待着新年礼物的到来。,叠加上限：20,,,assets/images/其他物品/礼物袜--06ba17436c.png,原版图鉴,res_activator_decoration_kamin
列表中的一个小工具,One gadget from the list,未标注,,"烧灼治疗器
火焰阻止器
刺激器",叠加上限：1,,当前档案有 3 条同名记录；可能来自不同场景、活动或难度，请比较基础属性。,assets/images/资源材料/列表中的一个小工具--bc8f4313a5.png,原版图鉴,bank_fake_icon_container_daryadi_olila_propan
新年装饰球,New Year Ball,未标注,,"核战前的新年装饰，可以用来换取贵重的战利品。
 
可在新年挑战中获得。获得的球数取决于你在本回合中的名次。",,,在新年挑战奖励中。,assets/images/资源材料/新年装饰球--7b8eab21d9.png,原版图鉴,token_simple_NY22
收藏家装饰球,Collector's Ball,未标注,,"限量版的装饰球，保存得非常好，
的确是每个收集者的梦想。

可在新年挑战中获得。获得的球数取决于你在本回合中的名次。",,,在新年挑战奖励中。,assets/images/资源材料/收藏家装饰球--d5507c9a27.png,原版图鉴,token_Elite_NY22
北极Vintorez-M,Arctic Vintorez-M,未标注,,传奇步枪的冬季改装之一。,叠加上限：1,,当前档案有 2 条同名记录；可能来自不同场景、活动或难度，请比较基础属性。,assets/images/资源材料/北极Vintorez-M--83b797cfc6.png,原版图鉴,bank_ny_res_fake_icon_container_vss2
每日消息,Daily News,未标注,,有关领地新年活动的详情。,叠加上限：1,,当前档案有 102 条同名记录；可能来自不同场景、活动或难度，请比较基础属性。,assets/images/资源材料/每日消息--7938a65e56.png,原版图鉴,Info_mail_new_year_38_sprint
北极AKM,Arctic AKM,未标注,,传奇突击步枪的冬季改装之一。,叠加上限：1,,当前档案有 2 条同名记录；可能来自不同场景、活动或难度，请比较基础属性。,assets/images/资源材料/北极AKM--2b984ed2fa.png,原版图鉴,bank_ny_res_fake_icon_container_akm2
北极SPAS-M,Arctic SPAS-M,未标注,,传奇散弹枪的冬季改装之一。,叠加上限：1,,当前档案有 2 条同名记录；可能来自不同场景、活动或难度，请比较基础属性。,assets/images/资源材料/北极SPAS-M--e145c4d078.png,原版图鉴,bank_ny_res_fake_icon_container_spas2
研究所验证器,Institute Verifier,未标注,,防止未经授权访问及启动研究所的三等或更高安全级别的模块和设备。,叠加上限：20,,在方舟的CHAP那里；当前档案有 3 条同名记录；可能来自不同场景、活动或难度，请比较基础属性。；相关工作台：蓝图部分,assets/images/资源材料/研究所验证器--795b7042d2.png,原版图鉴,res_activator_decoration_kovcheg
钢带,Steel Strip,未标注,,出自核战前夕从加尔科夫冶金厂运到研究所储存基地的最后一批。,叠加上限：20,,在方舟的CHAP那里；相关工作台：蓝图部分,assets/images/资源材料/钢带--be75509588.png,原版图鉴,res_shar_1
GT-20保险丝,GT-20 Fuse,未标注,,如果额定电流超过允许值，则会断开研究所设备中的保护电路。,叠加上限：20,,来自要塞前哨的少尉。；相关工作台：钻机压缩机,assets/images/资源材料/GT-20保险丝--4f3c43ded8.png,原版图鉴,res_shar_2
通风扇叶,Vent Blades,未标注,,来自方舟隔间里的强力通风系统部件。在各种恶劣环境中工作时，这东西至关重要。,叠加上限：20,,在方舟的CHAP那里；相关工作台：蓝图部分,assets/images/资源材料/通风扇叶--e437c3fd3a.png,原版图鉴,res_otsek_1
运动传感器,Motion Sensor,未标注,,小型警报器，会记录标本在隔间内的任何移动。,叠加上限：20,,来自要塞前哨的少尉。；相关工作台：钻机压缩机,assets/images/资源材料/运动传感器--7f1895c9fe.png,原版图鉴,res_otsek_2
新年礼物,New Year Gifts,未标注,,游荡者知道打破传统是坏兆头，所以总是提前准备好礼物。,叠加上限：20,,在领地上的萤火虫那里；当前档案有 3 条同名记录；可能来自不同场景、活动或难度，请比较基础属性。；相关工作台：电动步枪,assets/images/资源材料/新年礼物--591064a73b.png,原版图鉴,res_activator_decoration_tiger
研究所验证器,Institute Verifier,未标注,,防止未经授权访问及启动研究所的三等或更高安全级别的模块和设备。,叠加上限：20,,当前档案有 3 条同名记录；可能来自不同场景、活动或难度，请比较基础属性。,assets/images/资源材料/研究所验证器--795b7042d2.png,原版图鉴,res_activator_decoration_shar_fake_5
研究所验证器,Institute Verifier,未标注,,防止未经授权访问及启动研究所的三等或更高安全级别的模块和设备。,叠加上限：20,,当前档案有 3 条同名记录；可能来自不同场景、活动或难度，请比较基础属性。,assets/images/资源材料/研究所验证器--795b7042d2.png,原版图鉴,res_activator_decoration_shar_fake_20
虎眼,Tiger's Eye,未标注,,由于它的神器属性，这块廉价的石头已经成为自由游荡者兄弟会中人人梦寐以求的物品。,叠加上限：20,,来自新年营地的冬季特使。,assets/images/资源材料/虎眼--079ff634d3.png,原版图鉴,res_tiger_ny
未识别的方舟神器,Unidentified Ark Artifact,未标注,,研究所将新发现的神器放在这些箱子里，以便进一步鉴定和研究。,叠加上限：10,,,assets/images/资源材料/未识别的方舟神器--91fa41f006.png,原版图鉴,res_Unidentified_artefact_ark
方舟技术光盘,Ark Technodisk,未标注,,一次性使用的识别盘，包含方舟的科学家所研究的神器的信息。,叠加上限：20,,,assets/images/资源材料/方舟技术光盘--785d8767c7.png,原版图鉴,res_hdd_determinant_artifacts_ark
A-1设备零件,A-1 Device Parts,未标注,,组装错误可能会导致能量组件爆炸。爆炸时的感染半径：14.7米。请按照说明操作。,叠加上限：20,,在方舟的CHAP那里；相关工作台：蓝图部分,assets/images/资源材料/A-1设备零件--5f00d45f11.png,原版图鉴,res_pistol_kovcheg
TEN-1设备零件,TEN-1 Device Parts,未标注,,研究所最后几项发明之一的零件。惩教部将对未经授权获取这些零件的行为进行调查。,叠加上限：20,,在方舟的CHAP那里；相关工作台：蓝图部分,assets/images/资源材料/TEN-1设备零件--671ba8dde5.png,原版图鉴,res_shotgun_kovcheg
嵌入式锁的零件,Parts for Embedded Locks,未标注,,为了防止篡改，方舟加压容器上的锁只使用经过后勤部验证的部件。,叠加上限：20,,在方舟的CHAP那里；相关工作台：蓝图部分,assets/images/资源材料/嵌入式锁的零件--3d04fbc0ee.png,原版图鉴,res_box45_kovcheg
电磁辐射手榴弹零件,EMR Grenade Parts,未标注,,在里亚宾宁教授的监督下，在方舟实验设计实验室生产的手榴弹组装部件。,叠加上限：20,,在方舟的CHAP那里；相关工作台：蓝图部分,assets/images/资源材料/电磁辐射手榴弹零件--2dda238d95.png,原版图鉴,res_emp_kovcheg
方舟标签。危险1,Ark Tag. Danger 1,未标注,,方舟标本的区分标志。你成功完成实验的证明。,叠加上限：50,,出现场景：维修站,assets/images/资源材料/方舟标签。危险1--931828d1dc.png,原版图鉴,token_Kovcheg_boss_5-10
方舟标签。危险2,Ark Tag. Danger 2,未标注,,方舟标本的区分标志。你成功完成实验的证明。,叠加上限：50,,出现场景：要塞兵团前哨,assets/images/资源材料/方舟标签。危险2--6c289d54c9.png,原版图鉴,token_Kovcheg_boss_15-20
方舟标签。危险3,Ark Tag. Danger 3,未标注,,方舟标本的区分标志。你成功完成实验的证明。,叠加上限：50,,核焚化者与狂腐士风琴师,assets/images/资源材料/方舟标签。危险3--365d69a2e9.png,原版图鉴,token_Kovcheg_boss_25
方舟标签。危险4,Ark Tag. Danger 4,未标注,,方舟标本的区分标志。你成功完成实验的证明。,叠加上限：50,,[1818-方]标本,assets/images/资源材料/方舟标签。危险4--2db1ae4b74.png,原版图鉴,token_Kovcheg_boss_30
方舟标签。密级1,Ark Tag. Confidentiality 1,未标注,,在方舟的秘密设施中准备用于实验的标本都有这些标签。,叠加上限：50,,秘密方舟楼层,assets/images/资源材料/方舟标签。密级1--e8cda3dfd2.png,原版图鉴,token_Kovcheg_secret_5-10
方舟标签。密级2,Ark Tag. Confidentiality 2,未标注,,在方舟的秘密设施中准备用于实验的标本都有这些标签。,叠加上限：50,,秘密方舟楼层,assets/images/资源材料/方舟标签。密级2--99f3a644fa.png,原版图鉴,token_Kovcheg_secret_15-20
方舟标签。密级3,Ark Tag. Confidentiality 3,未标注,,在方舟的秘密设施中准备用于实验的标本都有这些标签。,叠加上限：50,,秘密方舟楼层,assets/images/资源材料/方舟标签。密级3--8be0866d59.png,原版图鉴,token_Kovcheg_secret_25
方舟标签。密级4,Ark Tag. Confidentiality 4,未标注,,在方舟的秘密设施中准备用于实验的标本都有这些标签。,叠加上限：50,,秘密方舟楼层,assets/images/资源材料/方舟标签。密级4--a941743603.png,原版图鉴,token_Kovcheg_secret_30
控制卡A,Control Card A,未标注,,研究所的高科技模块的备用组件。,叠加上限：20,,在方舟的CHAP那里；相关工作台：蓝图部分,assets/images/资源材料/控制卡A--6d51dd64ab.png,原版图鉴,res_repair_sistem_1
控制卡B,Control Card B,未标注,,研究所的高科技模块的备用组件。,叠加上限：20,,在方舟的CHAP那里；相关工作台：蓝图部分,assets/images/资源材料/控制卡B--0090dda8d2.png,原版图鉴,res_repair_sistem_2
控制卡C,Control Card C,未标注,,研究所的高科技模块的备用组件。,叠加上限：20,,在方舟的CHAP那里；相关工作台：蓝图部分,assets/images/资源材料/控制卡C--ffcbbad2d2.png,原版图鉴,res_repair_sistem_3
控制卡D,Control Card D,未标注,,研究所的高科技模块的备用组件。,叠加上限：20,,在方舟的CHAP那里；相关工作台：蓝图部分,assets/images/资源材料/控制卡D--5c5acbdbab.png,原版图鉴,res_repair_sistem_4
控制卡F,Control Card F,未标注,,研究所的高科技模块的备用组件。,叠加上限：20,,在方舟的CHAP那里；相关工作台：蓝图部分,assets/images/资源材料/控制卡F--78f3edfe55.png,原版图鉴,res_repair_sistem_5
新年礼物,New Year Gifts,未标注,,游荡者知道打破传统是坏兆头，所以总是提前准备好礼物。,叠加上限：20,,当前档案有 3 条同名记录；可能来自不同场景、活动或难度，请比较基础属性。,assets/images/资源材料/新年礼物--591064a73b.png,原版图鉴,res_activator_decoration_tiger_fake_5
新年礼物,New Year Gifts,未标注,,游荡者知道打破传统是坏兆头，所以总是提前准备好礼物。,叠加上限：20,,当前档案有 3 条同名记录；可能来自不同场景、活动或难度，请比较基础属性。,assets/images/资源材料/新年礼物--591064a73b.png,原版图鉴,res_activator_decoration_tiger_fake_20
每日消息,Daily News,未标注,,关于方舟设施的详细信息。,叠加上限：1,,当前档案有 102 条同名记录；可能来自不同场景、活动或难度，请比较基础属性。,assets/images/资源材料/每日消息--7938a65e56.png,原版图鉴,Info_mail_Kovcheg_38_sprint
神龙手枪零件,Parts of Shenlong Pistols,未标注,,这些手枪零件看起来很陈旧。那些低估黑帮武器实力的人会被粗暴地唤醒。,叠加上限：20,,,assets/images/资源材料/神龙手枪零件--949b2c30af.png,原版图鉴,res_pistol_triadi_1
黑帮印章,Triad Seal,未标注,,对于黑帮战士来说，没有什么比让印章落入外人手中更可耻的了。,叠加上限：20,,可在黑帮的回归期间的货物中找到。；相关工作台：钢锯片,assets/images/资源材料/黑帮印章--df01029c2c.png,原版图鉴,res_pistol_triadi_2
宝塔屋顶零件,Pagoda Roofing Parts,未标注,,黑帮以其秘密和保守而闻名。就连他们的宝塔装饰蓝图也是保密的，几个世纪以来都没有改变。,叠加上限：20,,出现场景：被烧毁的餐厅,assets/images/资源材料/宝塔屋顶零件--a5f20ff268.png,原版图鉴,res_decor_pagoda_1
黑帮工具,Triad Tools,未标注,,外人的手决不能接触神圣的宝塔。就连外来的工具也是严格禁止的。,叠加上限：20,,你可在特殊主题活动期间收到这个。；相关工作台：钢锯片,assets/images/资源材料/黑帮工具--912a2e8204.png,原版图鉴,res_decor_pagoda_2
血龙零件,Bloody Dragon Parts,未标注,,昔日的武器不仅掌握着它们以前主人的灵魂，而且还掌握着它们所杀死的敌人的灵魂。,叠加上限：20,,,assets/images/资源材料/血龙零件--8bc142f6fc.png,原版图鉴,res_snaiperka_triad_1
恶龙财富吊坠,Dragon's Wealth Pendant,未标注,,“……正如金龙部落几个世纪以来所做的那样，它将继续为了黑帮的利益，以巨龙的名义，保护和增加我们的财富。”,叠加上限：1,,,assets/images/资源材料/恶龙财富吊坠--d73e3122b9.png,原版图鉴,cny2022_quest_medallion
玛瑙突击步枪零件,Onyx Assault Rifle Parts,未标注,,部落成员可能一辈子都见不到彼此的脸，但他们可以准确地识别制作这种武器零件的大师的手。,叠加上限：20,,困难战斗模式下的金龙。,assets/images/资源材料/玛瑙突击步枪零件--b3f4900fe7.png,原版图鉴,res_blue_weapon_triad_1
恶龙拳刃零件,Dragon Katars Parts,未标注,,用于硬化这些刀剑的秘密技术在核战中失传了。不知道黑帮还有多少其他的稀有武器。,叠加上限：20,,困难战斗模式下的金龙。,assets/images/资源材料/恶龙拳刃零件--d75f71efe7.png,原版图鉴,res_blue_katari_triad_1
神龙威力戒指,Dragon Power Ring,未标注,,“……为了结束百年来的恩怨，三个部落的首领从共同推举出了一位大首领，也就是巨龙。他们把权力交给他，作为回报，他们得到了和平和繁荣的黑帮。”,叠加上限：1,,,assets/images/资源材料/神龙威力戒指--0bfade5dc8.png,原版图鉴,cny2022_quest_ring
龙王护身符,Long Wang Amulet,未标注,,“……巨龙始终处于漆黑部落战士的保卫之下。 这些保卫者随时准备献出自己的生命来保卫他，并用数百名敌人的鲜血证明了他们的忠诚。”,叠加上限：1,,,assets/images/资源材料/龙王护身符--7a2796d2e8.png,原版图鉴,cny2022_quest_charm
圣物箱,Relic Box,未标注,,“……齐集的圣物将指向有资格成为下一任巨龙的人，他会获得这一巨大的力量，也承担巨大的责任。”,叠加上限：1,,,assets/images/资源材料/圣物箱--348584dda2.png,原版图鉴,cny2022_quest_casket
战斗召唤铃铛,Battle Call Bell,未标注,,“……巨龙的一句话就可以派他们上战场，他们会非常乐于以他的名义而牺牲。所有赤红部落的成员都在等待这一战斗召唤。他们唯一的愿望就是在自己倒下之前打败敌人。”,叠加上限：1,,,assets/images/资源材料/战斗召唤铃铛--f6574a42bf.png,原版图鉴,cny2022_quest_bell
神龙不朽匕首,Dragon Immortality Dagger,未标注,,“……三个部落代表了匕首的三个面。正如只有一只手能握住匕首柄一样，黑帮也只能由巨龙统治。”,叠加上限：1,,,assets/images/资源材料/神龙不朽匕首--6b076ea312.png,原版图鉴,cny2022_quest_dagger
给金龙的留言,Message to Golden Dragon,未标注,,简短的字条，写着消息：“334835-13-39919003-4448-389393。我们在等待进一步指示，巨龙总领阁下。”,叠加上限：1,,,assets/images/其他物品/家长来信--8ff5169e26.png,原版图鉴,cny2022_quest_map
每日消息,Daily News,未标注,,有关黑帮的回归活动的详细信息。,叠加上限：1,,当前档案有 102 条同名记录；可能来自不同场景、活动或难度，请比较基础属性。,assets/images/资源材料/每日消息--7938a65e56.png,原版图鉴,Info_mail_kng_40_sprint
军队水瓶,Army Flask,未标注,,油漆在很多地方都剥落了，但你可以看出主人的名字，是在新兵营的时候刻在侧面的：伊戈尔。,,,,assets/images/资源材料/军队水瓶--8a10775503.png,原版图鉴,res_flask_quest
穿孔的臂章,Perforated Chevron,未标注,,这块标准的臂章在多处有穿孔，可能是用散弹枪打穿的。,,,,assets/images/资源材料/穿孔的臂章--a94a6a274b.png,原版图鉴,res_chevron_quest
要塞兵团野战装备包,Citadel Corps Field Kit,未标注,,一个野战营地包，有几处破损，里面有一些个人梳妆用品。补丁上有主人的名字：雷纳特。,,,,assets/images/资源材料/要塞兵团野战装备包--fcb44285a9.png,原版图鉴,res_hikingset_quest
LRS剑柄,LRS Sword Handle,未标注,,剑刃几乎完全从根部断裂，但剑柄没有损坏。,,,,assets/images/资源材料/LRS剑柄--fc4cc8c6d1.png,原版图鉴,res_brokensword_quest
压坏的头盔,Crumpled Helmet,未标注,,头盔上有很深的凹痕，护目镜上的装甲玻璃也碎了。某些类型的拉撒路智人可以造成这种损害。,,,,assets/images/资源材料/压坏的头盔--b7ffecb663.png,原版图鉴,res_helmet_quest
Intra-9突击步枪零件,Intra-9 Parts,未标注,,几乎不可能从鹰队的武器库中找到备用零件。你在领地上能找到的零件要么是缴获的，要么是偷来的。,叠加上限：20,,你可在特殊主题活动期间收到这个。；相关工作台：送葬者蜡烛,assets/images/资源材料/Intra-9突击步枪零件--1da180d684.png,原版图鉴,res_legendary_tec9_1
雷暴-A“黎明”零件,Thunderstorm-A Dawn Parts,未标注,,由于要塞兵团会为特定的目标定制武器，大多数型号都是限量生产的。像这样的零件非常稀有。,叠加上限：20,,你可在特殊主题活动期间收到这个。；相关工作台：送葬者蜡烛,assets/images/资源材料/雷暴-A“黎明”零件--179476034e.png,原版图鉴,res_legendary_flame_groza_1
火神十字弓零件,Hephaestus Crossbow Parts,未标注,,火神十字弓是海辛十字弓系列的最新产品，对组件的耐热性进行了微小的更改。,叠加上限：20,,你可在特殊主题活动期间收到这个。；相关工作台：送葬者蜡烛,assets/images/资源材料/火神十字弓零件--96b643047e.png,原版图鉴,res_legendary_flame_arbalet_1
燃烧判决左轮手枪零件,Burning Decree Revolver Parts,未标注,,这些在核战中幸存下来的左轮手枪零件已经被部分修复，并用神器进行了强化。握把上有要塞兵团的徽章，可留下终生的印记。,叠加上限：20,,你可在特殊主题活动期间收到这个。；相关工作台：送葬者蜡烛,assets/images/资源材料/燃烧判决左轮手枪零件--4a334695c0.png,原版图鉴,res_legendary_tekhnoRevolver_1
捕食者加特林机枪零件,Predator Gatling Gun Parts,未标注,,共生体已经成长为这些难以辨认的加特林机枪部件，与它们融合在一起。当有人接近时，它就把它们愤怒地组合在一起。,叠加上限：20,,在水泵站下方下水道的鼠王那里。,assets/images/资源材料/捕食者加特林机枪零件--5e02176bc9.png,原版图鉴,res_legendary_bloodGatling_1
血手榴弹零件,Hemogrenade Parts,未标注,,"“这个垃圾会吃掉自己的导火索，然后在它想爆炸的时候爆炸，该死。”
— 克里姆。",叠加上限：20,,你可在特殊主题活动期间收到这个。；相关工作台：送葬者蜡烛,assets/images/资源材料/血手榴弹零件--cfbd76ea6d.png,原版图鉴,res_legendary_GranataGuley_1
伽马射线高温计,Gamma-Ray Pyrometer,未标注,,用于非接触式温度测量的伸缩式热传感器。它可以检测变异物体的辐射通量的最微小变化。,叠加上限：20,,在水泵站下方下水道的鼠王那里。,assets/images/资源材料/伽马射线高温计--dba2ff4102.png,原版图鉴,res_legendary_hraniliseArtefactov
血色幼苗,Bloody Seedling,未标注,,仍然无法在野外将血色苔藓与周围的植物群杂交，但研究所的研究员已经取得了首个成功的实验室结果。,叠加上限：20,,在水泵站下方下水道的鼠王那里。,assets/images/资源材料/血色幼苗--1ba8d75dea.png,原版图鉴,res_legendary_for_tree_in_flask
LRS标牌,LRS Token,未标注,,金属标牌上刻有士兵在要塞兵团服役的个人信息和所属单位。,,,,assets/images/资源材料/幸存者令牌--ab41c3f84a.png,原版图鉴,res_dogtag_quest
液态锌,Liquid Zinc,未标注,,这种聚合物喷漆可以保护金属表面，即使最极端的磨损也没关系。它可以用于任何东西：武器、家具或共生生物玻璃容器的底座。,叠加上限：20,,你可在特殊主题活动期间收到这个。；相关工作台：送葬者蜡烛,assets/images/资源材料/液态锌--779d4670bb.png,原版图鉴,res_blueWeapon_and_decor
每日消息,Daily News,未标注,,一份紧急通知。信封上有要塞兵团征兵委员会的官方抬头，文字是用打字机打印的。,叠加上限：1,,当前档案有 102 条同名记录；可能来自不同场景、活动或难度，请比较基础属性。,assets/images/资源材料/每日消息--7938a65e56.png,原版图鉴,Info_mail_warehouse_41_sprint
卢卡的刀,Luka's Knife,未标注,,一把战前的笔刀。它很旧，但没有生锈，刀刃仍然很锋利。你可以看清刀柄上的雕刻：“不要放弃，爸爸。”,叠加上限：1,,,assets/images/其他物品/Перочинный нож--2eec41c90d.png,原版图鉴,lukas_stash_quest_knife
列表中的一件武器,One weapon from the list,未标注,,"死亡虫群散弹枪
死亡召唤步枪
蛇彭特 · 布莱德钉枪",叠加上限：1,,当前档案有 8 条同名记录；可能来自不同场景、活动或难度，请比较基础属性。,assets/images/资源材料/列表中的一件武器--7f36cd29b1.png,原版图鉴,bank_HM_undertakers_guns_2_fake_icon
克里姆套装,Klim's Bundle,未标注,,"克里姆铠甲套装
AKM-A“吸血鬼”自动步枪",叠加上限：1,,,assets/images/其他物品/最后的幸存者--02d77e0143.png,原版图鉴,bank_chest_HM_klim_bloodsucker
列表中的一个资源,One resource from the list,未标注,,"Intra-9突击步枪零件
雷暴-A“黎明”零件
火神十字弓零件",叠加上限：1,,当前档案有 4 条同名记录；可能来自不同场景、活动或难度，请比较基础属性。,assets/images/资源材料/列表中的一个资源--c7718af5dc.png,原版图鉴,bank_details_guns_fake_icon
工厂铅板,Lead Plates from the Plant,未标注,,制作枢机主教铠甲的仪式伴随着牧养羊群。有毒铅烟造成的化学中毒的影响被认为是一种净化自身罪孽的方式。,叠加上限：20,,在狂腐士货物中；相关工作台：暗区AK,assets/images/资源材料/工厂铅板--14c8e83e14.png,原版图鉴,res_unique_armor_KardinalSet
枢机主教长袍图样,Patterns for Cardinal's Robes,未标注,,“把这些草图藏起来，避免光和火。把它们锁在地穴深处。小心地保护它们，就好像我在那里看着你们一样。”——来自荣耀盲者的布道。,叠加上限：20,,来自红色区的狂腐士枢机主教,assets/images/资源材料/枢机主教长袍图样--b8b20d6ed5.png,原版图鉴,res_Overall_armor_KardinalSet
狂腐士的燃烧器,Decayers' Burner,未标注,,没有火，就不可能举行颂扬工厂的仪式。激活狂腐士邪教装饰的必需品。,叠加上限：20,,出现场景：森林郊区；出现场景：铁荒原；出现场景：匪徒营地；出现场景：Старая остановка；当前档案有 4 条同名记录；可能来自不同场景、活动或难度，请比较基础属性。,assets/images/资源材料/狂腐士的燃烧器--cb7859f34c.png,原版图鉴,res_activator_decors_decayers_Kletka
钨棒,Tungsten Rod,未标注,,邪教徒用钨来增加他们的神秘建筑所使用的合金的抗热性。甚至圣书的书页也涂有含钨的溶液加以保护。,叠加上限：20,,在狂腐士货物中；相关工作台：暗区AK,assets/images/资源材料/钨棒--3da191d35b.png,原版图鉴,res_unique_decor_Kletka
抗热格栅,Heatproof Grates,未标注,,用于焚化炉柱体的重型铸铁格栅将保护装置不受过热影响。,叠加上限：20,,在狂腐士货物中；相关工作台：暗区AK,assets/images/资源材料/抗热格栅--e5ade0c138.png,原版图鉴,res_unique_decor_grade_torch
联盟银币,Silver Union Coin,未标注,,做工粗制滥造，但白银质量上乘。可在领地防御挑战中获得。可以与兄弟会女商人交易。,,,在挑战奖励中；当前档案有 2 条同名记录；可能来自不同场景、活动或难度，请比较基础属性。,assets/images/资源材料/联盟银币--68903ab1a1.png,原版图鉴,token_simple_stok_lb
联盟金币,Gold Union Coin,未标注,,贸易联盟应急资金。用于特别交易。可在领地防御挑战中获得。可以与兄弟会女商人交易。,,,在挑战奖励中；当前档案有 2 条同名记录；可能来自不同场景、活动或难度，请比较基础属性。,assets/images/资源材料/联盟金币--9ed47bf1bb.png,原版图鉴,token_Elite_stok_lb
狂腐士熔炉零件,Decay Crucible Parts,未标注,,第一批火箭筒原型的剩余，是在核战后夺取要塞兵团地堡时取得的。过去的灰烬在零件上仍然清晰可见，蚀刻在了金属上。,叠加上限：20,,来自红色区的狂腐士枢机主教,assets/images/资源材料/狂腐士熔炉零件--5d81c0e28c.png,原版图鉴,res_legendary_granatomet_raspadnikov
最终忏悔枪零件,Last Confession Parts,未标注,,狂腐士枪匠早已掌握了为自己的目的使用战利品武器的方法。有用的零件是在焚化场的墙壁之内，在特别的控制下挑选的。,叠加上限：20,,在狂腐士货物中；相关工作台：暗区AK,assets/images/资源材料/最终忏悔枪零件--2bd4654c2d.png,原版图鉴,res_legendary_vintorez_raspadnikov
SVD-A冰霜零件,SVD-A Frost Parts,未标注,,“燃烧的寒冷与火不同，嗝！因为前者不会让我想起狂腐士。它让狂腐士想起我。”——坪瑟。,叠加上限：20,,,assets/images/资源材料/SVD-A冰霜零件--077abdeed1.png,原版图鉴,res_legendary_krio_SVD
玫瑰果根,Rosehip Root,未标注,,暴露在受辐射污染的土壤中，导致了许多显著的变化和更有效的发酵。,叠加上限：20,,出现场景：寂静树丛,assets/images/资源材料/玫瑰果根--1e3d4af3c9.png,原版图鉴,res_root_Shipovnika
坟墓探索枪零件,Tomb Discovery Parts,未标注,,几乎枯竭的武器储藏室中剩下的这些稀少的零件锈得很厉害。然而，由于结构简单，缺失的零件可以轻易临时凑合起来。,叠加上限：20,,来自红色区的狂腐士枢机主教,assets/images/资源材料/坟墓探索枪零件--dd56f3dc2b.png,原版图鉴,res_legendary_granatomet_raspadnikov_42
狂腐士臂套,Decay Wrist Cuffs,未标注,,“愿汝之手因惩罚而沉重，举过罪人的头顶。”——出自荣耀盲者的布道。,叠加上限：1,,,assets/images/资源材料/狂腐士臂套--64f02257ff.png,原版图鉴,decayers42spr_quest_bracelets
狂腐士铀电池,Decay Uranium Battery,未标注,,“工厂的这些神圣礼物为我们提供了腐朽的力量，超越了生命本身！而且加强我们对一切造物重生的信念！”——摘自荣耀盲者的布道。,叠加上限：1,,,assets/images/资源材料/狂腐士铀电池--c1dfddfce0.png,原版图鉴,decayers42spr_quest_powerunit
耐热软管,Heat-Resistant Hoses,未标注,,由玻璃纤维和人造硅制成的耐热软管。用混合有镍和钨的涂锌钢强化。,叠加上限：1,,,assets/images/资源材料/耐热软管--b277829ea0.png,原版图鉴,decayers42spr_quest_pipes
永恒礼仪零件,Eternal Liturgy Parts,未标注,,狂腐士群体彼此传递着这些烧红的机枪零件，因为受到烧伤、疼痛和痛苦而感到高兴。,叠加上限：20,,出现场景：尼克斯的地下室；出现场景：匪徒营地,assets/images/资源材料/永恒礼仪零件--94c4577960.png,原版图鉴,res_blue_Gatling
每日消息,Daily News,未标注,,狂腐士入侵活动：详细信息。,叠加上限：1,,当前档案有 102 条同名记录；可能来自不同场景、活动或难度，请比较基础属性。,assets/images/资源材料/每日消息--7938a65e56.png,原版图鉴,Info_mail_decayers_42_sprint
狂腐士装饰品的零件,Parts of Decayers' Decorations,未标注,,管风琴琴键、燃烧器喷嘴，或减气装置。,叠加上限：1,,当前档案有 2 条同名记录；可能来自不同场景、活动或难度，请比较基础属性。,assets/images/资源材料/狂腐士装饰品的零件--d75e082164.png,原版图鉴,bank_res_fake_icon_decayers_decor_resource_42
每日消息,Daily News,未标注,,暗区突破活动：详细信息。,叠加上限：1,,当前档案有 102 条同名记录；可能来自不同场景、活动或难度，请比较基础属性。,assets/images/资源材料/每日消息--7938a65e56.png,原版图鉴,Info_mail_3way_43_sprint
暗根,Dark Root,未标注,,从裂痕的另一侧提取的根部，其间生长着暗区晶体。这是种植D-8080“晶体树”标本的有机材料。,叠加上限：20,,,assets/images/资源材料/暗根--2967d5211e.png,原版图鉴,res_CristallTree
“幽灵”SCAR-H零件,"""Ghost"" SCAR-H Parts",未标注,,雇佣兵获得武器样本新零件的手段是保密的。突击步枪的组件涂有一层新的保护漆。,叠加上限：20,,在暗区突破奖励中,assets/images/资源材料/“幽灵”SCAR-H零件--eed8903389.png,原版图鉴,res_blue_scar
“西格玛-M” D-冲锋枪零件,"""Sygma-M"" D-SMG Parts",未标注,,也许鹰队向他们的雇佣兵成对地提供冲锋枪，因为他们有很多备用零件。,叠加上限：20,,在暗区突破奖励中,assets/images/资源材料/“西格玛-M” D-冲锋枪零件--e0e8a1be18.png,原版图鉴,res_parnie_pp_blue
暗物质外壳零件,D-Matter Shell Parts,未标注,,融合外壳是为了吸收晶体树的暗物质而设计的。它装满后会成为强大的弹药，并造成最大量的伤害。,叠加上限：20,,,assets/images/资源材料/暗物质外壳零件--f235cfe4d7.png,原版图鉴,res_activator_decors_cristallTree
兔子CHAP-M零件,Bunny CHAP-M Parts,未标注,,给这些零件上漆的是研究所的员工还是贸易联盟的中间人，这并不重要，重要的是没有他们，你就无法组装一个兔子CHAP-M。,叠加上限：20,,在春季节庆奖励中。；相关工作台：森林野兽铠甲,assets/images/资源材料/兔子CHAP-M零件--c7eba436c8.png,原版图鉴,res_CHAP_43s
列表中的一种零件,One kind of parts from the list,未标注,,"“西格玛-M”D-冲锋枪零件
“幽灵”SCAR-H零件",叠加上限：1,,,assets/images/资源材料/列表中的一种零件--141558a7a3.png,原版图鉴,bank_random_res_pp_scar_fake_icon
列表中的一个纳米机器,One nanite from the list,未标注,,"热能纳米机器
酸性纳米机器
冷冻纳米机器
电力纳米机器
毒性纳米机器",叠加上限：1,,当前档案有 3 条同名记录；可能来自不同场景、活动或难度，请比较基础属性。,assets/images/资源材料/纳米礼包--c60a417e49.png,原版图鉴,bank_random_nanit_1_6_fake_icon
机械兔,Mechanical Rabbit,未标注,,据说要塞兵团有一个老上校，自从核战之后就没有离开过他的办公室，只是不停地制造机械动物……,叠加上限：20,,,assets/images/资源材料/机械兔--5b8f7d6c9e.png,原版图鉴,res_activator_decor_NPCModule_(PASHA_43)
喷泉-E模块零件,Fountain-E Module Parts,未标注,,用于创建喷泉-E模块内部机制的金属轮辋。,叠加上限：20,,在春季节庆奖励中。；相关工作台：森林野兽铠甲,assets/images/资源材料/喷泉-E模块零件--32181ab035.png,原版图鉴,res_Phontan
复活节背囊零件,Easter Knapsack Parts,未标注,,材料的鲜艳色彩让人赏心悦目，并提醒幸存者春天即将到来。,叠加上限：20,,在春季节庆奖励中。；相关工作台：森林野兽铠甲,assets/images/资源材料/复活节背囊零件--598439e30c.png,原版图鉴,res_backpack_easter
吸湿剂,Moisture Absorbent,未标注,,保持仓库和密封容器内的正常湿度水平。,叠加上限：20,,在春季节庆奖励中。；当前档案有 2 条同名记录；可能来自不同场景、活动或难度，请比较基础属性。；相关工作台：森林野兽铠甲,assets/images/资源材料/吸湿剂--ed045a92ce.png,原版图鉴,res_grade_sklad_tree_n_metall
密钥编码器,Key-coder,未标注,,一个迷你设备，包含新黎明科学家创造的各种发明的所有激活码。,叠加上限：20,,,assets/images/资源材料/密钥编码器--0b3c08ce5e.png,原版图鉴,res_activator_decor_Phontan_(PASHA_43)
每日消息,Daily News,未标注,,关于春季节庆的信息。,叠加上限：1,,当前档案有 102 条同名记录；可能来自不同场景、活动或难度，请比较基础属性。,assets/images/资源材料/每日消息--7938a65e56.png,原版图鉴,Info_mail_Easter_43_sprint
你会得到清单上的所有物品,You'll get all the items from the list,未标注,,"热能纳米机器
酸性纳米机器
冷冻纳米机器
电力纳米机器
毒性纳米机器
血色纳米机器",叠加上限：1,,,assets/images/资源材料/纳米礼包--c60a417e49.png,原版图鉴,bank_all_nanit_fake_icon
1阶证章,1 Class Order,未标注,,核战前的战绩奖励，表彰在战斗中服役的功绩。,,,出现场景：Старая остановка,assets/images/资源材料/1阶证章--dc6800abc4.png,原版图鉴,res_Token_grade1
2阶证章,2 Class Order,未标注,,核战前的战绩奖励，表彰在战斗中服役的功绩。,,,出现场景：Старая остановка,assets/images/资源材料/2阶证章--b495afae75.png,原版图鉴,res_Token_grade2
3阶证章,3 Class Order,未标注,,核战前的战绩奖励，表彰在战斗中服役的功绩。,,,出现场景：Старая остановка,assets/images/资源材料/3阶证章--8ab8ea8669.png,原版图鉴,res_Token_grade3
4阶证章,4 Class Order,未标注,,核战前的战绩奖励，表彰在战斗中服役的功绩。,,,出现场景：Старая остановка,assets/images/资源材料/4阶证章--0a7afe5788.png,原版图鉴,res_Token_grade4
5阶证章,5 Class Order,未标注,,核战前的战绩奖励，表彰在战斗中服役的功绩。,,,出现场景：Старая остановка,assets/images/资源材料/5阶证章--79b628256f.png,原版图鉴,res_Token_grade5
6阶证章,6 Class Order,未标注,,核战前的战绩奖励，表彰在战斗中服役的功绩。,,,出现场景：Старая остановка,assets/images/资源材料/6阶证章--0f74a1c2c6.png,原版图鉴,res_Token_grade6
黎明牧师的图片,Picture of Vicar Dawn,未标注,,一张被遣散的盟友的旧照片。对替换他的人来说很有用。,,,出现场景：Старая остановка,assets/images/资源材料/黎明牧师的图片--b3e8064482.png,原版图鉴,res_Token_double_rasp
拉维奥夫人的图片,Picture of Madame Laveau,未标注,,一张被遣散的盟友的旧照片。对替换他的人来说很有用。,,,出现场景：Старая остановка,assets/images/资源材料/拉维奥夫人的图片--882bd4b5cb.png,原版图鉴,res_Token_double_mog
幽灵的图片,Picture of Ghost,未标注,,一张被遣散的盟友的旧照片。对替换他的人来说很有用。,,,出现场景：Старая остановка,assets/images/资源材料/幽灵的图片--88c368e098.png,原版图鉴,res_Token_double_snaip
罗曼诺夫上尉的图片,Picture of Captain Romanov,未标注,,一张被遣散的盟友的旧照片。对替换他的人来说很有用。,,,出现场景：Старая остановка,assets/images/资源材料/罗曼诺夫上尉的图片--d779973660.png,原版图鉴,res_Token_double_shturm
瑞秋·普玛的图片,Picture of Rachel Puma,未标注,,一张被遣散的盟友的旧照片。对替换他的人来说很有用。,,,出现场景：Старая остановка,assets/images/资源材料/瑞秋·普玛的图片--0feaaee20b.png,原版图鉴,res_Token_double_razv
阿福的图片,Picture of Alf,未标注,,一张被遣散的盟友的旧照片。对替换他的人来说很有用。,,,出现场景：Старая остановка,assets/images/资源材料/阿福的图片--0df0d2cd88.png,原版图鉴,res_Token_double_dog
烈日异象的图片,Picture of Blazing Sun Aberration,未标注,,一张被遣散的盟友的旧照片。对替换他的人来说很有用。,,,出现场景：Старая остановка,assets/images/资源材料/烈日异象的图片--3e42b96ef1.png,原版图鉴,res_Token_double_anom
野兽之子的图片,Picture of Child of the Beast,未标注,,一张被遣散的盟友的旧照片。对替换他的人来说很有用。,,,出现场景：Старая остановка,assets/images/资源材料/野兽之子的图片--124dc4d6c4.png,原版图鉴,res_Token_double_les_m
森林女巫玛拉的图片,Picture of Mara the Forest Witch,未标注,,一张被遣散的盟友的旧照片。对替换他的人来说很有用。,,,出现场景：Старая остановка,assets/images/资源材料/森林女巫玛拉的图片--64be5382ee.png,原版图鉴,res_Token_double_les_f
断头者的图片,Picture of Chop Head,未标注,,一张被遣散的盟友的旧照片。对替换他的人来说很有用。,,,出现场景：Старая остановка,assets/images/资源材料/断头者的图片--adbdbeb44a.png,原版图鉴,res_Token_double_jailer
安娜·帕夫洛娃博士的图片,Picture of Dr. Anna Pavlova,未标注,,一张被遣散的盟友的旧照片。对替换他的人来说很有用。,,,出现场景：Старая остановка,assets/images/资源材料/安娜·帕夫洛娃博士的图片--5a20f66ae7.png,原版图鉴,res_Token_double_med
开膛手的图片,Picture of Ripper,未标注,,一张被遣散的盟友的旧照片。对替换他的人来说很有用。,,,出现场景：Старая остановка,assets/images/资源材料/开膛手的图片--e3dc998a2c.png,原版图鉴,res_Token_double_sterv
研究所的情报,Institute's Intel,未标注,,包含研究所的一些航拍照片，其中带有有人居住和废弃定居点的信息。,叠加上限：20,,,assets/images/资源材料/研究所的情报--9ab6046b43.png,原版图鉴,res_exploring_booster
1级撬锁工具,Level 1 Lockpicks,未标注,,用于撬开锁的工具。,叠加上限：20,,可以生产出来。；相关工作台：残骸,assets/images/资源材料/1级撬锁工具--60ae2cdae7.png,原版图鉴,otmychka_expedit_1
2级撬锁工具,Level 2 Lockpicks,未标注,,用于撬开锁的工具。,叠加上限：20,,可以生产出来。；相关工作台：残骸,assets/images/资源材料/2级撬锁工具--a3350c2c07.png,原版图鉴,otmychka_expedit_2
4级撬锁工具,Level 4 Lockpicks,未标注,,用于撬开锁的工具。,叠加上限：20,,可以生产出来。；相关工作台：残骸,assets/images/资源材料/4级撬锁工具--b1d6de7fa8.png,原版图鉴,otmychka_expedit_3
基地G-2蓝图,Base G-2 Blueprints,未标注,,建立秘密研究所基地的计划已停止，但你仍可在领地上找到装备基地的计划，并将其用于自己的目的。,叠加上限：20,,在1、2和3级废弃避难所中。；当前档案有 2 条同名记录；可能来自不同场景、活动或难度，请比较基础属性。,assets/images/资源材料/基地G-2蓝图--84dfb9a97c.png,原版图鉴,res_upgrade_stanki_shtab_1_2
基地G-3蓝图,Base G-3 Blueprints,未标注,,建立秘密研究所基地的计划已停止，但你仍可在领地上找到装备基地的计划，并将其用于自己的目的。,叠加上限：20,,在2、3和4级废弃避难所中。；当前档案有 2 条同名记录；可能来自不同场景、活动或难度，请比较基础属性。,assets/images/资源材料/基地G-3蓝图--c911c27fcd.png,原版图鉴,res_upgrade_stanki_shtab_2_3
基地G-4蓝图,Base G-4 Blueprints,未标注,,建立秘密研究所基地的计划已停止，但你仍可在领地上找到装备基地的计划，并将其用于自己的目的。,叠加上限：20,,在3级和4级废弃避难所中。；当前档案有 2 条同名记录；可能来自不同场景、活动或难度，请比较基础属性。,assets/images/资源材料/基地G-4蓝图--cf81ca49de.png,原版图鉴,res_upgrade_stanki_shtab_3_4
天空雾霾,Sky Haze,未标注,,一种异常来源的物质，围绕着中心的封印。当触摸时，它会包裹着你的手指，使它们轻微刺痛。,叠加上限：20,,可以在废弃避难所的宝箱中找到。,assets/images/资源材料/天空雾霾--c6d8c19d69.png,原版图鉴,res_token_Expedition_Blue_Circle
天空方块,Sky Cube,未标注,,结晶形式的浓密雾霾。它在黑暗中也会发光，但出售这些矿物比用作照明更有利可图。,叠加上限：1,,可以在废弃避难所的宝箱中找到。,assets/images/资源材料/天空方块--e4436d3734.png,原版图鉴,res_token_Expedition_Blue_Square
日落雾霾,Sunset Haze,未标注,,一种来历不明的物质，围绕着中心的封印。当触摸时，它会包裹着你的手指，使它们轻微灼伤。,叠加上限：20,,可以在废弃避难所的宝箱中找到。,assets/images/资源材料/日落雾霾--fd35a8f8e8.png,原版图鉴,res_token_Expedition_Yellow_Circle
日落方块,Sunset Cube,未标注,,游荡者之间经常对这些晶体像什么矿物展开争论。然而，通常没有人质疑它们的价值。,叠加上限：1,,可以在废弃避难所的宝箱中找到。,assets/images/资源材料/日落方块--336d9be6da.png,原版图鉴,res_token_Expedition_Yellow_Square
G-2雷达模块,G-2 Radar Module,未标注,,领地上仍有足够多的这些模块，可以用合适的设备进行雷达侦察。,叠加上限：1,,"废弃避难所等级1, 2",assets/images/资源材料/G-2雷达模块--55f6717d5f.png,原版图鉴,res_upgrade_stanki_shtab_Table_Expedition_2
G-3雷达模块,G-3 Radar Module,未标注,,领地上仍有足够多的这些模块，可以用合适的设备进行雷达侦察。,叠加上限：1,,废弃避难所等级2,assets/images/资源材料/G-3雷达模块--4d2b87106e.png,原版图鉴,res_upgrade_stanki_shtab_Table_Expedition_3
G-4雷达模块,G-4 Radar Module,未标注,,领地上仍有足够多的这些模块，可以用合适的设备进行雷达侦察。,叠加上限：1,,废弃避难所等级3,assets/images/资源材料/G-4雷达模块--a9a46276fd.png,原版图鉴,res_upgrade_stanki_shtab_Table_Expedition_4
稀有调整礼包,Rare Tune-Up Bundle,未标注,,修理或拆解稀有盟友装备的必需品。,叠加上限：50,,出现场景：刽子手巢穴；出现场景：被烧毁的餐厅,assets/images/资源材料/稀有调整礼包--12a411d49b.png,原版图鉴,box_for_Soyousnik_Rare
独特调整礼包,Unique Tune-Up Bundle,未标注,,修理独特盟友装备的必需品。,叠加上限：50,,出现场景：刽子手巢穴；出现场景：被烧毁的餐厅,assets/images/资源材料/独特调整礼包--40798c0c7d.png,原版图鉴,box_for_Soyousnik_Unique
常规调整礼包,Regular Tune-Up Bundle,未标注,,修理或拆解常规盟友装备的必需品。,叠加上限：50,,出现场景：刽子手巢穴；出现场景：被烧毁的餐厅；当前档案有 2 条同名记录；可能来自不同场景、活动或难度，请比较基础属性。,assets/images/资源材料/常规调整礼包--7cdb42293d.png,原版图鉴,box_for_Soyousnik_Default
镜头-1面罩,Lens-1 Visor,未标注,,特性是在收到物品后随机确定的。,叠加上限：1,,,assets/images/防具装备/镜头-1A面罩--4ed8ee92e5.png,原版图鉴,bank_allies_fake_icon_1_1
刺激-1模块,Stimulus-1 Module,未标注,,特性是在收到物品后随机确定的。,叠加上限：1,,,assets/images/防具装备/刺激-1A模块--fe2aeab8b5.png,原版图鉴,bank_allies_fake_icon_1_2
骑士-1背心,Knight-1 Vest,未标注,,特性是在收到物品后随机确定的。,叠加上限：1,,,assets/images/防具装备/骑士-1A背心--be354245a3.png,原版图鉴,bank_allies_fake_icon_1_3
猎户座-1皮带,Orion-1 Belt,未标注,,特性是在收到物品后随机确定的。,叠加上限：1,,,assets/images/防具装备/猎户座-1A皮带--b7c9ac84c9.png,原版图鉴,bank_allies_fake_icon_1_4
镜头-2面罩,Lens-2 Visor,稀有,,特性是在收到物品后随机确定的。,叠加上限：1；品质：稀有,,,assets/images/防具装备/镜头-2A面罩--b2ac38b05a.png,原版图鉴,bank_allies_fake_icon_2_1
刺激-2模块,Stimulus-2 Module,稀有,,特性是在收到物品后随机确定的。,叠加上限：1；品质：稀有,,,assets/images/防具装备/刺激-2A模块--e9ac1c7f0d.png,原版图鉴,bank_allies_fake_icon_2_2
骑士-2背心,Knight-2 Vest,稀有,,特性是在收到物品后随机确定的。,叠加上限：1；品质：稀有,,,assets/images/防具装备/骑士-2A背心--0adc8d3198.png,原版图鉴,bank_allies_fake_icon_2_3
猎户座-2皮带,Orion-2 Belt,稀有,,特性是在收到物品后随机确定的。,叠加上限：1；品质：稀有,,,assets/images/防具装备/猎户座-2A皮带--5d3940e512.png,原版图鉴,bank_allies_fake_icon_2_4
镜头-3面罩,Lens-3 Visor,独特,,特性是在收到物品后随机确定的。,叠加上限：1；品质：独特,,,assets/images/防具装备/镜头-3A面罩--1224b6c40c.png,原版图鉴,bank_allies_fake_icon_3_1
刺激-3模块,Stimulus-3 Module,独特,,特性是在收到物品后随机确定的。,叠加上限：1；品质：独特,,,assets/images/防具装备/刺激-3A模块--ec89bb5927.png,原版图鉴,bank_allies_fake_icon_3_2
骑士-3背心,Knight-3 Vest,独特,,特性是在收到物品后随机确定的。,叠加上限：1；品质：独特,,,assets/images/防具装备/骑士-3A背心--b229404195.png,原版图鉴,bank_allies_fake_icon_3_3
猎户座-3皮带,Orion-3 Belt,独特,,特性是在收到物品后随机确定的。,叠加上限：1；品质：独特,,,assets/images/防具装备/猎户座-3A皮带--772b67ba35.png,原版图鉴,bank_allies_fake_icon_3_4
优质武器,High-quality Weapon,未标注,,投掷武器、爆炸性武器，以及最后的领地上的游荡者和小队的其他优质武器。,叠加上限：1,,当前档案有 3 条同名记录；可能来自不同场景、活动或难度，请比较基础属性。,assets/images/资源材料/优质武器--d480190309.png,原版图鉴,res_fake_exped_1
优质铠甲,High-quality Armor,未标注,,最后的领地上的游荡者和小队优质铠甲。,叠加上限：1,,当前档案有 2 条同名记录；可能来自不同场景、活动或难度，请比较基础属性。,assets/images/资源材料/优质铠甲--239a91e4b0.png,原版图鉴,res_fake_exped_2
优质修理箱子,High-quality Repair Crates,未标注,,修理优质铠甲和武器所需的一切。,叠加上限：1,,,assets/images/资源材料/优质修理箱子--4cd92e73b7.png,原版图鉴,res_fake_exped_3
实用的装备,Useful Gear,未标注,,投掷武器、兴奋剂，以及在最后的领地生存所需的其他物品。,叠加上限：1,,,assets/images/资源材料/实用的装备--1f948f74d5.png,原版图鉴,res_fake_exped_4
资源,Resources,未标注,,可用于修理工作台和制作物品。,叠加上限：1,,,assets/images/资源材料/资源--b4aa8f4789.png,原版图鉴,res_fake_exped_5
稀有资源,Rare Resources,未标注,,可用于修理工作台和制作物品。,叠加上限：1,,,assets/images/资源材料/稀有资源--c0bef695e8.png,原版图鉴,res_fake_exped_6
常规盟友装备,Regular Ally Gear,未标注,,用于盟友装备的改装：镜头-1面罩、刺激-1模块、骑士-1背心，以及猎户座-1皮带。,叠加上限：1,,,assets/images/资源材料/常规盟友装备--0e6a9ed65b.png,原版图鉴,res_fake_exped_7
神器和装备,Artifacts and Equipment,未标注,,用于强化和保护你的角色的神器装备。,叠加上限：1,,,assets/images/资源材料/神器和装备--e6169c655d.png,原版图鉴,res_fake_exped_8
稀有盟友装备,Rare Ally Gear,未标注,,用于稀有盟友装备的改装：镜头面罩、刺激模块、骑士背心，以及猎户座皮带。,叠加上限：1,,,assets/images/资源材料/稀有盟友装备--71df108204.png,原版图鉴,res_fake_exped_9
传奇武器,Legendary weapon,未标注,,游荡者和各种小队的传奇武器。,叠加上限：1,,当前档案有 2 条同名记录；可能来自不同场景、活动或难度，请比较基础属性。,assets/images/资源材料/传奇武器--b9596f8ce6.png,原版图鉴,res_fake_exped_10
传奇铠甲,Legendary armor,未标注,,最后的领地上的游荡者和小队传奇铠甲。,叠加上限：1,,当前档案有 2 条同名记录；可能来自不同场景、活动或难度，请比较基础属性。,assets/images/资源材料/传奇铠甲--800746b199.png,原版图鉴,res_fake_exped_11
独特盟友装备,Unique Ally Gear,未标注,,独特的镜头面罩、刺激模块、骑士背心，以及猎户座皮带。,叠加上限：1,,,assets/images/资源材料/独特盟友装备--b377bb0688.png,原版图鉴,res_fake_exped_12
传奇投掷武器,Legendary throwing weapons,未标注,,黑帮战刃、一批墓地燃烧弹鸡尾酒、毒性手榴弹，以及其他传奇投掷武器。,叠加上限：1,,,assets/images/资源材料/列表中的一件武器--ec932cfc3f.png,原版图鉴,res_fake_exped_13
传奇修理箱子,Legendary Repair Crates,未标注,,修理传奇物品所需的一切：武器箱和工具。,叠加上限：1,,,assets/images/资源材料/传奇修理箱子--f885b649ea.png,原版图鉴,res_fake_exped_14
原型D6零件,Prototype D6 Parts,未标注,,组装D6实验性武器所需的电源、五金件和线圈。,叠加上限：20,,当前档案有 2 条同名记录；可能来自不同场景、活动或难度，请比较基础属性。,assets/images/资源材料/原型D6零件--a2c6f39c39.png,原版图鉴,res_fake_weapon_blue_gauss
防弹尼龙,Bulletproof Nylon,未标注,,要塞兵团长期在其铠甲中使用第五代对位芳纶。,叠加上限：20,,当前档案有 2 条同名记录；可能来自不同场景、活动或难度，请比较基础属性。,assets/images/资源材料/防弹尼龙--54a9c4786f.png,原版图鉴,res_fake_armor_res
基地G-2蓝图,Base G-2 Blueprints,未标注,,建立秘密研究所基地的计划已停止，但你仍可在领地上找到装备基地的计划，并将其用于自己的目的。,叠加上限：20,,当前档案有 2 条同名记录；可能来自不同场景、活动或难度，请比较基础属性。,assets/images/资源材料/基地G-2蓝图--78fc06e5c0.png,原版图鉴,res_fake_upgrade_stanki_shtab_1_2
基地G-3蓝图,Base G-3 Blueprints,未标注,,建立秘密研究所基地的计划已停止，但你仍可在领地上找到装备基地的计划，并将其用于自己的目的。,叠加上限：20,,当前档案有 2 条同名记录；可能来自不同场景、活动或难度，请比较基础属性。,assets/images/资源材料/基地G-3蓝图--7420eb699a.png,原版图鉴,res_fake_upgrade_stanki_shtab_2_3
基地G-4蓝图,Base G-4 Blueprints,未标注,,建立秘密研究所基地的计划已停止，但你仍可在领地上找到装备基地的计划，并将其用于自己的目的。,叠加上限：20,,当前档案有 2 条同名记录；可能来自不同场景、活动或难度，请比较基础属性。,assets/images/资源材料/基地G-4蓝图--14aacaa0ea.png,原版图鉴,res_fake_upgrade_stanki_shtab_3_4
常规调整礼包,Regular Tune-Up Bundle,未标注,,修理或拆解常规盟友装备的必需品。,叠加上限：50,,出现场景：刽子手巢穴；出现场景：被烧毁的餐厅；当前档案有 2 条同名记录；可能来自不同场景、活动或难度，请比较基础属性。,assets/images/资源材料/常规调整礼包--7cdb42293d.png,原版图鉴,box_for_fix_Souysnik_ico_repair
每日消息,Daily News,未标注,,有关盟友的详细信息。,叠加上限：1,,当前档案有 102 条同名记录；可能来自不同场景、活动或难度，请比较基础属性。,assets/images/资源材料/每日消息--7938a65e56.png,原版图鉴,Info_mail_allies_44
安妮·史密斯的图片,Picture of Annie Smith,未标注,,一张被遣散的盟友的旧照片。对替换他的人来说很有用。,,,出现场景：Старая остановка,assets/images/资源材料/安妮·史密斯的图片--95e40be57a.png,原版图鉴,res_Token_double_cowboy
鹰队臂章,Hawks' Chevron,未标注,,鹰队将这些臂章授予在战斗行动中帮助他们的人。可以与兄弟会女商人交易。,,,在挑战奖励中；当前档案有 2 条同名记录；可能来自不同场景、活动或难度，请比较基础属性。,assets/images/资源材料/鹰队臂章--746db907d7.png,原版图鉴,token_simple_lb_4_july
鹰队奖牌,Hawks' Medal,未标注,,特殊单位徽章。这个奖励象征着鹰队的感激之情。可以与兄弟会女商人交易。,,,在挑战奖励中；当前档案有 2 条同名记录；可能来自不同场景、活动或难度，请比较基础属性。,assets/images/资源材料/鹰队奖牌--67401c639b.png,原版图鉴,token_Elite_lb_4_july
鹰队AF爱国者零件,Hawks AF Patriot Parts,未标注,,鹰队枪匠为荣誉武器的零件涂上了油彩。这让他们想起了在核战前离开的家园。,叠加上限：20,,在挑战奖励中,assets/images/资源材料/鹰队AF爱国者零件--829475b5ab.png,原版图鉴,res_ar15_american
鹰队M107黑色零件,Hawks M107 Black Parts,未标注,,使用轻质高科技合金制造的大口径步枪的零件。,叠加上限：20,,在挑战奖励中,assets/images/资源材料/鹰队M107黑色零件--0e954b4f99.png,原版图鉴,res_black_barret
刘易斯·麦克莱恩零件,Lewis McLean parts,未标注,,大口径机枪的笨重零件。目前还不清楚是鹰队把它们带到这里的，还是它们早就存放在旧储藏室里。,叠加上限：20,,在挑战奖励中,assets/images/资源材料/刘易斯·麦克莱恩零件--95c4505521.png,原版图鉴,res_lewis_gun
鹰队EM零件,Hawks EM Parts,未标注,,突击步枪的零件。定制产品，达到珠宝商的精度。,叠加上限：20,,在挑战奖励中,assets/images/资源材料/鹰队EM零件--f518d0abb1.png,原版图鉴,res_em2
扫描仪-追踪器,Scanner-Tracker,未标注,,由研究所开发的设备。它会追踪你的身体表现指标，记录音频和视频，并将数据传输到鹰队的共享数据库。,叠加上限：1,,,assets/images/资源材料/扫描仪-追踪器--db0b57702c.png,原版图鉴,Quest_radio_leaderbord_45_sprint
黄蜂复合弓零件,Wasp Compound Bow Parts,未标注,,由轻质、高耐用性、低导电性的合金制成的弓身和聚合物弓弦，用于制作黄蜂复合弓。,叠加上限：20,,在挑战奖励中,assets/images/资源材料/黄蜂复合弓零件--1463999913.png,原版图鉴,res_bow_rembo
每日消息,Daily News,未标注,,关于钢鹰行动的详细信息,叠加上限：1,,当前档案有 102 条同名记录；可能来自不同场景、活动或难度，请比较基础属性。,assets/images/资源材料/每日消息--7938a65e56.png,原版图鉴,Info_mail_4_july_45
列表中的一个纳米机器,One nanite from the list,未标注,,"热能纳米机器
酸性纳米机器
冷冻纳米机器
电力纳米机器
血色纳米机器",叠加上限：1,,当前档案有 3 条同名记录；可能来自不同场景、活动或难度，请比较基础属性。,assets/images/资源材料/纳米礼包--c60a417e49.png,原版图鉴,bank_random_nanit_1_5_fake_icon
鹰队工程师背包零件,Hawks' Engineer Backpack parts,未标注,,金属框架元素和现场设备调整礼包，用于制作鹰队工程师背包。,叠加上限：20,,在挑战奖励中,assets/images/资源材料/鹰队工程师背包零件--3218849d10.png,原版图鉴,res_Bag_20slot_45_sprint
暗黑游荡者的图片,Picture of Black Strider,未标注,,一张被遣散的盟友的旧照片。对替换他的人来说很有用。,,,出现场景：Старая остановка,assets/images/资源材料/暗黑游荡者的图片--dfcede05b8.png,原版图鉴,res_Token_double_BS
每日消息,Daily News,未标注,,关于D.O.Z.周年纪念的详细信息,叠加上限：1,,当前档案有 102 条同名记录；可能来自不同场景、活动或难度，请比较基础属性。,assets/images/资源材料/每日消息--7938a65e56.png,原版图鉴,Info_mail_event_dr_doz_2022
列表中的一个资源,One resource from the list,未标注,,"和平制造者零件
鹰队MP5零件
斯泰尔AUG零件
鹰队EM零件
鹰队M107黑色零件",叠加上限：1,,当前档案有 4 条同名记录；可能来自不同场景、活动或难度，请比较基础属性。,assets/images/资源材料/列表中的一个资源--ef41f9ea9a.png,原版图鉴,bank_random_craft_res_4july_fake_icon
天青液滴,Azure Drop,未标注,,天青石的这种非活性形式并不治疗伤口，但它确实有一种温和的、赋予力量的光芒。,叠加上限：20,,活动商人；相关工作台：6阶证章,assets/images/资源材料/天青液滴--0e704abb7b.png,原版图鉴,res_doz2022_decor
级联-5设备零件,Cascade-5 Device Parts,未标注,,如果你愿意，你可以用这些零件建造一个小型发电厂，但造武器是更好的选择。,叠加上限：20,,活动商人；相关工作台：6阶证章,assets/images/资源材料/级联-5设备零件--b6ac0d664d.png,原版图鉴,res_blue_Lighting_gun
C96-A黑豹毛瑟枪零件,C96-A Panther Mausers parts,未标注,,最好不要问这些毛瑟枪的零件是怎么来、从哪来的。而且最好不要让它们被要塞兵团军官看到。,叠加上限：20,,活动商人；相关工作台：6阶证章,assets/images/资源材料/C96-A黑豹毛瑟枪零件--ce8996b5e8.png,原版图鉴,res_blue_double_mausers
专家武器箱子,Specialist's Arms Crate,未标注,,,叠加上限：50,,出现场景：荒凉山谷；出现场景：被围困的房屋；当前档案有 2 条同名记录；可能来自不同场景、活动或难度，请比较基础属性。,assets/images/资源材料/专家武器箱子--e07638e21f.png,原版图鉴,box_for_fix_weapon_purple_ico_repair
专家武器箱子,Specialist's Arms Crate,未标注,,用于修理专家武器。,叠加上限：50,,出现场景：荒凉山谷；出现场景：被围困的房屋；当前档案有 2 条同名记录；可能来自不同场景、活动或难度，请比较基础属性。,assets/images/资源材料/专家武器箱子--e07638e21f.png,原版图鉴,box_for_fix_weapon_purple_1
铸造铠甲板,Cast Armor Plates,未标注,,许多游荡者很想用这些东西来装点他们的铠甲，但生产全套铠甲需要大量的工作。,叠加上限：20,,活动商人；相关工作台：6阶证章,assets/images/资源材料/铸造铠甲板--9e3a668840.png,原版图鉴,res_blue_4b_plastini
神器粉末,Artifact Powder,未标注,,这种来自稀有神器的精细沉淀物对光线的吸收非常好，感觉就像你手中拿着一片虚无。,叠加上限：20,,活动商人；相关工作台：6阶证章,assets/images/资源材料/神器粉末--c0c14f6ded.png,原版图鉴,res_blue_4b_poroshok
传奇调整礼包,Legendary Tune-Up Bundle,未标注,,用于修理传奇盟友装备。,叠加上限：50,,你可在特殊主题活动期间收到这个。；相关工作台：6阶证章,assets/images/资源材料/传奇调整礼包--7aec1118c1.png,原版图鉴,box_for_Soyousnik_leg
纳米机器兵工厂,Nanite Arsenal,未标注,,"你将获得列表中的所有物品：
— 热能纳米机器
— 酸性纳米机器
— 电力纳米机器",叠加上限：1,,当前档案有 2 条同名记录；可能来自不同场景、活动或难度，请比较基础属性。,assets/images/资源材料/列表中的一个纳米机器--19ac20bd56.png,原版图鉴,bank_3_nanita_fake_icon
火焰武器库,Fire Arsenal,未标注,,"你将获得列表中的所有物品：
— 牧师狂腐士AKM
— 地狱散弹枪
— 火焰步枪的审判",叠加上限：1,,,assets/images/资源材料/火焰武器--f7b6d09e28.png,原版图鉴,bank_3_fire_gun_fake_icon
酸性武器库,Acid Arsenal,未标注,,"你将获得列表中的所有物品：
— 死亡虫群散弹枪
— 死亡召唤步枪
— 蛇彭特 · 布莱德钉枪",叠加上限：1,,,assets/images/资源材料/列表中的一件武器--7f36cd29b1.png,原版图鉴,bank_3_acid_gun_fake_icon
电力武器库,Electric Arsenal,未标注,,"你将获得列表中的所有物品：
— 黑帮电力步枪
— 雷鸣
— 火花步枪",叠加上限：1,,当前档案有 2 条同名记录；可能来自不同场景、活动或难度，请比较基础属性。,assets/images/资源材料/电力武器库--1c9ad6fe47.png,原版图鉴,bank_3_electro_gun_fake_icon
纳米机器兵工厂,Nanite Arsenal,未标注,,"你将获得列表中的所有物品：
— 热能纳米机器
— 酸性纳米机器
— 电力纳米机器",叠加上限：1,,当前档案有 2 条同名记录；可能来自不同场景、活动或难度，请比较基础属性。,assets/images/资源材料/列表中的一个纳米机器--19ac20bd56.png,原版图鉴,bank_3_nanita_po_3_shtuki_fake_icon
专家AK步枪零件,Specialist's AK Parts,未标注,,这种零件已经停产了，只能找到核战中幸存下来的零件。,叠加上限：20,,出现场景：荒凉山谷；出现场景：被围困的房屋,assets/images/资源材料/专家AK步枪零件--f1c17060dd.png,原版图鉴,res_purple_AKM
冰影的图片,Picture of Ice Shadow,未标注,,一张被遣散的盟友的旧照片。对替换他的人来说很有用。,,,出现场景：Старая остановка,assets/images/资源材料/冰影的图片--722ecf6db1.png,原版图鉴,res_Token_double_triad_unic
周年纪念币,Anniversary Coin,未标注,,"纪念加尔科夫核电站开业的稀有限量版周年纪念礼物。这些硬币是在核战发生前不久赠送给核电站管理层的。
可以与活动商人进行交易。
 
可在D.O.Z.周年挑战中获得。硬币的数量取决于你在这一回合的排名。",叠加上限：1000,,在D.O.Z.周年挑战奖励中。；当前档案有 2 条同名记录；可能来自不同场景、活动或难度，请比较基础属性。,assets/images/资源材料/周年纪念币--573b435dba.png,原版图鉴,res_coin_dr_doz_2022_elite
纪念币,Commemorative Coin,未标注,,"原本是加尔科夫核电站开业当天送给员工的礼物。
可以与活动商人进行交易。
 
可在D.O.Z.周年挑战中获得。硬币的数量取决于你在这一回合的排名。",叠加上限：1000,,在D.O.Z.周年挑战奖励中。,assets/images/资源材料/纪念币--abc88d682c.png,原版图鉴,res_coin_dr_doz_2022_simple
瘟疫医生的图片,Picture of Plague Doctor,未标注,,一张被遣散的盟友的旧照片。对替换他的人来说很有用。,,,出现场景：Старая остановка,assets/images/资源材料/瘟疫医生的图片--f31fcb0262.png,原版图鉴,res_Token_plague_doc
歌利亚标本的图片,Picture of Goliath Specimen,未标注,,一张被遣散的盟友的旧照片。对替换他的人来说很有用。,,,出现场景：Старая остановка,assets/images/资源材料/歌利亚标本的图片--7bd5e6b6d5.png,原版图鉴,res_Token_stomper
Награда Испытания,Награда Испытания,未标注,,Превосходный дробовик «Тройной удар» и легендарный рюкзак Дракона Триады М-1 на 15 ячеек.,叠加上限：1,,,assets/images/资源材料/能量块--4581a84736.png,原版图鉴,fake_icon_backpack_shootgun_triads
每日消息,Daily News,未标注,,有关黑帮的回归活动的详细信息。,叠加上限：1,,当前档案有 102 条同名记录；可能来自不同场景、活动或难度，请比较基础属性。,assets/images/资源材料/每日消息--7938a65e56.png,原版图鉴,Info_mail_event_return_of_the_Triad_47_sprint
暗黑游荡者套装,Black Strider's Bundle,未标注,,"你将获得列表中的1-5件物品：
— 暗黑游荡者面具
— 暗黑游荡者战术背心
— 暗黑游荡者毛衣
— 暗黑游荡者裤子
— 暗黑游荡者靴子",叠加上限：1,,当前档案有 5 条同名记录；可能来自不同场景、活动或难度，请比较基础属性。,assets/images/资源材料/暗黑游荡者套装--4fc0ae8601.png,原版图鉴,bank_random_CHB_1_5_fake_icon
阿月的图片,Picture of Moon,未标注,,一张被遣散的盟友的旧照片。对替换他的人来说很有用。,,,出现场景：Старая остановка,assets/images/资源材料/阿月的图片--df5e5166cb.png,原版图鉴,res_Token_haski
弗罗斯特中尉的图片,Picture of Lieutenant Frost,未标注,,一张被遣散的盟友的旧照片。对替换他的人来说很有用。,,,出现场景：Старая остановка,assets/images/资源材料/弗罗斯特中尉的图片--1fc32064a1.png,原版图鉴,res_Token_WS
鹰队臂章,Hawks' Chevron,未标注,,鹰队将这些臂章授予在战斗行动中帮助他们的人。,,,在挑战奖励中；当前档案有 2 条同名记录；可能来自不同场景、活动或难度，请比较基础属性。,assets/images/资源材料/鹰队臂章--746db907d7.png,原版图鉴,token_simple_lb_september
鹰队奖牌,Hawks' Medal,未标注,,特殊单位徽章。这个奖励象征着鹰队的感激之情。,,,在挑战奖励中；当前档案有 2 条同名记录；可能来自不同场景、活动或难度，请比较基础属性。,assets/images/资源材料/鹰队奖牌--67401c639b.png,原版图鉴,token_Elite_lb_september
狂腐士的频率,Decayers' Frequency,未标注,,一张沾满血迹的纸。它记载着一串数字，是狂腐士的无线电频率。,叠加上限：100,,当前档案有 2 条同名记录；可能来自不同场景、活动或难度，请比较基础属性。,assets/images/资源材料/狂腐士的频率--df0b90fb02.png,原版图鉴,quest_whole_note_first_Ambush_new
黑暗简妮的图片,Picture of Dark Jane,未标注,,一张被遣散的盟友的旧照片。对替换他的人来说很有用。,,,出现场景：Старая остановка,assets/images/资源材料/黑暗简妮的图片--2623a6f073.png,原版图鉴,res_Token_Dark_scout
每日消息,Daily News,未标注,,关于技能系统更新的详细信息。,叠加上限：1,,当前档案有 102 条同名记录；可能来自不同场景、活动或难度，请比较基础属性。,assets/images/资源材料/每日消息--7938a65e56.png,原版图鉴,Info_mail_event_skills_48_sprint
专家铠甲,Specialist's Armor,未标注,,"你将获得一件列表中的物品：
— 机遇战术背心
— 分裂战术背心»
— 基本战术背心",叠加上限：1,,,assets/images/资源材料/专家铠甲--43b8e88c88.png,原版图鉴,fake_icon_violet_armor
专家特殊头盔,Specialist's Special Helmets,未标注,,"你将获得一件列表中的物品：
— 掌控特殊头盔
— 浪涌特殊头盔
— 终局特殊头盔",叠加上限：1,,,assets/images/资源材料/专家特殊头盔--eb22d8d118.png,原版图鉴,fake_icon_violet_helmet
专家散弹枪,Specialist's Shotguns,未标注,,"你将获得一件列表中的物品：
— 专家SPAS伤害版散弹枪
— 专家SPAS现代版散弹枪
— 专家SPAS通用版散弹枪",叠加上限：1,,,assets/images/资源材料/专家散弹枪--80e1193bbb.png,原版图鉴,fake_icon_violet_SPAS
专家突击步枪,Specialist's Assault Rifles,未标注,,"你将获得一件列表中的物品：
— 专家AK步枪
— 专家AK现代版步枪
— 专家AK通用版步枪",叠加上限：1,,,assets/images/资源材料/专家突击步枪--67638164d7.png,原版图鉴,fake_icon_violet_AKM
专家步枪,Specialist's Rifles,未标注,,"你将获得一件列表中的物品：
— 专家VSS Vintorez步枪
— 专家Vintorez现代版步枪
— 专家Vintorez暴击版步枪",叠加上限：1,,,assets/images/资源材料/专家步枪--cbff988270.png,原版图鉴,fake_icon_violet_vintorez
专家武器库,Specialist's Arsenal,未标注,,专家武器的型号之一。,叠加上限：1,,,assets/images/资源材料/专家武器库--e3b9a0c8b6.png,原版图鉴,fake_icon_violet_weapon
技能神经质粒,Skill Neuroplasmids,未标注,,"你将获得一件列表中的物品：
—  战斗神经质粒
— 生存神经质粒
— 资源神经质粒",叠加上限：1,,当前档案有 7 条同名记录；可能来自不同场景、活动或难度，请比较基础属性。,assets/images/资源材料/技能神经质粒--35fdec55e9.png,原版图鉴,fake_icon_random_NP
技能神经质粒,Skill Neuroplasmids,未标注,,"你将获得列表中的所有物品：
—  战斗神经质粒
— 生存神经质粒
— 资源神经质粒",叠加上限：1,,当前档案有 7 条同名记录；可能来自不同场景、活动或难度，请比较基础属性。,assets/images/资源材料/技能神经质粒--35fdec55e9.png,原版图鉴,fake_icon_all_NP
要塞兵团的铠甲套装,Citadel Corps Armor Set,未标注,,"你将获得列表中的所有物品：
— 要塞兵团头盔
— 警戒线-M铠甲
— 要塞兵团毛衣
— 要塞兵团裤子
— 要塞兵团靴子",叠加上限：1,,,assets/images/资源材料/要塞兵团的铠甲套装--3a142227c3.png,原版图鉴,bank_set_oplot_fake_icon
传奇武器,Legendary weapon,未标注,,你可以通过清理这个地方获得一件传奇武器。,,,当前档案有 2 条同名记录；可能来自不同场景、活动或难度，请比较基础属性。,assets/images/资源材料/传奇武器--b9596f8ce6.png,原版图鉴,Autocleanup_fakeicon_leg_weapon
传奇铠甲,Legendary armor,未标注,,你可以通过清理这个地方获得传奇铠甲。,,,当前档案有 2 条同名记录；可能来自不同场景、活动或难度，请比较基础属性。,assets/images/资源材料/传奇铠甲--acc889f169.png,原版图鉴,Autocleanup_fakeicon_leg_armor
建筑师箱,Architect's Kit,未标注,,"你将获得列表中的所有物品：
— 铁皮 х 210 
— 建筑混凝土 х 210 
— 抛光木板 х 210 
— 大型壁炉
— 办公桌
— 厨房餐桌
— 花园秋千
— 建造者箱",叠加上限：1,,,assets/images/资源材料/建筑师箱--76ad864519.png,原版图鉴,bank_architect_bundle_icon
自行车组件,Bicycle Assembly,未标注,,你会得到组装自行车的所有资源。,叠加上限：1,,当前档案有 3 条同名记录；可能来自不同场景、活动或难度，请比较基础属性。,assets/images/其他物品/斯普林特的盒子--04d61c9f50.png,原版图鉴,bank_bycicle_bundle_icon
技能神经质粒,Skill Neuroplasmids,未标注,,"你将获得列表中的所有物品：
—  战斗神经质粒
— 生存神经质粒
— 资源神经质粒",叠加上限：1,,当前档案有 7 条同名记录；可能来自不同场景、活动或难度，请比较基础属性。,assets/images/资源材料/技能神经质粒--35fdec55e9.png,原版图鉴,fake_icon_all_NP_3
技能神经质粒,Skill Neuroplasmids,未标注,,"你将获得列表中的所有物品：
—  战斗神经质粒
— 生存神经质粒
— 资源神经质粒",叠加上限：1,,当前档案有 7 条同名记录；可能来自不同场景、活动或难度，请比较基础属性。,assets/images/资源材料/技能神经质粒--35fdec55e9.png,原版图鉴,fake_icon_all_NP_5
技能神经质粒,Skill Neuroplasmids,未标注,,"你将获得列表中的所有物品：
—  战斗神经质粒
— 生存神经质粒
— 资源神经质粒",叠加上限：1,,当前档案有 7 条同名记录；可能来自不同场景、活动或难度，请比较基础属性。,assets/images/资源材料/技能神经质粒--35fdec55e9.png,原版图鉴,fake_icon_all_NP_7
技能神经质粒,Skill Neuroplasmids,未标注,,"你将获得列表中的所有物品：
—  战斗神经质粒
— 生存神经质粒
— 资源神经质粒",叠加上限：1,,当前档案有 7 条同名记录；可能来自不同场景、活动或难度，请比较基础属性。,assets/images/资源材料/技能神经质粒--35fdec55e9.png,原版图鉴,fake_icon_all_NP_12
金属物品,Metal Items,未标注,,"你将获得列表中的所有物品：
— 铁锭 х15 
— 铁皮 х15
— 钢锭 х15",叠加上限：1,,,assets/images/资源材料/金属物品--ad9089fccc.png,原版图鉴,bank_bundle_one_shablon_icon
皮革和织物,Leather and Fabrics,未标注,,"你将获得列表中的所有物品：
— 皮革 х15 
— 亚麻布 х15
— 棉布 х15",叠加上限：1,,,assets/images/资源材料/皮革和织物--71e5c545e6.png,原版图鉴,bank_bundle_two_shablon_icon
暗区突破点数,Dark Zone Breach Points,未标注,,参与平息暗区突破而获得奖励时的必需品。,叠加上限：1,,当前档案有 3 条同名记录；可能来自不同场景、活动或难度，请比较基础属性。,assets/images/资源材料/暗区突破点数--8e491046f3.png,原版图鉴,bank_ochki_3_puti_kopilka_1
暗区突破点数,Dark Zone Breach Points,未标注,,参与平息暗区突破而获得奖励时的必需品。,叠加上限：1,,当前档案有 3 条同名记录；可能来自不同场景、活动或难度，请比较基础属性。,assets/images/资源材料/暗区突破点数--8e491046f3.png,原版图鉴,bank_ochki_3_puti_kopilka_2
暗区突破点数,Dark Zone Breach Points,未标注,,参与平息暗区突破而获得奖励时的必需品。,叠加上限：1,,当前档案有 3 条同名记录；可能来自不同场景、活动或难度，请比较基础属性。,assets/images/资源材料/暗区突破点数--8e491046f3.png,原版图鉴,bank_ochki_3_puti_kopilka_3
每日消息,Daily News,未标注,,暗区突破活动：详细信息。,叠加上限：1,,当前档案有 102 条同名记录；可能来自不同场景、活动或难度，请比较基础属性。,assets/images/资源材料/每日消息--7938a65e56.png,原版图鉴,Info_mail_event_dark_zone_48_sprint
优质武器,High-quality Weapon,未标注,,你可以通过清理这个地方获得一件优质武器。,,,当前档案有 3 条同名记录；可能来自不同场景、活动或难度，请比较基础属性。,assets/images/资源材料/优质武器--d480190309.png,原版图鉴,Autocleanup_fakeicon_quality_weapon
优质铠甲,High-quality Armor,未标注,,你可以通过清理这个地方获得一件优质铠甲。,,,当前档案有 2 条同名记录；可能来自不同场景、活动或难度，请比较基础属性。,assets/images/资源材料/优质铠甲--47faf25ee8.png,原版图鉴,Autocleanup_fakeicon_quality_armor
常规武器,Regular Weapon,未标注,,你可以通过清理这个地方获得一件常规武器。,,,,assets/images/资源材料/常规武器--289945e82f.png,原版图鉴,Autocleanup_fakeicon_regular_weapon
常规铠甲,Regular Armor,未标注,,你可以通过清理这个地方获得一件常规铠甲。,,,,assets/images/资源材料/常规铠甲--c1ccfd8853.png,原版图鉴,Autocleanup_fakeicon_regular_armor
盟友徽章,Ally Emblem,未标注,,"研究所授予所有安全屋项目参与者的功绩奖励。
 
 可在盟友挑战中获得。徽章的数量取决于你在该回合中的名次。",,,在盟友挑战奖励中；当前档案有 2 条同名记录；可能来自不同场景、活动或难度，请比较基础属性。,assets/images/资源材料/盟友徽章--e7eb9f328a.png,原版图鉴,token_simple_lb_ally
精英盟友徽章,Elite Ally Emblem,未标注,,"根据研究所的指示，这些稀有的徽章只授予特别杰出的安全屋项目参与者。
 
 可在盟友挑战中获得。徽章的数量取决于你在该回合中的名次。",,,在盟友挑战奖励中；当前档案有 2 条同名记录；可能来自不同场景、活动或难度，请比较基础属性。,assets/images/资源材料/精英盟友徽章--e501c445d6.png,原版图鉴,token_Elite_lb_ally
列表中的一个背包,One backpack from the list,未标注,,"森林之子的背包 Mk-1
暗黑游荡者背包 Mk-1
灭绝者背包 Mk-1",叠加上限：1,,当前档案有 4 条同名记录；可能来自不同场景、活动或难度，请比较基础属性。,assets/images/资源材料/列表中的一个背包--ac140375ef.png,原版图鉴,bank_fake_icon_container_backpack_prochka
列表中的一个背包,One backpack from the list,未标注,,"黑帮恶龙背包 Mk-1
鹰队战术背包 Mk-1
核炬士背包 Mk-1",叠加上限：1,,当前档案有 4 条同名记录；可能来自不同场景、活动或难度，请比较基础属性。,assets/images/资源材料/列表中的一个背包--f5271f9f68.png,原版图鉴,bank_fake_icon_container_bp_prochka
黎明牧师,Vicar Dawn,未标注,,当他们宣布牧师是异端时，牧师将盲者称作暴君，说他玷污了给予他的祝福。他杀死了被派来追捕他的核炬士，从焚化场开辟了一条道路，带领他用弹坑的力量治愈的获救俘虏逃亡。这些人，他的新羊群，将他称为黎明牧师。,叠加上限：1,,,assets/images/资源材料/黎明牧师--28256da1b7.png,原版图鉴,bank_second_gift_uniq_ally
联盟银币,Silver Union Coin,未标注,,做工粗制滥造，但白银质量上乘。可在领地防御挑战中获得。可以与兄弟会女商人交易。,,,在挑战奖励中；当前档案有 2 条同名记录；可能来自不同场景、活动或难度，请比较基础属性。,assets/images/资源材料/联盟银币--68903ab1a1.png,原版图鉴,token_simple_stok_lb_2
联盟金币,Gold Union Coin,未标注,,贸易联盟应急资金。用于特别交易。可在领地防御挑战中获得。可以与兄弟会女商人交易。,,,在挑战奖励中；当前档案有 2 条同名记录；可能来自不同场景、活动或难度，请比较基础属性。,assets/images/资源材料/联盟金币--9ed47bf1bb.png,原版图鉴,token_Elite_stok_lb_2
钳子箱,Pliers Kit,未标注,,用于重型材料的最佳工具。但即使最佳工具也可能不会长久。,叠加上限：20,,在黑帮的回归活动奖励中。；在暗区突破奖励中；出现场景：尼克斯的地下室；出现场景：匪徒营地；出现场景：尖叫森林；出现场景：防风林；在挑战奖励中；寒冰试炼；在春季节庆奖励中。；在寒冰行动活动奖励中。；活动商人；当前档案有 3 条同名记录；可能来自不同场景、活动或难度，请比较基础属性。；相关工作台：要塞兵团战士；相关工作台：鼠王；相关工作台：森林野兽铠甲；相关工作台：6阶证章,assets/images/资源材料/钳子箱--c524cfc37d.png,原版图鉴,general_res_1
金刚石锉刀文件,Diamond Broach File,未标注,,传奇武器需要精确且完美打磨的备用零件。你需要工具才能制作。,叠加上限：20,,出现场景：防风林；出现场景：尼克斯的地下室；出现场景：匪徒营地；出现场景：周年纪念商人的营地；出现场景：尖叫森林；在“清理领地”奖励中；寒冰试炼；冬季特使；在寒冰行动活动奖励中。；在春季节庆奖励中。；活动商人；当前档案有 3 条同名记录；可能来自不同场景、活动或难度，请比较基础属性。；相关工作台：鼠王；相关工作台：森林野兽铠甲；相关工作台：6阶证章,assets/images/资源材料/金刚石锉刀文件--a8b5e9f9d3.png,原版图鉴,general_res_2
钛板,Titan Sheet,未标注,,高度耐用的钛板。熟练的武器匠可将其加工成完美铠甲。,叠加上限：20,,困难战斗模式下的金龙。；在狂腐士货物中；活动商人；当前档案有 4 条同名记录；可能来自不同场景、活动或难度，请比较基础属性。；相关工作台：暗区AK；相关工作台：6阶证章,assets/images/资源材料/钛板--21f4d791ad.png,原版图鉴,general_res_3
芳纶薄纱,Aramid Gauze,未标注,,生产传奇铠甲所需的实验性织物。耐用、轻便、有弹性。,叠加上限：20,,困难战斗模式下的金龙。；当前档案有 2 条同名记录；可能来自不同场景、活动或难度，请比较基础属性。,assets/images/资源材料/芳纶薄纱--c15d8c8ef0.png,原版图鉴,general_res_4
兄弟会音频说明,Brotherhood Audio Instructions,未标注,,包含语音注释，说明如何改进装饰和使用方法。,叠加上限：20,,活动商人；出现场景：周年纪念商人的营地；出现场景：尖叫森林；出现场景：防风林；出现场景：附身者竞技场；在挑战奖励中；出现场景：大批焦尸出没的地下室；寒冰试炼；在春季节庆奖励中。；相关工作台：6阶证章；相关工作台：鼠王；相关工作台：森林野兽铠甲,assets/images/资源材料/兄弟会音频说明--213bf96a43.png,原版图鉴,general_res_5
装饰组装手册,Decoration Assembly Manual,未标注,,用来组装装饰的手写笔记和蓝图。,叠加上限：20,,在黑帮的回归活动奖励中。；在狂腐士货物中；出现场景：周年纪念商人的营地；出现场景：尖叫森林；出现场景：桥梁；在挑战奖励中；出现场景：大批焦尸出没的地下室；寒冰试炼；一篮彩蛋；活动商人；相关工作台：要塞兵团战士；相关工作台：暗区AK；相关工作台：鼠王；相关工作台：6阶证章,assets/images/资源材料/装饰组装手册--df8b46d7ab.png,原版图鉴,general_res_6
背包配件,Backpack Accessories,未标注,,领地上很少能找到凯芙拉纤维或优质铆钉，但要制作宽敞的背包不能没有它们。,叠加上限：20,,在挑战奖励中；在狂腐士货物中；出现场景：大批焦尸出没的地下室；寒冰试炼；在寒冰行动活动奖励中。；在春季节庆奖励中。；相关工作台：暗区AK；相关工作台：鼠王；相关工作台：森林野兽铠甲,assets/images/资源材料/背包配件--e3cbf783c1.png,原版图鉴,general_res_7
箱子配件,Crate Accessories,未标注,,坚固的搭扣、优质的锁具和加固的箱角，保证了你制作的箱子可以安全存放战利品。,叠加上限：20,,在黑帮的回归活动奖励中。；在狂腐士货物中；出现场景：尖叫森林；出现场景：防风林；在挑战奖励中；出现场景：大批焦尸出没的地下室；寒冰试炼；在寒冰行动活动奖励中。；一篮彩蛋；当前档案有 2 条同名记录；可能来自不同场景、活动或难度，请比较基础属性。；相关工作台：要塞兵团战士；相关工作台：暗区AK；相关工作台：鼠王,assets/images/资源材料/箱子配件--6b24a30723.png,原版图鉴,general_res_8
兄弟会图书管理员的说明,Brotherhood Librarians' Instructions,未标注,,关于与各种帮手合作的详细信息，由游荡者图书管理员编写。,叠加上限：20,,兄弟会女商人；来自红色区的狂腐士枢机主教；出现场景：尖叫森林；出现场景：防风林；在挑战奖励中；出现场景：大批焦尸出没的地下室；寒冰试炼；在春季节庆奖励中。；当前档案有 2 条同名记录；可能来自不同场景、活动或难度，请比较基础属性。；相关工作台：鼠王；相关工作台：森林野兽铠甲,assets/images/资源材料/兄弟会图书管理员的说明--7eba67ef16.png,原版图鉴,general_res_9
送葬者戒指,Undertaker's Ring,未标注,,这些戒指是给那些发誓侍奉洛亚神之一的蛇彭特定居点的新成员的。可以在挑战中获得。可用来和兄弟会女商人进行交易。,,,在挑战奖励中；当前档案有 2 条同名记录；可能来自不同场景、活动或难度，请比较基础属性。；相关工作台：大型春季盒子,assets/images/资源材料/送葬者戒指--dadf7c0bc2.png,原版图鉴,token_lb_hallowen_simple
萨梅迪仆从戒指,Samedi Servant's Ring,未标注,,"这枚戒指上装饰着一个由焦尸的骨头制成
的头骨，只能由洛亚神萨梅迪男爵最忠诚的仆从佩戴。可以在挑战中获得。可用来和兄弟会女商人交易。",,,在挑战奖励中；当前档案有 2 条同名记录；可能来自不同场景、活动或难度，请比较基础属性。；相关工作台：大型春季盒子,assets/images/资源材料/萨梅迪仆从戒指--98a5e3575c.png,原版图鉴,token_lb_hallowen_elite
每日消息,Daily News,未标注,,有关万圣节的详细信息。,叠加上限：1,,当前档案有 102 条同名记录；可能来自不同场景、活动或难度，请比较基础属性。,assets/images/资源材料/每日消息--7938a65e56.png,原版图鉴,Info_mail_event_halloween_49_sprint
全息投影模块,Holoprojector Module,未标注,,神经刺激机的全息部分。,叠加上限：20,,在游荡者通行证的奖励中。,assets/images/资源材料/全息投影模块--3bfae258bb.png,原版图鉴,general_res_decor_ally_1
冬季钥匙,Winter Key,未标注,,用于在全局活动期间解锁冰霜宝箱。,叠加上限：1,,当前档案有 3 条同名记录；可能来自不同场景、活动或难度，请比较基础属性。,assets/images/资源材料/冬季钥匙--e462dd7050.png,原版图鉴,bank_keys_ny_kopilka_1
冬季钥匙,Winter Key,未标注,,用于在全局活动期间解锁冰霜宝箱。,叠加上限：1,,当前档案有 3 条同名记录；可能来自不同场景、活动或难度，请比较基础属性。,assets/images/资源材料/冬季钥匙--e462dd7050.png,原版图鉴,bank_keys_ny_kopilka_2
冬季钥匙,Winter Key,未标注,,用于在全局活动期间解锁冰霜宝箱。,叠加上限：1,,当前档案有 3 条同名记录；可能来自不同场景、活动或难度，请比较基础属性。,assets/images/资源材料/冬季钥匙--e462dd7050.png,原版图鉴,bank_keys_ny_kopilka_3
编码器,Coder,未标注,,带有盟友地点坐标的加密信息块。,叠加上限：1,,当前档案有 4 条同名记录；可能来自不同场景、活动或难度，请比较基础属性。,assets/images/其他物品/编码器--75aac515d9.png,原版图鉴,fake_icon_summ_x40
编码器,Coder,未标注,,带有盟友地点坐标的加密信息块。,叠加上限：1,,当前档案有 4 条同名记录；可能来自不同场景、活动或难度，请比较基础属性。,assets/images/其他物品/编码器--75aac515d9.png,原版图鉴,fake_icon_summ_x60
编码器,Coder,未标注,,带有盟友地点坐标的加密信息块。,叠加上限：1,,当前档案有 4 条同名记录；可能来自不同场景、活动或难度，请比较基础属性。,assets/images/其他物品/编码器--75aac515d9.png,原版图鉴,fake_icon_summ_x80
编码器,Coder,未标注,,带有盟友地点坐标的加密信息块。,叠加上限：1,,当前档案有 4 条同名记录；可能来自不同场景、活动或难度，请比较基础属性。,assets/images/其他物品/编码器--75aac515d9.png,原版图鉴,fake_icon_summ_x100
大型补品箱子,Big Crate of Tonics,未标注,,包含1000个经验性补品，以提升盟友的等级。,叠加上限：1,,,assets/images/补给消耗品/大型补品箱子--c4eaa6dd01.png,原版图鉴,fake_icon_ally_exp_5000
阿尔法编码器,Alpha-Coder,未标注,,带有盟友地点坐标的信息块，用于限时活动。,叠加上限：1,,当前档案有 4 条同名记录；可能来自不同场景、活动或难度，请比较基础属性。,assets/images/资源材料/阿尔法编码器--a24037987e.png,原版图鉴,fake_icon_summ_alfa_x30
阿尔法编码器,Alpha-Coder,未标注,,带有盟友地点坐标的信息块，用于限时活动。,叠加上限：1,,当前档案有 4 条同名记录；可能来自不同场景、活动或难度，请比较基础属性。,assets/images/资源材料/阿尔法编码器--a24037987e.png,原版图鉴,fake_icon_summ_alfa_x70
阿尔法编码器,Alpha-Coder,未标注,,带有盟友地点坐标的信息块，用于限时活动。,叠加上限：1,,当前档案有 4 条同名记录；可能来自不同场景、活动或难度，请比较基础属性。,assets/images/资源材料/阿尔法编码器--a24037987e.png,原版图鉴,fake_icon_summ_alfa_x100
阿尔法编码器,Alpha-Coder,未标注,,带有盟友地点坐标的信息块，用于限时活动。,叠加上限：1,,当前档案有 4 条同名记录；可能来自不同场景、活动或难度，请比较基础属性。,assets/images/资源材料/阿尔法编码器--a24037987e.png,原版图鉴,fake_icon_summ_alfa_x200
小型补品箱子,Small Crate of Tonics,未标注,,包含100个经验性补品，以提升盟友的等级。,叠加上限：1,,当前档案有 3 条同名记录；可能来自不同场景、活动或难度，请比较基础属性。,assets/images/补给消耗品/小型补品箱子--1aa12a5b28.png,原版图鉴,fake_icon_xp_ally_100_x4
小型补品箱子,Small Crate of Tonics,未标注,,包含100个经验性补品，以提升盟友的等级。,叠加上限：1,,当前档案有 3 条同名记录；可能来自不同场景、活动或难度，请比较基础属性。,assets/images/补给消耗品/小型补品箱子--1aa12a5b28.png,原版图鉴,fake_icon_xp_ally_100_x6
小型补品箱子,Small Crate of Tonics,未标注,,包含100个经验性补品，以提升盟友的等级。,叠加上限：1,,当前档案有 3 条同名记录；可能来自不同场景、活动或难度，请比较基础属性。,assets/images/补给消耗品/小型补品箱子--1aa12a5b28.png,原版图鉴,fake_icon_xp_ally_100_x7
盟友徽章,Ally Emblem,未标注,,"研究所授予所有安全屋项目参与者的功绩奖励。
 
 可在盟友挑战中获得。徽章的数量取决于你在该回合中的名次。",,,在盟友挑战奖励中；当前档案有 2 条同名记录；可能来自不同场景、活动或难度，请比较基础属性。,assets/images/资源材料/盟友徽章--e7eb9f328a.png,原版图鉴,token_simple_lb_ally2
精英盟友徽章,Elite Ally Emblem,未标注,,"根据研究所的指示，这些稀有的徽章只授予特别杰出的安全屋项目参与者。
 
 可在盟友挑战中获得。徽章的数量取决于你在该回合中的名次。",,,在盟友挑战奖励中；当前档案有 2 条同名记录；可能来自不同场景、活动或难度，请比较基础属性。,assets/images/资源材料/精英盟友徽章--e501c445d6.png,原版图鉴,token_Elite_lb_ally2
建筑师桌零件,Architect's Table Parts,未标注,,制作丁字尺和其他绘制蓝图的仪器所需的组件。,叠加上限：20,,神秘的地下室；相关工作台：追踪者帽子,assets/images/资源材料/建筑师桌零件--4d7b7fa881.png,原版图鉴,general_res_craft_decor_1
自行车组件,Bicycle Assembly,未标注,,你会得到组装自行车的所有资源。,叠加上限：1,,当前档案有 3 条同名记录；可能来自不同场景、活动或难度，请比较基础属性。,assets/images/资源材料/钳子箱--c524cfc37d.png,原版图鉴,fake_icon_container_15078
自行车组件,Bicycle Assembly,未标注,,你会得到组装自行车的所有资源。,叠加上限：1,,当前档案有 3 条同名记录；可能来自不同场景、活动或难度，请比较基础属性。,assets/images/资源材料/金刚石锉刀文件--a8b5e9f9d3.png,原版图鉴,fake_icon_container_15079
兄弟会图书管理员的说明,Brotherhood Librarians' Instructions,未标注,,你会得到组装自行车的所有资源。,叠加上限：1,,当前档案有 2 条同名记录；可能来自不同场景、活动或难度，请比较基础属性。,assets/images/资源材料/兄弟会图书管理员的说明--7eba67ef16.png,原版图鉴,fake_icon_container_15224
要塞兵团头盔,Citadel Corps Helmet,未标注,,"你将获得一件列表中的物品：
— 警戒线-M头盔
— 要塞兵团头盔",叠加上限：1,,,assets/images/资源材料/要塞兵团头盔--4d5daf3071.png,原版图鉴,fake_icon_helmets
要塞兵团铠甲,Citadel Corps Armor,未标注,,"你将获得一件列表中的物品：
— 警戒线-M铠甲
— 要塞兵团铠甲",叠加上限：1,,,assets/images/资源材料/要塞兵团铠甲--cb51d02ae7.png,原版图鉴,fake_icon_armors
研究所的纳米机器,Institute's Nanites,未标注,,"你会得到清单上的所有物品：
 — 热能纳米机器x2
 — 酸性纳米机器x2
 — 冷冻纳米机器x2
 — 电力纳米机器x2
 — 血色纳米机器x1
 — 毒性纳米机器x1
 — 坟墓火焰纳米机器x1
 — 中和纳米机器x1",叠加上限：1,,,assets/images/资源材料/研究所的纳米机器--8b3f0198eb.png,原版图鉴,bank_all_nanits_fake_icon1
每日消息,Daily News,未标注,,有关感恩节活动的详细信息。,叠加上限：1,,当前档案有 102 条同名记录；可能来自不同场景、活动或难度，请比较基础属性。,assets/images/资源材料/每日消息--7938a65e56.png,原版图鉴,Info_mail_event_thanksgiving_50_sprint
每日消息,Daily News,未标注,,关于游荡者通行证第1赛季的详情。,叠加上限：1,,当前档案有 102 条同名记录；可能来自不同场景、活动或难度，请比较基础属性。,assets/images/资源材料/每日消息--7938a65e56.png,原版图鉴,Info_mail_event_battlepass_50_sprint
暗黑游荡者套装,Black Strider's Set,未标注,,全套的暗黑游荡者铠甲可以使常规伤害增加15%，对精英敌人和头目的伤害增加20%。推荐用于研究所设施。,叠加上限：1,,当前档案有 5 条同名记录；可能来自不同场景、活动或难度，请比较基础属性。,assets/images/资源材料/暗黑游荡者套装--b3f713f974.png,原版图鉴,icon_set_bs
狱吏套装,Turnkey's Set,未标注,,一套完整的狱吏铠甲套装，可以消除重型武器的减速效果，有15%的几率对敌人使用刽子手记号，减少20%的来袭伤害，并使重伤造成的伤害增加25%。,叠加上限：1,,,assets/images/防具装备/狱吏头盔--66567b0f8a.png,原版图鉴,icon_set_jail
森林野兽套装,Forest Beast's Set,未标注,,全套的森林野兽铠甲可以阻挡刽子手记号，并且对有铠甲的敌人造成的伤害增加20%。在监狱和遇到头号刽子手时非常有用。,叠加上限：1,,,assets/images/防具装备/森林野兽面具--bb0fc4a7fc.png,原版图鉴,icon_set_fb
优质武器,High-quality Weapon,未标注,,"你将获得列表中的所有物品：
— 改装版Mini-14
— 升级版步枪
— 乌兹Ultra冲锋枪
— 巫师左轮手枪
— 升级版散弹枪",叠加上限：1,,当前档案有 3 条同名记录；可能来自不同场景、活动或难度，请比较基础属性。,assets/images/资源材料/优质武器--a685f30760.png,原版图鉴,bank_bundle_green_weapon
建筑用品,Building Supplies,未标注,,"你将获得列表中的所有物品：
— 混凝土 х200
— 废金属 х200
— 原生木板 х200",叠加上限：1,,,assets/images/资源材料/建筑用品--e1c1de79c8.png,原版图鉴,bank_bundle_200_stroimat1
向导铠甲,Guide's Armor,未标注,,"你将获得列表中的所有物品：
— 向导便帽
— 向导战术背心
— 向导运动衫
— 向导裤子
— 向导靴子",叠加上限：1,,,assets/images/资源材料/向导铠甲--45153489c8.png,原版图鉴,bank_bundle_set_provodnika
游荡者通行证点数,Strider's Pass points,未标注,,升级游荡者通行证的必需品。,叠加上限：1,,,assets/images/资源材料/游荡者通行证点数--561c307a3b.png,原版图鉴,bp_points_questbook
阿月碎片,Moon Fragment,未标注,,找到200个碎片并将它们组合起来以获得盟友。,叠加上限：1,,当前档案有 2 条同名记录；可能来自不同场景、活动或难度，请比较基础属性。,assets/images/资源材料/阿月碎片--6a41907206.png,原版图鉴,icon_set_fragments_huski
每日消息,Daily News,未标注,,有关2023年新年活动的详细信息。,叠加上限：1,,当前档案有 102 条同名记录；可能来自不同场景、活动或难度，请比较基础属性。,assets/images/资源材料/每日消息--7938a65e56.png,原版图鉴,Info_mail_event_new_year_51
死亡之弓韦恩的图片,Picture of Wayne the Deadbow,未标注,,一张被遣散的盟友的旧照片。对替换他的人来说很有用。,,,出现场景：Старая остановка,assets/images/资源材料/死亡之弓韦恩的图片--61cdb125e4.png,原版图鉴,res_Token_rembo
阿月碎片,Moon Fragment,未标注,,找到200个碎片并将它们组合起来以获得盟友。,叠加上限：1,,当前档案有 2 条同名记录；可能来自不同场景、活动或难度，请比较基础属性。,assets/images/资源材料/阿月碎片--a2287cbdb8.png,原版图鉴,icon_set_stoppers_prem_5
暗黑游荡者套装,Black Strider's Bundle,未标注,,"你将获得列表中的1-5件物品：
— 暗黑游荡者面具
— 暗黑游荡者战术背心
— 暗黑游荡者毛衣
— 暗黑游荡者裤子
— 暗黑游荡者靴子",叠加上限：1,,当前档案有 5 条同名记录；可能来自不同场景、活动或难度，请比较基础属性。,assets/images/资源材料/向导铠甲--45153489c8.png,原版图鉴,bank_set_provodnika_fake_icon
暗黑游荡者套装,Black Strider's Bundle,未标注,,"你将获得列表中的1-5件物品：
— 暗黑游荡者面具
— 暗黑游荡者战术背心
— 暗黑游荡者毛衣
— 暗黑游荡者裤子
— 暗黑游荡者靴子",叠加上限：1,,当前档案有 5 条同名记录；可能来自不同场景、活动或难度，请比较基础属性。,assets/images/资源材料/优质武器--a685f30760.png,原版图鉴,bank_green_guns_fake_icon
暗黑游荡者套装,Black Strider's Bundle,未标注,,"你将获得列表中的1-5件物品：
— 暗黑游荡者面具
— 暗黑游荡者战术背心
— 暗黑游荡者毛衣
— 暗黑游荡者裤子
— 暗黑游荡者靴子",叠加上限：1,,当前档案有 5 条同名记录；可能来自不同场景、活动或难度，请比较基础属性。,assets/images/资源材料/建筑用品--e1c1de79c8.png,原版图鉴,bank_materials_fake_icon
自行车零件,Bicycle Parts,未标注,,自行车所使用的备用零件。,叠加上限：1,,,assets/images/建筑设施/自行车--b94bd9e5a9.png,原版图鉴,bank_byke_fake_icon
纳米机器,Nanites,未标注,,"列表中的一个纳米机器 :
— 热能纳米机器
— 酸性纳米机器
— 冷冻纳米机器
— 电力纳米机器",叠加上限：1,,当前档案有 2 条同名记录；可能来自不同场景、活动或难度，请比较基础属性。,assets/images/资源材料/研究所的纳米机器--8b3f0198eb.png,原版图鉴,random_nanit_fake_icon
纳米机器,Nanites,未标注,,"列表中的一个纳米机器 :
— 毒性纳米机器
— 血色纳米机器
— 坟墓火焰纳米机器
— 中和纳米机器",叠加上限：1,,当前档案有 2 条同名记录；可能来自不同场景、活动或难度，请比较基础属性。,assets/images/资源材料/纳米机器--8bc0b7f065.png,原版图鉴,random_nanit_fake_icon_2
龙女的图片,Picture of Lady Dragon,未标注,,一张被遣散的盟友的旧照片。对替换他的人来说很有用。,,,出现场景：Старая остановка,assets/images/资源材料/龙女的图片--30edcf9ec8.png,原版图鉴,res_Token_kitana
鹰队专家铠甲套装,Hawk-S Armor Set,未标注,,一套完整的鹰队专家铠甲套装，在使用专家武器时，有70%的几率给独特盟友对一名敌人的攻击施加x2脆弱效果。并且使来自鹰队派系的活跃盟友的攻击力提升60%。,叠加上限：1,,,assets/images/防具装备/鹰队专家头盔--b07d306c6c.png,原版图鉴,icon_set_USA
黑帮钥匙,Triad Key,未标注,,用于在全局活动期间解锁黑帮货物。,叠加上限：1,,当前档案有 5 条同名记录；可能来自不同场景、活动或难度，请比较基础属性。,assets/images/资源材料/黑帮钥匙--1e084c2f0f.png,原版图鉴,bank_keys_kng_kopilka_15
黑帮钥匙,Triad Key,未标注,,用于在全局活动期间解锁黑帮货物。,叠加上限：1,,当前档案有 5 条同名记录；可能来自不同场景、活动或难度，请比较基础属性。,assets/images/资源材料/黑帮钥匙--1e084c2f0f.png,原版图鉴,bank_keys_kng_kopilka_20
黑帮钥匙,Triad Key,未标注,,用于在全局活动期间解锁黑帮货物。,叠加上限：1,,当前档案有 5 条同名记录；可能来自不同场景、活动或难度，请比较基础属性。,assets/images/资源材料/黑帮钥匙--1e084c2f0f.png,原版图鉴,bank_keys_kng_kopilka_30
黑帮钥匙,Triad Key,未标注,,用于在全局活动期间解锁黑帮货物。,叠加上限：1,,当前档案有 5 条同名记录；可能来自不同场景、活动或难度，请比较基础属性。,assets/images/资源材料/黑帮钥匙--1e084c2f0f.png,原版图鉴,bank_keys_kng_kopilka_60
完美工具,Perfect Tools,未标注,,用于修理完美铠甲。,叠加上限：50,,可在盟友基地与基拉交易。；当前档案有 2 条同名记录；可能来自不同场景、活动或难度，请比较基础属性。；相关工作台：Beta测试邀请,assets/images/资源材料/完美工具--4804b21059.png,原版图鉴,box_for_fix_armor_blue
完美工具,Perfect Tools,未标注,,用于修理完美铠甲。,叠加上限：50,,可在盟友基地与基拉交易。；当前档案有 2 条同名记录；可能来自不同场景、活动或难度，请比较基础属性。；相关工作台：Beta测试邀请,assets/images/资源材料/完美工具--4804b21059.png,原版图鉴,box_for_fix_armor4_ico_repair
天青纹理,Azure Vein,未标注,,触碰石头会让上面的白色纹理猛烈移动，变换形状。这件神器虽然尺寸小，但比看起来要重。,叠加上限：1,,可以在废弃避难所的宝箱中找到。,assets/images/资源材料/天青纹理--17eb93a762.png,原版图鉴,res_token_Expedition_for_blue_repair
每日消息,Daily News,未标注,,关于游荡者通行证第2赛季的详情。,叠加上限：1,,当前档案有 102 条同名记录；可能来自不同场景、活动或难度，请比较基础属性。,assets/images/资源材料/每日消息--7938a65e56.png,原版图鉴,Info_mail_event_battlepass_2nd
钛板,Titan Sheet,未标注,,高度耐用的钛板。熟练的武器匠可将其加工成完美铠甲。,叠加上限：1,,当前档案有 4 条同名记录；可能来自不同场景、活动或难度，请比较基础属性。,assets/images/资源材料/钛板--21f4d791ad.png,原版图鉴,fake_icon_container_15080
每日消息,Daily News,未标注,,有关春节活动的详细信息。,叠加上限：1,,当前档案有 102 条同名记录；可能来自不同场景、活动或难度，请比较基础属性。,assets/images/资源材料/每日消息--7938a65e56.png,原版图鉴,Info_mail_event_moon_new_year
白银黑帮徽章,Silver Triad Emblem,未标注,,"保卫黑帮在最后领地的利益时，在战斗中表现突出的战士会获颁此徽章。
 
可以在黑帮挑战中获得。徽章的数量取决于你在该回合中的排名。",,,在黑帮挑战奖励中。,assets/images/资源材料/白银黑帮徽章--0ea567946c.png,原版图鉴,token_simple_CNY23
黄金黑帮徽章,Gold Triad Emblem,未标注,,"这些徽章是根据巨龙的命令，用纯金制作的。每年一次，黑帮部落首领会将其授予特别出色的战士。
 
可以在黑帮挑战中获得。徽章的数量取决于你在该回合中的排名。",,,在黑帮挑战奖励中。,assets/images/资源材料/黄金黑帮徽章--33322c7de3.png,原版图鉴,token_Elite_CNY23
暗黑游荡者,Black Strider,未标注,,很长一段时间以来，LRS战士，或者通过某种途径得到他们装备的人，都被误认为是暗黑游荡者。灾难酒吧的健谈客人讲述了许多关于他的故事。但也有一些人见过真正的暗黑游荡者。这些人则没有讲述任何故事。,叠加上限：1,,,assets/images/资源材料/暗黑游荡者--9cc1ad2b8d.png,原版图鉴,bank_third_gift_uniq_ally
神器和能量强化器,Artifacts and Energy Boosters,未标注,,"你将获得列表中的所有物品：
— 血槽 х2
— 小型能量强化器 х2",叠加上限：1,,,assets/images/资源材料/神器和能量强化器--bfac60dad7.png,原版图鉴,fake_icon_krovostok_buster
Детали для стола архитектора ур.2,Детали для стола архитектора ур.2,未标注,,制作丁字尺和其他绘制蓝图的仪器所需的组件。,叠加上限：20,,相关工作台：萨梅迪巫师,assets/images/资源材料/建筑师桌零件--4d7b7fa881.png,原版图鉴,general_res_craft_decor_2
Детали для стола архитектора ур.3,Детали для стола архитектора ур.3,未标注,,制作丁字尺和其他绘制蓝图的仪器所需的组件。,叠加上限：20,,相关工作台：萨梅迪巫师,assets/images/资源材料/建筑师桌零件--4d7b7fa881.png,原版图鉴,general_res_craft_decor_3
狗粮,Dog Food,未标注,,为你的狗狗准备的营养干粮，含有大量碳水化合物、蛋白质和脂肪。,叠加上限：20,,旧加油站；当前档案有 3 条同名记录；可能来自不同场景、活动或难度，请比较基础属性。；相关工作台：毛骨悚然急救箱,assets/images/资源材料/狗粮--f4cbbb516d.png,原版图鉴,res_activator_decor_labrador
游荡者通行证等级,Strider's Pass Level,未标注,,提升通行证等级并收集奖励。,叠加上限：1,,当前档案有 3 条同名记录；可能来自不同场景、活动或难度，请比较基础属性。,assets/images/资源材料/游荡者通行证等级--a92dbc380f.png,原版图鉴,fake_icon_1_lvl_battlepass
风暴游荡者的图片,Picture of Storm the Strider,未标注,,一张被遣散的盟友的旧照片。对替换他的人来说很有用。,,,出现场景：Старая остановка,assets/images/资源材料/风暴游荡者的图片--974b72ec3a.png,原版图鉴,res_Token_Ildar
20栏位背包,20-slot backpack,未标注,,"你将获得一件列表中的物品：
— 鹰队工程师背包
— 枢机主教背包
— 暗黑游荡者背囊Mk.1",叠加上限：1,,,assets/images/资源材料/20栏位背包--d208e882b5.png,原版图鉴,fake_icon_20_backpack
完美武器,Perfect Weapons,未标注,,"你将获得一件列表中的物品：
— AKM齐射
— 伟大蛇彭特魂狩
— 三连击",叠加上限：1,,,assets/images/资源材料/完美武器--f58ef804d3.png,原版图鉴,fake_icon_blue_weapon
每日消息,Daily News,未标注,,关于游荡者通行证第3赛季的详情。,叠加上限：1,,当前档案有 102 条同名记录；可能来自不同场景、活动或难度，请比较基础属性。,assets/images/资源材料/每日消息--7938a65e56.png,原版图鉴,Info_mail_event_battlepass_3nd
独特盟友,Unique ally,未标注,,"你会得到列表中的一名盟友：
 — 罗曼诺夫上尉
 — 拉维奥夫人
 — 幽灵",叠加上限：1,,当前档案有 2 条同名记录；可能来自不同场景、活动或难度，请比较基础属性。,assets/images/资源材料/独特盟友--6727e0e2b2.png,原版图鉴,bank_third_gift_ally_group_1
独特盟友,Unique ally,未标注,,"你会得到列表中的一名盟友：
 — 安娜·帕夫洛娃博士
 — 安妮·史密斯
 — 森林女巫玛拉",叠加上限：1,,当前档案有 2 条同名记录；可能来自不同场景、活动或难度，请比较基础属性。,assets/images/资源材料/独特盟友--463eec79de.png,原版图鉴,bank_third_gift_ally_group_2
车辆零件,Vehicle Parts,未标注,,制造自行车的所有必要资源。如果你已经有一辆自行车，你将收到摩托车零件。,叠加上限：1,,,assets/images/资源材料/车辆零件--b2663de950.png,原版图鉴,icon_detail_transport
干燥油,Drying Oil,未标注,,用于木材的快速干燥处理，可提供保护并防止真菌生长。,叠加上限：20,,神秘的地下室；当前档案有 2 条同名记录；可能来自不同场景、活动或难度，请比较基础属性。；相关工作台：追踪者帽子,assets/images/资源材料/干燥油--c7f25663c3.png,原版图鉴,res_decor_labrador
狗粮,Dog Food,未标注,,为你的狗狗准备的营养干粮，含有大量碳水化合物、蛋白质和脂肪。,叠加上限：20,,当前档案有 3 条同名记录；可能来自不同场景、活动或难度，请比较基础属性。,assets/images/资源材料/狗粮--fe8bc900a5.png,原版图鉴,res_activator_decor_labrador_fake_5
狗粮,Dog Food,未标注,,为你的狗狗准备的营养干粮，含有大量碳水化合物、蛋白质和脂肪。,叠加上限：20,,当前档案有 3 条同名记录；可能来自不同场景、活动或难度，请比较基础属性。,assets/images/资源材料/狗粮--8be15bf63a.png,原版图鉴,res_activator_decor_labrador_fake_20
电力武器库,Electric Arsenal,未标注,,"你将获得一件列表中的物品：
— 黑帮电力步枪
— 雷鸣
— 火花步枪",叠加上限：1,,当前档案有 2 条同名记录；可能来自不同场景、活动或难度，请比较基础属性。,assets/images/资源材料/电力武器库--1c9ad6fe47.png,原版图鉴,bank_1_3_electro_gun_fake_icon
游荡者通行证等级,Strider's Pass Level,未标注,,提升通行证等级并收集奖励。,叠加上限：1,,当前档案有 3 条同名记录；可能来自不同场景、活动或难度，请比较基础属性。,assets/images/资源材料/游荡者通行证等级--a92dbc380f.png,原版图鉴,fake_icon_5_lvl_battlepass
游荡者通行证等级,Strider's Pass Level,未标注,,提升通行证等级并收集奖励。,叠加上限：1,,当前档案有 3 条同名记录；可能来自不同场景、活动或难度，请比较基础属性。,assets/images/资源材料/游荡者通行证等级--a92dbc380f.png,原版图鉴,fake_icon_10_lvl_battlepass
每日消息,Daily News,未标注,,关于春季节庆的信息。,叠加上限：1,,当前档案有 102 条同名记录；可能来自不同场景、活动或难度，请比较基础属性。,assets/images/资源材料/每日消息--7938a65e56.png,原版图鉴,Info_mail_Easter_54_sprint
每日消息,Daily News,未标注,,关于每周派系任务的详细信息。,叠加上限：1,,当前档案有 102 条同名记录；可能来自不同场景、活动或难度，请比较基础属性。,assets/images/资源材料/每日消息--7938a65e56.png,原版图鉴,Info_mail_event_faction_stopper
每日消息,Daily News,未标注,,暗区突破活动：详细信息。,叠加上限：1,,当前档案有 102 条同名记录；可能来自不同场景、活动或难度，请比较基础属性。,assets/images/资源材料/每日消息--7938a65e56.png,原版图鉴,Info_mail_event_dark_zone_54
每日消息,Daily News,未标注,,关于游荡者通行证第4赛季的详情。,叠加上限：1,,当前档案有 102 条同名记录；可能来自不同场景、活动或难度，请比较基础属性。,assets/images/资源材料/每日消息--7938a65e56.png,原版图鉴,Info_mail_event_battlepass_4nd
植物叶,Phytoleaf,未标注,,生产战斗兴奋剂所需的植物原材料。,叠加上限：20,,希望农场；相关工作台：镜头-2B面罩,assets/images/资源材料/植物叶--3b42fe2bbe.png,原版图鉴,res_from_Ferma_1
兴奋剂零件,Stimulator Parts,未标注,,在使用兴奋剂时，用消毒剂处理这些零件可以防止致病菌进入体内。,叠加上限：20,,作为完成方舟楼层的奖励。；相关工作台：安培,assets/images/资源材料/兴奋剂零件--29c0ee3d1f.png,原版图鉴,res_from_Ferma_2
笼子钥匙,Cage Key,未标注,,一把旧弹簧锁的钥匙。如果你不想让别人把你锁在某个地方，就应该把钥匙放在手边。,耐久：1；叠加上限：1,,当前档案有 3 条同名记录；可能来自不同场景、活动或难度，请比较基础属性。,assets/images/资源材料/地下室钥匙--4d6beeb99e.png,原版图鉴,event_racketeer_siege_cage_key
常规游荡者通行证,Regular Strider's Pass,未标注,,常规通行证：您可以领取您的通行证等级允许的所有被阻止的奖励。,叠加上限：1,,当前档案有 2 条同名记录；可能来自不同场景、活动或难度，请比较基础属性。,assets/images/资源材料/常规游荡者通行证--2a1963cb6a.png,原版图鉴,fake_icon_prem_battlepass
哈莉的图片,Picture of Harley,未标注,,一张被遣散的盟友的旧照片。对替换他的人来说很有用。,,,出现场景：Старая остановка,assets/images/资源材料/哈莉的图片--1022ec7233.png,原版图鉴,res_Token_Mishon
常规游荡者通行证,Regular Strider's Pass,未标注,,常规通行证：您可以领取您的通行证等级允许的所有被阻止的奖励。,叠加上限：1,,当前档案有 2 条同名记录；可能来自不同场景、活动或难度，请比较基础属性。,assets/images/资源材料/常规游荡者通行证--4effef083e.png,原版图鉴,fake_icon_skip_ad
每日消息,Daily News,未标注,,有关希望农场的详细信息。,叠加上限：1,,当前档案有 102 条同名记录；可能来自不同场景、活动或难度，请比较基础属性。,assets/images/资源材料/每日消息--7938a65e56.png,原版图鉴,Info_mail_event_farmhope_55
装备起来,Gearing Up,未标注,,'+1快速栏位、食物，以及工具！,叠加上限：1,,,assets/images/资源材料/装备起来--6a09485dce.png,原版图鉴,fake_icon_podgotovki_k
送葬者戒指,Undertaker's Ring,未标注,,这些戒指是给那些发誓侍奉洛亚神之一的蛇彭特定居点的新成员的。可以在挑战中获得。可用来和兄弟会女商人进行交易。,,,在挑战奖励中；当前档案有 2 条同名记录；可能来自不同场景、活动或难度，请比较基础属性。；相关工作台：大型春季盒子,assets/images/资源材料/送葬者戒指--dadf7c0bc2.png,原版图鉴,token_lb_gravedigger_simple
萨梅迪仆从戒指,Samedi Servant's Ring,未标注,,"这枚戒指上装饰着一个由焦尸的骨头制成
的头骨，只能由洛亚神萨梅迪男爵最忠诚的仆从佩戴。可以在挑战中获得。可用来和兄弟会女商人交易。",,,在挑战奖励中；当前档案有 2 条同名记录；可能来自不同场景、活动或难度，请比较基础属性。；相关工作台：大型春季盒子,assets/images/资源材料/萨梅迪仆从戒指--98a5e3575c.png,原版图鉴,token_lb_gravedigger_elite
每日消息,Daily News,未标注,,有关萨梅迪收割的详细信息。,叠加上限：1,,当前档案有 102 条同名记录；可能来自不同场景、活动或难度，请比较基础属性。,assets/images/资源材料/每日消息--7938a65e56.png,原版图鉴,Info_mail_event_gravediggers_55
金丝桃的图片,Picture of Trapper,未标注,,一张被遣散的盟友的旧照片。对替换他的人来说很有用。,,,出现场景：Старая остановка,assets/images/资源材料/金丝桃的图片--0057becf3c.png,原版图鉴,res_Token_Hunter
每日消息,Daily News,未标注,,关于游荡者通行证第5赛季的详情。,叠加上限：1,,当前档案有 102 条同名记录；可能来自不同场景、活动或难度，请比较基础属性。,assets/images/资源材料/每日消息--7938a65e56.png,原版图鉴,Info_mail_event_battlepass_5
枢机主教铠甲套装,Cardinal's Armor set,未标注,,全套枢机主教铠甲可以增加15%的直接火焰/坟墓火焰伤害。它还能减轻来自狂腐士武器的减速，并增加来自这些武器的暴击率。,叠加上限：1,,,assets/images/防具装备/枢机主教头冠--aa80b80ecb.png,原版图鉴,fake_icon_set_cardinal
每日消息,Daily News,未标注,,关于寒冰行动和领地上新的小树林地区的详细信息。,叠加上限：1,,当前档案有 102 条同名记录；可能来自不同场景、活动或难度，请比较基础属性。,assets/images/资源材料/每日消息--7938a65e56.png,原版图鉴,Info_mail_event_grove_56
要塞兵团狗牌,Citadel Corps Dog Tag,未标注,,"金属狗牌上印着：铁木辛哥中士，
前哨，侦察员。",,,当前档案有 2 条同名记录；可能来自不同场景、活动或难度，请比较基础属性。,assets/images/资源材料/幸存者令牌--ab41c3f84a.png,原版图鉴,res_dogtag_quest_left
要塞兵团狗牌,Citadel Corps Dog Tag,未标注,,"金属狗牌上印着：库伦科夫列兵，
前哨，侦察员。",,,当前档案有 2 条同名记录；可能来自不同场景、活动或难度，请比较基础属性。,assets/images/资源材料/幸存者令牌--ab41c3f84a.png,原版图鉴,res_dogtag_quest_home
火龙卷图片,Flamespout Picture,未标注,,一张被遣散的盟友的旧照片。对替换他的人来说很有用。,,,出现场景：Старая остановка,assets/images/资源材料/火龙卷图片--5de3c62f00.png,原版图鉴,res_Token_double_fire_anomaly
箱子配件,Crate Accessories,未标注,,坚固的搭扣、优质的锁具和加固的箱角，保证了你制作的箱子可以安全存放战利品。,叠加上限：1,,当前档案有 2 条同名记录；可能来自不同场景、活动或难度，请比较基础属性。,assets/images/资源材料/箱子配件--6b24a30723.png,原版图鉴,fake_icon_container_15085
蜘蛛公爵的图片,Duke the Spider Picture,未标注,,一张被遣散的盟友的旧照片。对替换他的人来说很有用。,,,出现场景：Старая остановка,assets/images/资源材料/蜘蛛公爵的图片--11aec4edd2.png,原版图鉴,res_Token_double_Likvidator
每日消息,Daily News,未标注,,关于游荡者通行证第6赛季的详情。,叠加上限：1,,当前档案有 102 条同名记录；可能来自不同场景、活动或难度，请比较基础属性。,assets/images/资源材料/每日消息--7938a65e56.png,原版图鉴,Info_mail_event_battlepass_6
每日消息,Daily News,未标注,,关于钢鹰行动的详细信息,叠加上限：1,,当前档案有 102 条同名记录；可能来自不同场景、活动或难度，请比较基础属性。,assets/images/资源材料/每日消息--7938a65e56.png,原版图鉴,Info_mail_event_4july_57
每日消息,Daily News,未标注,,关于D.O.Z.周年纪念的详细信息,叠加上限：1,,当前档案有 102 条同名记录；可能来自不同场景、活动或难度，请比较基础属性。,assets/images/资源材料/每日消息--7938a65e56.png,原版图鉴,Info_mail_event_dr_doz_2023
普罗米修斯CHAP-C的图片,Picture of Prometheus CHAP-C,未标注,,一张被遣散的盟友的旧照片。对替换他的人来说很有用。,,,出现场景：Старая остановка,assets/images/资源材料/普罗米修斯CHAP-C的图片--aced22acda.png,原版图鉴,res_Token_4ap
钥匙串,Bunch of Keys,未标注,,食人秃鹫关押俘虏的笼子的一串旧钥匙。,耐久：1；叠加上限：1,,,assets/images/资源材料/笼子钥匙--933bbcd53b.png,原版图鉴,event_vultures_camp_cage_key
气罐,Gas Can,未标注,,某些车辆和设备的必需品。,耐久：1；叠加上限：1,,当前档案有 2 条同名记录；可能来自不同场景、活动或难度，请比较基础属性。,assets/images/资源材料/气罐--b4c484fb3f.png,原版图鉴,event_vultures_camp_canister
A.I.S.T.型防御者的图片,Picture of A.I.S.T.-M Defender,未标注,,一张被遣散的盟友的旧照片。对替换他的人来说很有用。,,,出现场景：Старая остановка,assets/images/资源材料/A.I.S.T.型防御者的图片--a066babb84.png,原版图鉴,res_Token_double_support_dron
龙爪的图片,Picture of Dragon's Claw,未标注,,一张被遣散的盟友的旧照片。对替换他的人来说很有用。,,,出现场景：Старая остановка,assets/images/资源材料/龙爪的图片--3d592227cf.png,原版图鉴,res_Token_Triad
每日消息,Daily News,未标注,,关于游荡者通行证第7赛季的详情。,叠加上限：1,,当前档案有 102 条同名记录；可能来自不同场景、活动或难度，请比较基础属性。,assets/images/资源材料/每日消息--7938a65e56.png,原版图鉴,Info_mail_event_battlepass_7
加速,Acceleration,未标注,,根据兄弟会图书管理员的说法，这件神器来自于一种未知的电力异象，秃鹫在伊斯克拉站崇拜这种异象。,,,秃鹫巢穴；当前档案有 2 条同名记录；可能来自不同场景、活动或难度，请比较基础属性。；相关工作台：暗黑游荡者背囊Mk.1,assets/images/资源材料/加速--14fce52b63.png,原版图鉴,token_moto_danj
每日消息,Daily News,未标注,,有关黑帮的回归活动的详细信息。,叠加上限：1,,当前档案有 102 条同名记录；可能来自不同场景、活动或难度，请比较基础属性。,assets/images/资源材料/每日消息--7938a65e56.png,原版图鉴,Info_mail_event_return_of_the_Triad_59_sprint
黑暗守护者伊瓦尔的图片,Picture of Ivar the Dark Guardian,未标注,,一张被遣散的盟友的旧照片。对替换他的人来说很有用。,,,出现场景：Старая остановка,assets/images/资源材料/黑暗守护者伊瓦尔的图片--2f28ef0fc7.png,原版图鉴,res_Token_shaman
每日消息,Daily News,未标注,,有关秃鹫巢穴的详细信息。,叠加上限：1,,当前档案有 102 条同名记录；可能来自不同场景、活动或难度，请比较基础属性。,assets/images/资源材料/每日消息--7938a65e56.png,原版图鉴,Info_mail_event_vultures_59_sprint
每日消息,Daily News,未标注,,关于游荡者通行证第8赛季的详情。,叠加上限：1,,当前档案有 102 条同名记录；可能来自不同场景、活动或难度，请比较基础属性。,assets/images/资源材料/每日消息--7938a65e56.png,原版图鉴,Info_mail_event_battlepass_60_sprint
每日消息,Daily News,未标注,,暗区突破活动：详细信息。,叠加上限：1,,当前档案有 102 条同名记录；可能来自不同场景、活动或难度，请比较基础属性。,assets/images/资源材料/每日消息--7938a65e56.png,原版图鉴,Info_mail_event_darkzone_60_sprint
核辉光先知的图片,Picture of the Prophet of the Shining,未标注,,一张被遣散的盟友的旧照片。对替换他的人来说很有用。,,,出现场景：Старая остановка,assets/images/资源材料/核辉光先知的图片--c8e1658bf8.png,原版图鉴,res_Token_kardinal
丹巴拉龙卷风的图片,Picture of Damballah's Tornado,未标注,,一张被遣散的盟友的旧照片。对替换他的人来说很有用。,,,出现场景：Старая остановка,assets/images/资源材料/丹巴拉龙卷风的图片--0586a0ce48.png,原版图鉴,res_Token_double_acid_anomaly
每日消息,Daily News,未标注,,狂腐士入侵活动：详细信息。,叠加上限：1,,当前档案有 102 条同名记录；可能来自不同场景、活动或难度，请比较基础属性。,assets/images/资源材料/每日消息--7938a65e56.png,原版图鉴,Info_mail_event_decayers_60_sprint
每日消息,Daily News,未标注,,关于游荡者通行证第9赛季的详情。,叠加上限：1,,当前档案有 102 条同名记录；可能来自不同场景、活动或难度，请比较基础属性。,assets/images/资源材料/每日消息--7938a65e56.png,原版图鉴,Info_mail_event_battlepass_61_sprint
狂腐士钥匙,Decayers' Keys,未标注,,用于在全局活动期间解锁狂腐士货物。,叠加上限：1,,当前档案有 4 条同名记录；可能来自不同场景、活动或难度，请比较基础属性。,assets/images/资源材料/狂腐士钥匙--a892f0d28d.png,原版图鉴,bank_keys_raspadniki_kopilka_15
狂腐士钥匙,Decayers' Keys,未标注,,用于在全局活动期间解锁狂腐士货物。,叠加上限：1,,当前档案有 4 条同名记录；可能来自不同场景、活动或难度，请比较基础属性。,assets/images/资源材料/狂腐士钥匙--a892f0d28d.png,原版图鉴,bank_keys_raspadniki_kopilka_20
狂腐士钥匙,Decayers' Keys,未标注,,用于在全局活动期间解锁狂腐士货物。,叠加上限：1,,当前档案有 4 条同名记录；可能来自不同场景、活动或难度，请比较基础属性。,assets/images/资源材料/狂腐士钥匙--a892f0d28d.png,原版图鉴,bank_keys_raspadniki_kopilka_30
狂腐士钥匙,Decayers' Keys,未标注,,用于在全局活动期间解锁狂腐士货物。,叠加上限：1,,当前档案有 4 条同名记录；可能来自不同场景、活动或难度，请比较基础属性。,assets/images/资源材料/狂腐士钥匙--a892f0d28d.png,原版图鉴,bank_keys_raspadniki_kopilka_60
每日消息,Daily News,未标注,,有关万圣节的详细信息。,叠加上限：1,,当前档案有 102 条同名记录；可能来自不同场景、活动或难度，请比较基础属性。,assets/images/资源材料/每日消息--7938a65e56.png,原版图鉴,Info_mail_event_halloween_61_sprint
A.I.S.T.型阿瑞斯的图片,Picture of A.I.S.T.-M Ares,未标注,,一张被遣散的盟友的旧照片。对替换他的人来说很有用。,,,出现场景：Старая остановка,assets/images/资源材料/A.I.S.T.型阿瑞斯的图片--f2117ada42.png,原版图鉴,res_Token_double_fight_dron
每日消息,Daily News,未标注,,关于游荡者通行证第10赛季的详情。,叠加上限：1,,当前档案有 102 条同名记录；可能来自不同场景、活动或难度，请比较基础属性。,assets/images/资源材料/每日消息--7938a65e56.png,原版图鉴,Info_mail_event_battlepass_62_sprint
每日消息,Daily News,未标注,,关于钢鹰行动的详细信息,叠加上限：1,,当前档案有 102 条同名记录；可能来自不同场景、活动或难度，请比较基础属性。,assets/images/资源材料/每日消息--7938a65e56.png,原版图鉴,Info_mail_event_4july_62
游荡者圣诞老人的图片,Picture of Strider Santa,未标注,,一张被遣散的盟友的旧照片。对替换他的人来说很有用。,,,出现场景：Старая остановка,assets/images/资源材料/游荡者圣诞老人的图片--ca1babe802.png,原版图鉴,res_Token_santa
要拆解的物品,Item for disassembly,未标注,,将要拆解的物品放到该栏位中。,,,,assets/images/资源材料/要拆解的物品--c3f534ff35.png,原版图鉴,Disassemble_fakeicon_slot_1
工具,Tools,未标注,,为用于生产的工具而设的栏位。,,,,assets/images/资源材料/工具--04ef216c07.png,原版图鉴,Disassemble_fakeicon_slot_2
斗牛犬迈克中士的图片,Picture of Sergeant Mike the Bulldog,未标注,,一张被遣散的盟友的旧照片。对替换他的人来说很有用。,,,出现场景：Старая остановка,assets/images/资源材料/斗牛犬迈克中士的图片--a71879bdde.png,原版图鉴,res_Token_nato
备用零件,Spare Parts,未标注,,经验丰富的游荡者可以在兄弟会中间人那里用宝贵的零件换取更好的武器和装备。你可以在拆解常见物品时得到这些零件。,叠加上限：1,,,assets/images/资源材料/能量块--4581a84736.png,原版图鉴,icon_fake_grey_token
稀有领地资源,Rare Territory Resources,未标注,,你将获得无法自己制作的资源。,叠加上限：1,,,assets/images/资源材料/稀有领地资源--6aeac7feab.png,原版图鉴,icon_fake_rare_res
领地资源,Territory Resources,未标注,,你将获得可以自己制作或在领地中找到的资源。,叠加上限：1,,,assets/images/资源材料/领地资源--fa663e85ee.png,原版图鉴,icon_fake_craft_token
1级拆解工作台蓝图,Lvl 1 Disassembly Workbench Blueprint,未标注,,组装工作台的蓝图和手册，该工作台可拆解武器和其他装备。签名：尤·格,叠加上限：20,,出现场景：附身者竞技场；出现场景：寂静树丛,assets/images/资源材料/1级拆解工作台蓝图--40627647ce.png,原版图鉴,unique_res_craft_disassemble_1
2级拆解工作台蓝图,Lvl 2 Disassembly Workbench Blueprints,未标注,,升级工作台的蓝图和手册，该工作台可拆解武器和其他装备。签名：尤·格,叠加上限：20,,废弃避难所等级2,assets/images/资源材料/2级拆解工作台蓝图--fa3f7c7e9e.png,原版图鉴,unique_res_craft_disassemble_2
3级拆解工作台蓝图,Lvl 3 Disassembly Workbench Blueprints,未标注,,升级工作台的蓝图和手册，该工作台可拆解武器和其他装备。签名：尤·格,叠加上限：20,,出现场景：节日营地；相关工作台：萨梅迪巫师,assets/images/资源材料/3级拆解工作台蓝图--ac497ae812.png,原版图鉴,unique_res_craft_disassemble_3
每日消息,Daily News,未标注,,有关2024年新年活动的详细信息。,叠加上限：1,,当前档案有 102 条同名记录；可能来自不同场景、活动或难度，请比较基础属性。,assets/images/资源材料/每日消息--7938a65e56.png,原版图鉴,Info_mail_event_new_year_63
游荡者圣诞老人碎片,Strider Santa Fragment,未标注,,找到200个碎片并将它们组合起来以获得盟友。,叠加上限：1,,,assets/images/随从/游荡者圣诞老人--fa7f3f13bc.png,原版图鉴,icon_set_fragments_moroz
每日消息,Daily News,未标注,,关于游荡者通行证第11赛季的详情。,叠加上限：1,,当前档案有 102 条同名记录；可能来自不同场景、活动或难度，请比较基础属性。,assets/images/资源材料/每日消息--7938a65e56.png,原版图鉴,Info_mail_event_battlepass_63_sprint
减气装置,Gas Reduction Device,未标注,,将丙烷平稳、连续地送入气瓶。,叠加上限：20,,完成老头子的剧情任务的奖励。；当前档案有 2 条同名记录；可能来自不同场景、活动或难度，请比较基础属性。；相关工作台：萨梅迪巫师,assets/images/资源材料/减气装置--96cc17b66d.png,原版图鉴,unique_res_craft_disassemble_0
每日消息,Daily News,未标注,,更多关于新异常区：水泵站。,叠加上限：1,,当前档案有 102 条同名记录；可能来自不同场景、活动或难度，请比较基础属性。,assets/images/资源材料/每日消息--7938a65e56.png,原版图鉴,Info_mail_event_sewers_63_sprint
血腥种子,Bloody Seeds,未标注,,与仓库中的变异病源传播有关的神器。,,,在水泵站下方下水道的鼠王那里。；当前档案有 2 条同名记录；可能来自不同场景、活动或难度，请比较基础属性。,assets/images/资源材料/血腥种子--b171b5d9cf.png,原版图鉴,token_moto_danj_kk
黑暗幽灵的图片,Picture of Dark Ghost,未标注,,一张被遣散的盟友的旧照片。对替换他的人来说很有用。,,,出现场景：Старая остановка；当前档案有 3 条同名记录；可能来自不同场景、活动或难度，请比较基础属性。,assets/images/资源材料/黑暗幽灵的图片--c24ee8e0e9.png,原版图鉴,res_Token_double_snaip_tz
炎龙的图片,Picture of Fire Dragon,未标注,,一张被遣散的盟友的旧照片。对替换他的人来说很有用。,,,出现场景：Старая остановка,assets/images/资源材料/炎龙的图片--5a42552065.png,原版图鉴,res_Token_double_kng
每日消息,Daily News,未标注,,关于游荡者通行证第12赛季的详情。,叠加上限：1,,当前档案有 102 条同名记录；可能来自不同场景、活动或难度，请比较基础属性。,assets/images/资源材料/每日消息--7938a65e56.png,原版图鉴,Info_mail_event_battlepass_64_sprint
每日消息,Daily News,未标注,,有关春节活动的详细信息。,叠加上限：1,,当前档案有 102 条同名记录；可能来自不同场景、活动或难度，请比较基础属性。,assets/images/资源材料/每日消息--7938a65e56.png,原版图鉴,Info_mail_event_chinese_ny
昂贡伏都教巫师的图片,Picture of Ongun Bokor,未标注,,一张被遣散的盟友的旧照片。对替换他的人来说很有用。,,,出现场景：Старая остановка,assets/images/资源材料/昂贡伏都教巫师的图片--22ec466c3e.png,原版图鉴,res_Token_double_bokor
每日消息,Daily News,未标注,,暗区突破活动：详细信息。,叠加上限：1,,当前档案有 102 条同名记录；可能来自不同场景、活动或难度，请比较基础属性。,assets/images/资源材料/每日消息--7938a65e56.png,原版图鉴,Info_mail_event_dark_zone_65
每日消息,Daily News,未标注,,关于春季节庆的信息。,叠加上限：1,,当前档案有 102 条同名记录；可能来自不同场景、活动或难度，请比较基础属性。,assets/images/资源材料/每日消息--7938a65e56.png,原版图鉴,event_easter_Info_mail_66
每日消息,Daily News,未标注,,关于游荡者通行证第13赛季的详情。,叠加上限：1,,当前档案有 102 条同名记录；可能来自不同场景、活动或难度，请比较基础属性。,assets/images/资源材料/每日消息--7938a65e56.png,原版图鉴,Info_mail_event_battlepass_65_sprint
游荡者电击者的图片,Picture of Strider Shocker,未标注,,一张被遣散的盟友的旧照片。对替换他的人来说很有用。,,,出现场景：Старая остановка,assets/images/资源材料/游荡者电击者的图片--459fc64397.png,原版图鉴,res_Token_double_rabbithead
格罗莫夫上士的图片,Picture of Staff Sergeant Gromov,未标注,,一张被遣散的盟友的旧照片。对替换他的人来说很有用。,,,出现场景：Старая остановка,assets/images/资源材料/格罗莫夫上士的图片--d3313590ad.png,原版图鉴,res_Token_oplotovec
每日消息,Daily News,未标注,,关于游荡者通行证第14赛季的详情。,叠加上限：1,,当前档案有 102 条同名记录；可能来自不同场景、活动或难度，请比较基础属性。,assets/images/资源材料/每日消息--7938a65e56.png,原版图鉴,Info_mail_event_battlepass_67_sprint
血球异象的图片,Picture of Hemosphere Aberration,未标注,,一张被遣散的盟友的旧照片。对替换他的人来说很有用。,,,出现场景：Старая остановка,assets/images/资源材料/血球异象的图片--7ed6ecbce8.png,原版图鉴,res_Token_double_blood_anomaly
每日消息,Daily News,未标注,,有关萨梅迪收割的详细信息。,叠加上限：1,,当前档案有 102 条同名记录；可能来自不同场景、活动或难度，请比较基础属性。,assets/images/资源材料/每日消息--7938a65e56.png,原版图鉴,Info_mail_event_68_gravediggers
共生武器,Symbiotic weapon,未标注,,"你将获得列表中的所有物品：
— 血腥AK
— 南十字星步枪
— 撕裂散弹枪",叠加上限：1,,,assets/images/资源材料/列表中的一件武器--321540ff9f.png,原版图鉴,fake_icon_container_hgoul_weapon
每日消息,Daily News,未标注,,关于游荡者通行证第15赛季的详情。,叠加上限：1,,当前档案有 102 条同名记录；可能来自不同场景、活动或难度，请比较基础属性。,assets/images/资源材料/每日消息--7938a65e56.png,原版图鉴,Info_mail_event_battlepass_69_sprint
每日消息,Daily News,未标注,,狂腐士入侵活动：详细信息。,叠加上限：1,,当前档案有 102 条同名记录；可能来自不同场景、活动或难度，请比较基础属性。,assets/images/资源材料/每日消息--7938a65e56.png,原版图鉴,Info_mail_event_decayers_70_sprint
坪瑟的图片,Picture of Pincer,未标注,,一张被遣散的盟友的旧照片。对替换他的人来说很有用。,,,出现场景：Старая остановка,assets/images/资源材料/坪瑟的图片--6caa513f4c.png,原版图鉴,res_Token_double_kleshnyz
每日消息,Daily News,未标注,,关于寒冰行动的详细信息,叠加上限：1,,当前档案有 102 条同名记录；可能来自不同场景、活动或难度，请比较基础属性。,assets/images/资源材料/每日消息--7938a65e56.png,原版图鉴,Info_mail_event_icecargo_71_sprint
专家工具,Specialist's Tools,未标注,,用于修理专家铠甲。,叠加上限：50,,出现场景：刽子手巢穴；出现场景：铁荒原；当前档案有 2 条同名记录；可能来自不同场景、活动或难度，请比较基础属性。,assets/images/资源材料/专家工具--861345e401.png,原版图鉴,box_for_fix_armor_purple
每日消息,Daily News,未标注,,关于游荡者通行证第16赛季的详情。,叠加上限：1,,当前档案有 102 条同名记录；可能来自不同场景、活动或难度，请比较基础属性。,assets/images/资源材料/每日消息--7938a65e56.png,原版图鉴,Info_mail_event_battlepass_71_sprint
凯蒂·史密斯的图片,Picture of Candy Smith,未标注,,一张被遣散的盟友的旧照片。对替换他的人来说很有用。,,,出现场景：Старая остановка,assets/images/资源材料/凯蒂·史密斯的图片--b2d646090a.png,原版图鉴,res_Token_cowboysha2
每日消息,Daily News,未标注,,关于钢鹰行动的详细信息,叠加上限：1,,当前档案有 102 条同名记录；可能来自不同场景、活动或难度，请比较基础属性。,assets/images/资源材料/每日消息--7938a65e56.png,原版图鉴,Info_mail_event_4july_72
电子异象的图片,Picture of Electron Aberration,未标注,,一张被遣散的盟友的旧照片。对替换他的人来说很有用。,,,出现场景：Старая остановка,assets/images/资源材料/电子异象的图片--d8348d0781.png,原版图鉴,res_Token_double_electro_anomaly
A.I.S.T.型拦截者的图片,Picture of A.I.S.T.-M Interceptor,未标注,,一张被遣散的盟友的旧照片。对替换他的人来说很有用。,,,出现场景：Старая остановка,assets/images/资源材料/A.I.S.T.型拦截者的图片--20af7485a9.png,原版图鉴,res_Token_double_laser_dron
每日消息,Daily News,未标注,,关于游荡者通行证第17赛季的详情。,叠加上限：1,,当前档案有 102 条同名记录；可能来自不同场景、活动或难度，请比较基础属性。,assets/images/资源材料/每日消息--7938a65e56.png,原版图鉴,Info_mail_event_battlepass_73_sprint
黑暗幽灵的图片,Picture of Dark Ghost,未标注,,一张被遣散的盟友的旧照片。对替换他的人来说很有用。,,,出现场景：Старая остановка；当前档案有 3 条同名记录；可能来自不同场景、活动或难度，请比较基础属性。,assets/images/资源材料/黑暗幽灵的图片--3ac3b1fb71.png,原版图鉴,res_Token_double_sniper
每日消息,Daily News,未标注,,关于D.O.Z.周年纪念的详细信息,叠加上限：1,,当前档案有 102 条同名记录；可能来自不同场景、活动或难度，请比较基础属性。,assets/images/资源材料/每日消息--7938a65e56.png,原版图鉴,Info_mail_event_dr_doz_2024
黑暗幽灵的图片,Picture of Dark Ghost,未标注,,一张被遣散的盟友的旧照片。对替换他的人来说很有用。,,,出现场景：Старая остановка；当前档案有 3 条同名记录；可能来自不同场景、活动或难度，请比较基础属性。,assets/images/资源材料/能量块--4581a84736.png,原版图鉴,res_Token_double_atomic_inquisitor
每日消息,Daily News,未标注,,有关黑帮的回归活动的详细信息。,叠加上限：1,,当前档案有 102 条同名记录；可能来自不同场景、活动或难度，请比较基础属性。,assets/images/资源材料/每日消息--7938a65e56.png,原版图鉴,Info_mail_event_return_of_the_Triad_74_sprint
老头子的蓝图,Gaffer's Blueprints,未标注,,内有关于自制木偶的说明。签名：尤·格。,叠加上限：20,,在被烧毁的餐厅完成剧情任务；相关工作台：博格丹的第六张纸条,assets/images/资源材料/老头子的蓝图--2961448163.png,原版图鉴,unique_res_craft_mannequin
每日消息,Daily News,未标注,,游荡者通行证森林赛季详细信息。,叠加上限：1,,当前档案有 102 条同名记录；可能来自不同场景、活动或难度，请比较基础属性。,assets/images/资源材料/每日消息--7938a65e56.png,原版图鉴,Info_mail_event_battlepass_forest
每日消息,Daily News,未标注,,暗区突破活动：详细信息。,叠加上限：1,,当前档案有 102 条同名记录；可能来自不同场景、活动或难度，请比较基础属性。,assets/images/资源材料/每日消息--7938a65e56.png,原版图鉴,Info_mail_event_dark_zone_75
每日消息,Daily News,未标注,,游荡者通行证研究所赛季详细信息。,叠加上限：1,,当前档案有 102 条同名记录；可能来自不同场景、活动或难度，请比较基础属性。,assets/images/资源材料/每日消息--7938a65e56.png,原版图鉴,Info_mail_event_BP_Institute_76
每日消息,Daily News,未标注,,游荡者通行证狂腐士赛季详细信息。,叠加上限：1,,当前档案有 102 条同名记录；可能来自不同场景、活动或难度，请比较基础属性。,assets/images/资源材料/每日消息--7938a65e56.png,原版图鉴,Info_mail_event_BP_decayers
专家工具,Specialist's Tools,未标注,,用于修理专家铠甲。,叠加上限：50,,出现场景：刽子手巢穴；出现场景：铁荒原；当前档案有 2 条同名记录；可能来自不同场景、活动或难度，请比较基础属性。,assets/images/资源材料/专家工具--861345e401.png,原版图鉴,box_for_fix_purple_armor_ico_repair
每日消息,Daily News,未标注,,游荡者通行证送葬者赛季详细信息。,叠加上限：1,,当前档案有 102 条同名记录；可能来自不同场景、活动或难度，请比较基础属性。,assets/images/资源材料/每日消息--7938a65e56.png,原版图鉴,Info_mail_event_BP_undertakers
每日消息,Daily News,未标注,,游荡者通行证兄弟会赛季详细信息。,叠加上限：1,,当前档案有 102 条同名记录；可能来自不同场景、活动或难度，请比较基础属性。,assets/images/资源材料/每日消息--7938a65e56.png,原版图鉴,Info_mail_event_BP_brotherhood
每日消息,Daily News,未标注,,游荡者通行证鹰队赛季详细信息。,叠加上限：1,,当前档案有 102 条同名记录；可能来自不同场景、活动或难度，请比较基础属性。,assets/images/资源材料/每日消息--7938a65e56.png,原版图鉴,Info_mail_event_BP_hawks
每日消息,Daily News,未标注,,游荡者通行证的要塞兵团赛季的详细信息。,叠加上限：1,,当前档案有 102 条同名记录；可能来自不同场景、活动或难度，请比较基础属性。,assets/images/资源材料/每日消息--7938a65e56.png,原版图鉴,Info_mail_event_BP_citadel
每日消息,Daily News,未标注,,游荡者通行证食尸鬼赛季详细信息。,叠加上限：1,,当前档案有 102 条同名记录；可能来自不同场景、活动或难度，请比较基础属性。,assets/images/资源材料/每日消息--7938a65e56.png,原版图鉴,Info_mail_event_BP_warehouse
每日消息,Daily News,未标注,,游荡者通行证暗区赛季详细信息。,叠加上限：1,,当前档案有 102 条同名记录；可能来自不同场景、活动或难度，请比较基础属性。,assets/images/资源材料/每日消息--7938a65e56.png,原版图鉴,Info_mail_event_BP_darkzone
每日消息,Daily News,未标注,,游荡者通行证庆典赛季详细信息。,叠加上限：1,,当前档案有 102 条同名记录；可能来自不同场景、活动或难度，请比较基础属性。,assets/images/资源材料/每日消息--7938a65e56.png,原版图鉴,Info_mail_event_BP_birthday
每日消息,Daily News,未标注,,关于D.O.Z.周年纪念的详细信息,叠加上限：1,,当前档案有 102 条同名记录；可能来自不同场景、活动或难度，请比较基础属性。,assets/images/资源材料/每日消息--7938a65e56.png,原版图鉴,Info_mail_event_birthday
每日消息,Daily News,未标注,,有关年新年活动的详细信息。,叠加上限：1,,当前档案有 102 条同名记录；可能来自不同场景、活动或难度，请比较基础属性。,assets/images/资源材料/每日消息--7938a65e56.png,原版图鉴,Info_mail_event_newyear
