名称,英文名称,品质,类型,说明,基础属性,特殊能力,来源提示,图片文件,图片类型
金条,Gold Bars,未标注,货币与活动代币,在领地价值连城。,,,,assets/images/其他物品/金条--101e2357df.png,原版图鉴
瑞弗特,Riveter,未标注,人物与商人,,基础生命：450；储物栏位：10；移动速度（配置）：4.5,,当前档案有 7 条同名记录；可能来自不同场景、活动或难度，请比较基础属性。,,暂缺
农夫,Farmer,未标注,人物与商人,,基础生命：450；储物栏位：10；移动速度（配置）：4.5,,当前档案有 6 条同名记录；可能来自不同场景、活动或难度，请比较基础属性。,,暂缺
Наладонник выжившего,Наладонник выжившего,未标注,笔记与线索,Содержит крайне важное сообщение.,叠加上限：1,,,assets/images/其他物品/Наладонник выжившего--1ad44baa2f.png,原版图鉴
Разыскивается: Резчик,Разыскивается: Резчик,未标注,笔记与线索,Листовка с наградой за убийство бандита.,叠加上限：1,,,assets/images/其他物品/Разыскивается_ Резчик--4bdb703eab.png,原版图鉴
Разыскивается: Мерк,Разыскивается: Мерк,未标注,笔记与线索,Листовка с наградой за убийство бандита.,叠加上限：1,,,assets/images/其他物品/Разыскивается_ Резчик--4bdb703eab.png,原版图鉴
Разыскивается: Худ,Разыскивается: Худ,未标注,笔记与线索,Листовка с наградой за убийство бандита.,叠加上限：1,,,assets/images/其他物品/Разыскивается_ Резчик--4bdb703eab.png,原版图鉴
家长来信,Letter from parents,未标注,笔记与线索,写在优质纸张上。,叠加上限：1,,,assets/images/其他物品/家长来信--8ff5169e26.png,原版图鉴
载有信息的冻结手机,Frozen phone with news,未标注,笔记与线索,不知怎的， 电池没坏。,叠加上限：1,,,assets/images/其他物品/载有信息的冻结手机--77fc869848.png,原版图鉴
给朋友的信息,Messages to a friend,未标注,笔记与线索,可以在破碎的屏幕上看到信息。,叠加上限：1,,,assets/images/其他物品/载有信息的冻结手机--77fc869848.png,原版图鉴
确定,Acknowledgement,未标注,笔记与线索,这张纸由于年代久远， 几乎已经化为尘土。,叠加上限：1,,,assets/images/其他物品/家长来信--8ff5169e26.png,原版图鉴
青少年日记页,Teenager's diary page,未标注,笔记与线索,这张纸由于年代久远， 几乎已经化为尘土。,叠加上限：1,,,assets/images/其他物品/家长来信--8ff5169e26.png,原版图鉴
手机,Phone,未标注,笔记与线索,可以在破碎的屏幕上看到信息。,叠加上限：1,,当前档案有 3 条同名记录；可能来自不同场景、活动或难度，请比较基础属性。,assets/images/其他物品/载有信息的冻结手机--77fc869848.png,原版图鉴
手机,Phone,未标注,笔记与线索,可以在破碎的屏幕上看到信息。,叠加上限：1,,当前档案有 3 条同名记录；可能来自不同场景、活动或难度，请比较基础属性。,assets/images/其他物品/载有信息的冻结手机--77fc869848.png,原版图鉴
旧购物清单,Old shopping list,未标注,笔记与线索,每一项都划掉了 。,叠加上限：1,,,assets/images/其他物品/家长来信--8ff5169e26.png,原版图鉴
手机,Phone,未标注,笔记与线索,可以在破碎的屏幕上看到信息。,叠加上限：1,,当前档案有 3 条同名记录；可能来自不同场景、活动或难度，请比较基础属性。,assets/images/其他物品/载有信息的冻结手机--77fc869848.png,原版图鉴
站长笔记,Station master's notes,未标注,笔记与线索,站长日记的碎片。,叠加上限：1,,,assets/images/其他物品/家长来信--8ff5169e26.png,原版图鉴
语音消息,Voice mail messages,未标注,笔记与线索,你可以把它们下载到你的 PDA上。,叠加上限：1,,,assets/images/其他物品/语音消息--27563b81ca.png,原版图鉴
友情提示,Friendly note,未标注,笔记与线索,不清楚是寄给谁的 。,叠加上限：1,,,assets/images/其他物品/家长来信--8ff5169e26.png,原版图鉴
士兵的回忆录,Soldier's memoirs,未标注,笔记与线索,字迹非常颤抖。,叠加上限：1,,,assets/images/其他物品/家长来信--8ff5169e26.png,原版图鉴
录音,Voice recording,未标注,笔记与线索,你可以把它们下载到你的 PDA上。,叠加上限：1,,,assets/images/其他物品/语音消息--27563b81ca.png,原版图鉴
乐透彩票,Lottery ticket,未标注,笔记与线索,有些字母仍然可以辨认。,叠加上限：1,,当前档案有 29 条同名记录；可能来自不同场景、活动或难度，请比较基础属性。,assets/images/其他物品/家长来信--8ff5169e26.png,原版图鉴
学生传单碎片,Fragment of school student's leaflet,未标注,笔记与线索,这一页是从一本小册子上小心翼翼撕下来的， 似乎小册子的主人想要保留它。,叠加上限：1,,,assets/images/其他物品/家长来信--8ff5169e26.png,原版图鉴
绝望的提示,Desperate note,未标注,笔记与线索,作者不详。,叠加上限：1,,,assets/images/其他物品/家长来信--8ff5169e26.png,原版图鉴
Отрывок дневника,Отрывок дневника,未标注,笔记与线索,"Лист бумаги, вырванный из чьего-то дневника.",叠加上限：1,,,assets/images/其他物品/家长来信--8ff5169e26.png,原版图鉴
Наладонник погибшего,Наладонник погибшего,未标注,笔记与线索,"Кажется, бродяжник оставил сообщение.",叠加上限：1,,,assets/images/其他物品/Наладонник выжившего--1ad44baa2f.png,原版图鉴
团队检查摘要,Group examination abstract,未标注,笔记与线索,PDA损坏严重。,叠加上限：1,,,assets/images/资源材料/PDA для взлома--d13dffe668.png,原版图鉴
重铸成锚？,Melt down to anchors?,未标注,笔记与线索,一张有河泥痕迹的纸。,叠加上限：1,,,assets/images/其他物品/家长来信--8ff5169e26.png,原版图鉴
商人福克斯的销售报告,Trader Fox's sales report,未标注,笔记与线索,用工整的小字写的 。,叠加上限：1,,,assets/images/其他物品/家长来信--8ff5169e26.png,原版图鉴
战前录音,Pre-war recording,未标注,笔记与线索,录音带上有奇怪的裂缝和噪音。,叠加上限：1,,当前档案有 2 条同名记录；可能来自不同场景、活动或难度，请比较基础属性。,assets/images/其他物品/战前录音--a930ebd544.png,原版图鉴
研究所劳动合同的一部分,Fragment of the Institute's labor contract,未标注,笔记与线索,只残留着部分文字。,叠加上限：1,,,assets/images/其他物品/家长来信--8ff5169e26.png,原版图鉴
战前日记,Pre-war diary,未标注,笔记与线索,字迹很孩子气。,叠加上限：1,,,assets/images/其他物品/家长来信--8ff5169e26.png,原版图鉴
战前录音,Pre-war recording,未标注,笔记与线索,磁带有点熔化了 。,叠加上限：1,,当前档案有 2 条同名记录；可能来自不同场景、活动或难度，请比较基础属性。,assets/images/其他物品/语音消息--27563b81ca.png,原版图鉴
逃兵审讯报告的片段,Fragment of a deserter interrogation report,未标注,笔记与线索,逃兵的证词。,叠加上限：1,,,assets/images/其他物品/家长来信--8ff5169e26.png,原版图鉴
给灾难酒吧的信件,Letter to Epicenter,未标注,笔记与线索,笔迹潦草， 看来游荡者在书写时极为匆忙。,叠加上限：1,,,assets/images/其他物品/家长来信--8ff5169e26.png,原版图鉴
为了玛丽亚,For Maria,未标注,笔记与线索,签名旁边画着一颗大大的心。,叠加上限：1,,,assets/images/其他物品/家长来信--8ff5169e26.png,原版图鉴
最后的录音,Last recording,未标注,笔记与线索,头部中枪的尸体， 手里拿着小录音机。,叠加上限：1,,,assets/images/其他物品/战前录音--a930ebd544.png,原版图鉴
坏了的发电机,Broken Generator,未标注,,坏了的战前发电机。 可能还有一些可用零件。,叠加上限：1,,事件： 伏击；相关工作台：罪恶焚化器,assets/images/其他物品/坏了的发电机--f7d315d44e.png,原版图鉴
UAZ越野车,UAZ,未标注,人物与商人,经历核战后， 全地形车状况比其他车辆要好。 UAZ越野车可以运输大量战利品。 你甚至可以驾驶它穿过泥点怪异象区。,基础生命：450；储物栏位：10；移动速度（配置）：4.5,,当前档案有 2 条同名记录；可能来自不同场景、活动或难度，请比较基础属性。,,暂缺
损坏的 UAZ越野车,Wrecked UAZ,未标注,,这辆越野车非常经久耐用。 它只是暂时没法发动。,叠加上限：1,,可以在小贩处交易,assets/images/其他物品/损坏的 UAZ越野车--db3fef4df5.png,原版图鉴
柴油发电机,Diesel Generator,未标注,,修复过的战前设备。 你需要它来启动一些工作台。,叠加上限：1,,可以被生产；相关工作台：残骸,assets/images/其他物品/柴油发电机--9d9799a0be.png,原版图鉴
瑞弗特,Riveter,未标注,人物与商人,,基础生命：450；储物栏位：10；移动速度（配置）：4.5,,当前档案有 7 条同名记录；可能来自不同场景、活动或难度，请比较基础属性。,,暂缺
指南针,Compass,未标注,,指南针在领地的异象磁场中疯狂地旋转。,叠加上限：20,,,assets/images/其他物品/指南针--19a2ff6cc2.png,原版图鉴
谢尔普的信,Sherp's letter,未标注,笔记与线索,背面标注： 瑞弗特， 别忘了把这个转交给我的朋友。,叠加上限：1,,,assets/images/其他物品/家长来信--8ff5169e26.png,原版图鉴
奇怪的录音机,Strange voice recorder,未标注,笔记与线索,一只秃鹫用这个录音机录下了他的信息。,叠加上限：1,,,assets/images/其他物品/战前录音--a930ebd544.png,原版图鉴
谢尔普的指导,Sherp's guidance,未标注,笔记与线索,作者知道他的信会被找到 。,叠加上限：1,,,assets/images/其他物品/家长来信--8ff5169e26.png,原版图鉴
朱尔,Jul,未标注,人物与商人,,基础生命：450；储物栏位：10；移动速度（配置）：4.5,,当前档案有 4 条同名记录；可能来自不同场景、活动或难度，请比较基础属性。,,暂缺
武器箱,Weapon Crate,未标注,宝箱与礼包,成功攻击敌方避难所的奖励。,叠加上限：1；恢复生命：0,,当前档案有 4 条同名记录；可能来自不同场景、活动或难度，请比较基础属性。,assets/images/其他物品/武器箱--1a33f27a74.png,原版图鉴
旧分类广告,Old classified ad,未标注,笔记与线索,背面有胶水的痕迹。 一定是粘在灯柱上过。,叠加上限：1,,,assets/images/其他物品/家长来信--8ff5169e26.png,原版图鉴
智能手机笔记,Smartphone note,未标注,笔记与线索,这个小工具的主人非常喜欢它。,叠加上限：1,,,assets/images/其他物品/载有信息的冻结手机--77fc869848.png,原版图鉴
Отрывок из воспоминаний выжившего,Отрывок из воспоминаний выжившего,未标注,笔记与线索,Образ девушки в записке кажется смутно знакомым...,叠加上限：1,,,assets/images/其他物品/家长来信--8ff5169e26.png,原版图鉴
Обрывок тетради,Обрывок тетради,未标注,笔记与线索,"Оторванная обложка толстой тетради, исписана мелким почерком.",叠加上限：1,,,assets/images/其他物品/家长来信--8ff5169e26.png,原版图鉴
Дневник Клепки (стр. 11),Дневник Клепки (стр. 11),未标注,笔记与线索,Бумага покрыта грязными отпечатками пальцев.,叠加上限：1,,,assets/images/其他物品/家长来信--8ff5169e26.png,原版图鉴
从尸体口袋里掏出的提示,Note from a dead man's pocket,未标注,笔记与线索,一张污迹斑斑、 皱巴巴的纸。,叠加上限：1,,,assets/images/其他物品/家长来信--8ff5169e26.png,原版图鉴
给瑞弗特的提示,Note for Riveter,未标注,笔记与线索,好像是房屋的主人写的 。,叠加上限：1,,,assets/images/其他物品/家长来信--8ff5169e26.png,原版图鉴
CHAP,CHAP,未标注,,"网络助手自动宠物。 
由高强度金属制造， 但它对主人的忠诚更强。",叠加上限：1,,,assets/images/建筑设施/CHAP--3dfa62f6e5.png,原版图鉴
UAZ越野车,UAZ,未标注,,经历核战后， 全地形车状况比其他车辆要好。 UAZ越野车可以运输大量战利品。 你甚至可以驾驶它穿过泥点怪异象区。,叠加上限：1,,当前档案有 2 条同名记录；可能来自不同场景、活动或难度，请比较基础属性。,assets/images/其他物品/UAZ越野车--ee638d2508.png,原版图鉴
Письмо стервятника Деду Морозу,Письмо стервятника Деду Морозу,未标注,笔记与线索,Окровавленный и изорванный лист бумаги.,叠加上限：1,,,assets/images/其他物品/家长来信--8ff5169e26.png,原版图鉴
瑞弗特,Riveter,未标注,人物与商人,,基础伤害：50–60；攻击间隔：0.73秒；攻击距离（配置）：0.4；基础生命：450；储物栏位：10；移动速度（配置）：4.5,,当前档案有 7 条同名记录；可能来自不同场景、活动或难度，请比较基础属性。,,暂缺
RADD,RADD,未标注,人物与商人,,,,当前档案有 3 条同名记录；可能来自不同场景、活动或难度，请比较基础属性。,,暂缺
莱科维奇,Lewkowicz,未标注,人物与商人,,基础生命：450；移动速度（配置）：4.5,,当前档案有 2 条同名记录；可能来自不同场景、活动或难度，请比较基础属性。,,暂缺
Гараж,Гараж,未标注,,Описание Гараж [y],叠加上限：1,,,assets/images/建筑设施/探照灯--b16107fd5d.png,原版图鉴
通往地下室的提示,Tip to a basement,未标注,笔记与线索,克里姆异象的坐标。,叠加上限：1,,,assets/images/其他物品/通往地下室的提示--9ae6e47c80.png,原版图鉴
隐士,Hermit,未标注,人物与商人,,基础生命：450；储物栏位：10；移动速度（配置）：4.5,,,,暂缺
加密提示,Coded Tip,未标注,笔记与线索,有加密提示和克里姆地图的剪贴板。,叠加上限：1,,,assets/images/其他物品/通往地下室的提示--9ae6e47c80.png,原版图鉴
附图提示,Note with a drawing,未标注,笔记与线索,有人在上面留下了消息。,叠加上限：1,,,assets/images/其他物品/家长来信--8ff5169e26.png,原版图鉴
奖励箱子,Reward Crate,未标注,宝箱与礼包,12点每日剧情任务点数的奖励。,叠加上限：1,,当前档案有 9 条同名记录；可能来自不同场景、活动或难度，请比较基础属性。,assets/images/其他物品/奖励箱子--a143b355d8.png,原版图鉴
奖励箱子,Reward Crate,未标注,宝箱与礼包,24点每日剧情任务点数的奖励。,叠加上限：1,,当前档案有 9 条同名记录；可能来自不同场景、活动或难度，请比较基础属性。,assets/images/其他物品/奖励箱子--a143b355d8.png,原版图鉴
特殊奖励箱子,Special Reward Crate,未标注,宝箱与礼包,完成高级每日剧情任务的奖励。,叠加上限：1,,当前档案有 4 条同名记录；可能来自不同场景、活动或难度，请比较基础属性。,assets/images/其他物品/特殊奖励箱子--43ad0f27cc.png,原版图鉴
特殊奖励箱子,Special Reward Crate,未标注,宝箱与礼包,完成高级每日剧情任务的奖励。,叠加上限：1,,当前档案有 4 条同名记录；可能来自不同场景、活动或难度，请比较基础属性。,assets/images/其他物品/特殊奖励箱子--43ad0f27cc.png,原版图鉴
猎犬的录音,Hound's recording,未标注,,录音机的边缘被电击烧焦了 。,叠加上限：1,,,assets/images/其他物品/战前录音--a930ebd544.png,原版图鉴
研究所的板条箱,Institute's Container,未标注,宝箱与礼包,装有贵重物品的技术容器。 奉维拉 · 霍洛多娃博士之命， 作为奖励提供。,叠加上限：1,,当前档案有 2 条同名记录；可能来自不同场景、活动或难度，请比较基础属性。,assets/images/其他物品/研究所的板条箱--5ce880449d.png,原版图鉴
贸易联盟箱子,Trade Union Crate,未标注,宝箱与礼包,装着来自贸易联盟区多种物资的箱子。 提供100% 的折扣。,叠加上限：1,,,assets/images/其他物品/贸易联盟箱子--8a80dd3010.png,原版图鉴
游荡者箱子,Strider's Chest,未标注,宝箱与礼包,自由游荡者兄弟会任务的奖励。 直接从灾难酒吧发货。,叠加上限：1,,,assets/images/其他物品/游荡者箱子--0befe7e4fb.png,原版图鉴
要塞兵团的特殊板条箱,Citadel Corps' Special Crate,未标注,宝箱与礼包,要塞兵团库藏的装备， 来自提供特殊军事服务的封闭仓库。,叠加上限：1,,,assets/images/其他物品/要塞兵团的特殊板条箱--35eddd94b7.png,原版图鉴
瑞弗特,Riveter,未标注,人物与商人,,基础伤害：50–60；攻击间隔：0.73秒；攻击距离（配置）：0.4；基础生命：450；储物栏位：10；移动速度（配置）：4.5,,当前档案有 7 条同名记录；可能来自不同场景、活动或难度，请比较基础属性。,,暂缺
奖励箱子,Reward Crate,未标注,宝箱与礼包,6点每日剧情任务点数的奖励。,叠加上限：1,,当前档案有 9 条同名记录；可能来自不同场景、活动或难度，请比较基础属性。,assets/images/其他物品/奖励箱子--a143b355d8.png,原版图鉴
囚犯录像带#1,Prisoner's tape #1,未标注,笔记与线索,录下诅咒的录音带。,叠加上限：1,,,assets/images/其他物品/语音消息--27563b81ca.png,原版图鉴
囚犯录像带#2,Prisoner's tape #2,未标注,笔记与线索,避难所地下室的录音， 续。,叠加上限：1,,,assets/images/其他物品/语音消息--27563b81ca.png,原版图鉴
小型贸易联盟箱子,Small Trade Union Crate,未标注,宝箱与礼包,有贸易联盟标志的箱子，里面会有什么？,叠加上限：1,,当前档案有 4 条同名记录；可能来自不同场景、活动或难度，请比较基础属性。,assets/images/其他物品/小型贸易联盟箱子--7022d7fdbc.png,原版图鉴
中型贸易联盟箱子,Medium Trade Union Crate,未标注,宝箱与礼包,有贸易联盟标志的箱子，里面会有什么？,叠加上限：1,,当前档案有 2 条同名记录；可能来自不同场景、活动或难度，请比较基础属性。,assets/images/其他物品/中型贸易联盟箱子--3a195b2853.png,原版图鉴
大型贸易联盟箱子,Big Trade Union Crate,未标注,宝箱与礼包,有贸易联盟标志的箱子，里面会有什么？,叠加上限：1,,当前档案有 3 条同名记录；可能来自不同场景、活动或难度，请比较基础属性。,assets/images/其他物品/大型贸易联盟箱子--894af40d13.png,原版图鉴
巨型贸易联盟箱子,Huge Trade Union Crate,未标注,宝箱与礼包,有贸易联盟标志的箱子，可能包含优质装备、完美武器箱子和其他贵重物品。,叠加上限：1,,当前档案有 13 条同名记录；可能来自不同场景、活动或难度，请比较基础属性。,assets/images/其他物品/巨型贸易联盟箱子--e2653e709c.png,原版图鉴
贸易联盟商人,Trade Union Trader,未标注,人物与商人,贸易联盟商人,基础生命：100,,当前档案有 6 条同名记录；可能来自不同场景、活动或难度，请比较基础属性。,assets/images/其他物品/贸易联盟商人--cd26bdb1aa.png,原版图鉴
保镖,Bodyguard,未标注,人物与商人,,基础生命：15000；移动速度（配置）：1,,当前档案有 3 条同名记录；可能来自不同场景、活动或难度，请比较基础属性。,,暂缺
保镖,Bodyguard,未标注,人物与商人,,基础生命：15000；移动速度（配置）：1,,当前档案有 3 条同名记录；可能来自不同场景、活动或难度，请比较基础属性。,,暂缺
保镖,Bodyguard,未标注,人物与商人,,基础生命：15000；移动速度（配置）：1,,当前档案有 3 条同名记录；可能来自不同场景、活动或难度，请比较基础属性。,,暂缺
贸易联盟价格,Trade Union Prices,未标注,,贸易联盟的价目表。 有效期至商人的店铺位置更新为止。,叠加上限：1,,当前档案有 2 条同名记录；可能来自不同场景、活动或难度，请比较基础属性。,assets/images/其他物品/贸易联盟价格--9cef2828bd.png,原版图鉴
贸易联盟商人,Trade Union Trader,未标注,人物与商人,贸易联盟商人,基础生命：100,,当前档案有 6 条同名记录；可能来自不同场景、活动或难度，请比较基础属性。,assets/images/其他物品/贸易联盟商人--cd26bdb1aa.png,原版图鉴
贸易联盟商人,Trade Union Trader,未标注,人物与商人,贸易联盟商人,基础生命：100,,当前档案有 6 条同名记录；可能来自不同场景、活动或难度，请比较基础属性。,assets/images/其他物品/贸易联盟商人--cd26bdb1aa.png,原版图鉴
贸易联盟商人,Trade Union Trader,未标注,人物与商人,贸易联盟商人,基础生命：100,,当前档案有 6 条同名记录；可能来自不同场景、活动或难度，请比较基础属性。,assets/images/其他物品/贸易联盟商人--cd26bdb1aa.png,原版图鉴
贸易联盟商人,Trade Union Trader,未标注,人物与商人,贸易联盟商人,基础生命：100,,当前档案有 6 条同名记录；可能来自不同场景、活动或难度，请比较基础属性。,assets/images/其他物品/贸易联盟商人--cd26bdb1aa.png,原版图鉴
贸易联盟商人,Trade Union Trader,未标注,人物与商人,贸易联盟商人,基础生命：100,,当前档案有 6 条同名记录；可能来自不同场景、活动或难度，请比较基础属性。,assets/images/其他物品/贸易联盟商人--cd26bdb1aa.png,原版图鉴
小型贸易联盟箱子,Small Trade Union Crate,未标注,宝箱与礼包,有贸易联盟标志的箱子，里面会有什么？,叠加上限：1,,当前档案有 4 条同名记录；可能来自不同场景、活动或难度，请比较基础属性。,assets/images/其他物品/小型贸易联盟箱子--7022d7fdbc.png,原版图鉴
中型贸易联盟箱子,Medium Trade Union Crate,未标注,宝箱与礼包,有贸易联盟标志的箱子，里面会有什么？,叠加上限：1,,当前档案有 2 条同名记录；可能来自不同场景、活动或难度，请比较基础属性。,assets/images/其他物品/中型贸易联盟箱子--3a195b2853.png,原版图鉴
大型贸易联盟箱子,Big Trade Union Crate,未标注,宝箱与礼包,有贸易联盟标志的箱子，里面会有什么？,叠加上限：1,,当前档案有 3 条同名记录；可能来自不同场景、活动或难度，请比较基础属性。,assets/images/其他物品/大型贸易联盟箱子--894af40d13.png,原版图鉴
巨型贸易联盟箱子,Huge Trade Union Crate,未标注,宝箱与礼包,有贸易联盟标志的箱子，可能包含优质装备、完美武器箱子和其他贵重物品。,叠加上限：1,,当前档案有 13 条同名记录；可能来自不同场景、活动或难度，请比较基础属性。,assets/images/其他物品/巨型贸易联盟箱子--e2653e709c.png,原版图鉴
莱科维奇的价目表,Lewkowicz's Price List,未标注,,贸易联盟的价目表。 有效期至莱科维奇更改商品范围为止。,叠加上限：1,,,assets/images/其他物品/贸易联盟价格--9cef2828bd.png,原版图鉴
坚韧小型箱子,Small Crate of Tenacity,未标注,宝箱与礼包,达成游戏时长的奖励。,叠加上限：1；恢复生命：0,,,assets/images/其他物品/坚韧小型箱子--3da5ef9952.png,原版图鉴
坚韧较小型箱子,Lesser Crate of Tenacity,未标注,宝箱与礼包,达成游戏时长的奖励。,叠加上限：1；恢复生命：0,,,assets/images/其他物品/坚韧小型箱子--3da5ef9952.png,原版图鉴
坚韧中型箱子,Medium Crate of Tenacity,未标注,宝箱与礼包,达成游戏时长的奖励。,叠加上限：1；恢复生命：0,,,assets/images/其他物品/坚韧小型箱子--3da5ef9952.png,原版图鉴
坚韧大型箱子,Big Crate of Tenacity,未标注,宝箱与礼包,达成游戏时长的奖励。,叠加上限：1；恢复生命：0,,当前档案有 2 条同名记录；可能来自不同场景、活动或难度，请比较基础属性。,assets/images/其他物品/坚韧小型箱子--3da5ef9952.png,原版图鉴
坚韧巨型箱子,Huge Crate of Tenacity,未标注,宝箱与礼包,达成游戏时长的奖励。,叠加上限：1；恢复生命：0,,当前档案有 3 条同名记录；可能来自不同场景、活动或难度，请比较基础属性。,assets/images/其他物品/坚韧小型箱子--3da5ef9952.png,原版图鉴
小型贸易联盟箱子,Small Trade Union Crate,未标注,宝箱与礼包,有贸易联盟标志的箱子，里面会有什么？,叠加上限：1；恢复生命：0,,当前档案有 4 条同名记录；可能来自不同场景、活动或难度，请比较基础属性。,assets/images/其他物品/小型贸易联盟箱子--7022d7fdbc.png,原版图鉴
农夫的妻子,Farmer's Wife,未标注,人物与商人,,基础生命：450；移动速度（配置）：4.5,,当前档案有 5 条同名记录；可能来自不同场景、活动或难度，请比较基础属性。,,暂缺
农夫,Farmer,未标注,人物与商人,,储物栏位：10；移动速度（配置）：4.5,,当前档案有 6 条同名记录；可能来自不同场景、活动或难度，请比较基础属性。,,暂缺
战利品箱子,Trophy Crate,未标注,宝箱与礼包,包含装备和铠甲， 包括狂腐士的装备和宝贵的资源。,叠加上限：1,,当前档案有 7 条同名记录；可能来自不同场景、活动或难度，请比较基础属性。,assets/images/其他物品/战利品箱子--bea5a1e874.png,原版图鉴
土匪的货物,Bandits' Cargo,未标注,宝箱与礼包,"包含食物。

部分完成被围困的房屋剧情任务的奖励。",叠加上限：1,,当前档案有 4 条同名记录；可能来自不同场景、活动或难度，请比较基础属性。,assets/images/其他物品/土匪的货物--29e463cfa8.png,原版图鉴
头目的货物,Boss's Cargo,未标注,宝箱与礼包,"包含贵重物品、医疗用品和食物。

完成被围困的房屋剧情任务的奖励。",叠加上限：1,,当前档案有 2 条同名记录；可能来自不同场景、活动或难度，请比较基础属性。,assets/images/其他物品/土匪的货物--29e463cfa8.png,原版图鉴
战利品箱子,Trophy Crate,未标注,宝箱与礼包,包含装备和铠甲， 包括狂腐士的装备和宝贵的资源。,叠加上限：1,,当前档案有 7 条同名记录；可能来自不同场景、活动或难度，请比较基础属性。,assets/images/其他物品/战利品箱子--bea5a1e874.png,原版图鉴
战利品箱子,Trophy Crate,未标注,宝箱与礼包,包含装备和铠甲， 包括狂腐士的装备和宝贵的资源。,叠加上限：1,,当前档案有 7 条同名记录；可能来自不同场景、活动或难度，请比较基础属性。,assets/images/其他物品/战利品箱子--bea5a1e874.png,原版图鉴
战利品箱子,Trophy Crate,未标注,宝箱与礼包,包含装备和铠甲， 包括狂腐士的装备和宝贵的资源。,叠加上限：1,,当前档案有 7 条同名记录；可能来自不同场景、活动或难度，请比较基础属性。,assets/images/其他物品/战利品箱子--bea5a1e874.png,原版图鉴
战利品箱子,Trophy Crate,未标注,宝箱与礼包,包含装备和铠甲， 包括狂腐士的装备和宝贵的资源。,叠加上限：1,,当前档案有 7 条同名记录；可能来自不同场景、活动或难度，请比较基础属性。,assets/images/其他物品/战利品箱子--bea5a1e874.png,原版图鉴
战利品箱子,Trophy Crate,未标注,宝箱与礼包,包含装备和铠甲， 包括狂腐士的装备和宝贵的资源。,叠加上限：1,,当前档案有 7 条同名记录；可能来自不同场景、活动或难度，请比较基础属性。,assets/images/其他物品/战利品箱子--bea5a1e874.png,原版图鉴
大型战利品箱子,Big Trophy Crate,未标注,宝箱与礼包,包含高级装备和铠甲， 包括狂腐士的装备和许多宝贵的资源。,叠加上限：1,,当前档案有 6 条同名记录；可能来自不同场景、活动或难度，请比较基础属性。,assets/images/其他物品/大型战利品箱子--00680a27ea.png,原版图鉴
大型战利品箱子,Big Trophy Crate,未标注,宝箱与礼包,包含高级装备和铠甲， 包括狂腐士的装备和许多宝贵的资源。,叠加上限：1,,当前档案有 6 条同名记录；可能来自不同场景、活动或难度，请比较基础属性。,assets/images/其他物品/大型战利品箱子--00680a27ea.png,原版图鉴
大型战利品箱子,Big Trophy Crate,未标注,宝箱与礼包,包含高级装备和铠甲， 包括狂腐士的装备和许多宝贵的资源。,叠加上限：1,,当前档案有 6 条同名记录；可能来自不同场景、活动或难度，请比较基础属性。,assets/images/其他物品/大型战利品箱子--00680a27ea.png,原版图鉴
大型战利品箱子,Big Trophy Crate,未标注,宝箱与礼包,包含高级装备和铠甲， 包括狂腐士的装备和许多宝贵的资源。,叠加上限：1,,当前档案有 6 条同名记录；可能来自不同场景、活动或难度，请比较基础属性。,assets/images/其他物品/大型战利品箱子--00680a27ea.png,原版图鉴
大型战利品箱子,Big Trophy Crate,未标注,宝箱与礼包,包含高级装备和铠甲， 包括狂腐士的装备和许多宝贵的资源。,叠加上限：1,,当前档案有 6 条同名记录；可能来自不同场景、活动或难度，请比较基础属性。,assets/images/其他物品/大型战利品箱子--00680a27ea.png,原版图鉴
大型战利品箱子,Big Trophy Crate,未标注,宝箱与礼包,包含高级装备和铠甲， 包括狂腐士的装备和许多宝贵的资源。,叠加上限：1,,当前档案有 6 条同名记录；可能来自不同场景、活动或难度，请比较基础属性。,assets/images/其他物品/大型战利品箱子--00680a27ea.png,原版图鉴
被围困的房屋价目表,Besieged House Price List,未标注,,莱科维奇的货物和价格清单。,叠加上限：1,,,assets/images/其他物品/贸易联盟价格--9cef2828bd.png,原版图鉴
土匪的货物,Bandits' Cargo,未标注,宝箱与礼包,"包含食物、投掷武器和其他贵重物品。

部分完成被围困的房屋活动的奖励。",叠加上限：1,,当前档案有 4 条同名记录；可能来自不同场景、活动或难度，请比较基础属性。,assets/images/其他物品/土匪的货物--29e463cfa8.png,原版图鉴
巨型贸易联盟箱子,Huge Trade Union Crate,未标注,宝箱与礼包,有贸易联盟标志的箱子，可能包含优质装备、完美武器箱子和其他贵重物品。,叠加上限：1,,当前档案有 13 条同名记录；可能来自不同场景、活动或难度，请比较基础属性。,assets/images/其他物品/巨型贸易联盟箱子--e2653e709c.png,原版图鉴
巨型贸易联盟箱子,Huge Trade Union Crate,未标注,宝箱与礼包,有贸易联盟标志的箱子，可能包含优质装备、完美武器箱子和其他贵重物品。,叠加上限：1,,当前档案有 13 条同名记录；可能来自不同场景、活动或难度，请比较基础属性。,assets/images/其他物品/巨型贸易联盟箱子--e2653e709c.png,原版图鉴
巨型贸易联盟箱子,Huge Trade Union Crate,未标注,宝箱与礼包,有贸易联盟标志的箱子，可能包含优质装备、完美武器箱子和其他贵重物品。,叠加上限：1,,当前档案有 13 条同名记录；可能来自不同场景、活动或难度，请比较基础属性。,assets/images/其他物品/巨型贸易联盟箱子--e2653e709c.png,原版图鉴
巨型贸易联盟箱子,Huge Trade Union Crate,未标注,宝箱与礼包,有贸易联盟标志的箱子，可能包含优质装备、完美武器箱子和其他贵重物品。,叠加上限：1,,当前档案有 13 条同名记录；可能来自不同场景、活动或难度，请比较基础属性。,assets/images/其他物品/巨型贸易联盟箱子--e2653e709c.png,原版图鉴
巨型贸易联盟箱子,Huge Trade Union Crate,未标注,宝箱与礼包,有贸易联盟标志的箱子，可能包含优质装备、完美武器箱子和其他贵重物品。,叠加上限：1,,当前档案有 13 条同名记录；可能来自不同场景、活动或难度，请比较基础属性。,assets/images/其他物品/巨型贸易联盟箱子--e2653e709c.png,原版图鉴
巨型贸易联盟箱子,Huge Trade Union Crate,未标注,宝箱与礼包,有贸易联盟标志的箱子，可能包含优质装备、完美武器箱子和其他贵重物品。,叠加上限：1,,当前档案有 13 条同名记录；可能来自不同场景、活动或难度，请比较基础属性。,assets/images/其他物品/巨型贸易联盟箱子--e2653e709c.png,原版图鉴
巨型贸易联盟箱子,Huge Trade Union Crate,未标注,宝箱与礼包,有贸易联盟标志的箱子，可能包含优质装备、完美武器箱子和其他贵重物品。,叠加上限：1,,当前档案有 13 条同名记录；可能来自不同场景、活动或难度，请比较基础属性。,assets/images/其他物品/巨型贸易联盟箱子--e2653e709c.png,原版图鉴
巨型贸易联盟箱子,Huge Trade Union Crate,未标注,宝箱与礼包,有贸易联盟标志的箱子，可能包含优质装备、完美武器箱子和其他贵重物品。,叠加上限：1,,当前档案有 13 条同名记录；可能来自不同场景、活动或难度，请比较基础属性。,assets/images/其他物品/巨型贸易联盟箱子--e2653e709c.png,原版图鉴
巨型贸易联盟箱子,Huge Trade Union Crate,未标注,宝箱与礼包,有贸易联盟标志的箱子，可能包含优质装备、完美武器箱子和其他贵重物品。,叠加上限：1,,当前档案有 13 条同名记录；可能来自不同场景、活动或难度，请比较基础属性。,assets/images/其他物品/巨型贸易联盟箱子--e2653e709c.png,原版图鉴
巨型贸易联盟箱子,Huge Trade Union Crate,未标注,宝箱与礼包,有贸易联盟标志的箱子，可能包含优质装备、完美武器箱子和其他贵重物品。,叠加上限：1,,当前档案有 13 条同名记录；可能来自不同场景、活动或难度，请比较基础属性。,assets/images/其他物品/巨型贸易联盟箱子--e2653e709c.png,原版图鉴
骑手大砍刀,Rider's Machete,未标注,载具与组件,赋予你主动攻击能力： 强力猛击。 对角色面前的敌人造成伤害。 可同时伤害多名敌人 。,基础伤害：300–335；攻击间隔：1.2秒；攻击距离（配置）：1.9；暴击几率：10%；暴击倍率：1.3倍；潜行攻击倍率：1.6倍；叠加上限：1,,当前档案有 5 条同名记录；可能来自不同场景、活动或难度，请比较基础属性。,assets/images/其他物品/骑手大砍刀--48b7995e08.png,原版图鉴
贸易联盟价格,Trade Union Prices,未标注,,贸易联盟的价目表。 有效期至商人的店铺位置更新为止。,叠加上限：1,,当前档案有 2 条同名记录；可能来自不同场景、活动或难度，请比较基础属性。,assets/images/其他物品/贸易联盟价格--9cef2828bd.png,原版图鉴
铠甲修理箱,Armor Repair Kit,未标注,载具与组件,赋予你被动能力： 铠甲修理。 小幅降低衣服和铠甲的磨损率。,叠加上限：1,,,assets/images/其他物品/铠甲修理箱--d957bbf7d1.png,原版图鉴
自行车包,Cycling Bag,未标注,载具与组件,额外的战利品空间。,叠加上限：1,,当前档案有 3 条同名记录；可能来自不同场景、活动或难度，请比较基础属性。,assets/images/其他物品/自行车包--644910f34f.png,原版图鉴
斯普林特的盒子,Splinter's Crate,未标注,宝箱与礼包,一箱来自领地最佳工程师的商品。,叠加上限：1,,当前档案有 3 条同名记录；可能来自不同场景、活动或难度，请比较基础属性。,assets/images/其他物品/斯普林特的盒子--04d61c9f50.png,原版图鉴
斯普林特的盒子,Splinter's Crate,未标注,宝箱与礼包,一箱来自领地最佳工程师的商品。,叠加上限：1,,当前档案有 3 条同名记录；可能来自不同场景、活动或难度，请比较基础属性。,assets/images/其他物品/斯普林特的盒子--04d61c9f50.png,原版图鉴
斯普林特的盒子,Splinter's Crate,未标注,宝箱与礼包,一箱来自领地最佳工程师的商品。,叠加上限：1,,当前档案有 3 条同名记录；可能来自不同场景、活动或难度，请比较基础属性。,assets/images/其他物品/斯普林特的盒子--04d61c9f50.png,原版图鉴
大自行车包,Big Cycling Bag,罕见,载具与组件,额外的战利品空间。,叠加上限：1；品质：罕见,,出现场景：森林郊区,assets/images/其他物品/大自行车包--77415ecd7a.png,原版图鉴
野外自行车包,Field Cycling Bag,未标注,载具与组件,额外的战利品空间。,叠加上限：1,,出现场景：森林郊区,assets/images/其他物品/野外自行车包--fe26a57d8b.png,原版图鉴
骑手大砍刀,Rider's Machete,未标注,载具与组件,赋予你主动攻击能力： 强力猛击。 对角色面前的敌人造成伤害。 可同时伤害多名敌人 。,耐久：30；叠加上限：1,,当前档案有 5 条同名记录；可能来自不同场景、活动或难度，请比较基础属性。,assets/images/其他物品/骑手大砍刀--48b7995e08.png,原版图鉴
升级版骑手大砍刀,Upgraded Rider's Machete,罕见,载具与组件,赋予你主动攻击能力： 强力猛击。 对角色面前的敌人造成伤害。 可同时伤害多名敌人 。,耐久：30；叠加上限：1；品质：罕见,,出现场景：森林郊区；当前档案有 2 条同名记录；可能来自不同场景、活动或难度，请比较基础属性。,assets/images/其他物品/升级版骑手大砍刀--52092e4de8.png,原版图鉴
强化骑手大砍刀,Reinforced Rider's Machete,未标注,载具与组件,赋予你主动攻击能力： 强力猛击。 对角色面前的敌人造成伤害。 可同时伤害多名敌人 。,耐久：30；叠加上限：1,,出现场景：森林郊区；当前档案有 2 条同名记录；可能来自不同场景、活动或难度，请比较基础属性。,assets/images/其他物品/强化骑手大砍刀--eed129e748.png,原版图鉴
升级版骑手大砍刀,Upgraded Rider's Machete,罕见,载具与组件,赋予你主动攻击能力： 强力猛击。 对角色面前的敌人造成伤害。 可同时伤害多名敌人 。,基础伤害：380–420；攻击间隔：1.2秒；攻击距离（配置）：1.9；暴击几率：13%；暴击倍率：1.3倍；潜行攻击倍率：1.6倍；叠加上限：1；品质：罕见,,当前档案有 2 条同名记录；可能来自不同场景、活动或难度，请比较基础属性。,assets/images/其他物品/升级版骑手大砍刀--52092e4de8.png,原版图鉴
强化骑手大砍刀,Reinforced Rider's Machete,未标注,载具与组件,赋予你主动攻击能力： 强力猛击。 对角色面前的敌人造成伤害。 可同时伤害多名敌人 。,基础伤害：450–490；攻击间隔：1.2秒；攻击距离（配置）：1.9；暴击几率：17%；暴击倍率：1.3倍；潜行攻击倍率：1.6倍；叠加上限：1,,当前档案有 2 条同名记录；可能来自不同场景、活动或难度，请比较基础属性。,assets/images/其他物品/强化骑手大砍刀--eed129e748.png,原版图鉴
大型铠甲修理箱,Big Armor Repair Pack,罕见,载具与组件,赋予你被动能力： 铠甲修理。 降低衣服和铠甲的磨损率。,叠加上限：1；品质：罕见,,出现场景：森林郊区,assets/images/其他物品/大型铠甲修理箱--ccc6ed1393.png,原版图鉴
野外铠甲修理箱,Field Armor Repair Set,未标注,载具与组件,赋予你被动能力： 铠甲修理。 显著降低衣服和铠甲的磨损率。,叠加上限：1,,出现场景：森林郊区,assets/images/其他物品/野外铠甲修理箱--638411c239.png,原版图鉴
工程师斯普林特,Splinter the Engineer,未标注,人物与商人,商人,基础生命：100,,,assets/images/其他物品/贸易联盟商人--cd26bdb1aa.png,原版图鉴
自行车急救箱,Cycling First Aid Kit,未标注,载具与组件,赋予你被动能力： 恢复元气。 受到严重伤害时不会死亡， 并会恢复一小部分生命值。,耐久：12；叠加上限：1,,,assets/images/其他物品/自行车急救箱--6d448d698f.png,原版图鉴
大型自行车急救箱,Big Cycling First Aid Kit,罕见,载具与组件,赋予你被动能力： 恢复元气。 受到严重伤害时不会死亡， 并会恢复部分生命值。,耐久：12；叠加上限：1；品质：罕见,,出现场景：森林郊区,assets/images/其他物品/大型自行车急救箱--18d9e6a6a6.png,原版图鉴
野外自行车急救箱,Field Cycling First Aid Kit,未标注,载具与组件,赋予你被动能力： 恢复元气。 受到严重伤害时不会死亡， 并会恢复大部分生命值。,耐久：12；叠加上限：1,,出现场景：森林郊区,assets/images/其他物品/野外自行车急救箱--dbdf2c29bb.png,原版图鉴
武器修理箱,Weapon Repair Kit,未标注,载具与组件,赋予你被动能力： 武器修理。 小幅降低武器的磨损率。,叠加上限：1,,,assets/images/其他物品/武器修理箱--dbf2967046.png,原版图鉴
大型武器修理箱,Big Weapon Repair Pack,罕见,载具与组件,赋予你被动能力： 武器修理。 降低武器的磨损率。,叠加上限：1；品质：罕见,,出现场景：森林郊区,assets/images/其他物品/大型武器修理箱--8773d9f38f.png,原版图鉴
野外武器修理箱,Field Weapon Repair Set,未标注,载具与组件,赋予你被动能力： 武器修理。 显著降低武器的磨损率。,叠加上限：1,,事件： 伏击；相关工作台：罪恶焚化器,assets/images/其他物品/野外武器修理箱--18e8a86234.png,原版图鉴
自行车水瓶,Cycling Bottle,未标注,载具与组件,赋予你被动能力： 水能量。 小幅降低你的口渴率。,叠加上限：1,,,assets/images/其他物品/自行车水瓶--7b351b2a5e.png,原版图鉴
大骑行水瓶,Big Cycling Bottle,罕见,载具与组件,赋予你被动能力： 水能量。 降低口渴率。,叠加上限：1；品质：罕见,,出现场景：森林郊区,assets/images/其他物品/大骑行水瓶--828fb1e766.png,原版图鉴
野外骑行水瓶,Field Cycling Bottle,未标注,载具与组件,赋予你被动能力： 水能量。 显著降低口渴率。,叠加上限：1,,出现场景：森林郊区,assets/images/其他物品/野外骑行水瓶--3f6f021a93.png,原版图鉴
塞西亚人十字弓,Scythian Crossbow,未标注,载具与组件,赋予你主动攻击能力： 破空。 对沿火线的敌人造成远程伤害。,基础伤害：225–235；攻击间隔：1.4秒；攻击距离（配置）：7.5；暴击几率：20%；暴击倍率：1.5倍；潜行攻击倍率：1.8倍；叠加上限：1,,当前档案有 5 条同名记录；可能来自不同场景、活动或难度，请比较基础属性。,assets/images/其他物品/塞西亚人十字弓--cf35a1f538.png,原版图鉴
升级版塞西亚人十字弓,Upgraded Scythian Crossbow,罕见,载具与组件,赋予你主动攻击能力： 破空。 对沿火线的敌人造成远程伤害。,基础伤害：260–270；攻击间隔：1.4秒；攻击距离（配置）：7.5；暴击几率：30%；暴击倍率：1.5倍；潜行攻击倍率：1.8倍；叠加上限：1；品质：罕见,,当前档案有 2 条同名记录；可能来自不同场景、活动或难度，请比较基础属性。,assets/images/其他物品/升级版塞西亚人十字弓--d247688b03.png,原版图鉴
强化塞西亚人十字弓,Upgraded Scythian Crossbow,未标注,载具与组件,赋予你主动攻击能力： 破空。 对沿火线的敌人造成远程伤害。,基础伤害：300–310；攻击间隔：1.4秒；攻击距离（配置）：7.5；暴击几率：40%；暴击倍率：1.5倍；潜行攻击倍率：1.8倍；叠加上限：1,,当前档案有 2 条同名记录；可能来自不同场景、活动或难度，请比较基础属性。,assets/images/其他物品/强化塞西亚人十字弓--25cd7ce43b.png,原版图鉴
塞西亚人十字弓,Scythian Crossbow,未标注,载具与组件,赋予你主动攻击能力： 破空。 对沿火线的敌人造成远程伤害。,耐久：30；叠加上限：1,,当前档案有 5 条同名记录；可能来自不同场景、活动或难度，请比较基础属性。,assets/images/其他物品/塞西亚人十字弓--cf35a1f538.png,原版图鉴
升级版塞西亚人十字弓,Upgraded Scythian Crossbow,罕见,载具与组件,赋予你主动攻击能力： 破空。 对沿火线的敌人造成远程伤害。,耐久：30；叠加上限：1；品质：罕见,,出现场景：森林郊区；当前档案有 2 条同名记录；可能来自不同场景、活动或难度，请比较基础属性。,assets/images/其他物品/升级版塞西亚人十字弓--d247688b03.png,原版图鉴
强化塞西亚人十字弓,Upgraded Scythian Crossbow,未标注,载具与组件,赋予你主动攻击能力： 破空。 对沿火线的敌人造成远程伤害。,耐久：30；叠加上限：1,,出现场景：森林郊区；当前档案有 2 条同名记录；可能来自不同场景、活动或难度，请比较基础属性。,assets/images/其他物品/强化塞西亚人十字弓--25cd7ce43b.png,原版图鉴
越野车车轮组,Off-Road Wheelset,未标注,载具与组件,可让你长途跋涉，驰骋于各种地形。让你能够到达尖叫森林。,叠加上限：1,,,assets/images/其他物品/越野车车轮组--63d668ea13.png,原版图鉴
升级版底盘,Upgraded Chassis,未标注,载具与组件,解锁额外的自行车改装。,叠加上限：1,,,assets/images/其他物品/升级版底盘--455065ddb4.png,原版图鉴
喷漆,Spray Paint,未标注,载具与组件,用来给自行车重新喷漆。,叠加上限：20,,,assets/images/其他物品/喷漆--02e13f066f.png,原版图鉴
工程师的斯普林特价目表,Splinter the Engineer's Price List,未标注,,工程师斯普林特的商品清单和价格。,叠加上限：1,,,assets/images/其他物品/贸易联盟价格--9cef2828bd.png,原版图鉴
塞西亚司机,Scythian Driver,未标注,人物与商人,,基础生命：450；移动速度（配置）：1.8,,,,暂缺
塞西亚人,Scythian,未标注,人物与商人,,基础生命：450；储物栏位：10；移动速度（配置）：4.5,,当前档案有 2 条同名记录；可能来自不同场景、活动或难度，请比较基础属性。,,暂缺
塞西亚人,Scythian,未标注,人物与商人,,基础生命：450；移动速度（配置）：4.5,,当前档案有 2 条同名记录；可能来自不同场景、活动或难度，请比较基础属性。,,暂缺
塞西亚人 SPAS-12,Scythian SPAS-12,未标注,载具与组件,赋予你主动能力“齐齐射击”， 对区域内的敌人造成伤害。,耐久：30；叠加上限：1,,当前档案有 5 条同名记录；可能来自不同场景、活动或难度，请比较基础属性。,assets/images/其他物品/塞西亚人 SPAS-12--9f59769bd9.png,原版图鉴
塞西亚人 SPAS-12,Scythian SPAS-12,未标注,载具与组件,赋予你主动能力“齐齐射击”， 对区域内的敌人造成伤害。,基础伤害：265–325；攻击间隔：1.4秒；攻击距离（配置）：4.5；暴击几率：10%；暴击倍率：1.5倍；潜行攻击倍率：1.8倍；叠加上限：1,,当前档案有 5 条同名记录；可能来自不同场景、活动或难度，请比较基础属性。,assets/images/其他物品/塞西亚人 SPAS-12--9f59769bd9.png,原版图鉴
福克西,Foxie,未标注,人物与商人,,基础生命：450；储物栏位：10；移动速度（配置）：4.5,,,,暂缺
泰加,Taiga,未标注,人物与商人,,基础生命：450；储物栏位：10；移动速度（配置）：4.5,,,,暂缺
帕夏乐团,Pasha Music,未标注,人物与商人,,基础生命：450；储物栏位：10；移动速度（配置）：4.5,,,,暂缺
格鲁皮,Grumpy,未标注,人物与商人,,基础生命：450；储物栏位：10；移动速度（配置）：4.5,,当前档案有 5 条同名记录；可能来自不同场景、活动或难度，请比较基础属性。,,暂缺
斯帝博,Steep,未标注,人物与商人,,基础生命：450；储物栏位：10；移动速度（配置）：4.5,,,,暂缺
汉,Han,未标注,人物与商人,,基础生命：450；储物栏位：10；移动速度（配置）：4.5,,,,暂缺
林克,Linc,未标注,人物与商人,,基础生命：450；储物栏位：10；移动速度（配置）：4.5,,,,暂缺
克里姆,Klim,未标注,人物与商人,,基础生命：450；储物栏位：10；移动速度（配置）：4.5,,当前档案有 8 条同名记录；可能来自不同场景、活动或难度，请比较基础属性。,,暂缺
仓库商人,Warehouse Trader,未标注,人物与商人,,基础生命：450；储物栏位：10；移动速度（配置）：4.5,,,,暂缺
克里姆,Klim,未标注,人物与商人,,储物栏位：10；移动速度（配置）：4.5,,当前档案有 8 条同名记录；可能来自不同场景、活动或难度，请比较基础属性。,,暂缺
《领地时报》,The Territory Times Newspaper,未标注,笔记与线索,阅读并了解游戏的最新变化。,叠加上限：1,,当前档案有 105 条同名记录；可能来自不同场景、活动或难度，请比较基础属性。,assets/images/其他物品/《领地时报》--d7068c6a05.png,原版图鉴
轻松生存,Easy Surviving,未标注,宝箱与礼包,恢复伤口， 获得力量。,叠加上限：1,,当前档案有 2 条同名记录；可能来自不同场景、活动或难度，请比较基础属性。,assets/images/其他物品/轻松生存--e630c1a88b.png,原版图鉴
土匪猎人,Bandit Hunter,未标注,宝箱与礼包,这些物品能够多次拯救你的生命。,叠加上限：1,,,assets/images/其他物品/土匪猎人--33c85c87a8.png,原版图鉴
狂腐士战利品武器,Decayers' Trophy Weapon,未标注,宝箱与礼包,让敌人自食其果！,叠加上限：1,,当前档案有 3 条同名记录；可能来自不同场景、活动或难度，请比较基础属性。,assets/images/其他物品/狂腐士战利品武器--ee5a9395bd.png,原版图鉴
狂腐士战利品武器,Decayers' Trophy Weapon,未标注,宝箱与礼包,让敌人自食其果！,叠加上限：1,,当前档案有 3 条同名记录；可能来自不同场景、活动或难度，请比较基础属性。,assets/images/其他物品/狂腐士战利品武器--ee5a9395bd.png,原版图鉴
自行车改装物品。 支持,Modifications for your bicycle. Support,未标注,宝箱与礼包,升级你的交通工具。,叠加上限：1,,,assets/images/其他物品/自行车改装物品。 支持--c542f4056c.png,原版图鉴
战斗自行车改装,Combat Bicycle Modifications,未标注,宝箱与礼包,用于两只轮子的杀人机器！,叠加上限：1,,当前档案有 2 条同名记录；可能来自不同场景、活动或难度，请比较基础属性。,assets/images/其他物品/战斗自行车改装--367ba7d6d8.png,原版图鉴
幸存者装备,Survivor's Equipment,未标注,宝箱与礼包,最强的幸存者。 那就是你！,叠加上限：1,,,assets/images/其他物品/幸存者装备--aef94d36cc.png,原版图鉴
不可抗拒的论据,Irresistible Argument,未标注,宝箱与礼包,适用于任何争议。,叠加上限：1,,当前档案有 2 条同名记录；可能来自不同场景、活动或难度，请比较基础属性。,assets/images/其他物品/不可抗拒的论据--2f7f393dc7.png,原版图鉴
最后的英雄,Last Hero,未标注,宝箱与礼包,成为动作明星。,叠加上限：1,,,assets/images/其他物品/最后的英雄--28df52293f.png,原版图鉴
狂腐士升级版武器,Decayers' Upgraded Weapon,未标注,宝箱与礼包,发出诱人的放射性光芒。,叠加上限：1,,,assets/images/其他物品/狂腐士升级版武器--09f7f12d71.png,原版图鉴
维因,Vein,未标注,人物与商人,,基础生命：450；储物栏位：10；移动速度（配置）：4.5,,当前档案有 2 条同名记录；可能来自不同场景、活动或难度，请比较基础属性。,,暂缺
克里姆,Klim,未标注,人物与商人,,基础生命：450；储物栏位：10；移动速度（配置）：4.5,,当前档案有 8 条同名记录；可能来自不同场景、活动或难度，请比较基础属性。,,暂缺
变异体的灾祸,Scourge of the Mutants,未标注,宝箱与礼包,完美的突袭铠甲。,叠加上限：1,,当前档案有 2 条同名记录；可能来自不同场景、活动或难度，请比较基础属性。,assets/images/其他物品/变异体的灾祸--d52e55f201.png,原版图鉴
焦尸灭绝者,Charred Exterminator,未标注,宝箱与礼包,是时候清剿焦尸的领地了 。,叠加上限：1,,,assets/images/其他物品/焦尸灭绝者--3b57176862.png,原版图鉴
枪手的选择,Gunslinger's Choice,未标注,宝箱与礼包,谁说我们的武器只有棍子和石头？,叠加上限：1,,,assets/images/其他物品/枪手的选择--4fbb438a68.png,原版图鉴
游荡者的装备,Strider's Equipment,未标注,宝箱与礼包,有了这个， 你就可以阻止土匪、 焦尸和异象了 。,叠加上限：1,,,assets/images/其他物品/游荡者的装备--5d721a4a50.png,原版图鉴
呆罗勒的笔记,Rusty Roller's Note,未标注,笔记与线索,一张用难看的印刷体写的纸。 看起来像是秃鹫的笔迹。,叠加上限：1,,,assets/images/其他物品/家长来信--8ff5169e26.png,原版图鉴
神秘的神器,Mysterious Artifact,未标注,,你在囚犯身上找到的神器发出红光。 经验丰富的游荡者或许可以识别它。,叠加上限：1,,,assets/images/其他物品/神秘的神器--b7e99f9ed2.png,原版图鉴
RADD,RADD,未标注,人物与商人,一款功能强大的人造无线电发射机， 侧面刻有 “Ozersk-2制造”字样。,,,当前档案有 3 条同名记录；可能来自不同场景、活动或难度，请比较基础属性。,assets/images/建筑设施/RADD--6361b28fc7.png,原版图鉴
RADD,RADD,未标注,人物与商人,一款功能强大的人造无线电发射机， 侧面刻有 “Ozersk-2制造”字样。,,,当前档案有 3 条同名记录；可能来自不同场景、活动或难度，请比较基础属性。,assets/images/建筑设施/RADD--6361b28fc7.png,原版图鉴
瑞弗特,Riveter,未标注,人物与商人,,基础伤害：50–60；攻击间隔：0.73秒；攻击距离（配置）：0.4；基础生命：450；储物栏位：10；移动速度（配置）：4.5,,当前档案有 7 条同名记录；可能来自不同场景、活动或难度，请比较基础属性。,,暂缺
朱尔,Jul,未标注,人物与商人,,基础生命：450；储物栏位：10；移动速度（配置）：4.5,,当前档案有 4 条同名记录；可能来自不同场景、活动或难度，请比较基础属性。,,暂缺
朱尔,Jul,未标注,人物与商人,,基础生命：450；储物栏位：10；移动速度（配置）：4.5,,当前档案有 4 条同名记录；可能来自不同场景、活动或难度，请比较基础属性。,,暂缺
旧电话亭,Old Phone Booth,未标注,人物与商人,,,,当前档案有 2 条同名记录；可能来自不同场景、活动或难度，请比较基础属性。,,暂缺
仓库商人的价目表,Warehouse Trader's Price List,未标注,,货物和价格清单。,叠加上限：1,,,assets/images/其他物品/贸易联盟价格--9cef2828bd.png,原版图鉴
克里姆,Klim,未标注,人物与商人,,基础生命：450；储物栏位：10；移动速度（配置）：4.5,,当前档案有 8 条同名记录；可能来自不同场景、活动或难度，请比较基础属性。,,暂缺
克里姆,Klim,未标注,人物与商人,,基础生命：450；储物栏位：10；移动速度（配置）：4.5,,当前档案有 8 条同名记录；可能来自不同场景、活动或难度，请比较基础属性。,,暂缺
卢卡的第一段录音,Luka's first recording,未标注,笔记与线索,录音带看起来很新。 一张用正楷写着卢卡名字的贴纸。,叠加上限：1,,,assets/images/其他物品/语音消息--27563b81ca.png,原版图鉴
卢卡的第二段录音,Luka's second recording,未标注,笔记与线索,录音带看起来很新。 一张用正楷写着卢卡名字的贴纸。,叠加上限：1,,,assets/images/其他物品/语音消息--27563b81ca.png,原版图鉴
卢卡的第三段录音,Luka's third recording,未标注,笔记与线索,录音带看起来很新。 一张用正楷写着卢卡名字的贴纸。,叠加上限：1,,,assets/images/其他物品/语音消息--27563b81ca.png,原版图鉴
卢卡的第四段录音,Luka's fourth recording,未标注,笔记与线索,录音带看起来很新。 一张用正楷写着卢卡名字的贴纸。,叠加上限：1,,,assets/images/其他物品/语音消息--27563b81ca.png,原版图鉴
卢卡的第五段录音,Luka's fifth recording,未标注,笔记与线索,录音带看起来很新。 一张用正楷写着卢卡名字的贴纸。,叠加上限：1,,当前档案有 2 条同名记录；可能来自不同场景、活动或难度，请比较基础属性。,assets/images/其他物品/语音消息--27563b81ca.png,原版图鉴
Badge Trader's Price List,Badge Trader's Price List,未标注,,Badge Trader's list of goods and prices.,叠加上限：1,,当前档案有 2 条同名记录；可能来自不同场景、活动或难度，请比较基础属性。,assets/images/其他物品/贸易联盟价格--9cef2828bd.png,原版图鉴
卢卡的狗牌,Luka's dog tag,未标注,,"背面刻着： 
 
卢卡， 向导
克里姆的队员",叠加上限：1,,,assets/images/资源材料/幸存者令牌--ab41c3f84a.png,原版图鉴
开拓者装备,Pioneer Equipment,未标注,宝箱与礼包,领地最英勇开拓者的专属装备。,叠加上限：1,,,assets/images/其他物品/开拓者装备--6e87ffce4f.png,原版图鉴
200块原生木板,200 Raw Planks,未标注,宝箱与礼包,木板。 可用作建筑材料和木柴。,叠加上限：1,,,assets/images/其他物品/200块原生木板--e205bb5d9a.png,原版图鉴
200块混凝土,200 Concrete,未标注,宝箱与礼包,混凝土。 大量混凝土。,叠加上限：1,,,assets/images/其他物品/200块混凝土--aa859379e1.png,原版图鉴
200块废金属,200 Scrap Metal,未标注,宝箱与礼包,生锈的铁片。 很好的选择！,叠加上限：1,,,assets/images/其他物品/200块废金属--442c07aac9.png,原版图鉴
自行车零件,Bicycle Parts,未标注,宝箱与礼包,自行车所使用的备用零件。,叠加上限：1,,当前档案有 2 条同名记录；可能来自不同场景、活动或难度，请比较基础属性。,assets/images/其他物品/自行车零件--ac94ba2627.png,原版图鉴
狂腐士邪教武器,Decayers' Weapon,未标注,宝箱与礼包,狂腐士战利品武器。,叠加上限：1,,,assets/images/其他物品/狂腐士邪教武器--68df4e833a.png,原版图鉴
异教徒的末日,Last Day of Heretic,未标注,宝箱与礼包,可在出售狂腐士头目战利品装备时获得。,叠加上限：1,,当前档案有 4 条同名记录；可能来自不同场景、活动或难度，请比较基础属性。,assets/images/其他物品/异教徒的末日--dd227f3006.png,原版图鉴
土匪梦想武器盒,Bandit's Dream,未标注,宝箱与礼包,用于殊死搏斗。,叠加上限：1,,,assets/images/其他物品/土匪梦想武器盒--689f539a22.png,原版图鉴
徽章商人,Badge Trader,未标注,人物与商人,Badge Trader,基础生命：100,,当前档案有 3 条同名记录；可能来自不同场景、活动或难度，请比较基础属性。,assets/images/其他物品/贸易联盟商人--cd26bdb1aa.png,原版图鉴
血迹斑斑的照片,Bloodstained Picture,未标注,,照片上血迹斑斑， 但你能辨认出背景里有一个女孩和一片树林。,叠加上限：1,,,assets/images/其他物品/血迹斑斑的照片--778f14743e.png,原版图鉴
Перочинный нож,Перочинный нож,未标注,,一把战前的笔刀。它很旧，但没有生锈，刀刃仍然很锋利。你可以看清刀柄上的雕刻：“不要放弃，爸爸。”,叠加上限：1,,,assets/images/其他物品/Перочинный нож--2eec41c90d.png,原版图鉴
格鲁皮,Grumpy,未标注,人物与商人,,基础生命：450；储物栏位：10；移动速度（配置）：4.5,,当前档案有 5 条同名记录；可能来自不同场景、活动或难度，请比较基础属性。,,暂缺
格鲁皮,Grumpy,未标注,人物与商人,,基础生命：450；储物栏位：10；移动速度（配置）：4.5,,当前档案有 5 条同名记录；可能来自不同场景、活动或难度，请比较基础属性。,,暂缺
狂腐士的祝祷,Decayer's Prayer,未标注,笔记与线索,磁带的开头有点卡。,叠加上限：1,,,assets/images/其他物品/战前录音--a930ebd544.png,原版图鉴
小型莱科维奇箱子,Small Lewkowicz's Crate,未标注,宝箱与礼包,有莱科维奇本人签名的箱子。 里面有什么？,叠加上限：1,,,assets/images/其他物品/小型莱科维奇箱子--b3db16a267.png,原版图鉴
中型莱科维奇箱子,Medium Lewkowicz's Crate,未标注,宝箱与礼包,有莱科维奇本人签名的箱子。 里面有什么？,叠加上限：1,,,assets/images/其他物品/中型莱科维奇箱子--78cca8d747.png,原版图鉴
大型莱科维奇箱子,Big Lewkowicz's Crate,未标注,宝箱与礼包,有莱科维奇本人签名的箱子。 里面有什么？,叠加上限：1,,,assets/images/其他物品/大型莱科维奇箱子--7dc5c11f06.png,原版图鉴
巨型莱科维奇箱子,Huge Lewkowicz's Crate,未标注,宝箱与礼包,"有莱科维奇本人签名的箱子。 里面有什么？ 

可能有交通工具改装。",叠加上限：1,,当前档案有 6 条同名记录；可能来自不同场景、活动或难度，请比较基础属性。,assets/images/其他物品/巨型莱科维奇箱子--6aef19cb7c.png,原版图鉴
巨型莱科维奇箱子,Huge Lewkowicz's Crate,未标注,宝箱与礼包,"有莱科维奇本人签名的箱子。 里面有什么？ 

可能有交通工具改装。",叠加上限：1,,当前档案有 6 条同名记录；可能来自不同场景、活动或难度，请比较基础属性。,assets/images/其他物品/巨型莱科维奇箱子--6aef19cb7c.png,原版图鉴
巨型莱科维奇箱子,Huge Lewkowicz's Crate,未标注,宝箱与礼包,"有莱科维奇本人签名的箱子。 里面有什么？ 

可能有交通工具改装。",叠加上限：1,,当前档案有 6 条同名记录；可能来自不同场景、活动或难度，请比较基础属性。,assets/images/其他物品/巨型莱科维奇箱子--6aef19cb7c.png,原版图鉴
巨型莱科维奇箱子,Huge Lewkowicz's Crate,未标注,宝箱与礼包,"有莱科维奇本人签名的箱子。 里面有什么？ 

可能有交通工具改装。",叠加上限：1,,当前档案有 6 条同名记录；可能来自不同场景、活动或难度，请比较基础属性。,assets/images/其他物品/巨型莱科维奇箱子--6aef19cb7c.png,原版图鉴
巨型莱科维奇箱子,Huge Lewkowicz's Crate,未标注,宝箱与礼包,"有莱科维奇本人签名的箱子。 里面有什么？ 

可能有交通工具改装。",叠加上限：1,,当前档案有 6 条同名记录；可能来自不同场景、活动或难度，请比较基础属性。,assets/images/其他物品/巨型莱科维奇箱子--6aef19cb7c.png,原版图鉴
巨型莱科维奇箱子,Huge Lewkowicz's Crate,未标注,宝箱与礼包,"有莱科维奇本人签名的箱子。 里面有什么？ 

可能有交通工具改装。",叠加上限：1,,当前档案有 6 条同名记录；可能来自不同场景、活动或难度，请比较基础属性。,assets/images/其他物品/巨型莱科维奇箱子--6aef19cb7c.png,原版图鉴
卢卡,Luka,未标注,人物与商人,,基础生命：450；储物栏位：10；移动速度（配置）：4.5,,,,暂缺
克里姆,Klim,未标注,人物与商人,,基础生命：450；储物栏位：10；移动速度（配置）：4.5,,当前档案有 8 条同名记录；可能来自不同场景、活动或难度，请比较基础属性。,,暂缺
克里姆,Klim,未标注,人物与商人,,基础生命：450；储物栏位：10；移动速度（配置）：4.5,,当前档案有 8 条同名记录；可能来自不同场景、活动或难度，请比较基础属性。,,暂缺
朱尔,Jul,未标注,人物与商人,,基础生命：450；储物栏位：10；移动速度（配置）：4.5,,当前档案有 4 条同名记录；可能来自不同场景、活动或难度，请比较基础属性。,,暂缺
老式智能手机,Old Smartphone,未标注,笔记与线索,满是血迹的智能手机。 屏幕坏了， 但电池还能用。,叠加上限：1,,,assets/images/其他物品/载有信息的冻结手机--77fc869848.png,原版图鉴
卢卡的第五段录音,Luka's fifth recording,未标注,笔记与线索,录音带看起来很新。 一张用正楷写着卢卡名字的贴纸。,叠加上限：1,,当前档案有 2 条同名记录；可能来自不同场景、活动或难度，请比较基础属性。,assets/images/其他物品/语音消息--27563b81ca.png,原版图鉴
塞西亚人双刃斧,Scythian Labrys,未标注,载具与组件,赋予你主动能力“绞肉机”， 对区域内的敌人造成伤害。,耐久：30；叠加上限：1,,当前档案有 5 条同名记录；可能来自不同场景、活动或难度，请比较基础属性。,assets/images/其他物品/塞西亚人双刃斧--eb37f99225.png,原版图鉴
塞西亚人双刃斧,Scythian Labrys,未标注,载具与组件,赋予你主动能力“绞肉机”， 对区域内的敌人造成伤害。,基础伤害：345–370；攻击间隔：1.2秒；攻击距离（配置）：1.9；暴击几率：10%；暴击倍率：1.3倍；潜行攻击倍率：1.6倍；叠加上限：1,,当前档案有 5 条同名记录；可能来自不同场景、活动或难度，请比较基础属性。,assets/images/其他物品/塞西亚人双刃斧--eb37f99225.png,原版图鉴
护照第1页,Passport page #1,未标注,笔记与线索,写在护照页上的笔记， 你从囚犯口袋里找到的 。,叠加上限：1,,,assets/images/其他物品/家长来信--8ff5169e26.png,原版图鉴
护照第2页,Passport page #2,未标注,笔记与线索,写在护照页上的另一部分笔记， 你从囚犯口袋里找到的 。,叠加上限：1,,,assets/images/其他物品/家长来信--8ff5169e26.png,原版图鉴
囚犯的信件 #1,Prisoner's letter #1,未标注,笔记与线索,在食尸鬼的口袋里找到的 。 一封字迹潦草的信。 第一页。,叠加上限：1,,,assets/images/其他物品/家长来信--8ff5169e26.png,原版图鉴
囚犯的信件 #2,Prisoner's letter #2,未标注,笔记与线索,在食尸鬼的口袋里找到的 。 一封字迹潦草的信。 第二页。,叠加上限：1,,,assets/images/其他物品/家长来信--8ff5169e26.png,原版图鉴
奖励箱子,Reward Crate,未标注,宝箱与礼包,Награда за победу в лотерее Telegram,叠加上限：1；恢复生命：0,,当前档案有 9 条同名记录；可能来自不同场景、活动或难度，请比较基础属性。,assets/images/其他物品/奖励箱子--a143b355d8.png,原版图鉴
莱科维奇,Lewkowicz,未标注,人物与商人,,基础生命：450；储物栏位：10；移动速度（配置）：4.5,,当前档案有 2 条同名记录；可能来自不同场景、活动或难度，请比较基础属性。,,暂缺
狂腐士战利品铠甲,Decayers' Trophy Armor,未标注,宝箱与礼包,开发者的奖励。,叠加上限：1,,,assets/images/其他物品/大型战利品箱子--00680a27ea.png,原版图鉴
狂腐士战利品武器,Decayers' Trophy Weapon,未标注,宝箱与礼包,开发者的奖励。,叠加上限：1,,当前档案有 3 条同名记录；可能来自不同场景、活动或难度，请比较基础属性。,assets/images/其他物品/狂腐士战利品武器--ee5a9395bd.png,原版图鉴
骑手箱子,Rider's Crate,未标注,宝箱与礼包,自行车高级改装物品。,叠加上限：1,,,assets/images/其他物品/骑手箱子--e4790b0689.png,原版图鉴
徽章商人,Badge Trader,未标注,人物与商人,Badge Trader,基础生命：100,,当前档案有 3 条同名记录；可能来自不同场景、活动或难度，请比较基础属性。,assets/images/其他物品/贸易联盟商人--cd26bdb1aa.png,原版图鉴
囚犯笔记,Prisoner's note,未标注,笔记与线索,这张皱巴巴的笔记被一个囚犯紧紧攥在手里。 这一页的底部沾满了血。,叠加上限：1,,,assets/images/其他物品/家长来信--8ff5169e26.png,原版图鉴
土匪的货物,Bandits' Cargo,未标注,宝箱与礼包,"包含食物。

部分完成被围困的房屋剧情任务的奖励。",叠加上限：1,,当前档案有 4 条同名记录；可能来自不同场景、活动或难度，请比较基础属性。,assets/images/其他物品/土匪的货物--29e463cfa8.png,原版图鉴
土匪的货物,Bandits' Cargo,未标注,宝箱与礼包,"包含食物、投掷武器和其他贵重物品。

部分完成被围困的房屋活动的奖励。",叠加上限：1,,当前档案有 4 条同名记录；可能来自不同场景、活动或难度，请比较基础属性。,assets/images/其他物品/土匪的货物--29e463cfa8.png,原版图鉴
头目的货物,Boss's Cargo,未标注,宝箱与礼包,"包含贵重物品、医疗用品和食物。

完成被围困的房屋剧情任务的奖励。",叠加上限：1,,当前档案有 2 条同名记录；可能来自不同场景、活动或难度，请比较基础属性。,assets/images/其他物品/土匪的货物--29e463cfa8.png,原版图鉴
狂腐士的录音,Decayer's Audiotape,未标注,笔记与线索,这盘高放射性的录音带没有标签。,叠加上限：1,,,assets/images/其他物品/语音消息--27563b81ca.png,原版图鉴
伏击价目表,Ambush Pricelist,未标注,,莱科维奇的货物和价格清单。,叠加上限：1,,,assets/images/其他物品/贸易联盟价格--9cef2828bd.png,原版图鉴
升级版塞西亚人双刃斧,Upgraded Scythian Labrys,罕见,载具与组件,赋予你主动能力“绞肉机”， 对区域内的敌人造成伤害。,耐久：30；叠加上限：1；品质：罕见,,出现场景：森林郊区；当前档案有 2 条同名记录；可能来自不同场景、活动或难度，请比较基础属性。,assets/images/其他物品/升级版塞西亚人双刃斧--0e04a3065a.png,原版图鉴
升级版塞西亚人双刃斧,Upgraded Scythian Labrys,罕见,载具与组件,赋予你主动能力“绞肉机”， 对区域内的敌人造成伤害。,基础伤害：420–445；攻击间隔：1.2秒；攻击距离（配置）：1.9；暴击几率：13%；暴击倍率：1.3倍；潜行攻击倍率：1.6倍；叠加上限：1；品质：罕见,,当前档案有 2 条同名记录；可能来自不同场景、活动或难度，请比较基础属性。,assets/images/其他物品/升级版塞西亚人双刃斧--0e04a3065a.png,原版图鉴
强化塞西亚人双刃斧,Reinforced Scythian Labrys,未标注,载具与组件,赋予你主动能力“绞肉机”， 对区域内的敌人造成伤害。,耐久：30；叠加上限：1,,出现场景：森林郊区；当前档案有 2 条同名记录；可能来自不同场景、活动或难度，请比较基础属性。,assets/images/其他物品/强化塞西亚人双刃斧--879ad86aac.png,原版图鉴
强化塞西亚人双刃斧,Reinforced Scythian Labrys,未标注,载具与组件,赋予你主动能力“绞肉机”， 对区域内的敌人造成伤害。,基础伤害：495–520；攻击间隔：1.2秒；攻击距离（配置）：1.9；暴击几率：17%；暴击倍率：1.3倍；潜行攻击倍率：1.6倍；叠加上限：1,,当前档案有 2 条同名记录；可能来自不同场景、活动或难度，请比较基础属性。,assets/images/其他物品/强化塞西亚人双刃斧--879ad86aac.png,原版图鉴
升级版塞西亚人 SPAS-12,Upgraded Scythian SPAS-12,罕见,载具与组件,赋予你主动能力“齐齐射击”， 对区域内的敌人造成伤害。,耐久：30；叠加上限：1；品质：罕见,,出现场景：森林郊区；当前档案有 2 条同名记录；可能来自不同场景、活动或难度，请比较基础属性。,assets/images/其他物品/升级版塞西亚人 SPAS-12--963293a68e.png,原版图鉴
升级版塞西亚人 SPAS-12,Upgraded Scythian SPAS-12,罕见,载具与组件,赋予你主动能力“齐齐射击”， 对区域内的敌人造成伤害。,基础伤害：325–385；攻击间隔：1.4秒；攻击距离（配置）：4.5；暴击几率：13%；暴击倍率：1.5倍；潜行攻击倍率：1.8倍；叠加上限：1；品质：罕见,,当前档案有 2 条同名记录；可能来自不同场景、活动或难度，请比较基础属性。,assets/images/其他物品/升级版塞西亚人 SPAS-12--963293a68e.png,原版图鉴
强化塞西亚人 SPAS-12,Upgraded Scythian SPAS-12,未标注,载具与组件,赋予你主动能力“齐齐射击”， 对区域内的敌人造成伤害。,耐久：30；叠加上限：1,,出现场景：森林郊区；当前档案有 2 条同名记录；可能来自不同场景、活动或难度，请比较基础属性。,assets/images/其他物品/强化塞西亚人 SPAS-12--513174a0c0.png,原版图鉴
强化塞西亚人 SPAS-12,Upgraded Scythian SPAS-12,未标注,载具与组件,赋予你主动能力“齐齐射击”， 对区域内的敌人造成伤害。,基础伤害：385–455；攻击间隔：1.4秒；攻击距离（配置）：4.5；暴击几率：17%；暴击倍率：1.5倍；潜行攻击倍率：1.8倍；叠加上限：1,,当前档案有 2 条同名记录；可能来自不同场景、活动或难度，请比较基础属性。,assets/images/其他物品/强化塞西亚人 SPAS-12--513174a0c0.png,原版图鉴
礼品盒,Gift crate,未标注,宝箱与礼包,开发者的奖励。,叠加上限：1,,当前档案有 2 条同名记录；可能来自不同场景、活动或难度，请比较基础属性。,assets/images/其他物品/奖励箱子--a143b355d8.png,原版图鉴
《领地时报》,The Territory Times Newspaper,未标注,笔记与线索,阅读并了解游戏的最新变化。,叠加上限：1,,当前档案有 105 条同名记录；可能来自不同场景、活动或难度，请比较基础属性。,assets/images/其他物品/《领地时报》--d7068c6a05.png,原版图鉴
《领地时报》,The Territory Times Newspaper,未标注,笔记与线索,阅读并了解游戏的最新变化。,叠加上限：1,,当前档案有 105 条同名记录；可能来自不同场景、活动或难度，请比较基础属性。,assets/images/其他物品/《领地时报》--d7068c6a05.png,原版图鉴
农夫的价目表,Farmer's Price List,未标注,,被围困的房屋农夫的货物清单和价目表。,叠加上限：1,,,assets/images/其他物品/贸易联盟价格--9cef2828bd.png,原版图鉴
塞西亚人的战利品,Scythian Trophies,未标注,宝箱与礼包,内含装备、 铠甲和其他贵重物品。,叠加上限：1,,当前档案有 2 条同名记录；可能来自不同场景、活动或难度，请比较基础属性。,assets/images/其他物品/塞西亚人的战利品--a3d26686c5.png,原版图鉴
塞西亚人的大箱子,Big Scythian Crate,未标注,宝箱与礼包,"可能内含传奇武器、 铠甲以及其他贵重物品。 
完成伏击事件的奖励。",叠加上限：1,,当前档案有 2 条同名记录；可能来自不同场景、活动或难度，请比较基础属性。,assets/images/其他物品/塞西亚人的大箱子--ca3ef0a357.png,原版图鉴
塞西亚人的大箱子,Big Scythian Crate,未标注,宝箱与礼包,"可能内含传奇武器、 铠甲以及其他贵重物品。 
完成伏击事件的奖励。",叠加上限：1,,当前档案有 2 条同名记录；可能来自不同场景、活动或难度，请比较基础属性。,assets/images/其他物品/塞西亚人的大箱子--ca3ef0a357.png,原版图鉴
疯狂萤火虫,Mad Firefly,未标注,人物与商人,疯狂萤火虫,,,,assets/images/资源材料/混凝土--eab7c0232b.png,原版图鉴
塞西亚人的顶级装备,Scythians' top gear,未标注,宝箱与礼包,包含摩托车和自行车的改装、完美武器箱子和其他宝贵的资源。,叠加上限：1,,当前档案有 2 条同名记录；可能来自不同场景、活动或难度，请比较基础属性。,assets/images/其他物品/塞西亚人的顶级装备--2574fbe4d4.png,原版图鉴
巨型战利品箱子,Huge Trophy Crate,未标注,宝箱与礼包,内含狂腐士传奇装备等高级装备和铠甲， 以及许多珍贵资源。,叠加上限：1,,当前档案有 4 条同名记录；可能来自不同场景、活动或难度，请比较基础属性。,assets/images/其他物品/巨型战利品箱子--8cb5648c6d.png,原版图鉴
巨型战利品箱子,Huge Trophy Crate,未标注,宝箱与礼包,内含狂腐士传奇装备等高级装备和铠甲， 以及许多珍贵资源。,叠加上限：1,,当前档案有 4 条同名记录；可能来自不同场景、活动或难度，请比较基础属性。,assets/images/其他物品/巨型战利品箱子--8cb5648c6d.png,原版图鉴
《领地时报》,The Territory Times Newspaper,未标注,笔记与线索,阅读并了解游戏的最新变化。,叠加上限：1,,当前档案有 105 条同名记录；可能来自不同场景、活动或难度，请比较基础属性。,assets/images/其他物品/《领地时报》--d7068c6a05.png,原版图鉴
骑手大砍刀,Rider's Machete,未标注,载具与组件,赋予你主动攻击能力： 强力猛击。 对角色面前的敌人造成伤害。 可同时伤害多名敌人 。,基础伤害：270–300；攻击间隔：1.2秒；攻击距离（配置）：1.9；暴击几率：10%；暴击倍率：1.3倍；潜行攻击倍率：1.6倍；叠加上限：1,,当前档案有 5 条同名记录；可能来自不同场景、活动或难度，请比较基础属性。,assets/images/其他物品/骑手大砍刀--08978360ee.png,原版图鉴
骑手大砍刀,Rider's Machete,未标注,载具与组件,赋予你主动攻击能力： 强力猛击。 对角色面前的敌人造成伤害。 可同时伤害多名敌人 。,基础伤害：340–370；攻击间隔：1.2秒；攻击距离（配置）：1.9；暴击几率：13%；暴击倍率：1.3倍；潜行攻击倍率：1.6倍；叠加上限：1,,当前档案有 5 条同名记录；可能来自不同场景、活动或难度，请比较基础属性。,assets/images/其他物品/骑手大砍刀--1237931b00.png,原版图鉴
骑手大砍刀,Rider's Machete,未标注,载具与组件,赋予你主动攻击能力： 强力猛击。 对角色面前的敌人造成伤害。 可同时伤害多名敌人 。,基础伤害：410–440；攻击间隔：1.2秒；攻击距离（配置）：1.9；暴击几率：17%；暴击倍率：1.3倍；潜行攻击倍率：1.6倍；叠加上限：1,,当前档案有 5 条同名记录；可能来自不同场景、活动或难度，请比较基础属性。,assets/images/其他物品/骑手大砍刀--bf8f13cc58.png,原版图鉴
塞西亚人双刃斧,Scythian Labrys,未标注,载具与组件,赋予你主动能力“绞肉机”， 对区域内的敌人造成伤害。,基础伤害：260–285；攻击间隔：1.2秒；攻击距离（配置）：1.9；暴击几率：15%；暴击倍率：5倍；潜行攻击倍率：1.6倍；叠加上限：1,,当前档案有 5 条同名记录；可能来自不同场景、活动或难度，请比较基础属性。,assets/images/其他物品/塞西亚人双刃斧--3f4eec4cc3.png,原版图鉴
塞西亚人双刃斧,Scythian Labrys,未标注,载具与组件,赋予你主动能力“绞肉机”， 对区域内的敌人造成伤害。,基础伤害：330–355；攻击间隔：1.2秒；攻击距离（配置）：1.9；暴击几率：15%；暴击倍率：5倍；潜行攻击倍率：1.6倍；叠加上限：1,,当前档案有 5 条同名记录；可能来自不同场景、活动或难度，请比较基础属性。,assets/images/其他物品/塞西亚人双刃斧--230e5c6b57.png,原版图鉴
塞西亚人双刃斧,Scythian Labrys,未标注,载具与组件,赋予你主动能力“绞肉机”， 对区域内的敌人造成伤害。,基础伤害：405–430；攻击间隔：1.2秒；攻击距离（配置）：1.9；暴击几率：15%；暴击倍率：5倍；潜行攻击倍率：1.6倍；叠加上限：1,,当前档案有 5 条同名记录；可能来自不同场景、活动或难度，请比较基础属性。,assets/images/其他物品/塞西亚人双刃斧--f5b6bfe08e.png,原版图鉴
塞西亚人十字弓,Scythian Crossbow,未标注,载具与组件,赋予你主动攻击能力： 破空。 对沿火线的敌人造成远程伤害。,基础伤害：260–270；攻击间隔：1.4秒；攻击距离（配置）：7.5；暴击几率：20%；暴击倍率：1.5倍；潜行攻击倍率：1.8倍；叠加上限：1,,当前档案有 5 条同名记录；可能来自不同场景、活动或难度，请比较基础属性。,assets/images/其他物品/塞西亚人十字弓--c997bdedb1.png,原版图鉴
塞西亚人十字弓,Scythian Crossbow,未标注,载具与组件,赋予你主动攻击能力： 破空。 对沿火线的敌人造成远程伤害。,基础伤害：300–310；攻击间隔：1.4秒；攻击距离（配置）：7.5；暴击几率：30%；暴击倍率：1.5倍；潜行攻击倍率：1.8倍；叠加上限：1,,当前档案有 5 条同名记录；可能来自不同场景、活动或难度，请比较基础属性。,assets/images/其他物品/塞西亚人十字弓--5328571bbb.png,原版图鉴
塞西亚人十字弓,Scythian Crossbow,未标注,载具与组件,赋予你主动攻击能力： 破空。 对沿火线的敌人造成远程伤害。,基础伤害：345–355；攻击间隔：1.4秒；攻击距离（配置）：7.5；暴击几率：40%；暴击倍率：1.5倍；潜行攻击倍率：1.8倍；叠加上限：1,,当前档案有 5 条同名记录；可能来自不同场景、活动或难度，请比较基础属性。,assets/images/其他物品/塞西亚人十字弓--05f9181622.png,原版图鉴
塞西亚人 SPAS-12,Scythian SPAS-12,未标注,载具与组件,赋予你主动能力“齐齐射击”， 对区域内的敌人造成伤害。,基础伤害：310–370；攻击间隔：0.9秒；攻击距离（配置）：4.5；暴击几率：10%；暴击倍率：1.5倍；潜行攻击倍率：1.8倍；叠加上限：1,,当前档案有 5 条同名记录；可能来自不同场景、活动或难度，请比较基础属性。,assets/images/其他物品/塞西亚人 SPAS-12--f7d531039e.png,原版图鉴
塞西亚人 SPAS-12,Scythian SPAS-12,未标注,载具与组件,赋予你主动能力“齐齐射击”， 对区域内的敌人造成伤害。,基础伤害：375–435；攻击间隔：0.9秒；攻击距离（配置）：4.5；暴击几率：13%；暴击倍率：1.5倍；潜行攻击倍率：1.8倍；叠加上限：1,,当前档案有 5 条同名记录；可能来自不同场景、活动或难度，请比较基础属性。,assets/images/其他物品/塞西亚人 SPAS-12--2239415446.png,原版图鉴
塞西亚人 SPAS-12,Scythian SPAS-12,未标注,载具与组件,赋予你主动能力“齐齐射击”， 对区域内的敌人造成伤害。,基础伤害：450–510；攻击间隔：0.9秒；攻击距离（配置）：4.5；暴击几率：17%；暴击倍率：1.5倍；潜行攻击倍率：1.8倍；叠加上限：1,,当前档案有 5 条同名记录；可能来自不同场景、活动或难度，请比较基础属性。,assets/images/其他物品/塞西亚人 SPAS-12--00444959a4.png,原版图鉴
《领地时报》,The Territory Times Newspaper,未标注,笔记与线索,阅读并了解游戏的最新变化。,叠加上限：1,,当前档案有 105 条同名记录；可能来自不同场景、活动或难度，请比较基础属性。,assets/images/其他物品/《领地时报》--d7068c6a05.png,原版图鉴
毒蛇酸液瓶,Serpent's Vessel,未标注,载具与组件,赋予你被动能力： 丹巴拉血样。 对敌人和你造成酸性伤害。,叠加上限：1,,,assets/images/其他物品/毒蛇酸液瓶--f06d27d70a.png,原版图鉴
血腥毒蛇酸液瓶,Bloody Serpent's Vessel,未标注,载具与组件,赋予你被动能力： 丹巴拉血样。 对敌人和你造成酸性伤害。,叠加上限：1,,出现场景：森林郊区,assets/images/其他物品/血腥毒蛇酸液瓶--662865b3cd.png,原版图鉴
毛骨悚然毒蛇酸液瓶,Sacrificial Serpent's Vessel,未标注,载具与组件,赋予你被动能力： 丹巴拉血样。 对敌人和你造成酸性伤害。,叠加上限：1,,出现场景：森林郊区,assets/images/其他物品/毛骨悚然毒蛇酸液瓶--fc1bc91cbc.png,原版图鉴
昂贡修理箱,Ongun Repair Kit,未标注,载具与组件,赋予你被动能力： 昂贡的祝福。 降低衣服和铠甲的磨损率。,叠加上限：1,,,assets/images/其他物品/昂贡修理箱--c2a5e8771e.png,原版图鉴
昂贡修理包,Ongun's Repair Pack,未标注,载具与组件,赋予你被动能力： 昂贡的祝福。 降低衣服和铠甲的磨损率。,叠加上限：1,,出现场景：森林郊区,assets/images/其他物品/昂贡修理包--3ee40548fb.png,原版图鉴
昂贡修理套装,Ongun's Repair Set,未标注,载具与组件,赋予你被动能力： 昂贡的祝福。 降低衣服和铠甲的磨损率。,叠加上限：1,,出现场景：森林郊区,assets/images/其他物品/昂贡修理套装--fef4818a43.png,原版图鉴
索格博修理包,Sogbo's Repair Kit,未标注,载具与组件,赋予你被动能力： 索格博的祝福。 降低武器的磨损率。,叠加上限：1,,,assets/images/其他物品/索格博修理包--c2ab61c704.png,原版图鉴
索格博修理箱,Sogbo Repair Pack,未标注,载具与组件,赋予你被动能力： 索格博的祝福。 降低武器的磨损率。,叠加上限：1,,出现场景：森林郊区,assets/images/其他物品/索格博修理箱--fe99e81aa8.png,原版图鉴
索格博修理套装,Sogbo Repair Set,未标注,载具与组件,赋予你被动能力： 索格博的祝福。 降低武器的磨损率。,叠加上限：1,,出现场景：森林郊区,assets/images/其他物品/索格博修理套装--3d1f39a59c.png,原版图鉴
送葬者急救箱,Undertakers' First Aid Kit,未标注,载具与组件,赋予你被动能力： 心灵祝福。 你不会因为受到致命伤害而死亡， 并会恢复大部分生命值。,耐久：1；叠加上限：1,,,assets/images/其他物品/送葬者急救箱--7815e0f1f4.png,原版图鉴
血腥急救箱,Bloody Undertakers' First Aid Kit,未标注,载具与组件,赋予你被动能力： 心灵祝福。 你不会因为受到致命伤害而死亡， 并会恢复大部分生命值。,耐久：2；叠加上限：1,,出现场景：森林郊区,assets/images/其他物品/血腥急救箱--c26f039539.png,原版图鉴
毛骨悚然急救箱,Sacrificial Undertakers' First Aid Kit,未标注,载具与组件,赋予你被动能力： 心灵祝福。 你不会因为受到致命伤害而死亡， 并会恢复大部分生命值。,耐久：3；叠加上限：1,,出现场景：森林郊区,assets/images/其他物品/毛骨悚然急救箱--9732b17fc7.png,原版图鉴
送葬者包,Undertakers' Bag,未标注,载具与组件,最好别知道它是用谁的皮肤做成的 。 提供额外空间， 可容纳更多战利品。,叠加上限：1,,,assets/images/其他物品/送葬者包--2d94d6f2d8.png,原版图鉴
巨型战利品箱子,Huge Trophy Crate,未标注,宝箱与礼包,内含狂腐士传奇装备等高级装备和铠甲， 以及许多珍贵资源。,叠加上限：1,,当前档案有 4 条同名记录；可能来自不同场景、活动或难度，请比较基础属性。,assets/images/其他物品/巨型战利品箱子--8cb5648c6d.png,原版图鉴
塞西亚人的战利品,Scythian Trophies,未标注,宝箱与礼包,内含装备、 铠甲和其他贵重物品。,叠加上限：1,,当前档案有 2 条同名记录；可能来自不同场景、活动或难度，请比较基础属性。,assets/images/其他物品/塞西亚人的战利品--a3d26686c5.png,原版图鉴
血腥送葬者包,Bloody Undertakers' Bag,未标注,载具与组件,最好别知道它是用谁的皮肤做成的 。 提供额外空间， 可容纳更多战利品。,叠加上限：1,,出现场景：森林郊区,assets/images/其他物品/血腥送葬者包--c33055555d.png,原版图鉴
毛骨悚然送葬者包,Sacrificial Undertakers' Bag,未标注,载具与组件,最好别知道它是用谁的皮肤做成的 。 提供额外空间， 可容纳更多战利品。,叠加上限：1,,出现场景：森林郊区,assets/images/其他物品/毛骨悚然送葬者包--b3c1b21556.png,原版图鉴
伏都教自行车包,Voodoo Cycling Bag,未标注,载具与组件,一旦你开始准备伏都教仪式， 就没法停止。 可容纳战利品的宽敞空间。,叠加上限：1,,,assets/images/其他物品/伏都教自行车包--3a1659bd7d.png,原版图鉴
血腥自行车包,Bloody Voodoo Cycling Bag,未标注,载具与组件,一旦你开始准备伏都教仪式， 就没法停止。 可容纳战利品的宽敞空间。,叠加上限：1,,出现场景：森林郊区,assets/images/其他物品/血腥自行车包--1c1dc70fe0.png,原版图鉴
祭祀自行车包,Sacrificial Voodoo Cycling Bag,未标注,载具与组件,一旦你开始准备伏都教仪式， 就没法停止。 可容纳战利品的宽敞空间。,叠加上限：1,,出现场景：森林郊区,assets/images/其他物品/祭祀自行车包--2759e23ad6.png,原版图鉴
死亡骑士散弹枪,Death Rider's Shotgun,未标注,载具与组件,赋予你主动攻击能力： 骨头崇拜者。 对区域内的敌人造成伤害并减慢其速度。,耐久：30；叠加上限：1,,,assets/images/其他物品/塞西亚人 SPAS-12--f7d531039e.png,原版图鉴
死亡信使散弹枪,Death Herald's Shotgun,未标注,载具与组件,赋予你主动攻击能力： 骨头崇拜者。 对区域内的敌人造成伤害并减慢其速度。,耐久：30；叠加上限：1,,出现场景：森林郊区,assets/images/其他物品/塞西亚人 SPAS-12--2239415446.png,原版图鉴
死亡助手散弹枪,Death Mate's Shotgun,未标注,载具与组件,赋予你主动攻击能力： 骨头崇拜者。 对区域内的敌人造成伤害并减慢其速度。,耐久：30；叠加上限：1,,出现场景：森林郊区,assets/images/其他物品/塞西亚人 SPAS-12--00444959a4.png,原版图鉴
死亡骑士博尔特枪,Death Rider's Boltgun,未标注,载具与组件,赋予你主动攻击能力： 丹巴拉手指。 对沿火线的敌人造成远程伤害并减慢其攻击速度。,耐久：30；叠加上限：1,,,assets/images/其他物品/塞西亚人十字弓--c997bdedb1.png,原版图鉴
死亡信使博尔特枪,Death Herald's Boltgun,未标注,载具与组件,赋予你主动攻击能力： 丹巴拉手指。 对沿火线的敌人造成远程伤害并减慢其攻击速度。,耐久：30；叠加上限：1,,出现场景：森林郊区,assets/images/其他物品/塞西亚人十字弓--5328571bbb.png,原版图鉴
死亡助手博尔特枪,Death Mate's Boltgun,未标注,载具与组件,赋予你主动攻击能力： 丹巴拉手指。 对沿火线的敌人造成远程伤害并减慢其攻击速度。,耐久：30；叠加上限：1,,出现场景：森林郊区,assets/images/其他物品/塞西亚人十字弓--05f9181622.png,原版图鉴
死亡骑士斧头,Death Rider's Axe,未标注,载具与组件,赋予你主动攻击能力： 萨梅迪的惩戒。 对角色面前的敌人造成伤害， 可同时伤害多名敌人 。 触发几率极高。,耐久：30；叠加上限：1,,,assets/images/其他物品/塞西亚人双刃斧--3f4eec4cc3.png,原版图鉴
死亡信使斧头,Death Herald's Axe,未标注,载具与组件,赋予你主动攻击能力： 萨梅迪的惩戒。 对角色面前的敌人造成伤害， 可同时伤害多名敌人 。 触发几率极高。,耐久：30；叠加上限：1,,出现场景：森林郊区,assets/images/其他物品/塞西亚人双刃斧--230e5c6b57.png,原版图鉴
死亡助手斧头,Death Mate's Axe,未标注,载具与组件,赋予你主动攻击能力： 萨梅迪的惩戒。 对角色面前的敌人造成伤害， 可同时伤害多名敌人 。 触发几率极高。,耐久：30；叠加上限：1,,出现场景：森林郊区,assets/images/其他物品/塞西亚人双刃斧--f5b6bfe08e.png,原版图鉴
死亡骑士双刃大砍刀,Death Rider's Claymore,未标注,载具与组件,赋予你主动攻击能力： 毒蛇攻击。 对区域内的敌人造成伤害并用酸灼伤他们 。,耐久：30；叠加上限：1,,,assets/images/其他物品/骑手大砍刀--08978360ee.png,原版图鉴
死亡信使双刃大砍刀,Death Herald's Claymore,未标注,载具与组件,赋予你主动攻击能力： 毒蛇攻击。 对区域内的敌人造成伤害并用酸灼伤他们 。,耐久：30；叠加上限：1,,出现场景：森林郊区,assets/images/其他物品/骑手大砍刀--1237931b00.png,原版图鉴
死亡助手双刃大砍刀,Death Mate's Claymore,未标注,载具与组件,赋予你主动攻击能力： 毒蛇攻击。 对区域内的敌人造成伤害并用酸灼伤他们 。,耐久：30；叠加上限：1,,出现场景：森林郊区,assets/images/其他物品/骑手大砍刀--bf8f13cc58.png,原版图鉴
徽章商人,Badge Trader,未标注,人物与商人,Badge Trader,基础生命：100,,当前档案有 3 条同名记录；可能来自不同场景、活动或难度，请比较基础属性。,assets/images/其他物品/贸易联盟商人--cd26bdb1aa.png,原版图鉴
Badge Trader's Price List,Badge Trader's Price List,未标注,,Badge Trader's list of goods and prices.,叠加上限：1,,当前档案有 2 条同名记录；可能来自不同场景、活动或难度，请比较基础属性。,assets/images/其他物品/贸易联盟价格--9cef2828bd.png,原版图鉴
万圣节箱子,Halloween Chest,未标注,宝箱与礼包,"包含节日装备和物品。 
部分完成领地万圣节事件的奖励。",叠加上限：1,,当前档案有 11 条同名记录；可能来自不同场景、活动或难度，请比较基础属性。,assets/images/其他物品/万圣节箱子--3fd350a854.png,原版图鉴
万圣节箱子,Halloween Chest,未标注,宝箱与礼包,"包含节日装备和物品。 
部分完成领地万圣节事件的奖励。",叠加上限：1,,当前档案有 11 条同名记录；可能来自不同场景、活动或难度，请比较基础属性。,assets/images/其他物品/万圣节箱子--3fd350a854.png,原版图鉴
万圣节箱子,Halloween Chest,未标注,宝箱与礼包,"包含节日装备和物品。 
部分完成领地万圣节事件的奖励。",叠加上限：1,,当前档案有 11 条同名记录；可能来自不同场景、活动或难度，请比较基础属性。,assets/images/其他物品/万圣节箱子--3fd350a854.png,原版图鉴
万圣节大型箱子,Big Halloween Chest,未标注,宝箱与礼包,"包含传说中的武器或铠甲， 以及装备和节日物品。 
完成领地万圣节事件的奖励。",叠加上限：1,,当前档案有 10 条同名记录；可能来自不同场景、活动或难度，请比较基础属性。,assets/images/其他物品/万圣节大型箱子--fd444a2277.png,原版图鉴
《领地时报》,The Territory Times Newspaper,未标注,笔记与线索,阅读并了解游戏的最新变化。,叠加上限：1,,当前档案有 105 条同名记录；可能来自不同场景、活动或难度，请比较基础属性。,assets/images/其他物品/《领地时报》--d7068c6a05.png,原版图鉴
送葬者传奇武器,Undertakers' Legendary Weapons,未标注,宝箱与礼包,伏都教教徒最好的武器和装饰品！,叠加上限：1,,当前档案有 3 条同名记录；可能来自不同场景、活动或难度，请比较基础属性。,assets/images/其他物品/送葬者传奇武器--38ab2fb527.png,原版图鉴
送葬者头目服装,Undertaker Bosses' Attire,未标注,宝箱与礼包,刽子手之心、大背包、蛇彭特新娘的传奇装备。,叠加上限：1,,当前档案有 3 条同名记录；可能来自不同场景、活动或难度，请比较基础属性。,assets/images/其他物品/送葬者头目服装--8233ff8661.png,原版图鉴
万圣节大型箱子,Big Halloween Chest,未标注,宝箱与礼包,"包含传说中的武器或铠甲， 以及装备和节日物品。 
完成领地万圣节事件的奖励。",叠加上限：1,,当前档案有 10 条同名记录；可能来自不同场景、活动或难度，请比较基础属性。,assets/images/其他物品/万圣节大型箱子--fd444a2277.png,原版图鉴
送葬者自行车零件,Undertakers' Bicycle Parts,未标注,宝箱与礼包,组装巫毒车辆！独一无二的改装和更大的后备箱！,叠加上限：1,,当前档案有 10 条同名记录；可能来自不同场景、活动或难度，请比较基础属性。,assets/images/其他物品/送葬者自行车零件--84d2cb8aee.png,原版图鉴
轻松生存,Easy Surviving,未标注,宝箱与礼包,恢复伤口， 获得力量。,叠加上限：1,,当前档案有 2 条同名记录；可能来自不同场景、活动或难度，请比较基础属性。,assets/images/其他物品/轻松生存--e630c1a88b.png,原版图鉴
礼品盒,Gift crate,未标注,宝箱与礼包,开发者的奖励。,叠加上限：1,,当前档案有 2 条同名记录；可能来自不同场景、活动或难度，请比较基础属性。,assets/images/其他物品/万圣节箱子--3fd350a854.png,原版图鉴
黑兵工厂,Black Arsenal,未标注,宝箱与礼包,最后一名领地传奇的装备。,叠加上限：1,,当前档案有 4 条同名记录；可能来自不同场景、活动或难度，请比较基础属性。,assets/images/其他物品/黑兵工厂--05119ccc2a.png,原版图鉴
送葬者传奇武器,Undertakers' Legendary Weapons,未标注,宝箱与礼包,最棒的伏都教信徒武器！,叠加上限：1,,当前档案有 3 条同名记录；可能来自不同场景、活动或难度，请比较基础属性。,assets/images/其他物品/送葬者传奇武器--38ab2fb527.png,原版图鉴
送葬者头目服装,Undertaker Bosses' Attire,未标注,宝箱与礼包,传奇铠甲，还有机会获得一个15栏位背包！,叠加上限：1,,当前档案有 3 条同名记录；可能来自不同场景、活动或难度，请比较基础属性。,assets/images/其他物品/送葬者头目服装--8233ff8661.png,原版图鉴
核炬士兜帽,Nuclear Torch's Hood,传奇,外观,罪人不会看到刽子手的脸， 只能看到他充满仇恨的眼睛。,耐久：320；叠加上限：1；品质：传奇,,,assets/images/防具装备/核炬士兜帽--08abc03e94.png,原版图鉴
核炬士裤子,Nuclear Torch's Trousers,传奇,外观,带铠甲的护膝， 因在狂腐士祭坛上长时间祈祷而磨损， 祭坛上燃烧着异教徒的尸骨。,耐久：335；叠加上限：1；品质：传奇,,,assets/images/防具装备/核炬士裤子--37c086d296.png,原版图鉴
核炬士靴子,Nuclear Torch's Boots,传奇,外观,核炬士的脚步很沉重。 像他的拳头一样沉重， 像异教徒的酷刑一样严酷， 像荣耀盲者的布道一样令人信服。,耐久：330；叠加上限：1；品质：传奇,,,assets/images/防具装备/核炬士靴子--47936d4879.png,原版图鉴
核炬士铠甲长袍,Nuclear Torch's Armored Robe,传奇,外观,无人知晓狂腐士是在何处找到这种高科技铠甲的。幸好，只有少数狂热分子可以穿着它。,耐久：315；叠加上限：1；品质：传奇,,,assets/images/防具装备/核炬士铠甲长袍--6253ca92cc.png,原版图鉴
阿依达·维铎头盔,Ayida-Weddo's Helmet,传奇,外观,蛇彭特信徒以丹巴拉之灵的形象出现，他的獠牙里有烧心的毒药。,耐久：320；叠加上限：1；品质：传奇,,,assets/images/防具装备/阿依达·维铎头盔--30485d71cc.png,原版图鉴
阿依达·维铎铠甲服,Ayida-Weddo's Armored Coat,传奇,外观,战前， 人们在描绘“死亡之神”萨梅迪时， 他总是穿着长袍， 如今则变成了带有蛇牙的强化铠甲。,耐久：315；叠加上限：1；品质：传奇,,,assets/images/防具装备/阿依达·维铎铠甲服--02c0c36577.png,原版图鉴
蛇彭特信徒裤子,Serpent's Cohort's Pants,传奇,外观,即使你设法从蛇彭特信徒那里逃脱，迟早也会死于他们的诅咒。,耐久：335；叠加上限：1；品质：传奇,,,assets/images/防具装备/蛇彭特信徒裤子--f47b4152ef.png,原版图鉴
蛇彭特信徒靴子,Serpent's Cohort's Boots,传奇,外观,送葬者穿着的结实靴子，由洛亚神挑选，适合“灵魂之路”朝圣之旅。,耐久：315；叠加上限：1；品质：传奇,,,assets/images/防具装备/蛇彭特信徒靴子--c2ac5b46c0.png,原版图鉴
暗黑游荡者面具,Black Strider's Mask,传奇,外观,这个面具的眼睛燃烧着复仇火焰。 被它盯上的人， 绝无生还之机。,耐久：320；叠加上限：1；品质：传奇,,,assets/images/防具装备/暗黑游荡者面具--9eef862fd9.png,原版图鉴
暗黑游荡者裤子,Black Strider's Pants,传奇,外观,子弹、 箭矢、 爆炸都无法击败暗黑游荡者， 已经有许多人尝试过了 。,耐久：335；叠加上限：1；品质：传奇,,,assets/images/防具装备/暗黑游荡者裤子--1b7a6689dc.png,原版图鉴
暗黑游荡者靴子,Black Strider's Boots,传奇,外观,传说暗黑游荡者穿着这双靴子一路从石棺前往“箭矢”导弹基地 。,耐久：330；叠加上限：1；品质：传奇,,,assets/images/防具装备/暗黑游荡者靴子--c9531a6afe.png,原版图鉴
暗黑游荡者战术背心,Black Strider's Tac Vest,传奇,外观,有人说子弹射不穿他的黑色铠甲，也有人说敌人在开枪之前就会命丧黄泉。,耐久：315；叠加上限：1；品质：传奇,,,assets/images/防具装备/暗黑游荡者战术背心--a50f88049f.png,原版图鉴
斯普林特的特殊盒子,Splinter's Special Crate,未标注,宝箱与礼包,死亡自行车改装和其他商品，来自领地最棒的工程师。,叠加上限：1,,当前档案有 3 条同名记录；可能来自不同场景、活动或难度，请比较基础属性。,assets/images/其他物品/斯普林特的特殊盒子--ff96b5c559.png,原版图鉴
塞西亚人稀有装备,Scythian Rare Gear,未标注,宝箱与礼包,包含武器、 铠甲、 狂腐士自行车改装和其他贵重物品。,叠加上限：1,,当前档案有 2 条同名记录；可能来自不同场景、活动或难度，请比较基础属性。,assets/images/其他物品/塞西亚人稀有装备--211d6f5c47.png,原版图鉴
塞西亚人独特战利品,Scythian Unique Trophies,未标注,宝箱与礼包,内含顶级装备， 包括死亡自行车改装、 传奇武器和其他贵重物品。,叠加上限：1,,,assets/images/其他物品/塞西亚人独特战利品--7130fee587.png,原版图鉴
斯普林特的特殊盒子,Splinter's Special Crate,未标注,宝箱与礼包,死亡自行车改装和其他商品，来自领地最棒的工程师。,叠加上限：1,,当前档案有 3 条同名记录；可能来自不同场景、活动或难度，请比较基础属性。,assets/images/其他物品/斯普林特的特殊盒子--ff96b5c559.png,原版图鉴
斯普林特的特殊盒子,Splinter's Special Crate,未标注,宝箱与礼包,死亡自行车改装和其他商品，来自领地最棒的工程师。,叠加上限：1,,当前档案有 3 条同名记录；可能来自不同场景、活动或难度，请比较基础属性。,assets/images/其他物品/斯普林特的特殊盒子--ff96b5c559.png,原版图鉴
塞西亚人稀有装备,Scythian Rare Gear,未标注,宝箱与礼包,包含武器、 铠甲、 狂腐士自行车改装和其他贵重物品。,叠加上限：1,,当前档案有 2 条同名记录；可能来自不同场景、活动或难度，请比较基础属性。,assets/images/其他物品/塞西亚人稀有装备--211d6f5c47.png,原版图鉴
《领地时报》,The Territory Times Newspaper,未标注,笔记与线索,阅读并了解游戏的最新变化。,叠加上限：1,,当前档案有 105 条同名记录；可能来自不同场景、活动或难度，请比较基础属性。,assets/images/其他物品/《领地时报》--d7068c6a05.png,原版图鉴
感恩节箱子,Thanksgiving Chest,未标注,宝箱与礼包,"可能包含传奇和常见武器、 装备、 外观特征和其他物品。 

完成感恩节事件的奖励。",叠加上限：1,,,assets/images/其他物品/感恩节箱子--7c8f08b0a7.png,原版图鉴
发型、 纹身和服装,"Hair, tattoos, and costumes",未标注,宝箱与礼包,包含外表碎片。,叠加上限：1,,,assets/images/其他物品/发型、 纹身和服装--c07737ba8a.png,原版图鉴
尖叫面具,Scream Mask,未标注,外观,适合精密的复仇计划爱好者。,叠加上限：1,,当前档案有 2 条同名记录；可能来自不同场景、活动或难度，请比较基础属性。,assets/images/防具装备/尖叫面具--665b01f432.png,原版图鉴
狼人面具,Werewolf Mask,未标注,外观,有时， 你会怀念外出狩猎和在满月时嚎叫的日子。,叠加上限：1,,,assets/images/防具装备/狼人面具--80444d8e3c.png,原版图鉴
狂人面具,Maniac Mask,未标注,外观,如果你想报复某人， 这个面具再合适不过。,叠加上限：1,,,assets/images/防具装备/狂人面具--a95e6edcf3.png,原版图鉴
南瓜脑袋面具,Pumpkin Head Mask,未标注,外观,戴上南瓜脑袋， 让陌生人胆战心惊， 用地狱之火烧死敌人吧。,叠加上限：1,,,assets/images/防具装备/南瓜脑袋面具--e664bfe5b4.png,原版图鉴
男俘虏,Captive,未标注,人物与商人,,基础生命：450；移动速度（配置）：4.5,,当前档案有 8 条同名记录；可能来自不同场景、活动或难度，请比较基础属性。,assets/images/其他物品/男俘虏--04a338aa61.png,原版图鉴
女俘虏,Captive,未标注,人物与商人,,基础生命：450；移动速度（配置）：4.5,,当前档案有 6 条同名记录；可能来自不同场景、活动或难度，请比较基础属性。,assets/images/其他物品/女俘虏--3fa1f7bac6.png,原版图鉴
女俘虏,Captive,未标注,人物与商人,,基础生命：450；移动速度（配置）：4.5,,当前档案有 6 条同名记录；可能来自不同场景、活动或难度，请比较基础属性。,assets/images/其他物品/女俘虏--3fa1f7bac6.png,原版图鉴
男俘虏,Captive,未标注,人物与商人,,基础生命：450；移动速度（配置）：4.5,,当前档案有 8 条同名记录；可能来自不同场景、活动或难度，请比较基础属性。,assets/images/其他物品/男俘虏--04a338aa61.png,原版图鉴
克里姆,Klim,未标注,人物与商人,,基础生命：450；储物栏位：10；移动速度（配置）：4.5,,当前档案有 8 条同名记录；可能来自不同场景、活动或难度，请比较基础属性。,,暂缺
仓库扩建,Warehouse Expansion,未标注,笔记与线索,仓库扩建的最新情况。,叠加上限：1,,,assets/images/资源材料/每日消息--7938a65e56.png,原版图鉴
仓库研究员盒子,Warehouse Researcher's Crate,未标注,宝箱与礼包,一大盒游荡者装备， 很适合用来探索异象区。,叠加上限：1,,,assets/images/其他物品/仓库研究员盒子--b40a08a204.png,原版图鉴
《领地时报》,The Territory Times Newspaper,未标注,笔记与线索,阅读并了解游戏的最新变化。,叠加上限：1,,当前档案有 105 条同名记录；可能来自不同场景、活动或难度，请比较基础属性。,assets/images/其他物品/《领地时报》--d7068c6a05.png,原版图鉴
维因的价目表,Vein's Price List,未标注,,游荡者维因的价目表。,叠加上限：1,,当前档案有 2 条同名记录；可能来自不同场景、活动或难度，请比较基础属性。,assets/images/其他物品/贸易联盟价格--9cef2828bd.png,原版图鉴
友情支持,Friendly Support,未标注,宝箱与礼包,因为观看战前广告而获得的一盒有用物品。,叠加上限：1,,,assets/images/其他物品/友情支持--b5e5fe3ca7.png,原版图鉴
树下的礼物,Gift under the Tree,未标注,宝箱与礼包,包含新年礼物、 装备和外表碎片。,叠加上限：1,,当前档案有 2 条同名记录；可能来自不同场景、活动或难度，请比较基础属性。,assets/images/其他物品/树下的礼物--77f1c4fb05.png,原版图鉴
Stranger's Gold Box,Stranger's Gold Chest,未标注,宝箱与礼包,"Contains a lot of items, including legendary weapons and armor, appearance fragments, and New Year decoration materials.
 
New Year Challenge grand prize!",叠加上限：1,,,assets/images/其他物品/Stranger's Gold Box--3f661e7b8d.png,原版图鉴
Stranger's Silver Box,Stranger's Silver Chest,未标注,宝箱与礼包,"Contains several items, including legendary weapons and armor, appearance fragments, and New Year decoration materials.
 
New Year Challenge second prize!",叠加上限：1,,当前档案有 2 条同名记录；可能来自不同场景、活动或难度，请比较基础属性。,assets/images/其他物品/Stranger's Silver Box--84e141b6c8.png,原版图鉴
Stranger's Bronze Box,Stranger's Bronze Chest,未标注,宝箱与礼包,"Contains legendary weapons and armor, appearance fragments, and New Year decoration materials.
 
New Year Challenge third prize!",叠加上限：1,,,assets/images/其他物品/Stranger's Bronze Box--9961a80665.png,原版图鉴
Stranger's Big Box,Stranger's Big Chest,未标注,宝箱与礼包,"May contain legendary weapons and armor. Also contains weapons, armor, appearance fragments, and New Year decoration materials.
 
New Year Challenge top-20 prize!",叠加上限：1,,,assets/images/其他物品/Stranger's Big Box--3fd6992b69.png,原版图鉴
Stranger's Box,Stranger's Chest,未标注,宝箱与礼包,"Contains weapons and armor. May also contain appearance fragments and New Year decoration materials.
 
New Year Challenge participation prize!",叠加上限：1,,,assets/images/其他物品/Stranger's Box--14fd8ac590.png,原版图鉴
奖励武器盒子,Prize Chest with Weapon,未标注,宝箱与礼包,在挑战中获得名次而获得，包含传说中的武器。,叠加上限：1,,当前档案有 30 条同名记录；可能来自不同场景、活动或难度，请比较基础属性。,assets/images/其他物品/Stranger's Gold Box--3f661e7b8d.png,原版图鉴
仓库征服者箱子,Warehouse Conqueror's Crate,未标注,宝箱与礼包,可能包含完美武器箱子、装备、铠甲、武器，以及清理仓库所需的其他物品。,叠加上限：1,,当前档案有 2 条同名记录；可能来自不同场景、活动或难度，请比较基础属性。,assets/images/其他物品/仓库征服者箱子--ef961943d2.png,原版图鉴
奖励铠甲盒子,Prize Armor Chest,未标注,宝箱与礼包,在挑战中获得名次而获得，包含一件传奇铠甲。,叠加上限：1,,当前档案有 27 条同名记录；可能来自不同场景、活动或难度，请比较基础属性。,assets/images/其他物品/Stranger's Gold Box--3f661e7b8d.png,原版图鉴
Prize Box with Materials,Prize Chest with Materials,未标注,宝箱与礼包,包含有价值的材料。,叠加上限：1,,当前档案有 3 条同名记录；可能来自不同场景、活动或难度，请比较基础属性。,assets/images/其他物品/Stranger's Gold Box--3f661e7b8d.png,原版图鉴
奖励武器盒子,Prize Chest with Weapon,未标注,宝箱与礼包,在挑战中获得名次而获得，包含传说中的武器。,叠加上限：1,,当前档案有 30 条同名记录；可能来自不同场景、活动或难度，请比较基础属性。,assets/images/其他物品/Stranger's Gold Box--3f661e7b8d.png,原版图鉴
奖励铠甲盒子,Prize Armor Chest,未标注,宝箱与礼包,在挑战中获得名次而获得，包含一件传奇铠甲。,叠加上限：1,,当前档案有 27 条同名记录；可能来自不同场景、活动或难度，请比较基础属性。,assets/images/其他物品/Stranger's Gold Box--3f661e7b8d.png,原版图鉴
奖励武器盒子,Prize Chest with Weapon,未标注,宝箱与礼包,在挑战中获得名次而获得，包含传说中的武器。,叠加上限：1,,当前档案有 30 条同名记录；可能来自不同场景、活动或难度，请比较基础属性。,assets/images/其他物品/Stranger's Gold Box--3f661e7b8d.png,原版图鉴
奖励铠甲盒子,Prize Armor Chest,未标注,宝箱与礼包,在挑战中获得名次而获得，包含一件传奇铠甲。,叠加上限：1,,当前档案有 27 条同名记录；可能来自不同场景、活动或难度，请比较基础属性。,assets/images/其他物品/Stranger's Gold Box--3f661e7b8d.png,原版图鉴
奖励铠甲盒子,Prize Armor Chest,未标注,宝箱与礼包,在挑战中获得名次而获得，包含一件传奇铠甲。,叠加上限：1,,当前档案有 27 条同名记录；可能来自不同场景、活动或难度，请比较基础属性。,assets/images/其他物品/Stranger's Silver Box--84e141b6c8.png,原版图鉴
奖励武器盒子,Prize Chest with Weapon,未标注,宝箱与礼包,在挑战中获得名次而获得，包含传说中的武器。,叠加上限：1,,当前档案有 30 条同名记录；可能来自不同场景、活动或难度，请比较基础属性。,assets/images/其他物品/Stranger's Silver Box--84e141b6c8.png,原版图鉴
Prize Box with Materials,Prize Chest with Materials,未标注,宝箱与礼包,包含有价值的材料。,叠加上限：1,,当前档案有 3 条同名记录；可能来自不同场景、活动或难度，请比较基础属性。,assets/images/其他物品/Stranger's Silver Box--84e141b6c8.png,原版图鉴
奖励武器盒子,Prize Chest with Weapon,未标注,宝箱与礼包,在挑战中获得名次而获得，包含传说中的武器。,叠加上限：1,,当前档案有 30 条同名记录；可能来自不同场景、活动或难度，请比较基础属性。,assets/images/其他物品/Stranger's Silver Box--84e141b6c8.png,原版图鉴
奖励铠甲盒子,Prize Armor Chest,未标注,宝箱与礼包,在挑战中获得名次而获得，包含一件传奇铠甲。,叠加上限：1,,当前档案有 27 条同名记录；可能来自不同场景、活动或难度，请比较基础属性。,assets/images/其他物品/Stranger's Silver Box--84e141b6c8.png,原版图鉴
奖励武器盒子,Prize Chest with Weapon,未标注,宝箱与礼包,在挑战中获得名次而获得，包含传说中的武器。,叠加上限：1,,当前档案有 30 条同名记录；可能来自不同场景、活动或难度，请比较基础属性。,assets/images/其他物品/Stranger's Silver Box--84e141b6c8.png,原版图鉴
奖励铠甲盒子,Prize Armor Chest,未标注,宝箱与礼包,在挑战中获得名次而获得，包含一件传奇铠甲。,叠加上限：1,,当前档案有 27 条同名记录；可能来自不同场景、活动或难度，请比较基础属性。,assets/images/其他物品/Stranger's Silver Box--84e141b6c8.png,原版图鉴
Stranger's Silver Box,Stranger's Silver Chest,未标注,宝箱与礼包,"Contains several items, including legendary weapons and armor, appearance fragments, and New Year decoration materials.
 
New Year Challenge second prize!",叠加上限：1,,当前档案有 2 条同名记录；可能来自不同场景、活动或难度，请比较基础属性。,assets/images/其他物品/Stranger's Silver Box--84e141b6c8.png,原版图鉴
奖励铠甲盒子,Prize Armor Chest,未标注,宝箱与礼包,在挑战中获得名次而获得，包含一件传奇铠甲。,叠加上限：1,,当前档案有 27 条同名记录；可能来自不同场景、活动或难度，请比较基础属性。,assets/images/其他物品/Stranger's Bronze Box--9961a80665.png,原版图鉴
奖励武器盒子,Prize Chest with Weapon,未标注,宝箱与礼包,在挑战中获得名次而获得，包含传说中的武器。,叠加上限：1,,当前档案有 30 条同名记录；可能来自不同场景、活动或难度，请比较基础属性。,assets/images/其他物品/Stranger's Bronze Box--9961a80665.png,原版图鉴
Prize Box with Materials,Prize Chest with Materials,未标注,宝箱与礼包,包含有价值的材料。,叠加上限：1,,当前档案有 3 条同名记录；可能来自不同场景、活动或难度，请比较基础属性。,assets/images/其他物品/Stranger's Bronze Box--9961a80665.png,原版图鉴
奖励武器盒子,Prize Chest with Weapon,未标注,宝箱与礼包,在挑战中获得名次而获得，包含传说中的武器。,叠加上限：1,,当前档案有 30 条同名记录；可能来自不同场景、活动或难度，请比较基础属性。,assets/images/其他物品/Stranger's Bronze Box--9961a80665.png,原版图鉴
奖励铠甲盒子,Prize Armor Chest,未标注,宝箱与礼包,在挑战中获得名次而获得，包含一件传奇铠甲。,叠加上限：1,,当前档案有 27 条同名记录；可能来自不同场景、活动或难度，请比较基础属性。,assets/images/其他物品/Stranger's Bronze Box--9961a80665.png,原版图鉴
奖励武器盒子,Prize Chest with Weapon,未标注,宝箱与礼包,在挑战中获得名次而获得，包含传说中的武器。,叠加上限：1,,当前档案有 30 条同名记录；可能来自不同场景、活动或难度，请比较基础属性。,assets/images/其他物品/Stranger's Bronze Box--9961a80665.png,原版图鉴
奖励铠甲盒子,Prize Armor Chest,未标注,宝箱与礼包,在挑战中获得名次而获得，包含一件传奇铠甲。,叠加上限：1,,当前档案有 27 条同名记录；可能来自不同场景、活动或难度，请比较基础属性。,assets/images/其他物品/Stranger's Bronze Box--9961a80665.png,原版图鉴
武器盒子,Prize Chest with Weapon,未标注,宝箱与礼包,作为参加挑战的奖励获得，包含一件武器。,叠加上限：1,,当前档案有 55 条同名记录；可能来自不同场景、活动或难度，请比较基础属性。,assets/images/其他物品/Stranger's Big Box--3fd6992b69.png,原版图鉴
武器盒子,Prize Chest with Weapon,未标注,宝箱与礼包,作为参加挑战的奖励获得，包含一件武器。,叠加上限：1,,当前档案有 55 条同名记录；可能来自不同场景、活动或难度，请比较基础属性。,assets/images/其他物品/Stranger's Big Box--3fd6992b69.png,原版图鉴
武器盒子,Prize Chest with Weapon,未标注,宝箱与礼包,作为参加挑战的奖励获得，包含一件武器。,叠加上限：1,,当前档案有 55 条同名记录；可能来自不同场景、活动或难度，请比较基础属性。,assets/images/其他物品/Stranger's Big Box--3fd6992b69.png,原版图鉴
铠甲盒子,Armor Chest,未标注,宝箱与礼包,作为参加挑战的奖励获得，包含一部分的铠甲。,叠加上限：1,,当前档案有 56 条同名记录；可能来自不同场景、活动或难度，请比较基础属性。,assets/images/其他物品/Stranger's Big Box--3fd6992b69.png,原版图鉴
铠甲盒子,Armor Chest,未标注,宝箱与礼包,作为参加挑战的奖励获得，包含一部分的铠甲。,叠加上限：1,,当前档案有 56 条同名记录；可能来自不同场景、活动或难度，请比较基础属性。,assets/images/其他物品/Stranger's Big Box--3fd6992b69.png,原版图鉴
铠甲盒子,Armor Chest,未标注,宝箱与礼包,作为参加挑战的奖励获得，包含一部分的铠甲。,叠加上限：1,,当前档案有 56 条同名记录；可能来自不同场景、活动或难度，请比较基础属性。,assets/images/其他物品/Stranger's Big Box--3fd6992b69.png,原版图鉴
送葬者磁带,Undertaker's Tape,未标注,笔记与线索,磁带部分损坏， 贴纸上有伏都教符号。,叠加上限：1,,,assets/images/其他物品/语音消息--27563b81ca.png,原版图鉴
材料盒子,Chest with Materials,未标注,宝箱与礼包,包含有价值的材料。,叠加上限：1,,当前档案有 17 条同名记录；可能来自不同场景、活动或难度，请比较基础属性。,assets/images/其他物品/Stranger's Big Box--3fd6992b69.png,原版图鉴
材料盒子,Chest with Materials,未标注,宝箱与礼包,包含有价值的材料。,叠加上限：1,,当前档案有 17 条同名记录；可能来自不同场景、活动或难度，请比较基础属性。,assets/images/其他物品/Stranger's Box--14fd8ac590.png,原版图鉴
铠甲盒子,Armor Chest,未标注,宝箱与礼包,作为参加挑战的奖励获得，包含一部分的铠甲。,叠加上限：1,,当前档案有 56 条同名记录；可能来自不同场景、活动或难度，请比较基础属性。,assets/images/其他物品/Stranger's Box--14fd8ac590.png,原版图鉴
武器盒子,Prize Chest with Weapon,未标注,宝箱与礼包,作为参加挑战的奖励获得，包含一件武器。,叠加上限：1,,当前档案有 55 条同名记录；可能来自不同场景、活动或难度，请比较基础属性。,assets/images/其他物品/Stranger's Box--14fd8ac590.png,原版图鉴
武器盒子,Prize Chest with Weapon,未标注,宝箱与礼包,包含武器。,叠加上限：1,,当前档案有 55 条同名记录；可能来自不同场景、活动或难度，请比较基础属性。,assets/images/其他物品/巨型贸易联盟箱子--e2653e709c.png,原版图鉴
铠甲盒子,Armor Chest,未标注,宝箱与礼包,包含铠甲。,叠加上限：1,,当前档案有 56 条同名记录；可能来自不同场景、活动或难度，请比较基础属性。,assets/images/其他物品/巨型贸易联盟箱子--e2653e709c.png,原版图鉴
铠甲盒子,Armor Chest,未标注,宝箱与礼包,包含铠甲。,叠加上限：1,,当前档案有 56 条同名记录；可能来自不同场景、活动或难度，请比较基础属性。,assets/images/其他物品/大型贸易联盟箱子--894af40d13.png,原版图鉴
材料盒子,Chest with Materials,未标注,宝箱与礼包,包含有价值的材料。,叠加上限：1,,当前档案有 17 条同名记录；可能来自不同场景、活动或难度，请比较基础属性。,assets/images/其他物品/中型贸易联盟箱子--3a195b2853.png,原版图鉴
尖叫面具,Scream Mask,未标注,外观,适合精密的复仇计划爱好者。,叠加上限：1,,当前档案有 2 条同名记录；可能来自不同场景、活动或难度，请比较基础属性。,assets/images/防具装备/尖叫面具--665b01f432.png,原版图鉴
新年口粮,New Year Ration,未标注,宝箱与礼包,游荡者的新年盛宴！,叠加上限：1,,当前档案有 2 条同名记录；可能来自不同场景、活动或难度，请比较基础属性。,assets/images/其他物品/新年口粮--1652b219d3.png,原版图鉴
新年兵工厂,New Year Arsenal,未标注,宝箱与礼包,可能包含传奇冬季枪械、部分新年服装和冷冻手榴弹。,叠加上限：1,,当前档案有 4 条同名记录；可能来自不同场景、活动或难度，请比较基础属性。,assets/images/其他物品/新年兵工厂--016b9d5d35.png,原版图鉴
异教徒的末日,Last Day of Heretic,未标注,宝箱与礼包,杀死狂腐士头目的战利品。,叠加上限：1,,当前档案有 4 条同名记录；可能来自不同场景、活动或难度，请比较基础属性。,assets/images/其他物品/异教徒的末日--334b5e819a.png,原版图鉴
黑兵工厂,Black Arsenal,未标注,宝箱与礼包,最后一名领地传奇的装备。,叠加上限：1,,当前档案有 4 条同名记录；可能来自不同场景、活动或难度，请比较基础属性。,assets/images/其他物品/黑兵工厂--cccd885a30.png,原版图鉴
新年箱子,New Year Chest,未标注,宝箱与礼包,Reward for participation in the New Year event.,叠加上限：1,,当前档案有 10 条同名记录；可能来自不同场景、活动或难度，请比较基础属性。,assets/images/其他物品/新年箱子--6e905bab01.png,原版图鉴
新年箱子,New Year Chest,未标注,宝箱与礼包,Reward for participation in the New Year event.,叠加上限：1,,当前档案有 10 条同名记录；可能来自不同场景、活动或难度，请比较基础属性。,assets/images/其他物品/新年箱子--ff5008a813.png,原版图鉴
新年箱子,New Year Chest,未标注,宝箱与礼包,Reward for participation in the New Year event.,叠加上限：1,,当前档案有 10 条同名记录；可能来自不同场景、活动或难度，请比较基础属性。,assets/images/其他物品/新年箱子--ac920260d1.png,原版图鉴
新年箱子,New Year Chest,未标注,宝箱与礼包,Reward for participation in the New Year event.,叠加上限：1,,当前档案有 10 条同名记录；可能来自不同场景、活动或难度，请比较基础属性。,assets/images/其他物品/新年箱子--f3a522ce5b.png,原版图鉴
送葬者传奇武器,Undertakers' Legendary Weapons,未标注,宝箱与礼包,最棒的伏都教信徒武器！,叠加上限：1,,当前档案有 3 条同名记录；可能来自不同场景、活动或难度，请比较基础属性。,assets/images/其他物品/送葬者传奇武器--38ab2fb527.png,原版图鉴
最后的幸存者,Last Survivor,未标注,宝箱与礼包,抵御重伤和武器伤害。,叠加上限：1,,当前档案有 3 条同名记录；可能来自不同场景、活动或难度，请比较基础属性。,assets/images/其他物品/最后的幸存者--02d77e0143.png,原版图鉴
止血剂5件套,Hemostop 5-pack,未标注,宝箱与礼包,含有一些止血剂， 可恢复健康和治愈重伤。,叠加上限：1,,,assets/images/其他物品/止血剂5件套--c65ae35ba6.png,原版图鉴
止血剂10件套,Hemostop 10-pack,未标注,宝箱与礼包,含有大量止血剂， 可恢复健康和治愈重伤。,叠加上限：1,,,assets/images/其他物品/止血剂10件套--454c624c8c.png,原版图鉴
材料盒子,Chest with Materials,未标注,宝箱与礼包,包含有价值的材料。,叠加上限：1,,当前档案有 17 条同名记录；可能来自不同场景、活动或难度，请比较基础属性。,assets/images/其他物品/大型贸易联盟箱子--894af40d13.png,原版图鉴
材料盒子,Chest with Materials,未标注,宝箱与礼包,包含有价值的材料。,叠加上限：1,,当前档案有 17 条同名记录；可能来自不同场景、活动或难度，请比较基础属性。,assets/images/其他物品/巨型贸易联盟箱子--e2653e709c.png,原版图鉴
瑞弗特,Riveter,未标注,人物与商人,,基础伤害：50–60；攻击间隔：0.73秒；攻击距离（配置）：0.4；基础生命：450；储物栏位：10,,当前档案有 7 条同名记录；可能来自不同场景、活动或难度，请比较基础属性。,,暂缺
新年箱子,New Year Chest,未标注,宝箱与礼包,Reward for participation in the New Year event.,叠加上限：1,,当前档案有 10 条同名记录；可能来自不同场景、活动或难度，请比较基础属性。,assets/images/其他物品/新年箱子--6e905bab01.png,原版图鉴
克里姆战术背心,Klim's Tactical Vest,传奇,外观,由研究所开发的APS神器模块，甚至能防止产生鲜血直流的伤口。,耐久：315；叠加上限：1；品质：传奇,,,assets/images/其他物品/克里姆战术背心--8b99a36695.png,原版图鉴
克里姆面具,Klim's Mask,传奇,外观,游荡者们迷信： 陪伴游荡者进行过多次成功旅行的物品会带来好运。 尤其是经过神器改造的装备。,耐久：320；叠加上限：1；品质：传奇,,,assets/images/防具装备/克里姆面具--df095bb68e.png,原版图鉴
克里姆裤子,Klim's Pants,传奇,外观,这条裤子经过硬质神器合金镶嵌强化，能帮助你抵御伤害和其他仓库威胁。,耐久：335；叠加上限：1；品质：传奇,,,assets/images/其他物品/克里姆裤子--e21dd310ab.png,原版图鉴
克里姆靴子,Klim's Boots,传奇,外观,这双靴子经过神器改造， 由团队队长下令定制并强化。,耐久：330；叠加上限：1；品质：传奇,,,assets/images/防具装备/克里姆靴子--21070361a4.png,原版图鉴
黑帮叛徒,Triad Turncoat,未标注,人物与商人,,基础生命：1000；储物栏位：10；移动速度（配置）：4.5,,当前档案有 14 条同名记录；可能来自不同场景、活动或难度，请比较基础属性。,,暂缺
《领地时报》,The Territory Times Newspaper,未标注,笔记与线索,阅读并了解游戏的最新变化。,叠加上限：1,,当前档案有 105 条同名记录；可能来自不同场景、活动或难度，请比较基础属性。,assets/images/其他物品/《领地时报》--d7068c6a05.png,原版图鉴
最后的幸存者,Last Survivor,未标注,宝箱与礼包,抵御重伤和武器伤害。,叠加上限：1,,当前档案有 3 条同名记录；可能来自不同场景、活动或难度，请比较基础属性。,assets/images/其他物品/最后的幸存者--02d77e0143.png,原版图鉴
猎人,Hunter,未标注,人物与商人,,基础生命：450；移动速度（配置）：4.5,,当前档案有 2 条同名记录；可能来自不同场景、活动或难度，请比较基础属性。,assets/images/其他物品/男俘虏--04a338aa61.png,原版图鉴
幸存者姑娘,Survivor Girl,未标注,人物与商人,,基础生命：450；移动速度（配置）：4.5,,,assets/images/其他物品/男俘虏--04a338aa61.png,原版图鉴
游荡者,Strider,未标注,人物与商人,,基础生命：450；移动速度（配置）：4.5,,当前档案有 4 条同名记录；可能来自不同场景、活动或难度，请比较基础属性。,assets/images/其他物品/男俘虏--04a338aa61.png,原版图鉴
猎人盒子,Hunter's Crate,未标注,宝箱与礼包,打开此盒子，获得完成猎人剧情任务的奖励。,叠加上限：1,,,assets/images/其他物品/猎人盒子--241b9d5dd2.png,原版图鉴
猎人大型盒子,Big Hunter's Crate,未标注,宝箱与礼包,打开此盒子，获得完成猎人剧情任务的奖励。,叠加上限：1,,,assets/images/其他物品/猎人盒子--241b9d5dd2.png,原版图鉴
游荡者盒子,Strider's Crate,未标注,宝箱与礼包,打开此盒子，获得完成游荡者剧情任务的奖励。,叠加上限：1,,,assets/images/其他物品/游荡者盒子--382a3f9237.png,原版图鉴
游荡者大型盒子,Big Strider's Crate,未标注,宝箱与礼包,打开此盒子，获得完成游荡者剧情任务的奖励。,叠加上限：1,,,assets/images/其他物品/游荡者盒子--382a3f9237.png,原版图鉴
幸存者姑娘的大型盒子,Survivor Girl's Big Crate,未标注,宝箱与礼包,打开此盒子，获得完成幸存者姑娘剧情任务的奖励。,叠加上限：1,,,assets/images/其他物品/幸存者姑娘的大型盒子--8acc6f0477.png,原版图鉴
农夫的妻子,Farmer's Wife,未标注,人物与商人,,基础生命：450；移动速度（配置）：2.8,,当前档案有 5 条同名记录；可能来自不同场景、活动或难度，请比较基础属性。,,暂缺
伴我去旅行！录像1,Travel with Me! Rec. 1,未标注,笔记与线索,内有录像的战前优盘。,叠加上限：1,,,assets/images/其他物品/伴我去旅行！录像1--ece45f24fe.png,原版图鉴
伴我去旅行！录像2,Travel with Me! Rec. 2,未标注,笔记与线索,内有录像的战前优盘。,叠加上限：1,,,assets/images/其他物品/伴我去旅行！录像1--ece45f24fe.png,原版图鉴
伴我去旅行！录像3,Travel with Me! Rec. 3,未标注,笔记与线索,内有录像的战前优盘。,叠加上限：1,,,assets/images/其他物品/伴我去旅行！录像1--ece45f24fe.png,原版图鉴
伴我去旅行！录像4,Travel with Me! Rec. 4,未标注,笔记与线索,内有录像的战前优盘。,叠加上限：1,,,assets/images/其他物品/伴我去旅行！录像1--ece45f24fe.png,原版图鉴
伴我去旅行！录像5,Travel with Me! Rec. 5,未标注,笔记与线索,内有录像的战前优盘。,叠加上限：1,,,assets/images/其他物品/伴我去旅行！录像1--ece45f24fe.png,原版图鉴
伴我去旅行！录像6,Travel with Me! Rec. 6,未标注,笔记与线索,内有录像的战前优盘。,叠加上限：1,,,assets/images/其他物品/伴我去旅行！录像1--ece45f24fe.png,原版图鉴
伴我去旅行！录像7,Travel with Me! Rec. 7,未标注,笔记与线索,内有录像的战前优盘。,叠加上限：1,,,assets/images/其他物品/伴我去旅行！录像1--ece45f24fe.png,原版图鉴
伴我去旅行！录像8,Travel with Me! Rec. 8,未标注,笔记与线索,内有录像的战前优盘。,叠加上限：1,,,assets/images/其他物品/伴我去旅行！录像1--ece45f24fe.png,原版图鉴
伴我去旅行！录像9,Travel with Me! Rec. 9,未标注,笔记与线索,内有录像的战前优盘。,叠加上限：1,,,assets/images/其他物品/伴我去旅行！录像1--ece45f24fe.png,原版图鉴
伴我去旅行！录像10,Travel with Me! Rec. 10,未标注,笔记与线索,内有录像的战前优盘。,叠加上限：1,,,assets/images/其他物品/伴我去旅行！录像1--ece45f24fe.png,原版图鉴
伴我去旅行！录像11,Travel with Me! Rec. 11,未标注,笔记与线索,内有录像的战前优盘。,叠加上限：1,,,assets/images/其他物品/伴我去旅行！录像1--ece45f24fe.png,原版图鉴
伴我去旅行！录像12,Travel with Me! Rec. 12,未标注,笔记与线索,内有录像的战前优盘。,叠加上限：1,,,assets/images/其他物品/伴我去旅行！录像1--ece45f24fe.png,原版图鉴
伴我去旅行！录像13,Travel with Me! Rec. 13,未标注,笔记与线索,内有录像的战前优盘。,叠加上限：1,,,assets/images/其他物品/伴我去旅行！录像1--ece45f24fe.png,原版图鉴
枪手,Gunslinger,未标注,人物与商人,,储物栏位：10；移动速度（配置）：4.5,,当前档案有 3 条同名记录；可能来自不同场景、活动或难度，请比较基础属性。,,暂缺
刽子手杀手传奇盒子,Carnifex Killer's Legendary Crate,未标注,宝箱与礼包,"容器中装有贸易联盟最好的库存，你只能通过稀有的刽子手舌头获得。

它可能包含大量的传奇武器、传奇铠甲、装备、兄弟会的油漆和许多其他有价值的物品。",叠加上限：1,,,assets/images/其他物品/刽子手杀手传奇盒子--55c88c5c7e.png,原版图鉴
狂腐士的祭坛,Decayers' Altar,未标注,人物与商人,,,,,,暂缺
猎人,Hunter,未标注,人物与商人,,基础生命：450；移动速度（配置）：4.5,,当前档案有 2 条同名记录；可能来自不同场景、活动或难度，请比较基础属性。,assets/images/其他物品/男俘虏--04a338aa61.png,原版图鉴
越野车备胎,UAZ Spare,未标注,,越野车的备胎。可能有点生锈，但不影响速度。,,,,assets/images/其他物品/越野车备胎--bbec2ccdf0.png,原版图鉴
CAESAR的礼物,Gift from C.A.E.S.A.R,未标注,宝箱与礼包,等待计时器结束并接受礼物。,叠加上限：1,,,assets/images/其他物品/CAESAR的礼物--58bdd18063.png,原版图鉴
游荡者的口粮,Strider's Ration,未标注,宝箱与礼包,食物、 水、 药品和武器。,叠加上限：1,,,assets/images/其他物品/游荡者的口粮--9b3ab32fc4.png,原版图鉴
霍克的价格,Hawker's prices,未标注,,商人将在避难所待30分钟。时间到时，霍克将离开避难所，然后在第二天返回。,叠加上限：1,,当前档案有 3 条同名记录；可能来自不同场景、活动或难度，请比较基础属性。,assets/images/其他物品/贸易联盟价格--9cef2828bd.png,原版图鉴
贸易联盟霍克,Trade Union Hawker,未标注,人物与商人,,基础生命：100；储物栏位：10；移动速度（配置）：4.5,,,assets/images/其他物品/贸易联盟商人--cd26bdb1aa.png,原版图鉴
随机提升器,Random Booster,未标注,宝箱与礼包,购买此盒子可获得角色的随机升级。,叠加上限：1,,,assets/images/其他物品/随机提升器--aece9ac119.png,原版图鉴
武器盒子,Prize Chest with Weapon,未标注,宝箱与礼包,包含一支枪械。,叠加上限：1,,当前档案有 55 条同名记录；可能来自不同场景、活动或难度，请比较基础属性。,assets/images/其他物品/武器盒子--8d13ccb34e.png,原版图鉴
小型贸易联盟箱子,Small Trade Union Crate,未标注,宝箱与礼包,有贸易联盟标志的箱子，里面会有什么？,叠加上限：1,,当前档案有 4 条同名记录；可能来自不同场景、活动或难度，请比较基础属性。,assets/images/其他物品/小型贸易联盟箱子--7022d7fdbc.png,原版图鉴
旧加油站的战利品,Loot from the Old Gas Station,未标注,宝箱与礼包,枪手在旧加油站为你帮忙的报酬。,叠加上限：1,,当前档案有 2 条同名记录；可能来自不同场景、活动或难度，请比较基础属性。,assets/images/其他物品/旧加油站的战利品--7748982a1e.png,原版图鉴
拍立得照片,Instant photograph,未标注,笔记与线索,背面写着：“2021年8月12日。未来就在前方！”,叠加上限：1,,,assets/images/其他物品/拍立得照片--6e4f8b44ec.png,原版图鉴
克里姆传奇套装,Klim Legendary Bundle,未标注,宝箱与礼包,打开此套装，获得克里姆的传奇神器武器和铠甲。,叠加上限：1,,,assets/images/其他物品/克里姆传奇套装--b417e590a6.png,原版图鉴
送葬者传奇套装,Undertaker Legendary Bundle,未标注,宝箱与礼包,打开此套装，获得送葬者的传奇神器武器和铠甲。,叠加上限：1,,,assets/images/其他物品/塞西亚人稀有装备--211d6f5c47.png,原版图鉴
核炬士传奇套装,Nuclear Torch Legendary Bundle,未标注,宝箱与礼包,打开此套装，获得狂腐士的传奇神器武器和铠甲。,叠加上限：1,,,assets/images/其他物品/大型战利品箱子--00680a27ea.png,原版图鉴
黑帮传奇套装,Triad Legendary Bundle,未标注,宝箱与礼包,打开此套装，获得黑帮恶龙的传奇神器武器和铠甲。,叠加上限：1,,,assets/images/其他物品/黑帮传奇套装--44be7a2fea.png,原版图鉴
巨型生命维持套装,Huge Support Bundle,未标注,宝箱与礼包,打开此套装，获得刽子手之心、装备物品、投掷武器和药品。,叠加上限：1,,,assets/images/其他物品/刽子手杀手传奇盒子--55c88c5c7e.png,原版图鉴
诺奇,The Marked One,未标注,人物与商人,,基础生命：450；储物栏位：10；移动速度（配置）：4.5,,当前档案有 2 条同名记录；可能来自不同场景、活动或难度，请比较基础属性。,,暂缺
自行车零件,Bicycle Parts,未标注,宝箱与礼包,自行车所使用的备用零件。,叠加上限：1,,当前档案有 2 条同名记录；可能来自不同场景、活动或难度，请比较基础属性。,assets/images/其他物品/自行车零件--ac94ba2627.png,原版图鉴
避难所破坏者,Shelter Destroyer,未标注,宝箱与礼包,包含一件或多件用于攻击其他玩家的避难所的武器和工具。推荐给1-31级玩家。,叠加上限：1,,,assets/images/其他物品/避难所破坏者--f14856a152.png,原版图鉴
独行者武器,Loner's Weapons,未标注,宝箱与礼包,包含一件或多件武器。推荐给1-31级玩家。,叠加上限：1,,,assets/images/其他物品/土匪梦想武器盒--689f539a22.png,原版图鉴
不可抗拒的论据,Irresistible Argument,未标注,宝箱与礼包,适用于任何争议。,叠加上限：1,,当前档案有 2 条同名记录；可能来自不同场景、活动或难度，请比较基础属性。,assets/images/其他物品/不可抗拒的论据--2f7f393dc7.png,原版图鉴
变异体的灾祸,Scourge of the Mutants,未标注,宝箱与礼包,包含一件罕见铠甲。可能含有武器和药品。推荐给52-71级的玩家。,叠加上限：1,,当前档案有 2 条同名记录；可能来自不同场景、活动或难度，请比较基础属性。,assets/images/其他物品/变异体的灾祸--95592b0104.png,原版图鉴
C.A.E.S.A.R.的消息,Message from C.A.E.S.A.R,未标注,笔记与线索,随你的礼物发送的简短消息。,叠加上限：1,,,assets/images/其他物品/家长来信--8ff5169e26.png,原版图鉴
旧加油站的战利品,Loot from the Old Gas Station,未标注,宝箱与礼包,枪手在旧加油站为你帮忙的报酬。,叠加上限：1,,当前档案有 2 条同名记录；可能来自不同场景、活动或难度，请比较基础属性。,assets/images/其他物品/旧加油站的战利品--7748982a1e.png,原版图鉴
《领地时报》,The Territory Times Newspaper,未标注,笔记与线索,阅读并了解游戏的最新变化。,叠加上限：1,,当前档案有 105 条同名记录；可能来自不同场景、活动或难度，请比较基础属性。,assets/images/其他物品/《领地时报》--d7068c6a05.png,原版图鉴
狗,Dog,未标注,人物与商人,,基础生命：450；储物栏位：10；移动速度（配置）：5,,,,暂缺
栗色贝雷帽,Maroon Beret,未标注,外观,,叠加上限：1,,,assets/images/防具装备/尖叫面具--665b01f432.png,原版图鉴
枪手,Gunslinger,未标注,人物与商人,,储物栏位：10；移动速度（配置）：4.5,,当前档案有 3 条同名记录；可能来自不同场景、活动或难度，请比较基础属性。,,暂缺
枪手,Gunslinger,未标注,人物与商人,,储物栏位：10；移动速度（配置）：4.5,,当前档案有 3 条同名记录；可能来自不同场景、活动或难度，请比较基础属性。,,暂缺
赢家盒子,Winner's Crate,未标注,宝箱与礼包,彩票奖品。包含一件武器。,叠加上限：1；恢复生命：0,,,assets/images/其他物品/奖励箱子--a143b355d8.png,原版图鉴
旧电话亭,Old Phone Booth,未标注,人物与商人,,,,当前档案有 2 条同名记录；可能来自不同场景、活动或难度，请比较基础属性。,,暂缺
能量块,Energon,未标注,货币与活动代币,,叠加上限：20,,,assets/images/资源材料/能量块--4581a84736.png,原版图鉴
双子设施钥匙,Twins Facility Key,未标注,货币与活动代币,坚固的减压设备，由研究所制造。用它来减压并解锁双子设施门。,耐久：10；叠加上限：6,,你需要x2。可以在红色区的空投中找到。,assets/images/其他物品/双子设施钥匙--f78d01990d.png,原版图鉴
储料设施钥匙,Stoker Facility Key,未标注,货币与活动代币,坚固的减压设备，由研究所制造。用它来减压并解锁储料设施门。,耐久：10；叠加上限：6,,你需要x2。可以在仓库的血色祭坛中找到。；相关工作台：等级1专用工具盒,assets/images/其他物品/储料设施钥匙--a1b0ffd713.png,原版图鉴
二极管设施钥匙,Diode Facility Key,未标注,货币与活动代币,坚固的减压设备，由研究所制造。用它来减压并解锁二极管设施门。,耐久：10；叠加上限：6,,你需要x2。在旧加油站的转换室获取。；相关工作台：毛骨悚然急救箱,assets/images/其他物品/二极管设施钥匙--3d89254a0d.png,原版图鉴
粗糙的绷带x10,Rough Bandages x10,未标注,宝箱与礼包,包含10个粗糙的绷带，可恢复你的生命值。,叠加上限：1,,,assets/images/其他物品/粗糙的绷带x10--aca97d2928.png,原版图鉴
水洗绷带x10,Washed Bandages x10,未标注,宝箱与礼包,包含10个水洗绷带，可恢复你的生命值。,叠加上限：1,,,assets/images/其他物品/水洗绷带x10--b47792b5d8.png,原版图鉴
绷带x10,Bandages x10,未标注,宝箱与礼包,包含10个绷带，可恢复你的生命值。,叠加上限：1,,,assets/images/其他物品/绷带x10--e117937a8c.png,原版图鉴
伤口敷料x10,Wound Dressings x10,未标注,宝箱与礼包,包含10个伤口敷料，可恢复你的生命值。,叠加上限：1,,,assets/images/其他物品/伤口敷料x10--ec253385e4.png,原版图鉴
凤凰兴奋剂x10,Phoenix Stimulators x10,未标注,宝箱与礼包,包含10个凤凰兴奋剂，可高效恢复你的生命值。,叠加上限：1,,,assets/images/其他物品/凤凰兴奋剂x10--3d8f7b65d3.png,原版图鉴
大盒中和喷雾,Big Box of Neutralizing Sprays,未标注,宝箱与礼包,包含大量中和喷雾，可恢复生命值并消除酸性灼伤。,叠加上限：1,,,assets/images/其他物品/大盒中和喷雾--df56046e8f.png,原版图鉴
大盒硬橡胶,Big Box of Ebonites,未标注,宝箱与礼包,包含大量硬橡胶，可恢复生命值并消除电击效果。,叠加上限：1,,,assets/images/其他物品/大盒硬橡胶--a1fbea23f0.png,原版图鉴
愚人箱,Fool's Chest,未标注,宝箱与礼包,"给那些有幽默感的人的战利品。

内含欢笑节的外表碎片。",叠加上限：1,,当前档案有 2 条同名记录；可能来自不同场景、活动或难度，请比较基础属性。,assets/images/其他物品/愚人箱--5e2dfb1858.png,原版图鉴
蓝图部分,Part of Blueprint,未标注,外观,丑角,叠加上限：1,,当前档案有 61 条同名记录；可能来自不同场景、活动或难度，请比较基础属性。,assets/images/资源材料/能量块--4581a84736.png,原版图鉴
储料设施套件,Stoker Facility Kit,未标注,宝箱与礼包,包含烧灼治疗器、刺激器、输血包和止血剂，可在储料设施中为你提供额外的保护。,叠加上限：1,,出现场景：月神公园,assets/images/其他物品/储料设施套件--16619f843c.png,原版图鉴
双子设施套件,Twins Facility Kit,未标注,宝箱与礼包,包含防酸斗篷、刺激器、压缩空气罐和中和喷雾，可在双子设施中为你提供额外的保护。,叠加上限：1,,出现场景：月神公园,assets/images/其他物品/双子设施套件--791a56256d.png,原版图鉴
二极管设施套件,Diode Facility Kit,未标注,宝箱与礼包,包含绝缘体、刺激器、金属箔和硬橡胶，可在二极管设施中为你提供额外的保护。,叠加上限：1,,出现场景：月神公园,assets/images/其他物品/二极管设施套件--fd33c6ce56.png,原版图鉴
给商人的物品,Items for traders,未标注,宝箱与礼包,包含有价值的物品，可以换取一些有用的东西。,叠加上限：1；恢复生命：0,,,assets/images/其他物品/给商人的物品--91c92c6435.png,原版图鉴
《领地时报》,The Territory Times Newspaper,未标注,笔记与线索,阅读并了解游戏的最新变化。,叠加上限：1,,当前档案有 105 条同名记录；可能来自不同场景、活动或难度，请比较基础属性。,assets/images/其他物品/《领地时报》--d7068c6a05.png,原版图鉴
异常区的盒子,Crate from Aberrated Areas,未标注,宝箱与礼包,"完成清理异象区活动的奖励。

内含稀有交易物品和传奇投掷武器。",叠加上限：1,,当前档案有 5 条同名记录；可能来自不同场景、活动或难度，请比较基础属性。,assets/images/其他物品/异常区的盒子--5603671826.png,原版图鉴
异常区的盒子,Crate from Aberrated Areas,未标注,宝箱与礼包,"完成清理异象区活动的奖励。

内含稀有交易物品和克里姆的传奇铠甲碎片。",叠加上限：1,,当前档案有 5 条同名记录；可能来自不同场景、活动或难度，请比较基础属性。,assets/images/其他物品/异常区的盒子--5603671826.png,原版图鉴
异常区的盒子,Crate from Aberrated Areas,未标注,宝箱与礼包,"完成清理异象区活动的奖励。

内含稀有交易物品和克里姆的传奇铠甲碎片。",叠加上限：1,,当前档案有 5 条同名记录；可能来自不同场景、活动或难度，请比较基础属性。,assets/images/其他物品/异常区的盒子--5603671826.png,原版图鉴
异常区的盒子,Crate from Aberrated Areas,未标注,宝箱与礼包,"完成清理异象区活动的奖励。

内含稀有交易物品和克里姆的传奇铠甲碎片。",叠加上限：1,,当前档案有 5 条同名记录；可能来自不同场景、活动或难度，请比较基础属性。,assets/images/其他物品/异常区的盒子--5603671826.png,原版图鉴
异常区的盒子,Crate from Aberrated Areas,未标注,宝箱与礼包,"完成清理异象区活动的奖励。

内含稀有交易物品和克里姆的传奇铠甲碎片。",叠加上限：1,,当前档案有 5 条同名记录；可能来自不同场景、活动或难度，请比较基础属性。,assets/images/其他物品/异常区的盒子--5603671826.png,原版图鉴
愚人箱,Fool's Chest,未标注,宝箱与礼包,"给那些有幽默感的人的战利品。

内含欢笑节的外表碎片。",叠加上限：1,,当前档案有 2 条同名记录；可能来自不同场景、活动或难度，请比较基础属性。,assets/images/其他物品/愚人箱--5e2dfb1858.png,原版图鉴
研究所的CHAP,Institute's CHAP,未标注,人物与商人,,基础生命：450；储物栏位：10,,当前档案有 4 条同名记录；可能来自不同场景、活动或难度，请比较基础属性。,assets/images/其他物品/贸易联盟商人--cd26bdb1aa.png,原版图鉴
研究所的黄金盒子,Institute's Gold Chest,未标注,宝箱与礼包,内含多件物品，包括传奇武器、铠甲和其他贵重物品。,叠加上限：1,,,assets/images/其他物品/Stranger's Gold Box--3f661e7b8d.png,原版图鉴
研究所的白银盒子,Institute's Silver Chest,未标注,宝箱与礼包,含有传奇铠甲、武器以及其他贵重物品。,叠加上限：1,,,assets/images/其他物品/Stranger's Silver Box--84e141b6c8.png,原版图鉴
研究所的青铜盒子,Institute's Bronze Chest,未标注,宝箱与礼包,含有传奇铠甲、武器以及其他贵重物品。,叠加上限：1,,,assets/images/其他物品/Stranger's Bronze Box--9961a80665.png,原版图鉴
研究所的大型盒子,Institute's Big Chest,未标注,宝箱与礼包,可能内含传奇武器和铠甲。还含有武器、铠甲和其他贵重物品。,叠加上限：1,,,assets/images/其他物品/Stranger's Big Box--3fd6992b69.png,原版图鉴
研究所的盒子,Institute Chest,未标注,宝箱与礼包,含有武器和铠甲。可能还含有其他贵重物品。,叠加上限：1,,,assets/images/其他物品/Stranger's Box--14fd8ac590.png,原版图鉴
经识别的彩蛋,Identified Egg,未标注,宝箱与礼包,彩蛋内有一张神秘地图的碎片，可以在避难所的彩蛋收集者处兑换春季节庆点数。,叠加上限：1,,当前档案有 4 条同名记录；可能来自不同场景、活动或难度，请比较基础属性。,assets/images/其他物品/经识别的彩蛋--d2582e441b.png,原版图鉴
黄金箱,Gold Crate,未标注,宝箱与礼包,包含少量金条。,叠加上限：1,,,assets/images/资源材料/能量块--4581a84736.png,原版图鉴
微型春季盒子,Tiny Spring Chest,未标注,宝箱与礼包,"包含法贝热模块底座、装备、节日美食、外表碎片和其他贵重物品。

春季节庆活动的奖励。",叠加上限：1,,,assets/images/其他物品/微型春季盒子--de3219e855.png,原版图鉴
武器盒子,Prize Chest with Weapon,未标注,宝箱与礼包,作为参加挑战的奖励获得，包含一件武器。,叠加上限：1,,当前档案有 55 条同名记录；可能来自不同场景、活动或难度，请比较基础属性。,assets/images/其他物品/Stranger's Gold Box--3f661e7b8d.png,原版图鉴
铠甲盒子,Armor Chest,未标注,宝箱与礼包,作为参加挑战的奖励获得，包含一部分的铠甲。,叠加上限：1,,当前档案有 56 条同名记录；可能来自不同场景、活动或难度，请比较基础属性。,assets/images/其他物品/Stranger's Gold Box--3f661e7b8d.png,原版图鉴
武器盒子,Prize Chest with Weapon,未标注,宝箱与礼包,作为参加挑战的奖励获得，包含一件武器。,叠加上限：1,,当前档案有 55 条同名记录；可能来自不同场景、活动或难度，请比较基础属性。,assets/images/其他物品/Stranger's Gold Box--3f661e7b8d.png,原版图鉴
铠甲盒子,Armor Chest,未标注,宝箱与礼包,作为参加挑战的奖励获得，包含一部分的铠甲。,叠加上限：1,,当前档案有 56 条同名记录；可能来自不同场景、活动或难度，请比较基础属性。,assets/images/其他物品/Stranger's Gold Box--3f661e7b8d.png,原版图鉴
武器盒子,Prize Chest with Weapon,未标注,宝箱与礼包,作为参加挑战的奖励获得，包含一件武器。,叠加上限：1,,当前档案有 55 条同名记录；可能来自不同场景、活动或难度，请比较基础属性。,assets/images/其他物品/Stranger's Gold Box--3f661e7b8d.png,原版图鉴
铠甲盒子,Armor Chest,未标注,宝箱与礼包,作为参加挑战的奖励获得，包含一部分的铠甲。,叠加上限：1,,当前档案有 56 条同名记录；可能来自不同场景、活动或难度，请比较基础属性。,assets/images/其他物品/Stranger's Gold Box--3f661e7b8d.png,原版图鉴
铠甲盒子,Armor Chest,未标注,宝箱与礼包,作为参加挑战的奖励获得，包含一部分的铠甲。,叠加上限：1,,当前档案有 56 条同名记录；可能来自不同场景、活动或难度，请比较基础属性。,assets/images/其他物品/Stranger's Silver Box--84e141b6c8.png,原版图鉴
武器盒子,Prize Chest with Weapon,未标注,宝箱与礼包,作为参加挑战的奖励获得，包含一件武器。,叠加上限：1,,当前档案有 55 条同名记录；可能来自不同场景、活动或难度，请比较基础属性。,assets/images/其他物品/Stranger's Silver Box--84e141b6c8.png,原版图鉴
铠甲盒子,Armor Chest,未标注,宝箱与礼包,作为参加挑战的奖励获得，包含一部分的铠甲。,叠加上限：1,,当前档案有 56 条同名记录；可能来自不同场景、活动或难度，请比较基础属性。,assets/images/其他物品/Stranger's Silver Box--84e141b6c8.png,原版图鉴
武器盒子,Prize Chest with Weapon,未标注,宝箱与礼包,作为参加挑战的奖励获得，包含一件武器。,叠加上限：1,,当前档案有 55 条同名记录；可能来自不同场景、活动或难度，请比较基础属性。,assets/images/其他物品/Stranger's Silver Box--84e141b6c8.png,原版图鉴
铠甲盒子,Armor Chest,未标注,宝箱与礼包,作为参加挑战的奖励获得，包含一部分的铠甲。,叠加上限：1,,当前档案有 56 条同名记录；可能来自不同场景、活动或难度，请比较基础属性。,assets/images/其他物品/Stranger's Silver Box--84e141b6c8.png,原版图鉴
武器盒子,Prize Chest with Weapon,未标注,宝箱与礼包,作为参加挑战的奖励获得，包含一件武器。,叠加上限：1,,当前档案有 55 条同名记录；可能来自不同场景、活动或难度，请比较基础属性。,assets/images/其他物品/Stranger's Silver Box--84e141b6c8.png,原版图鉴
小型春季盒子,Small Spring Chest,未标注,宝箱与礼包,"包含装备、节日美食、外表碎片和其他贵重物品。

春季节庆活动的奖励。",叠加上限：1,,当前档案有 5 条同名记录；可能来自不同场景、活动或难度，请比较基础属性。,assets/images/其他物品/小型春季盒子--89d1d64354.png,原版图鉴
铠甲盒子,Armor Chest,未标注,宝箱与礼包,作为参加挑战的奖励获得，包含一部分的铠甲。,叠加上限：1,,当前档案有 56 条同名记录；可能来自不同场景、活动或难度，请比较基础属性。,assets/images/其他物品/Stranger's Big Box--3fd6992b69.png,原版图鉴
武器盒子,Prize Chest with Weapon,未标注,宝箱与礼包,作为参加挑战的奖励获得，包含一件武器。,叠加上限：1,,当前档案有 55 条同名记录；可能来自不同场景、活动或难度，请比较基础属性。,assets/images/其他物品/Stranger's Big Box--3fd6992b69.png,原版图鉴
中型春季盒子,Medium Spring Chest,未标注,宝箱与礼包,"包含装备、节日美食、外表碎片和其他贵重物品。

春季节庆活动的奖励。",叠加上限：1,,当前档案有 4 条同名记录；可能来自不同场景、活动或难度，请比较基础属性。,assets/images/其他物品/中型春季盒子--442244431a.png,原版图鉴
大型春季盒子,Big Spring Box,未标注,宝箱与礼包,"包含装备、节日美食、外表碎片和其他贵重物品。

春季节庆活动的奖励。",叠加上限：1,,当前档案有 2 条同名记录；可能来自不同场景、活动或难度，请比较基础属性。,assets/images/其他物品/大型春季盒子--1a35b618ea.png,原版图鉴
巨型春季盒子,Huge Spring Chest,未标注,宝箱与礼包,"包含装备、节日美食、外表碎片和其他贵重物品。

春季节庆活动的奖励。",叠加上限：1,,,assets/images/其他物品/巨型春季盒子--68039881af.png,原版图鉴
超巨型春季盒子,Ginormous Spring Chest,未标注,宝箱与礼包,"包含装备、节日美食、外表碎片和其他贵重物品。

完成春季节庆活动的奖励。",叠加上限：1,,,assets/images/其他物品/超巨型春季盒子--7e3b5e3a24.png,原版图鉴
铠甲盒子,Armor Chest,未标注,宝箱与礼包,作为参加挑战的奖励获得，包含一部分的铠甲。,叠加上限：1,,当前档案有 56 条同名记录；可能来自不同场景、活动或难度，请比较基础属性。,assets/images/其他物品/Stranger's Big Box--3fd6992b69.png,原版图鉴
武器盒子,Prize Chest with Weapon,未标注,宝箱与礼包,作为参加挑战的奖励获得，包含一件武器。,叠加上限：1,,当前档案有 55 条同名记录；可能来自不同场景、活动或难度，请比较基础属性。,assets/images/其他物品/Stranger's Big Box--3fd6992b69.png,原版图鉴
武器盒子,Prize Chest with Weapon,未标注,宝箱与礼包,作为参加挑战的奖励获得，包含一件武器。,叠加上限：1,,当前档案有 55 条同名记录；可能来自不同场景、活动或难度，请比较基础属性。,assets/images/其他物品/Stranger's Bronze Box--9961a80665.png,原版图鉴
铠甲盒子,Armor Chest,未标注,宝箱与礼包,作为参加挑战的奖励获得，包含一部分的铠甲。,叠加上限：1,,当前档案有 56 条同名记录；可能来自不同场景、活动或难度，请比较基础属性。,assets/images/其他物品/Stranger's Bronze Box--9961a80665.png,原版图鉴
武器盒子,Prize Chest with Weapon,未标注,宝箱与礼包,作为参加挑战的奖励获得，包含一件武器。,叠加上限：1,,当前档案有 55 条同名记录；可能来自不同场景、活动或难度，请比较基础属性。,assets/images/其他物品/Stranger's Bronze Box--9961a80665.png,原版图鉴
铠甲盒子,Armor Chest,未标注,宝箱与礼包,作为参加挑战的奖励获得，包含一部分的铠甲。,叠加上限：1,,当前档案有 56 条同名记录；可能来自不同场景、活动或难度，请比较基础属性。,assets/images/其他物品/Stranger's Bronze Box--9961a80665.png,原版图鉴
铠甲盒子,Armor Chest,未标注,宝箱与礼包,作为参加挑战的奖励获得，包含一部分的铠甲。,叠加上限：1,,当前档案有 56 条同名记录；可能来自不同场景、活动或难度，请比较基础属性。,assets/images/其他物品/Stranger's Box--14fd8ac590.png,原版图鉴
武器盒子,Prize Chest with Weapon,未标注,宝箱与礼包,作为参加挑战的奖励获得，包含一件武器。,叠加上限：1,,当前档案有 55 条同名记录；可能来自不同场景、活动或难度，请比较基础属性。,assets/images/其他物品/Stranger's Box--14fd8ac590.png,原版图鉴
铠甲盒子,Armor Chest,未标注,宝箱与礼包,作为参加挑战的奖励获得，包含一部分的铠甲。,叠加上限：1,,当前档案有 56 条同名记录；可能来自不同场景、活动或难度，请比较基础属性。,assets/images/其他物品/Stranger's Box--14fd8ac590.png,原版图鉴
武器盒子,Prize Chest with Weapon,未标注,宝箱与礼包,作为参加挑战的奖励获得，包含一件武器。,叠加上限：1,,当前档案有 55 条同名记录；可能来自不同场景、活动或难度，请比较基础属性。,assets/images/其他物品/Stranger's Box--14fd8ac590.png,原版图鉴
研究所的板条箱,Institute's Container,未标注,宝箱与礼包,装有贵重物品的技术容器。 奉维拉 · 霍洛多娃博士之命， 作为奖励提供。,叠加上限：1,,当前档案有 2 条同名记录；可能来自不同场景、活动或难度，请比较基础属性。,assets/images/其他物品/研究所的板条箱--5ce880449d.png,原版图鉴
蓝图部分,Part of Blueprint,未标注,外观,兔子,叠加上限：1,,当前档案有 61 条同名记录；可能来自不同场景、活动或难度，请比较基础属性。,assets/images/其他物品/蓝图部分--b2e977eb00.png,原版图鉴
基本技能点数,Basic Skill Points,未标注,,用于解锁基本技能的技能点数。,,,,assets/images/其他物品/基本技能点数--46e8347113.png,原版图鉴
战斗技能点数,Combat Skill Points,未标注,货币与活动代币,用于解锁战斗技能的技能点数。,,,,assets/images/其他物品/战斗技能点数--4f0c81cf9b.png,原版图鉴
资源技能点数,Resources Skill Points,未标注,货币与活动代币,用于解锁资源技能的技能点数。,,,,assets/images/其他物品/资源技能点数--45fb398bb5.png,原版图鉴
生存技能点数,Survival Skill Points,未标注,货币与活动代币,用于解锁生存技能的技能点数。,,,,assets/images/其他物品/生存技能点数--58701da622.png,原版图鉴
经识别的彩蛋,Identified Egg,未标注,宝箱与礼包,彩蛋内有一张神秘地图的碎片，可以在避难所的彩蛋收集者处兑换春季节庆点数。,叠加上限：1,,当前档案有 4 条同名记录；可能来自不同场景、活动或难度，请比较基础属性。,assets/images/其他物品/经识别的彩蛋--d2582e441b.png,原版图鉴
经识别的彩蛋,Identified Egg,未标注,宝箱与礼包,彩蛋内有一张神秘地图的碎片，可以在避难所的彩蛋收集者处兑换春季节庆点数。,叠加上限：1,,当前档案有 4 条同名记录；可能来自不同场景、活动或难度，请比较基础属性。,assets/images/其他物品/经识别的彩蛋--d2582e441b.png,原版图鉴
黑帮叛徒,Triad Turncoat,未标注,人物与商人,,基础生命：1000；储物栏位：10；移动速度（配置）：4.5,,当前档案有 14 条同名记录；可能来自不同场景、活动或难度，请比较基础属性。,,暂缺
要塞兵团军官,Citadel Corps Officer,未标注,人物与商人,,基础伤害：100–200；攻击间隔：0.3秒；攻击距离（配置）：6；暴击几率：5%；暴击倍率：2倍；基础生命：2000；储物栏位：10；移动速度（配置）：4.5,,当前档案有 2 条同名记录；可能来自不同场景、活动或难度，请比较基础属性。,,暂缺
诺奇,The Marked One,未标注,人物与商人,,基础生命：450；储物栏位：10；移动速度（配置）：4.5,,当前档案有 2 条同名记录；可能来自不同场景、活动或难度，请比较基础属性。,,暂缺
《领地时报》,The Territory Times Newspaper,未标注,笔记与线索,阅读并了解游戏的最新变化。,叠加上限：1,,当前档案有 105 条同名记录；可能来自不同场景、活动或难度，请比较基础属性。,assets/images/其他物品/《领地时报》--d7068c6a05.png,原版图鉴
霍克的价格,Hawker's prices,未标注,,商人将在避难所待30分钟。时间到时，霍克将离开避难所，然后在第二天返回。,叠加上限：1,,当前档案有 3 条同名记录；可能来自不同场景、活动或难度，请比较基础属性。,assets/images/其他物品/贸易联盟价格--9cef2828bd.png,原版图鉴
霍克的价格,Hawker's prices,未标注,,商人将在避难所待30分钟。时间到时，霍克将离开避难所，然后在第二天返回。,叠加上限：1,,当前档案有 3 条同名记录；可能来自不同场景、活动或难度，请比较基础属性。,assets/images/其他物品/贸易联盟价格--9cef2828bd.png,原版图鉴
黑帮口粮,Triad Ration,未标注,宝箱与礼包,黑帮传统食物。,叠加上限：1,,,assets/images/其他物品/黑帮口粮--964bcbb800.png,原版图鉴
眼镜蛇,Cobra,未标注,人物与商人,,基础生命：450；储物栏位：10；移动速度（配置）：4.5,,当前档案有 2 条同名记录；可能来自不同场景、活动或难度，请比较基础属性。,,暂缺
进度奖赏。第I阶段,Progress reward. Stage I,未标注,宝箱与礼包,包含对在基本分区中掌握1号片段的奖赏。,叠加上限：1,,,assets/images/其他物品/进度奖赏。第I阶段--922b985947.png,原版图鉴
进度奖赏。第II阶段,Progress reward. Stage II,未标注,宝箱与礼包,包含对在基本分区中掌握2号片段的奖赏。,叠加上限：1,,,assets/images/其他物品/进度奖赏。第I阶段--922b985947.png,原版图鉴
战斗奖赏。第I阶段,Combat reward. Stage I,未标注,宝箱与礼包,包含对在战斗分区中掌握1号片段的奖赏。,叠加上限：1,,,assets/images/其他物品/进度奖赏。第I阶段--922b985947.png,原版图鉴
战斗奖赏。第II阶段,Combat reward. Stage II,未标注,宝箱与礼包,包含对在战斗分区中掌握2号片段的奖赏。,叠加上限：1,,,assets/images/其他物品/进度奖赏。第I阶段--922b985947.png,原版图鉴
战斗奖赏。第III阶段,Combat reward. Stage III,未标注,宝箱与礼包,包含对在战斗分区中掌握3号片段的奖赏。,叠加上限：1,,,assets/images/其他物品/进度奖赏。第I阶段--922b985947.png,原版图鉴
战斗奖赏。第IV阶段,Combat reward. Stage IV,未标注,宝箱与礼包,包含对在战斗分区中掌握4号片段的奖赏。,叠加上限：1,,,assets/images/其他物品/进度奖赏。第I阶段--922b985947.png,原版图鉴
生存奖赏。第I阶段,Survival reward. Stage I,未标注,宝箱与礼包,包含对在生存分区中掌握1号片段的奖赏。,叠加上限：1,,,assets/images/其他物品/进度奖赏。第I阶段--922b985947.png,原版图鉴
生存奖赏。第II阶段,Survival reward. Stage II,未标注,宝箱与礼包,包含对在生存分区中掌握2号片段的奖赏。,叠加上限：1,,,assets/images/其他物品/进度奖赏。第I阶段--922b985947.png,原版图鉴
生存奖赏。第III阶段,Survival reward. Stage III,未标注,宝箱与礼包,包含对在生存分区中掌握3号片段的奖赏。,叠加上限：1,,,assets/images/其他物品/进度奖赏。第I阶段--922b985947.png,原版图鉴
生存奖赏。第IV阶段,Survival reward. Stage IV,未标注,宝箱与礼包,包含对在生存分区中掌握4号片段的奖赏。,叠加上限：1,,,assets/images/其他物品/进度奖赏。第I阶段--922b985947.png,原版图鉴
资源奖赏。第I阶段,Resources reward. Stage I,未标注,宝箱与礼包,包含对在资源分区中掌握1号片段的奖赏。,叠加上限：1,,,assets/images/其他物品/进度奖赏。第I阶段--922b985947.png,原版图鉴
资源奖赏。第II阶段,Resources reward. Stage II,未标注,宝箱与礼包,包含对在资源分区中掌握2号片段的奖赏。,叠加上限：1,,,assets/images/其他物品/进度奖赏。第I阶段--922b985947.png,原版图鉴
资源奖赏。第III阶段,Resources reward. Stage III,未标注,宝箱与礼包,包含对在资源分区中掌握3号片段的奖赏。,叠加上限：1,,,assets/images/其他物品/进度奖赏。第I阶段--922b985947.png,原版图鉴
资源奖赏。第IV阶段,Resources reward. Stage IV,未标注,宝箱与礼包,包含对在资源分区中掌握4号片段的奖赏。,叠加上限：1,,,assets/images/其他物品/进度奖赏。第I阶段--922b985947.png,原版图鉴
研究所的CHAP列表,Institute's CHAP List,未标注,,物品列表，可在研究所设施的网络助手自主宠物处进行交换。,叠加上限：1,,当前档案有 2 条同名记录；可能来自不同场景、活动或难度，请比较基础属性。,assets/images/其他物品/贸易联盟价格--9cef2828bd.png,原版图鉴
研究所的CHAP,Institute's CHAP,未标注,人物与商人,,基础生命：450；储物栏位：10,,当前档案有 4 条同名记录；可能来自不同场景、活动或难度，请比较基础属性。,assets/images/其他物品/贸易联盟商人--cd26bdb1aa.png,原版图鉴
研究所的CHAP列表,Institute's CHAP List,未标注,,前往设施的安全路线图清单，用于在斯普林特商人的营地与CHAP进行交易。,叠加上限：1,,当前档案有 2 条同名记录；可能来自不同场景、活动或难度，请比较基础属性。,assets/images/其他物品/贸易联盟价格--9cef2828bd.png,原版图鉴
《领地时报》,The Territory Times Newspaper,未标注,笔记与线索,阅读并了解游戏的最新变化。,叠加上限：1,,当前档案有 105 条同名记录；可能来自不同场景、活动或难度，请比较基础属性。,assets/images/其他物品/《领地时报》--d7068c6a05.png,原版图鉴
研究所的CHAP,Institute's CHAP,未标注,人物与商人,,基础生命：450；储物栏位：10,,当前档案有 4 条同名记录；可能来自不同场景、活动或难度，请比较基础属性。,assets/images/其他物品/贸易联盟商人--cd26bdb1aa.png,原版图鉴
研究所的CHAP,Institute's CHAP,未标注,人物与商人,,基础生命：450；储物栏位：10,,当前档案有 4 条同名记录；可能来自不同场景、活动或难度，请比较基础属性。,assets/images/其他物品/贸易联盟商人--cd26bdb1aa.png,原版图鉴
战斗神经质粒,Combat Neuroplasmid,未标注,宝箱与礼包,"胶囊中包含生物活性配方，可刺激大脑中控制你的反应速度和战斗行为的部分。研究所发明成果。

使用该神经质粒可获得10个战斗技能点数。",叠加上限：1,,,assets/images/其他物品/战斗神经质粒--a5358b0bc6.png,原版图鉴
资源神经质粒,Resources Neuroplasmid,未标注,宝箱与礼包,"内置胶囊的注射枪，胶囊中包含生物活性配方。它可以影响你的大脑灵活性，培养你的总体和精细运动技能。

使用该神经质粒可获得10个资源技能点数。",叠加上限：1,,,assets/images/其他物品/资源神经质粒--9437ab2497.png,原版图鉴
生存神经质粒,Survival Neuroplasmid,未标注,宝箱与礼包,"被研究所用来对研究人员进行快速培训。它可以刺激大脑活动、认知功能和学习能力。

使用该神经质粒可获得10个生存技能点数。",叠加上限：1,,,assets/images/其他物品/生存神经质粒--31494ce6d5.png,原版图鉴
鹰队飞行员,Hawks' Pilot,未标注,人物与商人,,储物栏位：10；移动速度（配置）：4.5,,,,暂缺
中型清理箱,Medium Clean-up Event Crate,未标注,宝箱与礼包,包含武器、独特的武器和装饰零件与材料，以及外表碎片。,叠加上限：1,,当前档案有 2 条同名记录；可能来自不同场景、活动或难度，请比较基础属性。,assets/images/其他物品/中型清理箱--636482800d.png,原版图鉴
大型清理箱,Big Clean-up Event Crate,未标注,宝箱与礼包,包含铠甲、武器、独特的武器和装饰零件与材料，以及外表碎片。,叠加上限：1,,当前档案有 5 条同名记录；可能来自不同场景、活动或难度，请比较基础属性。,assets/images/其他物品/中型清理箱--636482800d.png,原版图鉴
清理箱,Clean-up Event Crate,未标注,宝箱与礼包,包含清理领地活动的外表碎片和独特的食物。,叠加上限：1,,当前档案有 16 条同名记录；可能来自不同场景、活动或难度，请比较基础属性。,assets/images/其他物品/清理箱--c3a44b4680.png,原版图鉴
巨型清理箱,Huge Clean-up Event Crate,未标注,宝箱与礼包,包含铠甲、武器、外表碎片，以及制作传奇武器的独特材料和装饰零件。,叠加上限：1,,当前档案有 3 条同名记录；可能来自不同场景、活动或难度，请比较基础属性。,assets/images/其他物品/中型清理箱--636482800d.png,原版图鉴
清理箱,Clean-up Event Crate,未标注,宝箱与礼包,包含清理领地活动的外表碎片和独特的食物。,叠加上限：1,,当前档案有 16 条同名记录；可能来自不同场景、活动或难度，请比较基础属性。,assets/images/其他物品/清理箱--57b76cbaae.png,原版图鉴
清理箱,Clean-up Event Crate,未标注,宝箱与礼包,包含清理领地活动的外表碎片和独特的食物。,叠加上限：1,,当前档案有 16 条同名记录；可能来自不同场景、活动或难度，请比较基础属性。,assets/images/其他物品/清理箱--0d644a64b9.png,原版图鉴
清理箱,Clean-up Event Crate,未标注,宝箱与礼包,包含清理领地活动的外表碎片和独特的食物。,叠加上限：1,,当前档案有 16 条同名记录；可能来自不同场景、活动或难度，请比较基础属性。,assets/images/其他物品/清理箱--e30424dba4.png,原版图鉴
清理箱,Clean-up Event Crate,未标注,宝箱与礼包,包含清理领地活动的外表碎片和独特的食物。,叠加上限：1,,当前档案有 16 条同名记录；可能来自不同场景、活动或难度，请比较基础属性。,assets/images/其他物品/清理箱--28066f868b.png,原版图鉴
清理箱,Clean-up Event Crate,未标注,宝箱与礼包,包含清理领地活动的外表碎片和独特的食物。,叠加上限：1,,当前档案有 16 条同名记录；可能来自不同场景、活动或难度，请比较基础属性。,assets/images/其他物品/清理箱--e30424dba4.png,原版图鉴
《领地时报》,The Territory Times Newspaper,未标注,笔记与线索,阅读并了解游戏的最新变化。,叠加上限：1,,当前档案有 105 条同名记录；可能来自不同场景、活动或难度，请比较基础属性。,assets/images/其他物品/《领地时报》--d7068c6a05.png,原版图鉴
乐透彩票,Lottery ticket,未标注,货币与活动代币,在暗区探索者乐透中赢得独特奖品的必需品。,,,当前档案有 29 条同名记录；可能来自不同场景、活动或难度，请比较基础属性。,assets/images/其他物品/乐透彩票--f5f4b835d6.png,原版图鉴
活动商人,Event trader,未标注,人物与商人,,基础生命：100,,,assets/images/其他物品/贸易联盟商人--cd26bdb1aa.png,原版图鉴
周年纪念美食,Anniversary Treat,未标注,宝箱与礼包,"一份象征性的礼物，标志着 《僵尸的黎明：生存》一周年纪念活动的开始。

包含生日蛋糕、炮制红茶和节日饼干。",叠加上限：1,,,assets/images/其他物品/周年纪念美食--313a89ced7.png,原版图鉴
骑手的礼物,Rider's Gift,未标注,宝箱与礼包,组装自行车的宝贵零件。,叠加上限：1,,,assets/images/其他物品/骑手的礼物--5ce3c9abc6.png,原版图鉴
纪念礼物,Memorial Gift,未标注,宝箱与礼包,内含1周年纪念碑材料、游荡者少女雕像、森林野兽锤子、外表零件、装饰激活器，以及活动美食。,叠加上限：1,,,assets/images/其他物品/纪念礼物--4f0fb3eb76.png,原版图鉴
周年纪念礼物,Anniversary Gift,未标注,宝箱与礼包,内含2周年纪念碑材料、甜蜜家园蛋糕、压缩-M设备、外表零件、装饰激活器，以及活动美食。,叠加上限：1,,当前档案有 2 条同名记录；可能来自不同场景、活动或难度，请比较基础属性。,assets/images/其他物品/周年纪念礼物--6577a31e02.png,原版图鉴
礼物价目表,Gift Price List,未标注,,在活动商人处用周年纪念硬币和纪念币交易礼物的价格。,叠加上限：1,,,assets/images/其他物品/贸易联盟价格--9cef2828bd.png,原版图鉴
装饰材料,Decoration Materials,未标注,宝箱与礼包,新避难所装饰的资源。,叠加上限：1,,,assets/images/其他物品/装饰材料--b948b123e2.png,原版图鉴
鹰队的装备,Hawks' Gear,未标注,宝箱与礼包,前鹰队军事企业的完美与传奇武器、一个15栏位背包或其他贵重物品。,叠加上限：1,,当前档案有 2 条同名记录；可能来自不同场景、活动或难度，请比较基础属性。,assets/images/其他物品/鹰队的装备--863e09f715.png,原版图鉴
《领地时报》,The Territory Times Newspaper,未标注,笔记与线索,阅读并了解游戏的最新变化。,叠加上限：1,,当前档案有 105 条同名记录；可能来自不同场景、活动或难度，请比较基础属性。,assets/images/其他物品/《领地时报》--d7068c6a05.png,原版图鉴
坪瑟的CHAP,Pincer's CHAP,未标注,人物与商人,,基础生命：450；移动速度（配置）：4.5,,,assets/images/其他物品/贸易联盟商人--cd26bdb1aa.png,原版图鉴
暗区探险者的补给,Dark Zone Explorer's Supply,未标注,宝箱与礼包,用于坪瑟的传送门的纳米模块和兴奋剂。神器武器的零件，并有机会找到小工具和研究所设施钥匙。,叠加上限：1,,当前档案有 2 条同名记录；可能来自不同场景、活动或难度，请比较基础属性。,assets/images/其他物品/暗区探险者的补给--8f6c65a5a0.png,原版图鉴
实验性强化器,Experimental Boosters,未标注,宝箱与礼包,风暴和吸血鬼纳米模块、神眼和暗茧兴奋剂，以及一个陷阱探测器。,叠加上限：1,,,assets/images/其他物品/实验性强化器--a9cbf6c69f.png,原版图鉴
实验性强化器。防御,Experimental boosters. Defense,未标注,宝箱与礼包,暗茧兴奋剂与贴片纳米模块。,叠加上限：1,,,assets/images/资源材料/能量块--4581a84736.png,原版图鉴
暗区投掷套件,Dark Zone Throwing Kit,未标注,宝箱与礼包,包含一个干细胞阻止器、一个再生阻止器、暗影爆破手榴弹以及其他投掷武器。,叠加上限：1,,,assets/images/其他物品/暗区投掷套件--20de0e23f4.png,原版图鉴
CHAP价格,CHAP Prices,未标注,,包含可与CHAP交易的物品列表。,叠加上限：1,,,assets/images/其他物品/贸易联盟价格--9cef2828bd.png,原版图鉴
商人CHAP,Trader CHAP,未标注,人物与商人,,基础生命：450；储物栏位：10,,,assets/images/其他物品/贸易联盟商人--cd26bdb1aa.png,原版图鉴
暗区钥匙,Dark Key,未标注,货币与活动代币,一块大得异乎寻常的黑暗碎片，配备了连接器，由坪瑟开发。它可解锁暗区传送门。,叠加上限：10,,每小时补充一次；相关工作台：暗黑游荡者裤子,assets/images/其他物品/暗区钥匙--b4ace3cb32.png,原版图鉴
坪瑟的黄金盒子,Pincer's Gold Chest,未标注,宝箱与礼包,"内含多件物品，包括传奇武器、铠甲、暗区装备、坪瑟的设备和其他贵重物品。

第一名奖励。",叠加上限：1,,当前档案有 2 条同名记录；可能来自不同场景、活动或难度，请比较基础属性。,assets/images/其他物品/Stranger's Gold Box--3f661e7b8d.png,原版图鉴
坪瑟的白银盒子,Pincer's Silver Chest,未标注,宝箱与礼包,"内含传奇武器、铠甲、暗区装备、坪瑟的设备和其他贵重物品。

第二名奖励。",叠加上限：1,,当前档案有 2 条同名记录；可能来自不同场景、活动或难度，请比较基础属性。,assets/images/其他物品/Stranger's Silver Box--84e141b6c8.png,原版图鉴
坪瑟的青铜盒子,Pincer's Bronze Chest,未标注,宝箱与礼包,"可能含有传奇武器、铠甲、暗区装备、坪瑟的设备和其他贵重物品。

第三名奖励。",叠加上限：1,,当前档案有 2 条同名记录；可能来自不同场景、活动或难度，请比较基础属性。,assets/images/其他物品/Stranger's Bronze Box--9961a80665.png,原版图鉴
坪瑟的大型盒子,Pincer's Big Chest,未标注,宝箱与礼包,"可能含有传奇武器、铠甲、投掷武器、坪瑟的设备和其他贵重物品。

第4-10名奖励。",叠加上限：1,,当前档案有 2 条同名记录；可能来自不同场景、活动或难度，请比较基础属性。,assets/images/其他物品/Stranger's Big Box--3fd6992b69.png,原版图鉴
坪瑟的盒子,Pincer's Chest,未标注,宝箱与礼包,"可能含有传奇武器、铠甲、投掷武器和其他贵重物品。

第11-30名奖励。",叠加上限：1,,当前档案有 2 条同名记录；可能来自不同场景、活动或难度，请比较基础属性。,assets/images/其他物品/Stranger's Box--14fd8ac590.png,原版图鉴
铠甲盒子,Armor Chest,未标注,宝箱与礼包,作为参加挑战的奖励获得，包含一部分的铠甲。,叠加上限：1,,当前档案有 56 条同名记录；可能来自不同场景、活动或难度，请比较基础属性。,assets/images/其他物品/Stranger's Big Box--3fd6992b69.png,原版图鉴
武器盒子,Prize Chest with Weapon,未标注,宝箱与礼包,作为参加挑战的奖励获得，包含一件武器。,叠加上限：1,,当前档案有 55 条同名记录；可能来自不同场景、活动或难度，请比较基础属性。,assets/images/其他物品/Stranger's Big Box--3fd6992b69.png,原版图鉴
武器盒子,Prize Chest with Weapon,未标注,宝箱与礼包,作为参加挑战的奖励获得，包含一件武器。,叠加上限：1,,当前档案有 55 条同名记录；可能来自不同场景、活动或难度，请比较基础属性。,assets/images/其他物品/Stranger's Gold Box--3f661e7b8d.png,原版图鉴
暗区武器,Dark Zone Weapons,未标注,宝箱与礼包,随机改装的暗区AK、Vintorez-M或 SPAS-M。,叠加上限：1,,,assets/images/其他物品/暗区武器--317be28afb.png,原版图鉴
灭绝者铠甲套装,Exterminator's Armor Set,未标注,宝箱与礼包,一套完整的鹰队战术小组铠甲，用于暗区的任何派系任务。,叠加上限：1,,,assets/images/其他物品/暗区武器--317be28afb.png,原版图鉴
暗黑游荡者铠甲套装,Black Strider's Armor Set,未标注,宝箱与礼包,一套完整的暗黑游荡者铠甲。,叠加上限：1,,,assets/images/其他物品/暗黑游荡者铠甲套装--30270e2e75.png,原版图鉴
伏都教巫师铠甲套装,Bokor's Armor Set,未标注,宝箱与礼包,一套完整的送葬者头目铠甲。,叠加上限：1,,,assets/images/其他物品/塞西亚人稀有装备--211d6f5c47.png,原版图鉴
核炬士铠甲套装,Nuclear Torch's Armor Set,未标注,宝箱与礼包,一套完整的精英狂腐士铠甲。,叠加上限：1,,,assets/images/其他物品/大型战利品箱子--00680a27ea.png,原版图鉴
坪瑟的科技,Pincer's Technology,未标注,宝箱与礼包,用于暗区的投掷武器、纳米模块和兴奋剂。坪瑟的科技。,叠加上限：1,,当前档案有 13 条同名记录；可能来自不同场景、活动或难度，请比较基础属性。,assets/images/其他物品/Stranger's Gold Box--3f661e7b8d.png,原版图鉴
武器盒子,Prize Chest with Weapon,未标注,宝箱与礼包,作为参加挑战的奖励获得，包含一件武器。,叠加上限：1,,当前档案有 55 条同名记录；可能来自不同场景、活动或难度，请比较基础属性。,assets/images/其他物品/Stranger's Gold Box--3f661e7b8d.png,原版图鉴
铠甲盒子,Armor Chest,未标注,宝箱与礼包,作为参加挑战的奖励获得，包含一部分的铠甲。,叠加上限：1,,当前档案有 56 条同名记录；可能来自不同场景、活动或难度，请比较基础属性。,assets/images/其他物品/Stranger's Gold Box--3f661e7b8d.png,原版图鉴
坪瑟的科技,Pincer's Technology,未标注,宝箱与礼包,用于暗区的投掷武器、纳米模块和兴奋剂。坪瑟的科技。,叠加上限：1,,当前档案有 13 条同名记录；可能来自不同场景、活动或难度，请比较基础属性。,assets/images/其他物品/Stranger's Gold Box--3f661e7b8d.png,原版图鉴
武器盒子,Prize Chest with Weapon,未标注,宝箱与礼包,作为参加挑战的奖励获得，包含一件武器。,叠加上限：1,,当前档案有 55 条同名记录；可能来自不同场景、活动或难度，请比较基础属性。,assets/images/其他物品/Stranger's Gold Box--3f661e7b8d.png,原版图鉴
铠甲盒子,Armor Chest,未标注,宝箱与礼包,作为参加挑战的奖励获得，包含一部分的铠甲。,叠加上限：1,,当前档案有 56 条同名记录；可能来自不同场景、活动或难度，请比较基础属性。,assets/images/其他物品/Stranger's Gold Box--3f661e7b8d.png,原版图鉴
坪瑟的科技,Pincer's Technology,未标注,宝箱与礼包,用于暗区的投掷武器、纳米模块和兴奋剂。坪瑟的科技。,叠加上限：1,,当前档案有 13 条同名记录；可能来自不同场景、活动或难度，请比较基础属性。,assets/images/其他物品/Stranger's Gold Box--3f661e7b8d.png,原版图鉴
武器盒子,Prize Chest with Weapon,未标注,宝箱与礼包,作为参加挑战的奖励获得，包含一件武器。,叠加上限：1,,当前档案有 55 条同名记录；可能来自不同场景、活动或难度，请比较基础属性。,assets/images/其他物品/Stranger's Silver Box--84e141b6c8.png,原版图鉴
铠甲盒子,Armor Chest,未标注,宝箱与礼包,作为参加挑战的奖励获得，包含一部分的铠甲。,叠加上限：1,,当前档案有 56 条同名记录；可能来自不同场景、活动或难度，请比较基础属性。,assets/images/其他物品/Stranger's Silver Box--84e141b6c8.png,原版图鉴
坪瑟的科技,Pincer's Technology,未标注,宝箱与礼包,用于暗区的投掷武器、纳米模块和兴奋剂。坪瑟的科技。,叠加上限：1,,当前档案有 13 条同名记录；可能来自不同场景、活动或难度，请比较基础属性。,assets/images/其他物品/Stranger's Silver Box--84e141b6c8.png,原版图鉴
武器盒子,Prize Chest with Weapon,未标注,宝箱与礼包,作为参加挑战的奖励获得，包含一件武器。,叠加上限：1,,当前档案有 55 条同名记录；可能来自不同场景、活动或难度，请比较基础属性。,assets/images/其他物品/Stranger's Silver Box--84e141b6c8.png,原版图鉴
铠甲盒子,Armor Chest,未标注,宝箱与礼包,作为参加挑战的奖励获得，包含一部分的铠甲。,叠加上限：1,,当前档案有 56 条同名记录；可能来自不同场景、活动或难度，请比较基础属性。,assets/images/其他物品/Stranger's Silver Box--84e141b6c8.png,原版图鉴
坪瑟的科技,Pincer's Technology,未标注,宝箱与礼包,用于暗区的投掷武器、纳米模块和兴奋剂。坪瑟的科技。,叠加上限：1,,当前档案有 13 条同名记录；可能来自不同场景、活动或难度，请比较基础属性。,assets/images/其他物品/Stranger's Silver Box--84e141b6c8.png,原版图鉴
武器盒子,Prize Chest with Weapon,未标注,宝箱与礼包,作为参加挑战的奖励获得，包含一件武器。,叠加上限：1,,当前档案有 55 条同名记录；可能来自不同场景、活动或难度，请比较基础属性。,assets/images/其他物品/Stranger's Silver Box--84e141b6c8.png,原版图鉴
铠甲盒子,Armor Chest,未标注,宝箱与礼包,作为参加挑战的奖励获得，包含一部分的铠甲。,叠加上限：1,,当前档案有 56 条同名记录；可能来自不同场景、活动或难度，请比较基础属性。,assets/images/其他物品/Stranger's Silver Box--84e141b6c8.png,原版图鉴
坪瑟的科技,Pincer's Technology,未标注,宝箱与礼包,用于暗区的投掷武器、纳米模块和兴奋剂。坪瑟的科技。,叠加上限：1,,当前档案有 13 条同名记录；可能来自不同场景、活动或难度，请比较基础属性。,assets/images/其他物品/Stranger's Silver Box--84e141b6c8.png,原版图鉴
武器盒子,Prize Chest with Weapon,未标注,宝箱与礼包,作为参加挑战的奖励获得，包含一件武器。,叠加上限：1,,当前档案有 55 条同名记录；可能来自不同场景、活动或难度，请比较基础属性。,assets/images/其他物品/Stranger's Bronze Box--9961a80665.png,原版图鉴
铠甲盒子,Armor Chest,未标注,宝箱与礼包,作为参加挑战的奖励获得，包含一部分的铠甲。,叠加上限：1,,当前档案有 56 条同名记录；可能来自不同场景、活动或难度，请比较基础属性。,assets/images/其他物品/Stranger's Bronze Box--9961a80665.png,原版图鉴
坪瑟的科技,Pincer's Technology,未标注,宝箱与礼包,用于暗区的投掷武器、纳米模块和兴奋剂。坪瑟的科技。,叠加上限：1,,当前档案有 13 条同名记录；可能来自不同场景、活动或难度，请比较基础属性。,assets/images/其他物品/Stranger's Bronze Box--9961a80665.png,原版图鉴
武器盒子,Prize Chest with Weapon,未标注,宝箱与礼包,作为参加挑战的奖励获得，包含一件武器。,叠加上限：1,,当前档案有 55 条同名记录；可能来自不同场景、活动或难度，请比较基础属性。,assets/images/其他物品/Stranger's Bronze Box--9961a80665.png,原版图鉴
铠甲盒子,Armor Chest,未标注,宝箱与礼包,作为参加挑战的奖励获得，包含一部分的铠甲。,叠加上限：1,,当前档案有 56 条同名记录；可能来自不同场景、活动或难度，请比较基础属性。,assets/images/其他物品/Stranger's Bronze Box--9961a80665.png,原版图鉴
坪瑟的科技,Pincer's Technology,未标注,宝箱与礼包,用于暗区的投掷武器、纳米模块和兴奋剂。坪瑟的科技。,叠加上限：1,,当前档案有 13 条同名记录；可能来自不同场景、活动或难度，请比较基础属性。,assets/images/其他物品/Stranger's Bronze Box--9961a80665.png,原版图鉴
武器盒子,Prize Chest with Weapon,未标注,宝箱与礼包,作为参加挑战的奖励获得，包含一件武器。,叠加上限：1,,当前档案有 55 条同名记录；可能来自不同场景、活动或难度，请比较基础属性。,assets/images/其他物品/Stranger's Bronze Box--9961a80665.png,原版图鉴
铠甲盒子,Armor Chest,未标注,宝箱与礼包,作为参加挑战的奖励获得，包含一部分的铠甲。,叠加上限：1,,当前档案有 56 条同名记录；可能来自不同场景、活动或难度，请比较基础属性。,assets/images/其他物品/Stranger's Bronze Box--9961a80665.png,原版图鉴
武器盒子,Prize Chest with Weapon,未标注,宝箱与礼包,作为参加挑战的奖励获得，包含一件武器。,叠加上限：1,,当前档案有 55 条同名记录；可能来自不同场景、活动或难度，请比较基础属性。,assets/images/其他物品/Stranger's Big Box--3fd6992b69.png,原版图鉴
铠甲盒子,Armor Chest,未标注,宝箱与礼包,作为参加挑战的奖励获得，包含一部分的铠甲。,叠加上限：1,,当前档案有 56 条同名记录；可能来自不同场景、活动或难度，请比较基础属性。,assets/images/其他物品/Stranger's Big Box--3fd6992b69.png,原版图鉴
坪瑟的科技,Pincer's Technology,未标注,宝箱与礼包,用于暗区的投掷武器、纳米模块和兴奋剂。坪瑟的科技。,叠加上限：1,,当前档案有 13 条同名记录；可能来自不同场景、活动或难度，请比较基础属性。,assets/images/其他物品/Stranger's Big Box--3fd6992b69.png,原版图鉴
武器盒子,Prize Chest with Weapon,未标注,宝箱与礼包,作为参加挑战的奖励获得，包含一件武器。,叠加上限：1,,当前档案有 55 条同名记录；可能来自不同场景、活动或难度，请比较基础属性。,assets/images/其他物品/Stranger's Big Box--3fd6992b69.png,原版图鉴
铠甲盒子,Armor Chest,未标注,宝箱与礼包,作为参加挑战的奖励获得，包含一部分的铠甲。,叠加上限：1,,当前档案有 56 条同名记录；可能来自不同场景、活动或难度，请比较基础属性。,assets/images/其他物品/Stranger's Big Box--3fd6992b69.png,原版图鉴
武器盒子,Prize Chest with Weapon,未标注,宝箱与礼包,作为参加挑战的奖励获得，包含一件武器。,叠加上限：1,,当前档案有 55 条同名记录；可能来自不同场景、活动或难度，请比较基础属性。,assets/images/其他物品/Stranger's Box--14fd8ac590.png,原版图鉴
铠甲盒子,Armor Chest,未标注,宝箱与礼包,作为参加挑战的奖励获得，包含一部分的铠甲。,叠加上限：1,,当前档案有 56 条同名记录；可能来自不同场景、活动或难度，请比较基础属性。,assets/images/其他物品/Stranger's Box--14fd8ac590.png,原版图鉴
坪瑟的科技,Pincer's Technology,未标注,宝箱与礼包,用于暗区的投掷武器、纳米模块和兴奋剂。坪瑟的科技。,叠加上限：1,,当前档案有 13 条同名记录；可能来自不同场景、活动或难度，请比较基础属性。,assets/images/其他物品/Stranger's Box--14fd8ac590.png,原版图鉴
武器盒子,Prize Chest with Weapon,未标注,宝箱与礼包,作为参加挑战的奖励获得，包含一件武器。,叠加上限：1,,当前档案有 55 条同名记录；可能来自不同场景、活动或难度，请比较基础属性。,assets/images/其他物品/Stranger's Box--14fd8ac590.png,原版图鉴
铠甲盒子,Armor Chest,未标注,宝箱与礼包,作为参加挑战的奖励获得，包含一部分的铠甲。,叠加上限：1,,当前档案有 56 条同名记录；可能来自不同场景、活动或难度，请比较基础属性。,assets/images/其他物品/Stranger's Box--14fd8ac590.png,原版图鉴
《领地时报》,The Territory Times Newspaper,未标注,笔记与线索,阅读并了解游戏的最新变化。,叠加上限：1,,当前档案有 105 条同名记录；可能来自不同场景、活动或难度，请比较基础属性。,assets/images/其他物品/《领地时报》--d7068c6a05.png,原版图鉴
坪瑟的科技,Pincer's Technology,未标注,宝箱与礼包,用于暗区的投掷武器、纳米模块和兴奋剂。坪瑟的科技。,叠加上限：1,,当前档案有 13 条同名记录；可能来自不同场景、活动或难度，请比较基础属性。,assets/images/其他物品/Stranger's Gold Box--3f661e7b8d.png,原版图鉴
坪瑟的科技,Pincer's Technology,未标注,宝箱与礼包,用于暗区的投掷武器、纳米模块和兴奋剂。坪瑟的科技。,叠加上限：1,,当前档案有 13 条同名记录；可能来自不同场景、活动或难度，请比较基础属性。,assets/images/其他物品/Stranger's Bronze Box--9961a80665.png,原版图鉴
坪瑟的科技,Pincer's Technology,未标注,宝箱与礼包,用于暗区的投掷武器、纳米模块和兴奋剂。坪瑟的科技。,叠加上限：1,,当前档案有 13 条同名记录；可能来自不同场景、活动或难度，请比较基础属性。,assets/images/其他物品/Stranger's Big Box--3fd6992b69.png,原版图鉴
灭绝者战术背心和头盔,Exterminator's Tac Vests and Helmets,未标注,宝箱与礼包,包含全部三个头盔的改装和三件灭绝者战术背心，包括幻影战术背心。,叠加上限：1,,,assets/images/其他物品/暗区武器--317be28afb.png,原版图鉴
暗区探险者的补给,Dark Zone Explorer's Supply,未标注,宝箱与礼包,用于坪瑟的传送门的纳米模块和兴奋剂。神器武器的零件，并有机会找到小工具和研究所设施钥匙。,叠加上限：20,,当前档案有 2 条同名记录；可能来自不同场景、活动或难度，请比较基础属性。,assets/images/其他物品/暗区探险者的补给--b8360340c2.png,原版图鉴
鹰队供应商,Hawks' Supplier,未标注,人物与商人,,基础生命：1000；储物栏位：10；移动速度（配置）：4.5,,,,暂缺
黑帮金奖,Triad's Gold Prize,未标注,宝箱与礼包,含有传奇武器和铠甲、装饰材料、外表碎片以及其他贵重物品。,叠加上限：1,,当前档案有 2 条同名记录；可能来自不同场景、活动或难度，请比较基础属性。,assets/images/其他物品/黑帮金奖--067e7e51b7.png,原版图鉴
黑帮银奖,Triad's Silver Prize,未标注,宝箱与礼包,可能含有传奇武器和铠甲、装饰材料、外表碎片以及其他贵重物品。,叠加上限：1,,当前档案有 2 条同名记录；可能来自不同场景、活动或难度，请比较基础属性。,assets/images/其他物品/黑帮银奖--4b370153ad.png,原版图鉴
黑帮铜奖,Triad's Bronze Prize,未标注,宝箱与礼包,可能含有传奇武器和铠甲、装饰材料、外表碎片以及其他贵重物品。,叠加上限：1,,当前档案有 2 条同名记录；可能来自不同场景、活动或难度，请比较基础属性。,assets/images/其他物品/黑帮铜奖--ff5522da66.png,原版图鉴
黑帮奖品,Triad's Prize,未标注,宝箱与礼包,可能含有武器、铠甲和其他贵重物品。,叠加上限：1,,当前档案有 2 条同名记录；可能来自不同场景、活动或难度，请比较基础属性。,assets/images/其他物品/黑帮奖品--f80780bd7a.png,原版图鉴
蓝图部分,Part of Blueprint,未标注,外观,喵咪,叠加上限：1,,当前档案有 61 条同名记录；可能来自不同场景、活动或难度，请比较基础属性。,assets/images/其他物品/蓝图部分--0ab54328ef.png,原版图鉴
蓝图部分,Part of Blueprint,未标注,外观,紧急救援,叠加上限：1,,当前档案有 61 条同名记录；可能来自不同场景、活动或难度，请比较基础属性。,assets/images/其他物品/蓝图部分--99fe89a6d1.png,原版图鉴
蓝图部分,Part of Blueprint,未标注,外观,柯基,叠加上限：1,,当前档案有 61 条同名记录；可能来自不同场景、活动或难度，请比较基础属性。,assets/images/其他物品/蓝图部分--f790491575.png,原版图鉴
蓝图部分,Part of Blueprint,未标注,外观,加尔科夫邮政服务,叠加上限：1,,当前档案有 61 条同名记录；可能来自不同场景、活动或难度，请比较基础属性。,assets/images/其他物品/蓝图部分--9eb3c2d113.png,原版图鉴
蓝图部分,Part of Blueprint,未标注,外观,黑帮标志,叠加上限：1,,当前档案有 61 条同名记录；可能来自不同场景、活动或难度，请比较基础属性。,assets/images/其他物品/蓝图部分--6a0026102e.png,原版图鉴
蓝图部分,Part of Blueprint,未标注,外观,三位一体,叠加上限：1,,当前档案有 61 条同名记录；可能来自不同场景、活动或难度，请比较基础属性。,assets/images/其他物品/蓝图部分--f5b8bf2906.png,原版图鉴
武器盒子,Prize Chest with Weapon,未标注,宝箱与礼包,作为参加挑战的奖励获得，包含一件武器。,叠加上限：1,,当前档案有 55 条同名记录；可能来自不同场景、活动或难度，请比较基础属性。,assets/images/其他物品/黑帮金奖--067e7e51b7.png,原版图鉴
铠甲盒子,Armor Chest,未标注,宝箱与礼包,作为参加挑战的奖励获得，包含一部分的铠甲。,叠加上限：1,,当前档案有 56 条同名记录；可能来自不同场景、活动或难度，请比较基础属性。,assets/images/其他物品/黑帮金奖--067e7e51b7.png,原版图鉴
武器盒子,Prize Chest with Weapon,未标注,宝箱与礼包,作为参加挑战的奖励获得，包含一件武器。,叠加上限：1,,当前档案有 55 条同名记录；可能来自不同场景、活动或难度，请比较基础属性。,assets/images/其他物品/黑帮金奖--067e7e51b7.png,原版图鉴
铠甲盒子,Armor Chest,未标注,宝箱与礼包,作为参加挑战的奖励获得，包含一部分的铠甲。,叠加上限：1,,当前档案有 56 条同名记录；可能来自不同场景、活动或难度，请比较基础属性。,assets/images/其他物品/黑帮金奖--067e7e51b7.png,原版图鉴
武器盒子,Prize Chest with Weapon,未标注,宝箱与礼包,作为参加挑战的奖励获得，包含一件武器。,叠加上限：1,,当前档案有 55 条同名记录；可能来自不同场景、活动或难度，请比较基础属性。,assets/images/其他物品/黑帮银奖--4b370153ad.png,原版图鉴
铠甲盒子,Armor Chest,未标注,宝箱与礼包,作为参加挑战的奖励获得，包含一部分的铠甲。,叠加上限：1,,当前档案有 56 条同名记录；可能来自不同场景、活动或难度，请比较基础属性。,assets/images/其他物品/黑帮银奖--4b370153ad.png,原版图鉴
武器盒子,Prize Chest with Weapon,未标注,宝箱与礼包,作为参加挑战的奖励获得，包含一件武器。,叠加上限：1,,当前档案有 55 条同名记录；可能来自不同场景、活动或难度，请比较基础属性。,assets/images/其他物品/黑帮铜奖--ff5522da66.png,原版图鉴
铠甲盒子,Armor Chest,未标注,宝箱与礼包,作为参加挑战的奖励获得，包含一部分的铠甲。,叠加上限：1,,当前档案有 56 条同名记录；可能来自不同场景、活动或难度，请比较基础属性。,assets/images/其他物品/黑帮铜奖--ff5522da66.png,原版图鉴
英格丽德的桥,Ingrid's Bridge,未标注,,,叠加上限：1,,,assets/images/建筑设施/损坏的淋浴--21dbef0100.png,原版图鉴
博格丹的第一张纸条,Bogdan's first note,未标注,笔记与线索,英格丽德的铁匠师父写给她的纸条。,叠加上限：1,,,assets/images/其他物品/博格丹的第一张纸条--e10805052b.png,原版图鉴
博格丹的第二张纸条,Bogdan's second note,未标注,笔记与线索,英格丽德的铁匠师父写给她的纸条。,叠加上限：1,,,assets/images/其他物品/博格丹的第二张纸条--4b1590f6c7.png,原版图鉴
博格丹的第三张纸条,Bogdan's third note,未标注,笔记与线索,英格丽德的铁匠师父写给她的纸条。,叠加上限：1,,,assets/images/其他物品/博格丹的第一张纸条--e10805052b.png,原版图鉴
博格丹的第四张纸条,Bogdan's fourth note,未标注,笔记与线索,英格丽德的铁匠师父写给她的纸条。,叠加上限：1,,,assets/images/其他物品/博格丹的第二张纸条--4b1590f6c7.png,原版图鉴
博格丹的第五张纸条,Bogdan's fifth note,未标注,笔记与线索,英格丽德的铁匠师父写给她的纸条。,叠加上限：1,,,assets/images/其他物品/博格丹的第二张纸条--4b1590f6c7.png,原版图鉴
博格丹的第六张纸条,Bogdan's sixth note,未标注,笔记与线索,英格丽德的铁匠师父写给她的纸条。,叠加上限：1,,,assets/images/其他物品/博格丹的第一张纸条--e10805052b.png,原版图鉴
英格丽德,Ingrid,未标注,人物与商人,,基础生命：450；储物栏位：10；移动速度（配置）：4.5,,,,暂缺
英格丽德的价目表,Ingrid's Price List,未标注,,桥附近的商人铁匠英格丽德的价目表。,叠加上限：1,,,assets/images/其他物品/贸易联盟价格--9cef2828bd.png,原版图鉴
蓝图部分,Part of Blueprint,未标注,外观,喷气背包,叠加上限：1,,当前档案有 61 条同名记录；可能来自不同场景、活动或难度，请比较基础属性。,assets/images/其他物品/蓝图部分--fb1aa6b274.png,原版图鉴
黑帮叛徒,Triad Turncoat,未标注,人物与商人,,基础生命：1000；储物栏位：10；移动速度（配置）：4.5,,当前档案有 14 条同名记录；可能来自不同场景、活动或难度，请比较基础属性。,,暂缺
铁匠的自画像,Blacksmith's Self-Portrait,未标注,笔记与线索,英格丽德失踪的师父博格丹的画像。它可以帮助你完成剧情任务。,叠加上限：1,,,assets/images/其他物品/铁匠的自画像--bba97fa50e.png,原版图鉴
黑帮暗影装备,Triad Shadow's Equipment,未标注,宝箱与礼包,黑帮暗影的装备，并有机会获得黑帮武器、铠甲或背包。,叠加上限：1,,当前档案有 2 条同名记录；可能来自不同场景、活动或难度，请比较基础属性。,assets/images/其他物品/黑帮暗影装备--c4ca1337c4.png,原版图鉴
英格丽德的营地,Ingrid's Post,未标注,人物与商人,,储物栏位：10,,,assets/images/其他物品/贸易联盟商人--cd26bdb1aa.png,原版图鉴
《领地时报》,The Territory Times Newspaper,未标注,笔记与线索,阅读并了解游戏的最新变化。,叠加上限：1,,当前档案有 105 条同名记录；可能来自不同场景、活动或难度，请比较基础属性。,assets/images/其他物品/《领地时报》--d7068c6a05.png,原版图鉴
黑帮暗影铠甲套装,Triad Shadow's Armor Set,未标注,宝箱与礼包,黑帮暗影传奇铠甲（全套）：有几率躲避攻击，并且能够使用步枪且不降低奔跑速度。,叠加上限：1,,当前档案有 3 条同名记录；可能来自不同场景、活动或难度，请比较基础属性。,assets/images/其他物品/黑帮金奖--067e7e51b7.png,原版图鉴
黑帮暗影铠甲套装,Triad Shadow's Armor Set,未标注,宝箱与礼包,黑帮暗影传奇铠甲（全套）：有几率躲避攻击，并且能够使用步枪且不降低奔跑速度。,叠加上限：1,,当前档案有 3 条同名记录；可能来自不同场景、活动或难度，请比较基础属性。,assets/images/其他物品/黑帮银奖--4b370153ad.png,原版图鉴
黑帮暗影铠甲套装,Triad Shadow's Armor Set,未标注,宝箱与礼包,黑帮暗影传奇铠甲（全套）：有几率躲避攻击，并且能够使用步枪且不降低奔跑速度。,叠加上限：1,,当前档案有 3 条同名记录；可能来自不同场景、活动或难度，请比较基础属性。,assets/images/其他物品/黑帮铜奖--ff5522da66.png,原版图鉴
乐透彩票,Lottery ticket,未标注,,在尖叫之神乐透的礼物中赢得独特奖品的必需品。,,,当前档案有 29 条同名记录；可能来自不同场景、活动或难度，请比较基础属性。,assets/images/其他物品/乐透彩票--6d65c8ff60.png,原版图鉴
自行车快速助推器,Bicycle's Quick Boost,未标注,宝箱与礼包,更快地解锁改装槽的零件,叠加上限：1,,,assets/images/其他物品/自行车快速助推器--07d5d78090.png,原版图鉴
尖叫森林战利品,Screaming Forest Trophies,未标注,宝箱与礼包,神器武器、铠甲、完美武器箱子和其他方便的装备。,叠加上限：1,,当前档案有 2 条同名记录；可能来自不同场景、活动或难度，请比较基础属性。,assets/images/其他物品/尖叫森林战利品--1ed5f3fac6.png,原版图鉴
尖叫森林装备,Screaming Forest Gear,未标注,宝箱与礼包,可能包含生物过滤器、猫鼬注射枪、神器吸附剂和刺激器，以及陷阱探测器。,叠加上限：1,,,assets/images/其他物品/尖叫森林装备--9a2395f48b.png,原版图鉴
《领地时报》,The Territory Times Newspaper,未标注,笔记与线索,阅读并了解游戏的最新变化。,叠加上限：1,,当前档案有 105 条同名记录；可能来自不同场景、活动或难度，请比较基础属性。,assets/images/其他物品/《领地时报》--d7068c6a05.png,原版图鉴
森林游荡者,Forest Strider,未标注,人物与商人,,基础生命：1000；储物栏位：10；移动速度（配置）：4.5,,当前档案有 2 条同名记录；可能来自不同场景、活动或难度，请比较基础属性。,,暂缺
工具和抗毒药品,Tools & anti-poison meds,未标注,宝箱与礼包,在森林中生存并获取战利品所需的一切。,叠加上限：1,,,assets/images/其他物品/工具和抗毒药品--aa30ac2c4c.png,原版图鉴
森林游荡者铠甲,Forest Strider's Armor,未标注,宝箱与礼包,可以防护毒素和传说中的血腥武器伤害的铠甲。,叠加上限：1,,当前档案有 2 条同名记录；可能来自不同场景、活动或难度，请比较基础属性。,assets/images/其他物品/森林游荡者铠甲--11540f5b4c.png,原版图鉴
森林野兽,Forest Beast,未标注,宝箱与礼包,森林野兽铠甲和获得传奇武器的机会。,叠加上限：1,,当前档案有 2 条同名记录；可能来自不同场景、活动或难度，请比较基础属性。,assets/images/其他物品/森林野兽--49033fbb79.png,原版图鉴
伏都教娃娃,Voodoo Doll,传奇,载具与组件,赋予被动能力“心灵轻功”，使你能够使用送葬者的步枪和重型武器而不会变慢。,叠加上限：1；品质：传奇,,可以被生产；相关工作台：残骸,assets/images/其他物品/伏都教娃娃--ed2f9f5ac3.png,原版图鉴
狂腐士入侵点数,Decayers' Invasion Points,未标注,,获取点数，登上排行榜顶端，获得狂腐士货物钥匙。,,,,assets/images/资源材料/能量块--4581a84736.png,原版图鉴
叛徒狂腐士,Traitor Decayer,未标注,人物与商人,,基础生命：1000；储物栏位：10；移动速度（配置）：4.5,,当前档案有 3 条同名记录；可能来自不同场景、活动或难度，请比较基础属性。,,暂缺
解密回音花,Decoded Echo Flower,未标注,笔记与线索,回音花神器，带有谢尔普的记忆和感觉。使用神器可以看到它们。,叠加上限：1,,当前档案有 6 条同名记录；可能来自不同场景、活动或难度，请比较基础属性。,assets/images/其他物品/解密回音花--525d2c6e82.png,原版图鉴
解密回音花,Decoded Echo Flower,未标注,笔记与线索,回音花神器，带有谢尔普的记忆和感觉。使用神器可以看到它们。,叠加上限：1,,当前档案有 6 条同名记录；可能来自不同场景、活动或难度，请比较基础属性。,assets/images/其他物品/解密回音花--525d2c6e82.png,原版图鉴
解密回音花,Decoded Echo Flower,未标注,笔记与线索,回音花神器，带有谢尔普的记忆和感觉。使用神器可以看到它们。,叠加上限：1,,当前档案有 6 条同名记录；可能来自不同场景、活动或难度，请比较基础属性。,assets/images/其他物品/解密回音花--9288ad8e7f.png,原版图鉴
解密回音花,Decoded Echo Flower,未标注,笔记与线索,回音花神器，带有谢尔普的记忆和感觉。使用神器可以看到它们。,叠加上限：1,,当前档案有 6 条同名记录；可能来自不同场景、活动或难度，请比较基础属性。,assets/images/其他物品/解密回音花--9288ad8e7f.png,原版图鉴
解密回音花,Decoded Echo Flower,未标注,笔记与线索,回音花神器，带有谢尔普的记忆和感觉。使用神器可以看到它们。,叠加上限：1,,当前档案有 6 条同名记录；可能来自不同场景、活动或难度，请比较基础属性。,assets/images/其他物品/解密回音花--525d2c6e82.png,原版图鉴
解密回音花,Decoded Echo Flower,未标注,笔记与线索,回音花神器，带有谢尔普的记忆和感觉。使用神器可以看到它们。,叠加上限：1,,当前档案有 6 条同名记录；可能来自不同场景、活动或难度，请比较基础属性。,assets/images/其他物品/解密回音花--66d9f872db.png,原版图鉴
谢尔普的神器,Sherp's Artifact,未标注,笔记与线索,从谢尔普的塔棒中得到的不明神器。拿去给游荡者营地的克里姆，了解下一步该怎么做。,叠加上限：1,,,assets/images/其他物品/谢尔普的神器--0bf636a96e.png,原版图鉴
加密的回音花,Coded Echo Flower,未标注,笔记与线索,录有记忆的神器。据克里姆说，你需要一个回音镜和译码员桌才能访问它们。,叠加上限：1,,当前档案有 6 条同名记录；可能来自不同场景、活动或难度，请比较基础属性。,assets/images/其他物品/谢尔普的神器--0bf636a96e.png,原版图鉴
加密的回音花,Coded Echo Flower,未标注,笔记与线索,录有记忆的神器。据克里姆说，你需要一个回音镜和译码员桌才能访问它们。,叠加上限：1,,当前档案有 6 条同名记录；可能来自不同场景、活动或难度，请比较基础属性。,assets/images/其他物品/加密的回音花--b2774a93a1.png,原版图鉴
加密的回音花,Coded Echo Flower,未标注,笔记与线索,录有记忆的神器。据克里姆说，你需要一个回音镜和译码员桌才能访问它们。,叠加上限：1,,当前档案有 6 条同名记录；可能来自不同场景、活动或难度，请比较基础属性。,assets/images/其他物品/加密的回音花--865a3d16de.png,原版图鉴
加密的回音花,Coded Echo Flower,未标注,笔记与线索,录有记忆的神器。据克里姆说，你需要一个回音镜和译码员桌才能访问它们。,叠加上限：1,,当前档案有 6 条同名记录；可能来自不同场景、活动或难度，请比较基础属性。,assets/images/其他物品/谢尔普的神器--0bf636a96e.png,原版图鉴
加密的回音花,Coded Echo Flower,未标注,笔记与线索,录有记忆的神器。据克里姆说，你需要一个回音镜和译码员桌才能访问它们。,叠加上限：1,,当前档案有 6 条同名记录；可能来自不同场景、活动或难度，请比较基础属性。,assets/images/其他物品/加密的回音花--dd15f3771d.png,原版图鉴
仪式的要素,Elements of Ritual,未标注,宝箱与礼包,所有必要的送葬者装饰碎片、送葬者蛇彭特的神像、压缩空气罐、死亡自行车零件。正适合萨梅迪收割！,叠加上限：1,,,assets/images/其他物品/仪式的要素--1653d6c54a.png,原版图鉴
蛇彭特獠牙,Serpent Fang,未标注,货币与活动代币,送葬者作为祭品使用的大型蛇彭特獠牙，可通过在送葬者之屋击杀敌人和在红色区破坏祭坛而获得。,叠加上限：20,,出现场景：神秘的地下室；出现场景：储料设施入口,assets/images/其他物品/蛇彭特獠牙--76c49c2626.png,原版图鉴
《领地时报》,The Territory Times Newspaper,未标注,笔记与线索,阅读并了解游戏的最新变化。,叠加上限：1,,当前档案有 105 条同名记录；可能来自不同场景、活动或难度，请比较基础属性。,assets/images/其他物品/《领地时报》--d7068c6a05.png,原版图鉴
丹巴拉的黄金盒子,Damballah's Gold Chest,未标注,宝箱与礼包,含有传奇武器和铠甲、装饰材料、面具碎片以及其他贵重物品。,叠加上限：1,,当前档案有 5 条同名记录；可能来自不同场景、活动或难度，请比较基础属性。,assets/images/其他物品/丹巴拉的黄金盒子--f24a157c65.png,原版图鉴
丹巴拉的白银盒子,Damballah's Silver Chest,未标注,宝箱与礼包,可能含有传奇武器和铠甲。也含有装饰材料、面具碎片以及其他贵重物品。,叠加上限：1,,当前档案有 5 条同名记录；可能来自不同场景、活动或难度，请比较基础属性。,assets/images/其他物品/丹巴拉的白银盒子--ce83f30835.png,原版图鉴
丹巴拉的青铜盒子,Damballah's Bronze Chest,未标注,宝箱与礼包,可能含有传奇武器和铠甲。也含有装饰材料、面具碎片以及其他贵重物品。,叠加上限：1,,当前档案有 3 条同名记录；可能来自不同场景、活动或难度，请比较基础属性。,assets/images/其他物品/丹巴拉的青铜盒子--271e127f3e.png,原版图鉴
丹巴拉的大型盒子,Damballah's Big Chest,未标注,宝箱与礼包,可能含有武器、铠甲和其他贵重物品。,叠加上限：1,,当前档案有 5 条同名记录；可能来自不同场景、活动或难度，请比较基础属性。,assets/images/其他物品/丹巴拉的大型盒子--7f739ec2b2.png,原版图鉴
丹巴拉的盒子,Damballah's Chest,未标注,宝箱与礼包,可能含有武器、铠甲和其他贵重物品。,叠加上限：1,,当前档案有 4 条同名记录；可能来自不同场景、活动或难度，请比较基础属性。,assets/images/其他物品/丹巴拉的盒子--dd77b92eeb.png,原版图鉴
蛇彭特信徒铠甲套装,Serpent's Cohort's Armor Set,未标注,宝箱与礼包,一套完整的送葬者头目铠甲。,叠加上限：1,,,assets/images/其他物品/蛇彭特信徒铠甲套装--0f7cd7f076.png,原版图鉴
铠甲盒子,Armor Chest,未标注,宝箱与礼包,作为参加挑战的奖励获得，包含一部分的铠甲。,叠加上限：1,,当前档案有 56 条同名记录；可能来自不同场景、活动或难度，请比较基础属性。,assets/images/其他物品/蛇彭特信徒铠甲套装--0f7cd7f076.png,原版图鉴
武器盒子,Prize Chest with Weapon,未标注,宝箱与礼包,作为参加挑战的奖励获得，包含一件武器。,叠加上限：1,,当前档案有 55 条同名记录；可能来自不同场景、活动或难度，请比较基础属性。,assets/images/其他物品/蛇彭特信徒铠甲套装--0f7cd7f076.png,原版图鉴
送葬者装饰碎片,Undertakers' Decoration Parts,未标注,宝箱与礼包,用于避难所的怪异装饰的材料。,叠加上限：1,,当前档案有 13 条同名记录；可能来自不同场景、活动或难度，请比较基础属性。,assets/images/其他物品/蛇彭特信徒铠甲套装--0f7cd7f076.png,原版图鉴
送葬者自行车零件,Undertakers' Bicycle Parts,未标注,宝箱与礼包,含有死亡自行车的备用零件。,叠加上限：1,,当前档案有 10 条同名记录；可能来自不同场景、活动或难度，请比较基础属性。,assets/images/其他物品/蛇彭特信徒铠甲套装--0f7cd7f076.png,原版图鉴
武器盒子,Prize Chest with Weapon,未标注,宝箱与礼包,作为参加挑战的奖励获得，包含一件武器。,叠加上限：1,,当前档案有 55 条同名记录；可能来自不同场景、活动或难度，请比较基础属性。,assets/images/其他物品/蛇彭特信徒铠甲套装--0f7cd7f076.png,原版图鉴
铠甲盒子,Armor Chest,未标注,宝箱与礼包,作为参加挑战的奖励获得，包含一部分的铠甲。,叠加上限：1,,当前档案有 56 条同名记录；可能来自不同场景、活动或难度，请比较基础属性。,assets/images/其他物品/蛇彭特信徒铠甲套装--0f7cd7f076.png,原版图鉴
送葬者装饰碎片,Undertakers' Decoration Parts,未标注,宝箱与礼包,用于避难所的怪异装饰的材料。,叠加上限：1,,当前档案有 13 条同名记录；可能来自不同场景、活动或难度，请比较基础属性。,assets/images/其他物品/蛇彭特信徒铠甲套装--0f7cd7f076.png,原版图鉴
送葬者自行车零件,Undertakers' Bicycle Parts,未标注,宝箱与礼包,含有死亡自行车的备用零件。,叠加上限：1,,当前档案有 10 条同名记录；可能来自不同场景、活动或难度，请比较基础属性。,assets/images/其他物品/蛇彭特信徒铠甲套装--0f7cd7f076.png,原版图鉴
送葬者自行车改装,Undertakers' Bicycle Modifications,未标注,宝箱与礼包,为追捕萨梅迪的受害者而打造的自行车武器和改装。,叠加上限：1,,当前档案有 11 条同名记录；可能来自不同场景、活动或难度，请比较基础属性。,assets/images/其他物品/蛇彭特信徒铠甲套装--0f7cd7f076.png,原版图鉴
送葬者自行车改装,Undertakers' Bicycle Modifications,未标注,宝箱与礼包,为追捕萨梅迪的受害者而打造的自行车武器和改装。,叠加上限：1,,当前档案有 11 条同名记录；可能来自不同场景、活动或难度，请比较基础属性。,assets/images/其他物品/蛇彭特信徒铠甲套装--0f7cd7f076.png,原版图鉴
武器盒子,Prize Chest with Weapon,未标注,宝箱与礼包,作为参加挑战的奖励获得，包含一件武器。,叠加上限：1,,当前档案有 55 条同名记录；可能来自不同场景、活动或难度，请比较基础属性。,assets/images/其他物品/蛇彭特信徒铠甲套装--0f7cd7f076.png,原版图鉴
铠甲盒子,Armor Chest,未标注,宝箱与礼包,作为参加挑战的奖励获得，包含一部分的铠甲。,叠加上限：1,,当前档案有 56 条同名记录；可能来自不同场景、活动或难度，请比较基础属性。,assets/images/其他物品/蛇彭特信徒铠甲套装--0f7cd7f076.png,原版图鉴
送葬者装饰碎片,Undertakers' Decoration Parts,未标注,宝箱与礼包,用于避难所的怪异装饰的材料。,叠加上限：1,,当前档案有 13 条同名记录；可能来自不同场景、活动或难度，请比较基础属性。,assets/images/其他物品/蛇彭特信徒铠甲套装--0f7cd7f076.png,原版图鉴
送葬者自行车改装,Undertakers' Bicycle Modifications,未标注,宝箱与礼包,为追捕萨梅迪的受害者而打造的自行车武器和改装。,叠加上限：1,,当前档案有 11 条同名记录；可能来自不同场景、活动或难度，请比较基础属性。,assets/images/其他物品/蛇彭特信徒铠甲套装--0f7cd7f076.png,原版图鉴
送葬者自行车零件,Undertakers' Bicycle Parts,未标注,宝箱与礼包,含有死亡自行车的备用零件。,叠加上限：1,,当前档案有 10 条同名记录；可能来自不同场景、活动或难度，请比较基础属性。,assets/images/其他物品/蛇彭特信徒铠甲套装--0f7cd7f076.png,原版图鉴
武器盒子,Prize Chest with Weapon,未标注,宝箱与礼包,作为参加挑战的奖励获得，包含一件武器。,叠加上限：1,,当前档案有 55 条同名记录；可能来自不同场景、活动或难度，请比较基础属性。,assets/images/其他物品/武器盒子--3aaec79aa4.png,原版图鉴
铠甲盒子,Armor Chest,未标注,宝箱与礼包,作为参加挑战的奖励获得，包含一部分的铠甲。,叠加上限：1,,当前档案有 56 条同名记录；可能来自不同场景、活动或难度，请比较基础属性。,assets/images/其他物品/武器盒子--3aaec79aa4.png,原版图鉴
送葬者装饰碎片,Undertakers' Decoration Parts,未标注,宝箱与礼包,用于避难所的怪异装饰的材料。,叠加上限：1,,当前档案有 13 条同名记录；可能来自不同场景、活动或难度，请比较基础属性。,assets/images/其他物品/武器盒子--3aaec79aa4.png,原版图鉴
送葬者自行车零件,Undertakers' Bicycle Parts,未标注,宝箱与礼包,含有死亡自行车的备用零件。,叠加上限：1,,当前档案有 10 条同名记录；可能来自不同场景、活动或难度，请比较基础属性。,assets/images/其他物品/武器盒子--3aaec79aa4.png,原版图鉴
送葬者自行车改装,Undertakers' Bicycle Modifications,未标注,宝箱与礼包,为追捕萨梅迪的受害者而打造的自行车武器和改装。,叠加上限：1,,当前档案有 11 条同名记录；可能来自不同场景、活动或难度，请比较基础属性。,assets/images/其他物品/武器盒子--3aaec79aa4.png,原版图鉴
武器盒子,Prize Chest with Weapon,未标注,宝箱与礼包,作为参加挑战的奖励获得，包含一件武器。,叠加上限：1,,当前档案有 55 条同名记录；可能来自不同场景、活动或难度，请比较基础属性。,assets/images/其他物品/武器盒子--3aaec79aa4.png,原版图鉴
铠甲盒子,Armor Chest,未标注,宝箱与礼包,作为参加挑战的奖励获得，包含一部分的铠甲。,叠加上限：1,,当前档案有 56 条同名记录；可能来自不同场景、活动或难度，请比较基础属性。,assets/images/其他物品/武器盒子--3aaec79aa4.png,原版图鉴
送葬者装饰碎片,Undertakers' Decoration Parts,未标注,宝箱与礼包,用于避难所的怪异装饰的材料。,叠加上限：1,,当前档案有 13 条同名记录；可能来自不同场景、活动或难度，请比较基础属性。,assets/images/其他物品/武器盒子--3aaec79aa4.png,原版图鉴
送葬者自行车零件,Undertakers' Bicycle Parts,未标注,宝箱与礼包,含有死亡自行车的备用零件。,叠加上限：1,,当前档案有 10 条同名记录；可能来自不同场景、活动或难度，请比较基础属性。,assets/images/其他物品/武器盒子--3aaec79aa4.png,原版图鉴
送葬者自行车改装,Undertakers' Bicycle Modifications,未标注,宝箱与礼包,为追捕萨梅迪的受害者而打造的自行车武器和改装。,叠加上限：1,,当前档案有 11 条同名记录；可能来自不同场景、活动或难度，请比较基础属性。,assets/images/其他物品/武器盒子--3aaec79aa4.png,原版图鉴
武器盒子,Prize Chest with Weapon,未标注,宝箱与礼包,作为参加挑战的奖励获得，包含一件武器。,叠加上限：1,,当前档案有 55 条同名记录；可能来自不同场景、活动或难度，请比较基础属性。,assets/images/其他物品/武器盒子--3aaec79aa4.png,原版图鉴
铠甲盒子,Armor Chest,未标注,宝箱与礼包,作为参加挑战的奖励获得，包含一部分的铠甲。,叠加上限：1,,当前档案有 56 条同名记录；可能来自不同场景、活动或难度，请比较基础属性。,assets/images/其他物品/武器盒子--3aaec79aa4.png,原版图鉴
送葬者装饰碎片,Undertakers' Decoration Parts,未标注,宝箱与礼包,用于避难所的怪异装饰的材料。,叠加上限：1,,当前档案有 13 条同名记录；可能来自不同场景、活动或难度，请比较基础属性。,assets/images/其他物品/武器盒子--3aaec79aa4.png,原版图鉴
送葬者自行车零件,Undertakers' Bicycle Parts,未标注,宝箱与礼包,含有死亡自行车的备用零件。,叠加上限：1,,当前档案有 10 条同名记录；可能来自不同场景、活动或难度，请比较基础属性。,assets/images/其他物品/武器盒子--3aaec79aa4.png,原版图鉴
送葬者自行车改装,Undertakers' Bicycle Modifications,未标注,宝箱与礼包,为追捕萨梅迪的受害者而打造的自行车武器和改装。,叠加上限：1,,当前档案有 11 条同名记录；可能来自不同场景、活动或难度，请比较基础属性。,assets/images/其他物品/武器盒子--3aaec79aa4.png,原版图鉴
武器盒子,Prize Chest with Weapon,未标注,宝箱与礼包,作为参加挑战的奖励获得，包含一件武器。,叠加上限：1,,当前档案有 55 条同名记录；可能来自不同场景、活动或难度，请比较基础属性。,assets/images/其他物品/武器盒子--2a93f3c02d.png,原版图鉴
铠甲盒子,Armor Chest,未标注,宝箱与礼包,作为参加挑战的奖励获得，包含一部分的铠甲。,叠加上限：1,,当前档案有 56 条同名记录；可能来自不同场景、活动或难度，请比较基础属性。,assets/images/其他物品/武器盒子--2a93f3c02d.png,原版图鉴
送葬者装饰碎片,Undertakers' Decoration Parts,未标注,宝箱与礼包,用于避难所的怪异装饰的材料。,叠加上限：1,,当前档案有 13 条同名记录；可能来自不同场景、活动或难度，请比较基础属性。,assets/images/其他物品/武器盒子--2a93f3c02d.png,原版图鉴
送葬者自行车零件,Undertakers' Bicycle Parts,未标注,宝箱与礼包,含有死亡自行车的备用零件。,叠加上限：1,,当前档案有 10 条同名记录；可能来自不同场景、活动或难度，请比较基础属性。,assets/images/其他物品/武器盒子--2a93f3c02d.png,原版图鉴
送葬者自行车改装,Undertakers' Bicycle Modifications,未标注,宝箱与礼包,为追捕萨梅迪的受害者而打造的自行车武器和改装。,叠加上限：1,,当前档案有 11 条同名记录；可能来自不同场景、活动或难度，请比较基础属性。,assets/images/其他物品/武器盒子--2a93f3c02d.png,原版图鉴
武器盒子,Prize Chest with Weapon,未标注,宝箱与礼包,作为参加挑战的奖励获得，包含一件武器。,叠加上限：1,,当前档案有 55 条同名记录；可能来自不同场景、活动或难度，请比较基础属性。,assets/images/其他物品/武器盒子--2a93f3c02d.png,原版图鉴
铠甲盒子,Armor Chest,未标注,宝箱与礼包,作为参加挑战的奖励获得，包含一部分的铠甲。,叠加上限：1,,当前档案有 56 条同名记录；可能来自不同场景、活动或难度，请比较基础属性。,assets/images/其他物品/武器盒子--2a93f3c02d.png,原版图鉴
送葬者装饰碎片,Undertakers' Decoration Parts,未标注,宝箱与礼包,用于避难所的怪异装饰的材料。,叠加上限：1,,当前档案有 13 条同名记录；可能来自不同场景、活动或难度，请比较基础属性。,assets/images/其他物品/武器盒子--2a93f3c02d.png,原版图鉴
送葬者自行车零件,Undertakers' Bicycle Parts,未标注,宝箱与礼包,含有死亡自行车的备用零件。,叠加上限：1,,当前档案有 10 条同名记录；可能来自不同场景、活动或难度，请比较基础属性。,assets/images/其他物品/武器盒子--2a93f3c02d.png,原版图鉴
送葬者自行车改装,Undertakers' Bicycle Modifications,未标注,宝箱与礼包,为追捕萨梅迪的受害者而打造的自行车武器和改装。,叠加上限：1,,当前档案有 11 条同名记录；可能来自不同场景、活动或难度，请比较基础属性。,assets/images/其他物品/武器盒子--2a93f3c02d.png,原版图鉴
送葬者装饰碎片,Undertakers' Decoration Parts,未标注,宝箱与礼包,用于避难所的怪异装饰的材料。,叠加上限：1,,当前档案有 13 条同名记录；可能来自不同场景、活动或难度，请比较基础属性。,assets/images/其他物品/武器盒子--2a93f3c02d.png,原版图鉴
送葬者自行车零件,Undertakers' Bicycle Parts,未标注,宝箱与礼包,含有死亡自行车的备用零件。,叠加上限：1,,当前档案有 10 条同名记录；可能来自不同场景、活动或难度，请比较基础属性。,assets/images/其他物品/武器盒子--2a93f3c02d.png,原版图鉴
武器盒子,Prize Chest with Weapon,未标注,宝箱与礼包,作为参加挑战的奖励获得，包含一件武器。,叠加上限：1,,当前档案有 55 条同名记录；可能来自不同场景、活动或难度，请比较基础属性。,assets/images/其他物品/武器盒子--15fddd717e.png,原版图鉴
铠甲盒子,Armor Chest,未标注,宝箱与礼包,作为参加挑战的奖励获得，包含一部分的铠甲。,叠加上限：1,,当前档案有 56 条同名记录；可能来自不同场景、活动或难度，请比较基础属性。,assets/images/其他物品/武器盒子--15fddd717e.png,原版图鉴
送葬者装饰碎片,Undertakers' Decoration Parts,未标注,宝箱与礼包,用于避难所的怪异装饰的材料。,叠加上限：1,,当前档案有 13 条同名记录；可能来自不同场景、活动或难度，请比较基础属性。,assets/images/其他物品/武器盒子--15fddd717e.png,原版图鉴
送葬者自行车改装,Undertakers' Bicycle Modifications,未标注,宝箱与礼包,为追捕萨梅迪的受害者而打造的自行车武器和改装。,叠加上限：1,,当前档案有 11 条同名记录；可能来自不同场景、活动或难度，请比较基础属性。,assets/images/其他物品/武器盒子--15fddd717e.png,原版图鉴
武器盒子,Prize Chest with Weapon,未标注,宝箱与礼包,作为参加挑战的奖励获得，包含一件武器。,叠加上限：1,,当前档案有 55 条同名记录；可能来自不同场景、活动或难度，请比较基础属性。,assets/images/其他物品/武器盒子--15fddd717e.png,原版图鉴
铠甲盒子,Armor Chest,未标注,宝箱与礼包,作为参加挑战的奖励获得，包含一部分的铠甲。,叠加上限：1,,当前档案有 56 条同名记录；可能来自不同场景、活动或难度，请比较基础属性。,assets/images/其他物品/武器盒子--15fddd717e.png,原版图鉴
送葬者装饰碎片,Undertakers' Decoration Parts,未标注,宝箱与礼包,用于避难所的怪异装饰的材料。,叠加上限：1,,当前档案有 13 条同名记录；可能来自不同场景、活动或难度，请比较基础属性。,assets/images/其他物品/武器盒子--15fddd717e.png,原版图鉴
送葬者自行车改装,Undertakers' Bicycle Modifications,未标注,宝箱与礼包,为追捕萨梅迪的受害者而打造的自行车武器和改装。,叠加上限：1,,当前档案有 11 条同名记录；可能来自不同场景、活动或难度，请比较基础属性。,assets/images/其他物品/武器盒子--15fddd717e.png,原版图鉴
武器盒子,Prize Chest with Weapon,未标注,宝箱与礼包,作为参加挑战的奖励获得，包含一件武器。,叠加上限：1,,当前档案有 55 条同名记录；可能来自不同场景、活动或难度，请比较基础属性。,assets/images/其他物品/武器盒子--690796cd4f.png,原版图鉴
铠甲盒子,Armor Chest,未标注,宝箱与礼包,作为参加挑战的奖励获得，包含一部分的铠甲。,叠加上限：1,,当前档案有 56 条同名记录；可能来自不同场景、活动或难度，请比较基础属性。,assets/images/其他物品/武器盒子--690796cd4f.png,原版图鉴
送葬者装饰碎片,Undertakers' Decoration Parts,未标注,宝箱与礼包,用于避难所的怪异装饰的材料。,叠加上限：1,,当前档案有 13 条同名记录；可能来自不同场景、活动或难度，请比较基础属性。,assets/images/其他物品/武器盒子--690796cd4f.png,原版图鉴
送葬者自行车改装,Undertakers' Bicycle Modifications,未标注,宝箱与礼包,为追捕萨梅迪的受害者而打造的自行车武器和改装。,叠加上限：1,,当前档案有 11 条同名记录；可能来自不同场景、活动或难度，请比较基础属性。,assets/images/其他物品/武器盒子--690796cd4f.png,原版图鉴
武器盒子,Prize Chest with Weapon,未标注,宝箱与礼包,作为参加挑战的奖励获得，包含一件武器。,叠加上限：1,,当前档案有 55 条同名记录；可能来自不同场景、活动或难度，请比较基础属性。,assets/images/其他物品/武器盒子--690796cd4f.png,原版图鉴
铠甲盒子,Armor Chest,未标注,宝箱与礼包,作为参加挑战的奖励获得，包含一部分的铠甲。,叠加上限：1,,当前档案有 56 条同名记录；可能来自不同场景、活动或难度，请比较基础属性。,assets/images/其他物品/武器盒子--690796cd4f.png,原版图鉴
送葬者装饰碎片,Undertakers' Decoration Parts,未标注,宝箱与礼包,用于避难所的怪异装饰的材料。,叠加上限：1,,当前档案有 13 条同名记录；可能来自不同场景、活动或难度，请比较基础属性。,assets/images/其他物品/武器盒子--690796cd4f.png,原版图鉴
黄金狂腐士盒子,Gold Decay Chest,未标注,宝箱与礼包,包含打开狂腐士货物的钥匙。,叠加上限：1,,,assets/images/其他物品/黄金狂腐士盒子--9975f067a3.png,原版图鉴
白银狂腐士盒子,Silver Decay Chest,未标注,宝箱与礼包,包含打开狂腐士货物的钥匙。,叠加上限：1,,,assets/images/其他物品/白银狂腐士盒子--e991f4a1b0.png,原版图鉴
青铜狂腐士盒子,Bronze Decay Chest,未标注,宝箱与礼包,包含打开狂腐士货物的钥匙。,叠加上限：1,,,assets/images/其他物品/青铜狂腐士盒子--e388edccb2.png,原版图鉴
大型狂腐士盒子,Big Decay Chest,未标注,宝箱与礼包,包含打开狂腐士货物的钥匙。,叠加上限：1,,,assets/images/其他物品/大型狂腐士盒子--40d967d32c.png,原版图鉴
蓝图部分,Part of Blueprint,未标注,外观,永恒之火背包,叠加上限：1,,当前档案有 61 条同名记录；可能来自不同场景、活动或难度，请比较基础属性。,assets/images/其他物品/蓝图部分--d34a881a5f.png,原版图鉴
奖励武器盒子,Prize Chest with Weapon,未标注,宝箱与礼包,在挑战中获得名次而获得，包含传说中的武器。,叠加上限：1,,当前档案有 30 条同名记录；可能来自不同场景、活动或难度，请比较基础属性。,assets/images/其他物品/Stranger's Gold Box--3f661e7b8d.png,原版图鉴
核判官套装,Nuclear Inquisitor's Set,未标注,宝箱与礼包,包含全套狂腐士头目铠甲。,叠加上限：1,,,assets/images/其他物品/Stranger's Gold Box--3f661e7b8d.png,原版图鉴
核炬士套装,Nuclear Torch's Set,未标注,宝箱与礼包,全套核炬士套装，可增强狂腐士传奇头盔和铠甲的效果。推荐用于完成各种异象区。,叠加上限：1,,,assets/images/其他物品/Stranger's Gold Box--3f661e7b8d.png,原版图鉴
奖励武器盒子,Prize Chest with Weapon,未标注,宝箱与礼包,在挑战中获得名次而获得，包含传说中的武器。,叠加上限：1,,当前档案有 30 条同名记录；可能来自不同场景、活动或难度，请比较基础属性。,assets/images/其他物品/Stranger's Gold Box--3f661e7b8d.png,原版图鉴
奖励铠甲盒子,Prize Armor Chest,未标注,宝箱与礼包,在挑战中获得名次而获得，包含一件传奇铠甲。,叠加上限：1,,当前档案有 27 条同名记录；可能来自不同场景、活动或难度，请比较基础属性。,assets/images/其他物品/Stranger's Gold Box--3f661e7b8d.png,原版图鉴
奖励武器盒子,Prize Chest with Weapon,未标注,宝箱与礼包,在挑战中获得名次而获得，包含传说中的武器。,叠加上限：1,,当前档案有 30 条同名记录；可能来自不同场景、活动或难度，请比较基础属性。,assets/images/其他物品/Stranger's Silver Box--84e141b6c8.png,原版图鉴
奖励铠甲盒子,Prize Armor Chest,未标注,宝箱与礼包,在挑战中获得名次而获得，包含一件传奇铠甲。,叠加上限：1,,当前档案有 27 条同名记录；可能来自不同场景、活动或难度，请比较基础属性。,assets/images/其他物品/Stranger's Silver Box--84e141b6c8.png,原版图鉴
谢尔普的录音,Sherp's recording,未标注,笔记与线索,录音带上的标签写着：“给你”。,叠加上限：1,,,assets/images/其他物品/战前录音--a930ebd544.png,原版图鉴
每日奖励,Daily reward,未标注,宝箱与礼包,每周奖励包中今天的份额。,叠加上限：1,,当前档案有 2 条同名记录；可能来自不同场景、活动或难度，请比较基础属性。,assets/images/其他物品/每日奖励--5dd1615b47.png,原版图鉴
雪花球,Snow Globe,未标注,,战前的新年纪念品，使节日精神得以延续。,叠加上限：20,,在领地上的萤火虫那里；当前档案有 3 条同名记录；可能来自不同场景、活动或难度，请比较基础属性。；相关工作台：电动步枪,assets/images/其他物品/雪花球--9483bc3d87.png,原版图鉴
礼物袜,Gift Stocking,未标注,,"装饰好的羊毛袜放在绿树上会很好看。

从新年树上收到礼物的必需品。",叠加上限：20,,出现场景：旧加油站,assets/images/其他物品/礼物袜--06ba17436c.png,原版图鉴
狂腐士的口粮,Decayers' Ration,未标注,宝箱与礼包,帮派的口粮和生存物品。,叠加上限：1,,,assets/images/其他物品/狂腐士的口粮--f6c6b1b93a.png,原版图鉴
核判官,Nuclear Inquisitor,未标注,宝箱与礼包,核判官装备，并有机会获得和一个15栏位背包。,叠加上限：1,,当前档案有 2 条同名记录；可能来自不同场景、活动或难度，请比较基础属性。,assets/images/其他物品/核判官--d9b0d39b97.png,原版图鉴
《领地时报》,The Territory Times Newspaper,未标注,笔记与线索,阅读并了解游戏的最新变化。,叠加上限：1,,当前档案有 105 条同名记录；可能来自不同场景、活动或难度，请比较基础属性。,assets/images/其他物品/《领地时报》--d7068c6a05.png,原版图鉴
坪瑟的黄金盒子,Pincer's Gold Chest,未标注,宝箱与礼包,"内含多件物品，包括传奇武器、铠甲、暗区装备、坪瑟的设备和其他贵重物品。

第一名奖励。",叠加上限：1,,当前档案有 2 条同名记录；可能来自不同场景、活动或难度，请比较基础属性。,assets/images/其他物品/Stranger's Gold Box--3f661e7b8d.png,原版图鉴
坪瑟的白银盒子,Pincer's Silver Chest,未标注,宝箱与礼包,"内含传奇武器、铠甲、暗区装备、坪瑟的设备和其他贵重物品。

第二名奖励。",叠加上限：1,,当前档案有 2 条同名记录；可能来自不同场景、活动或难度，请比较基础属性。,assets/images/其他物品/Stranger's Silver Box--84e141b6c8.png,原版图鉴
坪瑟的青铜盒子,Pincer's Bronze Chest,未标注,宝箱与礼包,"可能含有传奇武器、铠甲、暗区装备、坪瑟的设备和其他贵重物品。

第三名奖励。",叠加上限：1,,当前档案有 2 条同名记录；可能来自不同场景、活动或难度，请比较基础属性。,assets/images/其他物品/Stranger's Bronze Box--9961a80665.png,原版图鉴
坪瑟的大型盒子,Pincer's Big Chest,未标注,宝箱与礼包,"可能含有传奇武器、铠甲、投掷武器、坪瑟的设备和其他贵重物品。

第4-10名奖励。",叠加上限：1,,当前档案有 2 条同名记录；可能来自不同场景、活动或难度，请比较基础属性。,assets/images/其他物品/Stranger's Big Box--3fd6992b69.png,原版图鉴
坪瑟的盒子,Pincer's Chest,未标注,宝箱与礼包,"可能含有传奇武器、铠甲、投掷武器和其他贵重物品。

第11-30名奖励。",叠加上限：1,,当前档案有 2 条同名记录；可能来自不同场景、活动或难度，请比较基础属性。,assets/images/其他物品/Stranger's Box--14fd8ac590.png,原版图鉴
异教徒的末日,Last Day of Heretic,未标注,宝箱与礼包,杀死狂腐士头目的战利品。,叠加上限：1,,当前档案有 4 条同名记录；可能来自不同场景、活动或难度，请比较基础属性。,assets/images/其他物品/异教徒的末日--334b5e819a.png,原版图鉴
送葬者头目服装,Undertaker Bosses' Attire,未标注,宝箱与礼包,传奇铠甲，还有机会获得一个15栏位背包！,叠加上限：1,,当前档案有 3 条同名记录；可能来自不同场景、活动或难度，请比较基础属性。,assets/images/其他物品/送葬者头目服装--8233ff8661.png,原版图鉴
黑兵工厂,Black Arsenal,未标注,宝箱与礼包,暗黑游荡者的装备，可以更安全的清理研究所设施。,叠加上限：1,,当前档案有 4 条同名记录；可能来自不同场景、活动或难度，请比较基础属性。,assets/images/其他物品/黑兵工厂--cccd885a30.png,原版图鉴
森林野兽,Forest Beast,未标注,宝箱与礼包,森林野兽铠甲和获得传奇武器的机会。,叠加上限：1,,当前档案有 2 条同名记录；可能来自不同场景、活动或难度，请比较基础属性。,assets/images/其他物品/森林野兽--49033fbb79.png,原版图鉴
灭绝者装备,Exterminators' Gear,未标注,宝箱与礼包,部分灭绝者铠甲，以及获得一件改造武器或15栏位背包的机会！,叠加上限：1,,,assets/images/其他物品/灭绝者装备--f1ee4dddcf.png,原版图鉴
森林游荡者铠甲,Forest Strider's Armor,未标注,宝箱与礼包,可以防护毒素和传说中的血腥武器伤害的铠甲。,叠加上限：1,,当前档案有 2 条同名记录；可能来自不同场景、活动或难度，请比较基础属性。,assets/images/其他物品/森林游荡者铠甲--11540f5b4c.png,原版图鉴
随机元素物品,Elemental Draw,未标注,宝箱与礼包,一件或多件独特的武器，还有机会获得一个15栏位背包！,叠加上限：1,,,assets/images/其他物品/随机元素物品--d4dffca608.png,原版图鉴
暗黑装备,Black Gear,未标注,宝箱与礼包,暗黑游荡者的传奇铠甲和武器。,叠加上限：1,,,assets/images/其他物品/暗黑装备--57be658f9c.png,原版图鉴
黑色星期五CHAP,Black Friday CHAP,未标注,人物与商人,,基础生命：100,,,assets/images/其他物品/贸易联盟商人--cd26bdb1aa.png,原版图鉴
邪教的传单,Cult's Leaflet,未标注,笔记与线索,印在卡片纸上。发出辐射。,叠加上限：1,,,assets/images/其他物品/家长来信--8ff5169e26.png,原版图鉴
乐透彩票,Lottery ticket,未标注,,在新年拯救者乐透中赢得独特奖品的必需品。,,,当前档案有 29 条同名记录；可能来自不同场景、活动或难度，请比较基础属性。,assets/images/其他物品/乐透彩票--a05d7b3b9c.png,原版图鉴
加密的回音花,Coded Echo Flower,未标注,笔记与线索,录有记忆的神器。据克里姆说，你需要一个回音镜和译码员桌才能访问它们。,叠加上限：1,,当前档案有 6 条同名记录；可能来自不同场景、活动或难度，请比较基础属性。,assets/images/其他物品/谢尔普的神器--0bf636a96e.png,原版图鉴
黄金新年箱子,Golden New Year Chest,未标注,宝箱与礼包,可能含有传奇武器和铠甲、装饰材料、外表碎片以及其他贵重物品。,叠加上限：1,,,assets/images/其他物品/黄金新年箱子--0332aab589.png,原版图鉴
白银新年箱子,Silver New Year Chest,未标注,宝箱与礼包,可能含有传奇武器和铠甲、装饰材料、外表碎片以及其他贵重物品。,叠加上限：1,,,assets/images/其他物品/白银新年箱子--2db90558a3.png,原版图鉴
青铜新年箱子,Bronze New Year Chest,未标注,宝箱与礼包,可能含有传奇武器和铠甲、装饰材料、外表碎片以及其他贵重物品。,叠加上限：1,,,assets/images/其他物品/青铜新年箱子--723e07e639.png,原版图鉴
大型新年箱子,Big New Year Chest,未标注,宝箱与礼包,可能含有武器、铠甲和其他贵重物品。,叠加上限：1,,当前档案有 5 条同名记录；可能来自不同场景、活动或难度，请比较基础属性。,assets/images/其他物品/大型新年箱子--570cde7f7c.png,原版图鉴
新年箱子,New Year Chest,未标注,宝箱与礼包,可能含有武器、铠甲和其他贵重物品。,叠加上限：1,,当前档案有 10 条同名记录；可能来自不同场景、活动或难度，请比较基础属性。,assets/images/其他物品/新年箱子--39f162d1fb.png,原版图鉴
蓝图部分,Part of Blueprint,未标注,外观,姜饼人,叠加上限：1,,当前档案有 61 条同名记录；可能来自不同场景、活动或难度，请比较基础属性。,assets/images/其他物品/蓝图部分--3b820687dd.png,原版图鉴
战斗自行车改装,Combat Bicycle Modifications,未标注,宝箱与礼包,用于两只轮子的杀人机器！,叠加上限：1,,当前档案有 2 条同名记录；可能来自不同场景、活动或难度，请比较基础属性。,assets/images/其他物品/战斗自行车改装--7890ff3eb1.png,原版图鉴
圣诞老人的助手,Strider Santa's Helper,未标注,人物与商人,,基础生命：1000；储物栏位：10；移动速度（配置）：4.5,,当前档案有 9 条同名记录；可能来自不同场景、活动或难度，请比较基础属性。,,暂缺
游荡者圣诞老人,Strider Santa,未标注,人物与商人,,基础生命：1000；储物栏位：10；移动速度（配置）：4.5,,当前档案有 3 条同名记录；可能来自不同场景、活动或难度，请比较基础属性。,,暂缺
新年兵工厂,New Year Arsenal,未标注,宝箱与礼包,有机会找到传奇新年武器、20 栏位背包和一件新年服装。,叠加上限：1,,当前档案有 4 条同名记录；可能来自不同场景、活动或难度，请比较基础属性。,assets/images/其他物品/新年兵工厂--350edc7657.png,原版图鉴
冰霜武器,Frosty Arms,未标注,宝箱与礼包,有机会找到传奇新年武器、15栏位背包和其他新物品。,叠加上限：1,,,assets/images/其他物品/冰霜武器--78ecfa4659.png,原版图鉴
雪花球,Snow Globe,未标注,,战前的新年纪念品，使节日精神得以延续。,叠加上限：20,,当前档案有 3 条同名记录；可能来自不同场景、活动或难度，请比较基础属性。,assets/images/其他物品/雪花球--9483bc3d87.png,原版图鉴
雪花球,Snow Globe,未标注,,战前的新年纪念品，使节日精神得以延续。,叠加上限：20,,当前档案有 3 条同名记录；可能来自不同场景、活动或难度，请比较基础属性。,assets/images/其他物品/雪花球--9483bc3d87.png,原版图鉴
新年口粮,New Year Ration,未标注,宝箱与礼包,游荡者的新年盛宴！,叠加上限：1,,当前档案有 2 条同名记录；可能来自不同场景、活动或难度，请比较基础属性。,assets/images/其他物品/新年口粮--1652b219d3.png,原版图鉴
新年兵工厂,New Year Arsenal,未标注,宝箱与礼包,传奇寒冷武器和新年服装！,叠加上限：1,,当前档案有 4 条同名记录；可能来自不同场景、活动或难度，请比较基础属性。,assets/images/其他物品/新年兵工厂--4cf3409489.png,原版图鉴
树下的礼物,Gift under the Tree,未标注,宝箱与礼包,有什么能比在新年树下发现的惊喜礼物更让人高兴呢？,叠加上限：1,,当前档案有 2 条同名记录；可能来自不同场景、活动或难度，请比较基础属性。,assets/images/其他物品/树下的礼物--77f1c4fb05.png,原版图鉴
奖励武器盒子,Prize Chest with Weapon,未标注,宝箱与礼包,在挑战中获得名次而获得，包含传说中的武器。,叠加上限：1,,当前档案有 30 条同名记录；可能来自不同场景、活动或难度，请比较基础属性。,assets/images/其他物品/黄金新年箱子--0332aab589.png,原版图鉴
奖励铠甲盒子,Prize Armor Chest,未标注,宝箱与礼包,在挑战中获得名次而获得，包含一件传奇铠甲。,叠加上限：1,,当前档案有 27 条同名记录；可能来自不同场景、活动或难度，请比较基础属性。,assets/images/其他物品/黄金新年箱子--0332aab589.png,原版图鉴
奖励武器盒子,Prize Chest with Weapon,未标注,宝箱与礼包,在挑战中获得名次而获得，包含传说中的武器。,叠加上限：1,,当前档案有 30 条同名记录；可能来自不同场景、活动或难度，请比较基础属性。,assets/images/其他物品/黄金新年箱子--0332aab589.png,原版图鉴
奖励铠甲盒子,Prize Armor Chest,未标注,宝箱与礼包,在挑战中获得名次而获得，包含一件传奇铠甲。,叠加上限：1,,当前档案有 27 条同名记录；可能来自不同场景、活动或难度，请比较基础属性。,assets/images/其他物品/黄金新年箱子--0332aab589.png,原版图鉴
奖励武器盒子,Prize Chest with Weapon,未标注,宝箱与礼包,在挑战中获得名次而获得，包含传说中的武器。,叠加上限：1,,当前档案有 30 条同名记录；可能来自不同场景、活动或难度，请比较基础属性。,assets/images/其他物品/黄金新年箱子--0332aab589.png,原版图鉴
奖励铠甲盒子,Prize Armor Chest,未标注,宝箱与礼包,在挑战中获得名次而获得，包含一件传奇铠甲。,叠加上限：1,,当前档案有 27 条同名记录；可能来自不同场景、活动或难度，请比较基础属性。,assets/images/其他物品/黄金新年箱子--0332aab589.png,原版图鉴
武器盒子,Prize Chest with Weapon,未标注,宝箱与礼包,作为参加挑战的奖励获得，包含一件武器。,叠加上限：1,,当前档案有 55 条同名记录；可能来自不同场景、活动或难度，请比较基础属性。,assets/images/其他物品/白银新年箱子--2db90558a3.png,原版图鉴
铠甲盒子,Armor Chest,未标注,宝箱与礼包,作为参加挑战的奖励获得，包含一部分的铠甲。,叠加上限：1,,当前档案有 56 条同名记录；可能来自不同场景、活动或难度，请比较基础属性。,assets/images/其他物品/白银新年箱子--2db90558a3.png,原版图鉴
武器盒子,Prize Chest with Weapon,未标注,宝箱与礼包,作为参加挑战的奖励获得，包含一件武器。,叠加上限：1,,当前档案有 55 条同名记录；可能来自不同场景、活动或难度，请比较基础属性。,assets/images/其他物品/白银新年箱子--2db90558a3.png,原版图鉴
铠甲盒子,Armor Chest,未标注,宝箱与礼包,作为参加挑战的奖励获得，包含一部分的铠甲。,叠加上限：1,,当前档案有 56 条同名记录；可能来自不同场景、活动或难度，请比较基础属性。,assets/images/其他物品/白银新年箱子--2db90558a3.png,原版图鉴
武器盒子,Prize Chest with Weapon,未标注,宝箱与礼包,作为参加挑战的奖励获得，包含一件武器。,叠加上限：1,,当前档案有 55 条同名记录；可能来自不同场景、活动或难度，请比较基础属性。,assets/images/其他物品/青铜新年箱子--723e07e639.png,原版图鉴
奖励铠甲盒子,Prize Armor Chest,未标注,宝箱与礼包,在挑战中获得名次而获得，包含一件传奇铠甲。,叠加上限：1,,当前档案有 27 条同名记录；可能来自不同场景、活动或难度，请比较基础属性。,assets/images/其他物品/青铜新年箱子--723e07e639.png,原版图鉴
武器盒子,Prize Chest with Weapon,未标注,宝箱与礼包,作为参加挑战的奖励获得，包含一件武器。,叠加上限：1,,当前档案有 55 条同名记录；可能来自不同场景、活动或难度，请比较基础属性。,assets/images/其他物品/青铜新年箱子--723e07e639.png,原版图鉴
奖励铠甲盒子,Prize Armor Chest,未标注,宝箱与礼包,在挑战中获得名次而获得，包含一件传奇铠甲。,叠加上限：1,,当前档案有 27 条同名记录；可能来自不同场景、活动或难度，请比较基础属性。,assets/images/其他物品/青铜新年箱子--723e07e639.png,原版图鉴
《领地时报》,The Territory Times Newspaper,未标注,笔记与线索,阅读并了解游戏的最新变化。,叠加上限：1,,当前档案有 105 条同名记录；可能来自不同场景、活动或难度，请比较基础属性。,assets/images/其他物品/《领地时报》--d7068c6a05.png,原版图鉴
坪瑟,Pincer,未标注,人物与商人,,基础生命：450；移动速度（配置）：4.5,,,assets/images/其他物品/男俘虏--04a338aa61.png,原版图鉴
撬锁工具x5,Lockpicks x5,未标注,宝箱与礼包,用来撬开锁和门的五个撬锁工具。它们会在仓库监狱中派上用场。,叠加上限：1,,,assets/images/其他物品/撬锁工具x5--eeb861f725.png,原版图鉴
游荡者菲什,Strider Fish,未标注,人物与商人,,基础生命：450；移动速度（配置）：4.5,,当前档案有 2 条同名记录；可能来自不同场景、活动或难度，请比较基础属性。,assets/images/其他物品/男俘虏--04a338aa61.png,原版图鉴
重型武器,Heavy Weapons,未标注,宝箱与礼包,火焰喷射器、火箭筒，或一把传奇步枪。,叠加上限：1,,当前档案有 3 条同名记录；可能来自不同场景、活动或难度，请比较基础属性。,assets/images/其他物品/重型武器--b13f4f9e55.png,原版图鉴
发电机房钥匙,Generator Room Key,未标注,,可解锁仓库附近的游荡者营地的发电机房。,耐久：1；叠加上限：1,,,assets/images/资源材料/地下室钥匙--4d6beeb99e.png,原版图鉴
男俘虏,Captive,未标注,人物与商人,,基础生命：450；移动速度（配置）：4.5,,当前档案有 8 条同名记录；可能来自不同场景、活动或难度，请比较基础属性。,assets/images/其他物品/男俘虏--04a338aa61.png,原版图鉴
配电室钥匙,Switch Box Room Key,未标注,,用于解锁仓库配电室门。,耐久：1；叠加上限：1,,,assets/images/其他物品/配电室钥匙--97f59083b0.png,原版图鉴
游荡者菲什,Strider Fish,未标注,人物与商人,,基础生命：450；移动速度（配置）：4.5,,当前档案有 2 条同名记录；可能来自不同场景、活动或难度，请比较基础属性。,assets/images/其他物品/男俘虏--04a338aa61.png,原版图鉴
菲什的狗牌,Fish's Token,未标注,,"背面刻着：

菲什，侦察员
克里姆的队员",叠加上限：1,,,assets/images/资源材料/幸存者令牌--ab41c3f84a.png,原版图鉴
《领地时报》,The Territory Times Newspaper,未标注,笔记与线索,阅读并了解游戏的最新变化。,叠加上限：1,,当前档案有 105 条同名记录；可能来自不同场景、活动或难度，请比较基础属性。,assets/images/其他物品/《领地时报》--d7068c6a05.png,原版图鉴
烈酒生产区钥匙,Hooch Production Bay Key,未标注,,一把可以打开烈酒生产区和仓库监狱厨房的钥匙。,耐久：1；叠加上限：1,,,assets/images/其他物品/烈酒生产区钥匙--e0622f7536.png,原版图鉴
监狱装备,Slammer Equipment,未标注,宝箱与礼包,保护性的刽子手之心、赤铁矿、大量墓地燃烧弹鸡尾酒、凤凰兴奋剂以及增强特殊伤害的神器。,叠加上限：1,,,assets/images/其他物品/监狱装备--71a6fd8b19.png,原版图鉴
摩托车备用零件,Motorcycle Parts,未标注,宝箱与礼包,用于组装游荡者摩托车的一两个零件。,叠加上限：1,,,assets/images/其他物品/摩托车备用零件--a2f6c6b65a.png,原版图鉴
头号刽子手的箱子,Prime Carnifex's Crate,未标注,宝箱与礼包,摩托车和避难所钻机备用零件、传奇铠甲和武器以及独一无二的神器装备。,叠加上限：1,,,assets/images/其他物品/头号刽子手的箱子--0279b915f0.png,原版图鉴
监狱奖杯,Slammer Trophies,未标注,宝箱与礼包,共生食尸鬼武器、完美武器箱子和毒素解药。,叠加上限：1,,当前档案有 3 条同名记录；可能来自不同场景、活动或难度，请比较基础属性。,assets/images/其他物品/监狱奖杯--6486238273.png,原版图鉴
研究所员工报告,Institute Employee's Report,未标注,笔记与线索,有些文字是用钢笔写的，因为受潮而损毁了。标题可以看清：初级研究助理A.L.沃尔金致佐林博士。,叠加上限：1,,,assets/images/其他物品/家长来信--8ff5169e26.png,原版图鉴
中型钢鹰箱子,Medium Steel Hawks' Crate,未标注,宝箱与礼包,包含武器、独特的武器和装饰零件与材料，以及外表碎片。,叠加上限：1,,,assets/images/其他物品/中型清理箱--636482800d.png,原版图鉴
钢鹰箱子,Steel Hawks' Crate,未标注,宝箱与礼包,包含钢鹰行动的外表碎片和独特的食物。,叠加上限：1,,当前档案有 9 条同名记录；可能来自不同场景、活动或难度，请比较基础属性。,assets/images/其他物品/清理箱--c3a44b4680.png,原版图鉴
钢鹰箱子,Steel Hawks' Crate,未标注,宝箱与礼包,包含钢鹰行动的外表碎片和独特的食物。,叠加上限：1,,当前档案有 9 条同名记录；可能来自不同场景、活动或难度，请比较基础属性。,assets/images/其他物品/清理箱--0d644a64b9.png,原版图鉴
钢鹰箱子,Steel Hawks' Crate,未标注,宝箱与礼包,包含钢鹰行动的外表碎片和独特的食物。,叠加上限：1,,当前档案有 9 条同名记录；可能来自不同场景、活动或难度，请比较基础属性。,assets/images/其他物品/清理箱--e30424dba4.png,原版图鉴
大型钢鹰箱子,Big Steel Hawks' Crate,未标注,宝箱与礼包,包含铠甲、武器、独特的武器和装饰零件与材料，以及外表碎片。,叠加上限：1,,,assets/images/其他物品/中型清理箱--636482800d.png,原版图鉴
钢鹰箱子,Steel Hawks' Crate,未标注,宝箱与礼包,包含钢鹰行动的外表碎片和独特的食物。,叠加上限：1,,当前档案有 9 条同名记录；可能来自不同场景、活动或难度，请比较基础属性。,assets/images/其他物品/清理箱--57b76cbaae.png,原版图鉴
钢鹰箱子,Steel Hawks' Crate,未标注,宝箱与礼包,可能含有武器、铠甲和鹰队的独特食物和备用零件。,叠加上限：1,,当前档案有 9 条同名记录；可能来自不同场景、活动或难度，请比较基础属性。,assets/images/其他物品/钢鹰箱子--8a7daa607c.png,原版图鉴
钢鹰箱子,Steel Hawks' Crate,未标注,宝箱与礼包,包含钢鹰行动的外表碎片和独特的食物。,叠加上限：1,,当前档案有 9 条同名记录；可能来自不同场景、活动或难度，请比较基础属性。,assets/images/其他物品/清理箱--28066f868b.png,原版图鉴
钢鹰箱子,Steel Hawks' Crate,未标注,宝箱与礼包,可能含有武器、铠甲和鹰队的独特食物和备用零件。,叠加上限：1,,当前档案有 9 条同名记录；可能来自不同场景、活动或难度，请比较基础属性。,assets/images/其他物品/钢鹰箱子--675375016d.png,原版图鉴
钢鹰箱子,Steel Hawks' Crate,未标注,宝箱与礼包,包含钢鹰行动的外表碎片和独特的食物。,叠加上限：1,,当前档案有 9 条同名记录；可能来自不同场景、活动或难度，请比较基础属性。,assets/images/其他物品/清理箱--e30424dba4.png,原版图鉴
钢鹰箱子,Steel Hawks' Crate,未标注,宝箱与礼包,可能含有武器、铠甲和鹰队的独特食物和备用零件。,叠加上限：1,,当前档案有 9 条同名记录；可能来自不同场景、活动或难度，请比较基础属性。,assets/images/其他物品/钢鹰箱子--2bbdd7439f.png,原版图鉴
巨大钢鹰箱子,Huge Steel Hawks' Crate,未标注,宝箱与礼包,包含铠甲、武器、外表碎片，以及制作传奇武器的独特材料和装饰零件。,叠加上限：1,,,assets/images/其他物品/中型清理箱--636482800d.png,原版图鉴
巨型钢鹰箱子,Giant Steel Hawks' Crate,未标注,宝箱与礼包,包含铠甲、武器、外表碎片，以及制作传奇武器的独特材料和装饰零件，包括大型鹰队盒子。,叠加上限：1,,,assets/images/其他物品/巨型钢鹰箱子--629887af0b.png,原版图鉴
摩托车尾箱,Motorbike Tail Box,传奇,载具与组件,对于经验丰富的车手来说，摩托车后备箱越大越好。它提供额外的空间来放置额外的战利品。,叠加上限：1；品质：传奇,,工程师斯普林特,assets/images/其他物品/摩托车尾箱--2319a860c9.png,原版图鉴
摩托车技工套件,Motorbike Mechanic Kit,传奇,载具与组件,赋予你被动能力：铁匠。可以降低你的衣服和铠甲的磨损率。,叠加上限：1；品质：传奇,,工程师斯普林特,assets/images/其他物品/摩托车技工套件--34ac6da976.png,原版图鉴
摩托车武器大师套件,Motorbike Weapon Master Kit,传奇,载具与组件,赋予你被动能力：回火。可以降低武器的磨损率。,叠加上限：1；品质：传奇,,工程师斯普林特,assets/images/其他物品/摩托车武器大师套件--ed949943d9.png,原版图鉴
摩托车急救箱,Motorbike First Aid Kit,传奇,载具与组件,赋予你被动能力：复苏。在受到致命伤后可恢复全部生命值，并增加移动速度，持续5秒。,耐久：4；叠加上限：1；品质：传奇,,工程师斯普林特,assets/images/其他物品/摩托车急救箱--8456fef926.png,原版图鉴
摩托车袋子,Motorbike Bag,传奇,载具与组件,在穿越领地时，可随身携带绷带和手榴弹。,叠加上限：1；品质：传奇,,工程师斯普林特,assets/images/其他物品/摩托车袋子--12ea8753ae.png,原版图鉴
塞西亚摩托车炮,Scythian Motorbike Gun,传奇,载具与组件,"赋予你自动能力：火炮。在造成一定的伤害后，活跃的远程武器会开始同时对多个敌人造成伤害。

对范围伤害武器无效。",耐久：10；叠加上限：1；品质：传奇,,工程师斯普林特,assets/images/其他物品/塞西亚摩托车炮--ebeaee9631.png,原版图鉴
塞西亚摩托车护盾,Scythian Motorbike Shield,传奇,载具与组件,赋予你自动能力：掩护。此能力会在受到一定伤害后提供对减速效果的免疫，让你能够无视一些攻击，并保护你免受周期性伤害。,耐久：10；叠加上限：1；品质：传奇,,工程师斯普林特,assets/images/其他物品/塞西亚摩托车护盾--4095971b46.png,原版图鉴
黑帮金奖,Triad's Gold Prize,未标注,宝箱与礼包,含有传奇武器和铠甲、装饰材料、外表碎片以及其他贵重物品。,叠加上限：1,,当前档案有 2 条同名记录；可能来自不同场景、活动或难度，请比较基础属性。,assets/images/其他物品/黑帮金奖--067e7e51b7.png,原版图鉴
黑帮银奖,Triad's Silver Prize,未标注,宝箱与礼包,可能含有传奇武器和铠甲、装饰材料、外表碎片以及其他贵重物品。,叠加上限：1,,当前档案有 2 条同名记录；可能来自不同场景、活动或难度，请比较基础属性。,assets/images/其他物品/黑帮银奖--4b370153ad.png,原版图鉴
黑帮铜奖,Triad's Bronze Prize,未标注,宝箱与礼包,可能含有传奇武器和铠甲、装饰材料、外表碎片以及其他贵重物品。,叠加上限：1,,当前档案有 2 条同名记录；可能来自不同场景、活动或难度，请比较基础属性。,assets/images/其他物品/黑帮铜奖--ff5522da66.png,原版图鉴
黑帮奖品,Triad's Prize,未标注,宝箱与礼包,可能含有武器、铠甲和其他贵重物品。,叠加上限：1,,当前档案有 2 条同名记录；可能来自不同场景、活动或难度，请比较基础属性。,assets/images/其他物品/黑帮奖品--f80780bd7a.png,原版图鉴
《领地时报》,The Territory Times Newspaper,未标注,笔记与线索,阅读并了解游戏的最新变化。,叠加上限：1,,当前档案有 105 条同名记录；可能来自不同场景、活动或难度，请比较基础属性。,assets/images/其他物品/《领地时报》--d7068c6a05.png,原版图鉴
武器盒子,Prize Chest with Weapon,未标注,宝箱与礼包,作为参加挑战的奖励获得，包含一件武器。,叠加上限：1,,当前档案有 55 条同名记录；可能来自不同场景、活动或难度，请比较基础属性。,assets/images/其他物品/黑帮金奖--067e7e51b7.png,原版图鉴
铠甲盒子,Armor Chest,未标注,宝箱与礼包,作为参加挑战的奖励获得，包含一部分的铠甲。,叠加上限：1,,当前档案有 56 条同名记录；可能来自不同场景、活动或难度，请比较基础属性。,assets/images/其他物品/黑帮金奖--067e7e51b7.png,原版图鉴
武器盒子,Prize Chest with Weapon,未标注,宝箱与礼包,作为参加挑战的奖励获得，包含一件武器。,叠加上限：1,,当前档案有 55 条同名记录；可能来自不同场景、活动或难度，请比较基础属性。,assets/images/其他物品/黑帮银奖--4b370153ad.png,原版图鉴
铠甲盒子,Armor Chest,未标注,宝箱与礼包,作为参加挑战的奖励获得，包含一部分的铠甲。,叠加上限：1,,当前档案有 56 条同名记录；可能来自不同场景、活动或难度，请比较基础属性。,assets/images/其他物品/黑帮银奖--4b370153ad.png,原版图鉴
黑帮叛徒,Triad Turncoat,未标注,人物与商人,,基础生命：1000；储物栏位：10；移动速度（配置）：4.5,,当前档案有 14 条同名记录；可能来自不同场景、活动或难度，请比较基础属性。,,暂缺
黑帮叛徒,Triad Turncoat,未标注,人物与商人,,基础生命：1000；储物栏位：10；移动速度（配置）：4.5,,当前档案有 14 条同名记录；可能来自不同场景、活动或难度，请比较基础属性。,,暂缺
乐透彩票,Lottery ticket,未标注,,,,,当前档案有 29 条同名记录；可能来自不同场景、活动或难度，请比较基础属性。,assets/images/其他物品/乐透彩票--a05d7b3b9c.png,原版图鉴
《领地时报》,The Territory Times Newspaper,未标注,笔记与线索,阅读并了解游戏的最新变化。,叠加上限：1,,当前档案有 105 条同名记录；可能来自不同场景、活动或难度，请比较基础属性。,assets/images/其他物品/《领地时报》--d7068c6a05.png,原版图鉴
速射炮塔,MG Turret,未标注,人物与商人,一旦高灵敏度传感器发现敌人，两把机枪就会在180度角之内瞄准他们。,基础生命：4000,,,,暂缺
哨兵,Sentry,未标注,人物与商人,,储物栏位：10；移动速度（配置）：4.5,,当前档案有 6 条同名记录；可能来自不同场景、活动或难度，请比较基础属性。,,暂缺
要塞兵团的炮塔,Citadel Corps' Turret,未标注,人物与商人,,储物栏位：10,,,,暂缺
每周提供免费装备,Free gear every week,未标注,,,,,,assets/images/其他物品/异教徒的末日--dd227f3006.png,原版图鉴
蓝图部分,Part of Blueprint,未标注,外观,堡垒,叠加上限：1,,当前档案有 61 条同名记录；可能来自不同场景、活动或难度，请比较基础属性。,assets/images/其他物品/蓝图部分--ab4f5b9b0a.png,原版图鉴
蓝图部分,Part of Blueprint,未标注,外观,向导,叠加上限：1,,当前档案有 61 条同名记录；可能来自不同场景、活动或难度，请比较基础属性。,assets/images/其他物品/蓝图部分--d2b1380d3f.png,原版图鉴
新等级和研究所设施可获额外技能点数,Extra skill points for new levels and Institute Facilities,未标注,,,,,,assets/images/其他物品/新等级和研究所设施可获额外技能点数--4384bbc605.png,原版图鉴
每天登录游戏，获得额外黄金,Extra gold for logging into the game each day,未标注,,,,,,assets/images/其他物品/每天登录游戏，获得额外黄金--24b0680669.png,原版图鉴
最大能量值+100，再生速度提高,'+100 maximum energy and increased regeneration rate,未标注,,,,,,assets/images/其他物品/最大能量值+100，再生速度提高--c30c4719c1.png,原版图鉴
哨兵,Sentry,未标注,人物与商人,,基础伤害：450–500；攻击间隔：0.15秒；攻击距离（配置）：3.2；暴击几率：10%；暴击倍率：2倍；基础生命：2000；储物栏位：10；移动速度（配置）：4.5,,当前档案有 6 条同名记录；可能来自不同场景、活动或难度，请比较基础属性。,,暂缺
警卫指挥官,Guard Commander,未标注,人物与商人,,基础伤害：100–200；攻击间隔：0.15秒；攻击距离（配置）：6；暴击几率：5%；暴击倍率：2倍；基础生命：2000；储物栏位：10；移动速度（配置）：4.5,,,,暂缺
首席技术员,Chief Technician,未标注,人物与商人,,基础伤害：100–200；攻击间隔：0.3秒；攻击距离（配置）：6；暴击几率：5%；暴击倍率：2倍；基础生命：2000；储物栏位：10；移动速度（配置）：4.5,,当前档案有 2 条同名记录；可能来自不同场景、活动或难度，请比较基础属性。,,暂缺
值日官,Duty Officer,未标注,人物与商人,,基础伤害：100–200；攻击间隔：0.3秒；攻击距离（配置）：6；暴击几率：5%；暴击倍率：2倍；基础生命：2000；储物栏位：10；移动速度（配置）：4.5,,当前档案有 2 条同名记录；可能来自不同场景、活动或难度，请比较基础属性。,,暂缺
LRS工作员,LRS Operative,未标注,人物与商人,,基础伤害：100–200；攻击间隔：0.3秒；攻击距离（配置）：6；暴击几率：5%；暴击倍率：2倍；基础生命：2000；储物栏位：10；移动速度（配置）：3.5,,当前档案有 2 条同名记录；可能来自不同场景、活动或难度，请比较基础属性。,,暂缺
要塞兵团军官,Citadel Corps Officer,未标注,人物与商人,,基础伤害：100–200；攻击间隔：0.3秒；攻击距离（配置）：6；暴击几率：5%；暴击倍率：2倍；基础生命：2000；储物栏位：10；移动速度（配置）：4.5,,当前档案有 2 条同名记录；可能来自不同场景、活动或难度，请比较基础属性。,,暂缺
信号操作员,Signal Operator,未标注,人物与商人,,基础伤害：100–200；攻击间隔：0.3秒；攻击距离（配置）：6；暴击几率：5%；暴击倍率：2倍；基础生命：2000；储物栏位：10；移动速度（配置）：4.5,,,,暂缺
要塞兵团狙击手,Citadel Corps Sniper,未标注,人物与商人,,基础伤害：100–200；攻击间隔：0.3秒；攻击距离（配置）：6；暴击几率：5%；暴击倍率：2倍；基础生命：2000；储物栏位：10；移动速度（配置）：4.5,,,,暂缺
丹巴拉的黄金盒子,Damballah's Gold Chest,未标注,宝箱与礼包,含有传奇武器和铠甲、装饰材料、面具碎片以及其他贵重物品。,叠加上限：1,,当前档案有 5 条同名记录；可能来自不同场景、活动或难度，请比较基础属性。,assets/images/其他物品/蛇彭特信徒铠甲套装--0f7cd7f076.png,原版图鉴
丹巴拉的白银盒子,Damballah's Silver Chest,未标注,宝箱与礼包,可能含有传奇武器和铠甲。也含有装饰材料、面具碎片以及其他贵重物品。,叠加上限：1,,当前档案有 5 条同名记录；可能来自不同场景、活动或难度，请比较基础属性。,assets/images/其他物品/武器盒子--3aaec79aa4.png,原版图鉴
丹巴拉的青铜盒子,Damballah's Bronze Chest,未标注,宝箱与礼包,可能含有传奇武器和铠甲。也含有装饰材料、面具碎片以及其他贵重物品。,叠加上限：1,,当前档案有 3 条同名记录；可能来自不同场景、活动或难度，请比较基础属性。,assets/images/其他物品/武器盒子--2a93f3c02d.png,原版图鉴
丹巴拉的大型盒子,Damballah's Big Chest,未标注,宝箱与礼包,可能含有武器、铠甲和其他贵重物品。,叠加上限：1,,当前档案有 5 条同名记录；可能来自不同场景、活动或难度，请比较基础属性。,assets/images/其他物品/武器盒子--15fddd717e.png,原版图鉴
丹巴拉的盒子,Damballah's Chest,未标注,宝箱与礼包,可能含有武器、铠甲和其他贵重物品。,叠加上限：1,,当前档案有 4 条同名记录；可能来自不同场景、活动或难度，请比较基础属性。,assets/images/其他物品/武器盒子--690796cd4f.png,原版图鉴
小型派系任务盒子,Small Mission Box,未标注,宝箱与礼包,完成兄弟会派系任务的奖励。,叠加上限：1,,当前档案有 20 条同名记录；可能来自不同场景、活动或难度，请比较基础属性。,assets/images/其他物品/游荡者箱子--0befe7e4fb.png,原版图鉴
中型派系任务盒子,Medium Mission Box,未标注,宝箱与礼包,完成兄弟会派系任务的高级奖励。,叠加上限：1,,当前档案有 8 条同名记录；可能来自不同场景、活动或难度，请比较基础属性。,assets/images/其他物品/中型派系任务盒子--c099fef41d.png,原版图鉴
小型派系任务盒子,Small Mission Box,未标注,宝箱与礼包,完成兄弟会派系任务的奖励。,叠加上限：1,,当前档案有 20 条同名记录；可能来自不同场景、活动或难度，请比较基础属性。,assets/images/其他物品/游荡者箱子--0befe7e4fb.png,原版图鉴
小型派系任务盒子,Small Mission Box,未标注,宝箱与礼包,完成兄弟会派系任务的奖励。,叠加上限：1,,当前档案有 20 条同名记录；可能来自不同场景、活动或难度，请比较基础属性。,assets/images/其他物品/游荡者箱子--0befe7e4fb.png,原版图鉴
中型派系任务盒子,Medium Mission Box,未标注,宝箱与礼包,完成兄弟会派系任务的高级奖励。,叠加上限：1,,当前档案有 8 条同名记录；可能来自不同场景、活动或难度，请比较基础属性。,assets/images/其他物品/中型派系任务盒子--c099fef41d.png,原版图鉴
小型派系任务盒子,Small Mission Box,未标注,宝箱与礼包,完成兄弟会派系任务的奖励。,叠加上限：1,,当前档案有 20 条同名记录；可能来自不同场景、活动或难度，请比较基础属性。,assets/images/其他物品/游荡者箱子--0befe7e4fb.png,原版图鉴
大型派系任务盒子,Big Mission Box,未标注,宝箱与礼包,完成兄弟会派系任务的特殊高级奖励。,叠加上限：1,,当前档案有 4 条同名记录；可能来自不同场景、活动或难度，请比较基础属性。,assets/images/其他物品/大型派系任务盒子--142d653e06.png,原版图鉴
小型派系任务盒子,Small Mission Box,未标注,宝箱与礼包,完成兄弟会派系任务的奖励。,叠加上限：1,,当前档案有 20 条同名记录；可能来自不同场景、活动或难度，请比较基础属性。,assets/images/其他物品/游荡者箱子--0befe7e4fb.png,原版图鉴
小型派系任务盒子,Small Mission Box,未标注,宝箱与礼包,完成要塞兵团派系任务的奖励。,叠加上限：1,,当前档案有 20 条同名记录；可能来自不同场景、活动或难度，请比较基础属性。,assets/images/其他物品/要塞兵团的特殊板条箱--35eddd94b7.png,原版图鉴
中型派系任务盒子,Medium Mission Box,未标注,宝箱与礼包,完成要塞兵团派系任务的高级奖励。,叠加上限：1,,当前档案有 8 条同名记录；可能来自不同场景、活动或难度，请比较基础属性。,assets/images/其他物品/中型派系任务盒子--8d3eb40d38.png,原版图鉴
小型派系任务盒子,Small Mission Box,未标注,宝箱与礼包,完成要塞兵团派系任务的奖励。,叠加上限：1,,当前档案有 20 条同名记录；可能来自不同场景、活动或难度，请比较基础属性。,assets/images/其他物品/要塞兵团的特殊板条箱--35eddd94b7.png,原版图鉴
小型派系任务盒子,Small Mission Box,未标注,宝箱与礼包,完成要塞兵团派系任务的奖励。,叠加上限：1,,当前档案有 20 条同名记录；可能来自不同场景、活动或难度，请比较基础属性。,assets/images/其他物品/要塞兵团的特殊板条箱--35eddd94b7.png,原版图鉴
中型派系任务盒子,Medium Mission Box,未标注,宝箱与礼包,完成要塞兵团派系任务的高级奖励。,叠加上限：1,,当前档案有 8 条同名记录；可能来自不同场景、活动或难度，请比较基础属性。,assets/images/其他物品/中型派系任务盒子--8d3eb40d38.png,原版图鉴
小型派系任务盒子,Small Mission Box,未标注,宝箱与礼包,完成要塞兵团派系任务的奖励。,叠加上限：1,,当前档案有 20 条同名记录；可能来自不同场景、活动或难度，请比较基础属性。,assets/images/其他物品/要塞兵团的特殊板条箱--35eddd94b7.png,原版图鉴
大型派系任务盒子,Big Mission Box,未标注,宝箱与礼包,完成要塞兵团派系任务的特殊高级奖励。,叠加上限：1,,当前档案有 4 条同名记录；可能来自不同场景、活动或难度，请比较基础属性。,assets/images/其他物品/大型派系任务盒子--185a7bcb90.png,原版图鉴
小型派系任务盒子,Small Mission Box,未标注,宝箱与礼包,完成要塞兵团派系任务的奖励。,叠加上限：1,,当前档案有 20 条同名记录；可能来自不同场景、活动或难度，请比较基础属性。,assets/images/其他物品/要塞兵团的特殊板条箱--35eddd94b7.png,原版图鉴
《领地时报》,The Territory Times Newspaper,未标注,笔记与线索,阅读并了解游戏的最新变化。,叠加上限：1,,当前档案有 105 条同名记录；可能来自不同场景、活动或难度，请比较基础属性。,assets/images/其他物品/《领地时报》--d7068c6a05.png,原版图鉴
军医,Medic,未标注,人物与商人,,基础伤害：100–200；攻击间隔：0.3秒；攻击距离（配置）：6；暴击几率：5%；暴击倍率：2倍；基础生命：2000；储物栏位：10；移动速度（配置）：4.5,,,,暂缺
神枪手,Gunner,未标注,人物与商人,,基础伤害：100–200；攻击间隔：0.3秒；攻击距离（配置）：6；暴击几率：5%；暴击倍率：2倍；基础生命：2000；储物栏位：10；移动速度（配置）：4.5,,,,暂缺
探路者,Pathfinder,未标注,人物与商人,,基础伤害：100–200；攻击间隔：0.3秒；攻击距离（配置）：6；暴击几率：5%；暴击倍率：2倍；基础生命：2000；储物栏位：10；移动速度（配置）：4.5,,,,暂缺
新年兵工厂,New Year Arsenal,未标注,宝箱与礼包,可能包含传奇冬季枪械、部分新年服装和冷冻手榴弹。,叠加上限：1,,当前档案有 4 条同名记录；可能来自不同场景、活动或难度，请比较基础属性。,assets/images/其他物品/新年兵工厂--016b9d5d35.png,原版图鉴
鹰队的装备,Hawks' Gear,未标注,宝箱与礼包,前鹰队军事企业的完美与传奇武器、一个15栏位背包或其他贵重物品。,叠加上限：1,,当前档案有 2 条同名记录；可能来自不同场景、活动或难度，请比较基础属性。,assets/images/其他物品/鹰队的装备--863e09f715.png,原版图鉴
侦察员,Scout,未标注,人物与商人,,基础伤害：100–200；攻击间隔：0.3秒；攻击距离（配置）：6；暴击几率：5%；暴击倍率：2倍；基础生命：2000；储物栏位：10；移动速度（配置）：4.5,,,,暂缺
乐透彩票,Lottery ticket,未标注,,在鹰队军火库乐透中赢得独特奖品的必需品。,,,当前档案有 29 条同名记录；可能来自不同场景、活动或难度，请比较基础属性。,assets/images/其他物品/乐透彩票--f5f4b835d6.png,原版图鉴
警长,Sheriff,未标注,人物与商人,,基础生命：1000；储物栏位：10；移动速度（配置）：4.5,,当前档案有 2 条同名记录；可能来自不同场景、活动或难度，请比较基础属性。,,暂缺
《领地时报》,The Territory Times Newspaper,未标注,笔记与线索,阅读并了解游戏的最新变化。,叠加上限：1,,当前档案有 105 条同名记录；可能来自不同场景、活动或难度，请比较基础属性。,assets/images/其他物品/《领地时报》--d7068c6a05.png,原版图鉴
小型春季盒子,Small Spring Box,未标注,宝箱与礼包,你完成春季节庆剧情任务的奖励。,叠加上限：1,,当前档案有 5 条同名记录；可能来自不同场景、活动或难度，请比较基础属性。,assets/images/其他物品/中型春季盒子--442244431a.png,原版图鉴
中型春季盒子,Medium Spring Box,未标注,宝箱与礼包,你完成春季节庆剧情任务的高级奖励。,叠加上限：1,,当前档案有 4 条同名记录；可能来自不同场景、活动或难度，请比较基础属性。,assets/images/其他物品/巨型春季盒子--68039881af.png,原版图鉴
小型春季盒子,Small Spring Box,未标注,宝箱与礼包,你完成春季节庆剧情任务的奖励。,叠加上限：1,,当前档案有 5 条同名记录；可能来自不同场景、活动或难度，请比较基础属性。,assets/images/其他物品/中型春季盒子--442244431a.png,原版图鉴
中型春季盒子,Medium Spring Box,未标注,宝箱与礼包,你完成春季节庆剧情任务的高级奖励。,叠加上限：1,,当前档案有 4 条同名记录；可能来自不同场景、活动或难度，请比较基础属性。,assets/images/其他物品/巨型春季盒子--68039881af.png,原版图鉴
中型春季盒子,Medium Spring Box,未标注,宝箱与礼包,你完成春季节庆剧情任务的高级奖励。,叠加上限：1,,当前档案有 4 条同名记录；可能来自不同场景、活动或难度，请比较基础属性。,assets/images/其他物品/巨型春季盒子--68039881af.png,原版图鉴
小型春季盒子,Small Spring Box,未标注,宝箱与礼包,你完成春季节庆剧情任务的奖励。,叠加上限：1,,当前档案有 5 条同名记录；可能来自不同场景、活动或难度，请比较基础属性。,assets/images/其他物品/中型春季盒子--442244431a.png,原版图鉴
大型春季盒子,Big Spring Box,未标注,宝箱与礼包,你完成春季节庆剧情任务的特殊高级奖励。,叠加上限：1,,当前档案有 2 条同名记录；可能来自不同场景、活动或难度，请比较基础属性。,assets/images/其他物品/超巨型春季盒子--7e3b5e3a24.png,原版图鉴
小型春季盒子,Small Spring Box,未标注,宝箱与礼包,你完成春季节庆剧情任务的奖励。,叠加上限：1,,当前档案有 5 条同名记录；可能来自不同场景、活动或难度，请比较基础属性。,assets/images/其他物品/中型春季盒子--442244431a.png,原版图鉴
彩蛋收集者,Egg Collector,未标注,人物与商人,,基础生命：1000；储物栏位：10；移动速度（配置）：4.5,,当前档案有 2 条同名记录；可能来自不同场景、活动或难度，请比较基础属性。,,暂缺
蓝图部分,Part of Blueprint,未标注,外观,幸运桶,叠加上限：1,,当前档案有 61 条同名记录；可能来自不同场景、活动或难度，请比较基础属性。,assets/images/其他物品/蓝图部分--9bd68c5e74.png,原版图鉴
蓝图部分,Part of Blueprint,未标注,外观,毛绒,叠加上限：1,,当前档案有 61 条同名记录；可能来自不同场景、活动或难度，请比较基础属性。,assets/images/其他物品/蓝图部分--d30ab10332.png,原版图鉴
经识别的彩蛋,Identified Egg,未标注,,彩蛋内有一张神秘地图的碎片，可以在避难所的彩蛋收集者处兑换春季节庆点数。,叠加上限：20,,当前档案有 4 条同名记录；可能来自不同场景、活动或难度，请比较基础属性。,assets/images/其他物品/经识别的彩蛋--d2582e441b.png,原版图鉴
蓝图部分,Part of Blueprint,未标注,外观,兔子,叠加上限：1,,当前档案有 61 条同名记录；可能来自不同场景、活动或难度，请比较基础属性。,assets/images/其他物品/蓝图部分--b2e977eb00.png,原版图鉴
蓝图部分,Part of Blueprint,未标注,,幸运纹身,,,当前档案有 61 条同名记录；可能来自不同场景、活动或难度，请比较基础属性。,assets/images/其他物品/蓝图部分--466d096c59.png,原版图鉴
蓝图部分,Part of Blueprint,未标注,,四叶纹身,,,当前档案有 61 条同名记录；可能来自不同场景、活动或难度，请比较基础属性。,assets/images/其他物品/蓝图部分--54e2305883.png,原版图鉴
眼镜蛇,Cobra,未标注,人物与商人,,基础生命：450；储物栏位：10；移动速度（配置）：4.5,,当前档案有 2 条同名记录；可能来自不同场景、活动或难度，请比较基础属性。,,暂缺
交易商,Dealer,未标注,人物与商人,,储物栏位：10,,,assets/images/其他物品/贸易联盟商人--cd26bdb1aa.png,原版图鉴
交易商的价目表,Dealer's Price List,未标注,,交易商的货物和价格清单。,叠加上限：1,,,assets/images/其他物品/贸易联盟价格--9cef2828bd.png,原版图鉴
屠夫的灼热盒子,Butcher's Torrid Crate,未标注,宝箱与礼包,奖励，给予在被烧毁的餐厅标记路线并揭开其所有秘密的向导。内含多件物品，包括传奇武器、铠甲和其他贵重物品。,叠加上限：1,,,assets/images/其他物品/屠夫的灼热盒子--b31289e1c0.png,原版图鉴
《领地时报》,The Territory Times Newspaper,未标注,笔记与线索,阅读并了解游戏的最新变化。,叠加上限：1,,当前档案有 105 条同名记录；可能来自不同场景、活动或难度，请比较基础属性。,assets/images/其他物品/《领地时报》--d7068c6a05.png,原版图鉴
装备箱子,Gear Crate,未标注,宝箱与礼包,包含武器和铠甲。,叠加上限：1,,当前档案有 5 条同名记录；可能来自不同场景、活动或难度，请比较基础属性。,assets/images/其他物品/中型春季盒子--442244431a.png,原版图鉴
圣诞老人的助手,Strider Santa's Helper,未标注,人物与商人,,基础生命：1000；储物栏位：10；移动速度（配置）：4.5,,当前档案有 9 条同名记录；可能来自不同场景、活动或难度，请比较基础属性。,,暂缺
匪徒,Racketeer,未标注,人物与商人,,基础生命：450；储物栏位：10；移动速度（配置）：4.5,,当前档案有 3 条同名记录；可能来自不同场景、活动或难度，请比较基础属性。,,暂缺
尼克斯,Nix,未标注,人物与商人,,基础生命：450；储物栏位：10；移动速度（配置）：4.5,,当前档案有 2 条同名记录；可能来自不同场景、活动或难度，请比较基础属性。,,暂缺
匪徒,Racketeer,未标注,人物与商人,,基础生命：450；储物栏位：10；移动速度（配置）：4.5,,当前档案有 3 条同名记录；可能来自不同场景、活动或难度，请比较基础属性。,,暂缺
尼克斯,Nix,未标注,人物与商人,,基础生命：450；储物栏位：10；移动速度（配置）：4.5,,当前档案有 2 条同名记录；可能来自不同场景、活动或难度，请比较基础属性。,,暂缺
乐透彩票,Lottery ticket,未标注,,在领地乐透传奇中赢得独特奖品的必需品。,,,当前档案有 29 条同名记录；可能来自不同场景、活动或难度，请比较基础属性。,assets/images/其他物品/乐透彩票--6d65c8ff60.png,原版图鉴
阿福,Lucky,未标注,人物与商人,,基础生命：450；储物栏位：10；移动速度（配置）：4.5,,,,暂缺
《领地时报》,The Territory Times Newspaper,未标注,笔记与线索,阅读并了解游戏的最新变化。,叠加上限：1,,当前档案有 105 条同名记录；可能来自不同场景、活动或难度，请比较基础属性。,assets/images/其他物品/《领地时报》--d7068c6a05.png,原版图鉴
匪徒,Racketeer,未标注,人物与商人,,基础生命：450；储物栏位：10；移动速度（配置）：4.5,,当前档案有 3 条同名记录；可能来自不同场景、活动或难度，请比较基础属性。,,暂缺
装备箱子,Gear Crate,未标注,宝箱与礼包,内含装备、 铠甲和其他贵重物品。,叠加上限：1,,当前档案有 5 条同名记录；可能来自不同场景、活动或难度，请比较基础属性。,assets/images/其他物品/装备箱子--8dfe6b2c60.png,原版图鉴
装备箱子,Gear Crate,未标注,宝箱与礼包,包含武器。,叠加上限：1,,当前档案有 5 条同名记录；可能来自不同场景、活动或难度，请比较基础属性。,assets/images/其他物品/旧加油站的战利品--7748982a1e.png,原版图鉴
叛徒狂腐士,Traitor Decayer,未标注,人物与商人,,基础生命：1000；储物栏位：10；移动速度（配置）：4.5,,当前档案有 3 条同名记录；可能来自不同场景、活动或难度，请比较基础属性。,,暂缺
装备箱子,Gear Crate,未标注,宝箱与礼包,内含装备、 铠甲和其他贵重物品。,叠加上限：1,,当前档案有 5 条同名记录；可能来自不同场景、活动或难度，请比较基础属性。,assets/images/其他物品/装备箱子--8dfe6b2c60.png,原版图鉴
铠甲盒子,Armor Chest,未标注,宝箱与礼包,包含铠甲。,叠加上限：1,,当前档案有 56 条同名记录；可能来自不同场景、活动或难度，请比较基础属性。,assets/images/其他物品/屠夫的灼热盒子--b31289e1c0.png,原版图鉴
装备箱子,Gear Crate,未标注,宝箱与礼包,包含武器。,叠加上限：1,,当前档案有 5 条同名记录；可能来自不同场景、活动或难度，请比较基础属性。,assets/images/其他物品/屠夫的灼热盒子--b31289e1c0.png,原版图鉴
游荡者诺斯,Strider North,未标注,人物与商人,,基础生命：1000；储物栏位：10；移动速度（配置）：4.5,,,,暂缺
乐透彩票,Lottery ticket,未标注,,用于在冰霜乐透中赢得独特奖品。,,,当前档案有 29 条同名记录；可能来自不同场景、活动或难度，请比较基础属性。,assets/images/其他物品/乐透彩票--a05d7b3b9c.png,原版图鉴
《领地时报》,The Territory Times Newspaper,未标注,笔记与线索,阅读并了解游戏的最新变化。,叠加上限：1,,当前档案有 105 条同名记录；可能来自不同场景、活动或难度，请比较基础属性。,assets/images/其他物品/《领地时报》--d7068c6a05.png,原版图鉴
《领地时报》,The Territory Times Newspaper,未标注,笔记与线索,阅读并了解游戏的最新变化。,叠加上限：1,,当前档案有 105 条同名记录；可能来自不同场景、活动或难度，请比较基础属性。,assets/images/其他物品/《领地时报》--d7068c6a05.png,原版图鉴
游荡者,Strider,未标注,人物与商人,,基础生命：450；储物栏位：10；移动速度（配置）：4.5,,当前档案有 4 条同名记录；可能来自不同场景、活动或难度，请比较基础属性。,,暂缺
伏都教巫师“铸造者”,Bokor the Forger,未标注,人物与商人,,基础生命：450；储物栏位：10；移动速度（配置）：4.5,,,,暂缺
副牧师箱子,Vicarius's Chest,未标注,,狂腐士铠甲和武器、引火盒、火焰阻止器和凤凰兴奋剂。,叠加上限：1,,,assets/images/其他物品/副牧师箱子--cd021346b7.png,原版图鉴
巫师宝箱,Houngan's Chest,未标注,,送葬者铠甲和武器、溃疡、防酸斗篷和凤凰兴奋剂。,叠加上限：1,,,assets/images/其他物品/巫师宝箱--eff6fffd2e.png,原版图鉴
鹰队宝箱,Hawks' Chest,未标注,,暗黑游荡者铠甲和鹰队武器、刽子手之心、燧石和凤凰兴奋剂。,叠加上限：1,,当前档案有 2 条同名记录；可能来自不同场景、活动或难度，请比较基础属性。,assets/images/其他物品/鹰队宝箱--d001c8fdad.png,原版图鉴
突破战利品,Breach Trophies,未标注,,收集所有奖励以解锁。,叠加上限：1,,当前档案有 2 条同名记录；可能来自不同场景、活动或难度，请比较基础属性。,assets/images/其他物品/突破战利品--1ceb4593af.png,原版图鉴
无人机操作员,Drone Operator,未标注,人物与商人,,基础生命：450；储物栏位：10；移动速度（配置）：4.5,,,,暂缺
游荡者战利品,Strider's Loot,未标注,宝箱与礼包,助手根据你的提示在领地内发现的战利品。可能包含狂热的魂狩、格洛克-A火器、额外的独特武器和铠甲、投掷武器、神器装备（既可提升你的异象伤害又能防护异象伤害）以及用于生产物品的稀有资源。,叠加上限：1,,,assets/images/其他物品/游荡者战利品--4b18959304.png,原版图鉴
突破灭绝者,Breach Exterminator,未标注,人物与商人,,基础生命：1000；储物栏位：10；移动速度（配置）：4.5,,当前档案有 3 条同名记录；可能来自不同场景、活动或难度，请比较基础属性。,,暂缺
《领地时报》,The Territory Times Newspaper,未标注,笔记与线索,阅读并了解游戏的最新变化。,叠加上限：1,,当前档案有 105 条同名记录；可能来自不同场景、活动或难度，请比较基础属性。,assets/images/其他物品/《领地时报》--d7068c6a05.png,原版图鉴
小型入侵盒子,Small Invasion Box,未标注,宝箱与礼包,你在仓库入侵活动中完成剧情任务的奖励。,叠加上限：1,,当前档案有 4 条同名记录；可能来自不同场景、活动或难度，请比较基础属性。,assets/images/其他物品/小型入侵盒子--172a416cf7.png,原版图鉴
大型入侵盒子,Big Invasion Box,未标注,宝箱与礼包,你在仓库入侵活动中完成剧情任务的高级奖励。,叠加上限：1,,当前档案有 3 条同名记录；可能来自不同场景、活动或难度，请比较基础属性。,assets/images/其他物品/大型入侵盒子--993aa977b0.png,原版图鉴
小型入侵盒子,Small Invasion Box,未标注,宝箱与礼包,你在仓库入侵活动中完成剧情任务的奖励。,叠加上限：1,,当前档案有 4 条同名记录；可能来自不同场景、活动或难度，请比较基础属性。,assets/images/其他物品/小型入侵盒子--172a416cf7.png,原版图鉴
大型入侵盒子,Big Invasion Box,未标注,宝箱与礼包,你在仓库入侵活动中完成剧情任务的高级奖励。,叠加上限：1,,当前档案有 3 条同名记录；可能来自不同场景、活动或难度，请比较基础属性。,assets/images/其他物品/大型入侵盒子--993aa977b0.png,原版图鉴
大型入侵盒子,Big Invasion Box,未标注,宝箱与礼包,你在仓库入侵活动中完成剧情任务的高级奖励。,叠加上限：1,,当前档案有 3 条同名记录；可能来自不同场景、活动或难度，请比较基础属性。,assets/images/其他物品/大型入侵盒子--993aa977b0.png,原版图鉴
小型入侵盒子,Small Invasion Box,未标注,宝箱与礼包,你在仓库入侵活动中完成剧情任务的奖励。,叠加上限：1,,当前档案有 4 条同名记录；可能来自不同场景、活动或难度，请比较基础属性。,assets/images/其他物品/小型入侵盒子--172a416cf7.png,原版图鉴
巨型入侵盒子,Huge Invasion Box,未标注,宝箱与礼包,你在仓库入侵活动中完成剧情任务的特别高级奖励。,叠加上限：1,,,assets/images/其他物品/巨型入侵盒子--0c63251c0f.png,原版图鉴
小型入侵盒子,Small Invasion Box,未标注,宝箱与礼包,你在仓库入侵活动中完成剧情任务的奖励。,叠加上限：1,,当前档案有 4 条同名记录；可能来自不同场景、活动或难度，请比较基础属性。,assets/images/其他物品/小型入侵盒子--172a416cf7.png,原版图鉴
萨梅迪伏都教巫师钥匙,Samedi Bokor's Key,未标注,,送葬者牧师的钥匙，他受托储存邪教最宝贵的资源和仪式装备。这把钥匙被用来锁上伏都教巫师在被遗忘的墓地里的宝箱。,耐久：1；叠加上限：1,,,assets/images/其他物品/萨梅迪伏都教巫师钥匙--ec14905920.png,原版图鉴
哈莉,Harley,未标注,人物与商人,,基础伤害：100–200；攻击间隔：0.3秒；攻击距离（配置）：6；暴击几率：5%；暴击倍率：2倍；基础生命：2000；储物栏位：10；移动速度（配置）：4.5,,当前档案有 2 条同名记录；可能来自不同场景、活动或难度，请比较基础属性。,,暂缺
要塞协调员,Citadel Coordinator,未标注,人物与商人,,基础生命：1000；储物栏位：10；移动速度（配置）：4.5,,当前档案有 2 条同名记录；可能来自不同场景、活动或难度，请比较基础属性。,,暂缺
蓝图部分,Part of Blueprint,未标注,外观,领地刽子手,叠加上限：1,,当前档案有 61 条同名记录；可能来自不同场景、活动或难度，请比较基础属性。,assets/images/其他物品/蓝图部分--79c72684c9.png,原版图鉴
铠甲盒子,Armor Chest,未标注,宝箱与礼包,包含铠甲。,叠加上限：1,,当前档案有 56 条同名记录；可能来自不同场景、活动或难度，请比较基础属性。,assets/images/其他物品/小型入侵盒子--172a416cf7.png,原版图鉴
武器箱,Weapon Crate,未标注,宝箱与礼包,包含武器。,叠加上限：1,,当前档案有 4 条同名记录；可能来自不同场景、活动或难度，请比较基础属性。,assets/images/其他物品/小型入侵盒子--172a416cf7.png,原版图鉴
《领地时报》,The Territory Times Newspaper,未标注,笔记与线索,阅读并了解游戏的最新变化。,叠加上限：1,,当前档案有 105 条同名记录；可能来自不同场景、活动或难度，请比较基础属性。,assets/images/其他物品/《领地时报》--d7068c6a05.png,原版图鉴
要塞老兵,Citadel Veteran,未标注,人物与商人,,基础生命：1000；储物栏位：10；移动速度（配置）：4.5,,,,暂缺
乐透彩票,Lottery ticket,未标注,,在领地乐透传奇中赢得独特奖品的必需品。,,,当前档案有 29 条同名记录；可能来自不同场景、活动或难度，请比较基础属性。,assets/images/其他物品/乐透彩票--6d65c8ff60.png,原版图鉴
黑帮叛徒,Triad Turncoat,未标注,人物与商人,,基础生命：1000；储物栏位：10；移动速度（配置）：4.5,,当前档案有 14 条同名记录；可能来自不同场景、活动或难度，请比较基础属性。,,暂缺
《领地时报》,The Territory Times Newspaper,未标注,笔记与线索,阅读并了解游戏的最新变化。,叠加上限：1,,当前档案有 105 条同名记录；可能来自不同场景、活动或难度，请比较基础属性。,assets/images/其他物品/《领地时报》--d7068c6a05.png,原版图鉴
送葬者的历史，第1部分,"Undertakers' History, part 1",未标注,笔记与线索,你记录的伏都教巫师“铸造者”所讲述的，关于送葬者的历史和哈莉哥哥的遭遇的故事。,叠加上限：1,,,assets/images/其他物品/家长来信--8ff5169e26.png,原版图鉴
送葬者的历史，第2部分,"Undertakers' History, part 2",未标注,笔记与线索,你记录的伏都教巫师“铸造者”所讲述的，关于送葬者的历史和哈莉哥哥的遭遇的故事。,叠加上限：1,,,assets/images/其他物品/家长来信--8ff5169e26.png,原版图鉴
送葬者的历史，第3部分,"Undertakers' History, part 3",未标注,笔记与线索,你记录的伏都教巫师“铸造者”所讲述的，关于送葬者的历史和哈莉哥哥的遭遇的故事。,叠加上限：1,,,assets/images/其他物品/家长来信--8ff5169e26.png,原版图鉴
送葬者的历史，第4部分,"Undertakers' History, part 4",未标注,笔记与线索,你记录的伏都教巫师“铸造者”所讲述的，关于送葬者的历史和哈莉哥哥的遭遇的故事。,叠加上限：1,,,assets/images/其他物品/家长来信--8ff5169e26.png,原版图鉴
送葬者的历史，第5部分,"Undertakers' History, part 5",未标注,笔记与线索,你记录的伏都教巫师“铸造者”所讲述的，关于送葬者的历史和哈莉哥哥的遭遇的故事。,叠加上限：1,,,assets/images/其他物品/家长来信--8ff5169e26.png,原版图鉴
送葬者的历史，第6部分,"Undertakers' History, part 6",未标注,笔记与线索,你记录的伏都教巫师“铸造者”所讲述的，关于送葬者的历史和哈莉哥哥的遭遇的故事。,叠加上限：1,,,assets/images/其他物品/家长来信--8ff5169e26.png,原版图鉴
哈莉,Harley,未标注,人物与商人,,基础伤害：100–200；攻击间隔：0.3秒；攻击距离（配置）：6；暴击几率：5%；暴击倍率：2倍；基础生命：2000；储物栏位：10；移动速度（配置）：4.5,,当前档案有 2 条同名记录；可能来自不同场景、活动或难度，请比较基础属性。,,暂缺
农夫的妻子,Farmer's Wife,未标注,人物与商人,,基础生命：450；移动速度（配置）：4,,当前档案有 5 条同名记录；可能来自不同场景、活动或难度，请比较基础属性。,,暂缺
中型清理箱,Medium Clean-up Event Crate,未标注,宝箱与礼包,包含武器、独特的武器和装饰零件与材料，以及外表碎片。,叠加上限：1,,当前档案有 2 条同名记录；可能来自不同场景、活动或难度，请比较基础属性。,assets/images/其他物品/中型清理箱--636482800d.png,原版图鉴
清理箱,Clean-up Event Crate,未标注,宝箱与礼包,包含来自清理领地活动的外表碎片和独特的食物。,叠加上限：1,,当前档案有 16 条同名记录；可能来自不同场景、活动或难度，请比较基础属性。,assets/images/其他物品/清理箱--c3a44b4680.png,原版图鉴
清理箱,Clean-up Event Crate,未标注,宝箱与礼包,包含来自清理领地活动的外表碎片和独特的食物。,叠加上限：1,,当前档案有 16 条同名记录；可能来自不同场景、活动或难度，请比较基础属性。,assets/images/其他物品/清理箱--0d644a64b9.png,原版图鉴
清理箱,Clean-up Event Crate,未标注,宝箱与礼包,包含来自清理领地活动的外表碎片和独特的食物。,叠加上限：1,,当前档案有 16 条同名记录；可能来自不同场景、活动或难度，请比较基础属性。,assets/images/其他物品/清理箱--e30424dba4.png,原版图鉴
大型清理箱,Big Clean-up Event Crate,未标注,宝箱与礼包,包含铠甲、武器、独特的武器和装饰零件与材料，以及外表碎片。,叠加上限：1,,当前档案有 5 条同名记录；可能来自不同场景、活动或难度，请比较基础属性。,assets/images/其他物品/中型清理箱--636482800d.png,原版图鉴
清理箱,Clean-up Crate,未标注,宝箱与礼包,包含来自清理领地活动的外表碎片和独特的食物。,叠加上限：1,,当前档案有 16 条同名记录；可能来自不同场景、活动或难度，请比较基础属性。,assets/images/其他物品/清理箱--57b76cbaae.png,原版图鉴
清理箱,Clean-up Crate,未标注,宝箱与礼包,包含来自清理领地活动的外表碎片和独特的食物。,叠加上限：1,,当前档案有 16 条同名记录；可能来自不同场景、活动或难度，请比较基础属性。,assets/images/其他物品/清理箱--28066f868b.png,原版图鉴
清理箱,Clean-up Crate,未标注,宝箱与礼包,包含来自清理领地活动的外表碎片和独特的食物。,叠加上限：1,,当前档案有 16 条同名记录；可能来自不同场景、活动或难度，请比较基础属性。,assets/images/其他物品/清理箱--e30424dba4.png,原版图鉴
巨型清理箱,Huge Clean-up Event Crate,未标注,宝箱与礼包,包含铠甲、武器、外表碎片，以及制作传奇武器的独特材料和装饰零件。,叠加上限：1,,当前档案有 3 条同名记录；可能来自不同场景、活动或难度，请比较基础属性。,assets/images/其他物品/中型清理箱--636482800d.png,原版图鉴
《领地时报》,The Territory Times Newspaper,未标注,笔记与线索,阅读并了解游戏的最新变化。,叠加上限：1,,当前档案有 105 条同名记录；可能来自不同场景、活动或难度，请比较基础属性。,assets/images/其他物品/《领地时报》--d7068c6a05.png,原版图鉴
乐透彩票,Lottery ticket,未标注,,用于在冰霜乐透中赢得独特奖品。,,,当前档案有 29 条同名记录；可能来自不同场景、活动或难度，请比较基础属性。,assets/images/其他物品/乐透彩票--ae400fa8f0.png,原版图鉴
鹰队黄金箱子,Hawks' Gold Chest,未标注,宝箱与礼包,含有传奇武器和铠甲、装饰材料、外表碎片以及其他贵重物品。,叠加上限：1,,,assets/images/其他物品/鹰队黄金箱子--31878bbb91.png,原版图鉴
鹰队白银箱子,Hawks' Silver Chest,未标注,宝箱与礼包,可能含有传奇武器和铠甲、装饰材料、外表碎片以及其他贵重物品。,叠加上限：1,,,assets/images/其他物品/鹰队白银箱子--02d9508860.png,原版图鉴
鹰队青铜箱子,Hawks' Bronze Chest,未标注,宝箱与礼包,可能含有传奇武器和铠甲、装饰材料、外表碎片以及其他贵重物品。,叠加上限：1,,,assets/images/其他物品/鹰队青铜箱子--89ce006cba.png,原版图鉴
大型鹰队箱子,Big Hawks' Chest,未标注,宝箱与礼包,可能含有传奇武器和铠甲、装饰材料、外表碎片以及其他贵重物品。,叠加上限：1,,,assets/images/其他物品/大型鹰队箱子--c8fee6e29b.png,原版图鉴
鹰队宝箱,Hawks' Chest,未标注,宝箱与礼包,可能含有武器、铠甲和其他贵重物品。,叠加上限：1,,当前档案有 2 条同名记录；可能来自不同场景、活动或难度，请比较基础属性。,assets/images/其他物品/鹰队宝箱--1f475d54b8.png,原版图鉴
警长,Sheriff,未标注,人物与商人,,基础生命：1000；储物栏位：10；移动速度（配置）：4.5,,当前档案有 2 条同名记录；可能来自不同场景、活动或难度，请比较基础属性。,,暂缺
奖励武器盒子,Prize Chest with Weapon,未标注,宝箱与礼包,在挑战中获得名次而获得，包含传说中的武器。,叠加上限：1,,当前档案有 30 条同名记录；可能来自不同场景、活动或难度，请比较基础属性。,assets/images/其他物品/鹰队黄金箱子--31878bbb91.png,原版图鉴
奖励铠甲盒子,Prize Armor Chest,未标注,宝箱与礼包,在挑战中获得名次而获得，包含一件传奇铠甲。,叠加上限：1,,当前档案有 27 条同名记录；可能来自不同场景、活动或难度，请比较基础属性。,assets/images/其他物品/鹰队黄金箱子--31878bbb91.png,原版图鉴
奖励铠甲盒子,Prize Armor Chest,未标注,宝箱与礼包,在挑战中获得名次而获得，包含一件传奇铠甲。,叠加上限：1,,当前档案有 27 条同名记录；可能来自不同场景、活动或难度，请比较基础属性。,assets/images/其他物品/鹰队黄金箱子--31878bbb91.png,原版图鉴
奖励武器盒子,Prize Chest with Weapon,未标注,宝箱与礼包,在挑战中获得名次而获得，包含传说中的武器。,叠加上限：1,,当前档案有 30 条同名记录；可能来自不同场景、活动或难度，请比较基础属性。,assets/images/其他物品/鹰队黄金箱子--31878bbb91.png,原版图鉴
奖励武器盒子,Prize Chest with Weapon,未标注,宝箱与礼包,在挑战中获得名次而获得，包含传说中的武器。,叠加上限：1,,当前档案有 30 条同名记录；可能来自不同场景、活动或难度，请比较基础属性。,assets/images/其他物品/鹰队白银箱子--02d9508860.png,原版图鉴
奖励铠甲盒子,Prize Armor Chest,未标注,宝箱与礼包,在挑战中获得名次而获得，包含一件传奇铠甲。,叠加上限：1,,当前档案有 27 条同名记录；可能来自不同场景、活动或难度，请比较基础属性。,assets/images/其他物品/鹰队白银箱子--02d9508860.png,原版图鉴
奖励武器盒子,Prize Chest with Weapon,未标注,宝箱与礼包,在挑战中获得名次而获得，包含传说中的武器。,叠加上限：1,,当前档案有 30 条同名记录；可能来自不同场景、活动或难度，请比较基础属性。,assets/images/其他物品/鹰队青铜箱子--89ce006cba.png,原版图鉴
奖励铠甲盒子,Prize Armor Chest,未标注,宝箱与礼包,在挑战中获得名次而获得，包含一件传奇铠甲。,叠加上限：1,,当前档案有 27 条同名记录；可能来自不同场景、活动或难度，请比较基础属性。,assets/images/其他物品/鹰队青铜箱子--89ce006cba.png,原版图鉴
奖励武器盒子,Prize Chest with Weapon,未标注,宝箱与礼包,在挑战中获得名次而获得，包含传说中的武器。,叠加上限：1,,当前档案有 30 条同名记录；可能来自不同场景、活动或难度，请比较基础属性。,assets/images/其他物品/大型鹰队箱子--c8fee6e29b.png,原版图鉴
奖励铠甲盒子,Prize Armor Chest,未标注,宝箱与礼包,在挑战中获得名次而获得，包含一件传奇铠甲。,叠加上限：1,,当前档案有 27 条同名记录；可能来自不同场景、活动或难度，请比较基础属性。,assets/images/其他物品/大型鹰队箱子--c8fee6e29b.png,原版图鉴
奖励武器盒子,Prize Chest with Weapon,未标注,宝箱与礼包,在挑战中获得名次而获得，包含传说中的武器。,叠加上限：1,,当前档案有 30 条同名记录；可能来自不同场景、活动或难度，请比较基础属性。,assets/images/其他物品/鹰队宝箱--1f475d54b8.png,原版图鉴
奖励铠甲盒子,Prize Armor Chest,未标注,宝箱与礼包,在挑战中获得名次而获得，包含一件传奇铠甲。,叠加上限：1,,当前档案有 27 条同名记录；可能来自不同场景、活动或难度，请比较基础属性。,assets/images/其他物品/鹰队宝箱--1f475d54b8.png,原版图鉴
奖励武器盒子,Prize Chest with Weapon,未标注,宝箱与礼包,在挑战中获得名次而获得，包含传说中的武器。,叠加上限：1,,当前档案有 30 条同名记录；可能来自不同场景、活动或难度，请比较基础属性。,assets/images/其他物品/鹰队黄金箱子--31878bbb91.png,原版图鉴
奖励铠甲盒子,Prize Armor Chest,未标注,宝箱与礼包,在挑战中获得名次而获得，包含一件传奇铠甲。,叠加上限：1,,当前档案有 27 条同名记录；可能来自不同场景、活动或难度，请比较基础属性。,assets/images/其他物品/鹰队黄金箱子--31878bbb91.png,原版图鉴
奖励武器盒子,Prize Chest with Weapon,未标注,宝箱与礼包,在挑战中获得名次而获得，包含传说中的武器。,叠加上限：1,,当前档案有 30 条同名记录；可能来自不同场景、活动或难度，请比较基础属性。,assets/images/其他物品/鹰队白银箱子--02d9508860.png,原版图鉴
奖励铠甲盒子,Prize Armor Chest,未标注,宝箱与礼包,在挑战中获得名次而获得，包含一件传奇铠甲。,叠加上限：1,,当前档案有 27 条同名记录；可能来自不同场景、活动或难度，请比较基础属性。,assets/images/其他物品/鹰队白银箱子--02d9508860.png,原版图鉴
奖励武器盒子,Prize Chest with Weapon,未标注,宝箱与礼包,在挑战中获得名次而获得，包含传说中的武器。,叠加上限：1,,当前档案有 30 条同名记录；可能来自不同场景、活动或难度，请比较基础属性。,assets/images/其他物品/鹰队青铜箱子--89ce006cba.png,原版图鉴
奖励铠甲盒子,Prize Armor Chest,未标注,宝箱与礼包,在挑战中获得名次而获得，包含一件传奇铠甲。,叠加上限：1,,当前档案有 27 条同名记录；可能来自不同场景、活动或难度，请比较基础属性。,assets/images/其他物品/鹰队青铜箱子--89ce006cba.png,原版图鉴
奖励武器盒子,Prize Chest with Weapon,未标注,宝箱与礼包,在挑战中获得名次而获得，包含传说中的武器。,叠加上限：1,,当前档案有 30 条同名记录；可能来自不同场景、活动或难度，请比较基础属性。,assets/images/其他物品/大型鹰队箱子--c8fee6e29b.png,原版图鉴
奖励铠甲盒子,Prize Armor Chest,未标注,宝箱与礼包,在挑战中获得名次而获得，包含一件传奇铠甲。,叠加上限：1,,当前档案有 27 条同名记录；可能来自不同场景、活动或难度，请比较基础属性。,assets/images/其他物品/大型鹰队箱子--c8fee6e29b.png,原版图鉴
奖励武器盒子,Prize Chest with Weapon,未标注,宝箱与礼包,在挑战中获得名次而获得，包含传说中的武器。,叠加上限：1,,当前档案有 30 条同名记录；可能来自不同场景、活动或难度，请比较基础属性。,assets/images/其他物品/鹰队宝箱--1f475d54b8.png,原版图鉴
奖励铠甲盒子,Prize Armor Chest,未标注,宝箱与礼包,在挑战中获得名次而获得，包含一件传奇铠甲。,叠加上限：1,,当前档案有 27 条同名记录；可能来自不同场景、活动或难度，请比较基础属性。,assets/images/其他物品/鹰队宝箱--1f475d54b8.png,原版图鉴
蓝图部分,Part of Blueprint,未标注,外观,D.O.Z. 2周年礼帽,叠加上限：1,,当前档案有 61 条同名记录；可能来自不同场景、活动或难度，请比较基础属性。,assets/images/其他物品/蓝图部分--b6bded3492.png,原版图鉴
游荡者梦想武器盒,Strider's Dream,未标注,宝箱与礼包,可能含有武器、铠甲和其他贵重物品。,叠加上限：1,,,assets/images/其他物品/游荡者梦想武器盒--6ee6c393e6.png,原版图鉴
泰坦项目武器,Titan Project Weapons,未标注,宝箱与礼包,异象武器和装备。,叠加上限：1,,,assets/images/其他物品/泰坦项目武器--2959bc57b3.png,原版图鉴
D.O.Z.周年金奖,D.O.Z. Anniversary Gold Prize,未标注,宝箱与礼包,含有传奇武器和铠甲、装饰材料、外表碎片以及其他贵重物品。,叠加上限：1,,,assets/images/其他物品/D.O.Z.周年金奖--2b7c591e1c.png,原版图鉴
D.O.Z.周年银奖,D.O.Z. Anniversary Silver Prize,未标注,宝箱与礼包,可能含有传奇武器和铠甲、装饰材料、外表碎片以及其他贵重物品。,叠加上限：1,,,assets/images/其他物品/D.O.Z.周年银奖--53ff822995.png,原版图鉴
D.O.Z.周年铜奖,D.O.Z. Anniversary Bronze Prize,未标注,宝箱与礼包,可能含有传奇武器和铠甲、装饰材料、外表碎片以及其他贵重物品。,叠加上限：1,,,assets/images/其他物品/D.O.Z.周年铜奖--406b293520.png,原版图鉴
D.O.Z.周年大奖,D.O.Z. Anniversary Big Prize,未标注,宝箱与礼包,可能含有武器、铠甲和其他贵重物品。,叠加上限：1,,,assets/images/其他物品/D.O.Z.周年大奖--c66c662330.png,原版图鉴
竞技场萨满,Arena Shaman,未标注,人物与商人,,基础生命：450；储物栏位：10；移动速度（配置）：4.5,,,,暂缺
D.O.Z.两周年纪念礼物,Gift for D.O.Z. Second Anniversary,未标注,宝箱与礼包,庆祝最爱的游戏生日所需的一切！,叠加上限：1,,,assets/images/其他物品/D.O.Z.两周年纪念礼物--4baefcc9d1.png,原版图鉴
尚戈曼波弃儿,Shango Mambo Outcast,未标注,人物与商人,,基础生命：450；储物栏位：10；移动速度（配置）：4.5,,,,暂缺
乐透彩票,Lottery ticket,未标注,,用于在冰霜乐透中赢得独特奖品。,,,当前档案有 29 条同名记录；可能来自不同场景、活动或难度，请比较基础属性。,assets/images/其他物品/乐透彩票--ae400fa8f0.png,原版图鉴
圣诞老人的助手,Strider Santa's Helper,未标注,人物与商人,,基础生命：1000；储物栏位：10；移动速度（配置）：4.5,,当前档案有 9 条同名记录；可能来自不同场景、活动或难度，请比较基础属性。,,暂缺
黑帮叛徒,Triad Turncoat,未标注,人物与商人,,基础生命：1000；储物栏位：10；移动速度（配置）：4.5,,当前档案有 14 条同名记录；可能来自不同场景、活动或难度，请比较基础属性。,,暂缺
活动嘉宾,Event Guest,未标注,人物与商人,,基础生命：1000；储物栏位：10；移动速度（配置）：4.5,,,,暂缺
突破战利品,Breach Trophies,未标注,,,叠加上限：1,,当前档案有 2 条同名记录；可能来自不同场景、活动或难度，请比较基础属性。,assets/images/其他物品/突破战利品--098302f399.png,原版图鉴
一把周年纪念币,Handful of Anniversary Coins,未标注,宝箱与礼包,可以与活动商人交易礼物和试炼点数。,叠加上限：1,,,assets/images/其他物品/一把周年纪念币--6dfcd8fd3c.png,原版图鉴
节日试炼点数,Festive Trial Points,未标注,宝箱与礼包,获得节日试炼奖励的必需品。,叠加上限：1,,,assets/images/其他物品/节日试炼点数--cc2e32ad30.png,原版图鉴
《领地时报》,The Territory Times Newspaper,未标注,笔记与线索,阅读并了解游戏的最新变化。,叠加上限：1,,当前档案有 105 条同名记录；可能来自不同场景、活动或难度，请比较基础属性。,assets/images/其他物品/《领地时报》--d7068c6a05.png,原版图鉴
元素准备,Elemental Prep,未标注,宝箱与礼包,纳米机器、可应用它们的优质武器，并有几率获得一个15栏位背包。,叠加上限：1,,,assets/images/其他物品/元素准备--6e9f3ffb07.png,原版图鉴
核判官,Nuclear Inquisitor,未标注,宝箱与礼包,核判官装备，并有机会获得和一个15栏位背包。,叠加上限：1,,当前档案有 2 条同名记录；可能来自不同场景、活动或难度，请比较基础属性。,assets/images/其他物品/核判官--d9b0d39b97.png,原版图鉴
黑帮暗影装备,Triad Shadow's Equipment,未标注,宝箱与礼包,黑帮暗影的装备，并有机会获得黑帮武器、铠甲或背包。,叠加上限：1,,当前档案有 2 条同名记录；可能来自不同场景、活动或难度，请比较基础属性。,assets/images/其他物品/黑帮暗影装备--c4ca1337c4.png,原版图鉴
暗黑传奇,Black Legend,未标注,宝箱与礼包,一件传奇武器、暗黑游荡者铠甲零件，并有机会获得20栏位背包！,叠加上限：1,,,assets/images/其他物品/暗黑传奇--f21a68499c.png,原版图鉴
奖励武器盒子,Prize Chest with Weapon,未标注,宝箱与礼包,在挑战中获得名次而获得，包含传说中的武器。,叠加上限：1,,当前档案有 30 条同名记录；可能来自不同场景、活动或难度，请比较基础属性。,assets/images/其他物品/D.O.Z.周年金奖--2b7c591e1c.png,原版图鉴
奖励武器盒子,Prize Chest with Weapon,未标注,宝箱与礼包,在挑战中获得名次而获得，包含传说中的武器。,叠加上限：1,,当前档案有 30 条同名记录；可能来自不同场景、活动或难度，请比较基础属性。,assets/images/其他物品/D.O.Z.周年银奖--53ff822995.png,原版图鉴
奖励武器盒子,Prize Chest with Weapon,未标注,宝箱与礼包,在挑战中获得名次而获得，包含传说中的武器。,叠加上限：1,,当前档案有 30 条同名记录；可能来自不同场景、活动或难度，请比较基础属性。,assets/images/其他物品/D.O.Z.周年铜奖--406b293520.png,原版图鉴
奖励武器盒子,Prize Chest with Weapon,未标注,宝箱与礼包,在挑战中获得名次而获得，包含传说中的武器。,叠加上限：1,,当前档案有 30 条同名记录；可能来自不同场景、活动或难度，请比较基础属性。,assets/images/其他物品/D.O.Z.周年金奖--2b7c591e1c.png,原版图鉴
狂腐士风琴师,Decay Organist,未标注,人物与商人,,基础生命：450；储物栏位：10；移动速度（配置）：4.5,,,,暂缺
蓝图部分,Part of Blueprint,未标注,外观,向导,叠加上限：1,,当前档案有 61 条同名记录；可能来自不同场景、活动或难度，请比较基础属性。,assets/images/其他物品/蓝图部分--9e33f1d244.png,原版图鉴
圣诞老人的助手,Strider Santa's Helper,未标注,人物与商人,,基础生命：1000；储物栏位：10；移动速度（配置）：4.5,,当前档案有 9 条同名记录；可能来自不同场景、活动或难度，请比较基础属性。,,暂缺
叛徒狂腐士,Traitor Decayer,未标注,人物与商人,,基础生命：1000；储物栏位：10；移动速度（配置）：4.5,,当前档案有 3 条同名记录；可能来自不同场景、活动或难度，请比较基础属性。,,暂缺
《领地时报》,The Territory Times Newspaper,未标注,笔记与线索,阅读并了解游戏的最新变化。,叠加上限：1,,当前档案有 105 条同名记录；可能来自不同场景、活动或难度，请比较基础属性。,assets/images/其他物品/《领地时报》--d7068c6a05.png,原版图鉴
瑞弗特,Riveter,未标注,人物与商人,,基础伤害：50–60；攻击间隔：0.73秒；攻击距离（配置）：0.4；基础生命：450；储物栏位：10；移动速度（配置）：4.5,,当前档案有 7 条同名记录；可能来自不同场景、活动或难度，请比较基础属性。,,暂缺
乐透彩票,Lottery ticket,未标注,,用于在冰霜乐透中赢得独特奖品。,,,当前档案有 29 条同名记录；可能来自不同场景、活动或难度，请比较基础属性。,assets/images/其他物品/乐透彩票--ae400fa8f0.png,原版图鉴
《领地时报》,The Territory Times Newspaper,未标注,笔记与线索,阅读并了解游戏的最新变化。,叠加上限：1,,当前档案有 105 条同名记录；可能来自不同场景、活动或难度，请比较基础属性。,assets/images/其他物品/《领地时报》--d7068c6a05.png,原版图鉴
女商人箱子,Merchant Crate,未标注,宝箱与礼包,包含生存所必需的食物以及建筑用品。,叠加上限：1,,,assets/images/其他物品/女商人箱子--82f243db93.png,原版图鉴
中型女商人箱子,Medium Merchant Crate,未标注,宝箱与礼包,包含营养丰富的食物和宝贵的建筑资源。,叠加上限：1,,,assets/images/其他物品/中型女商人箱子--152930581d.png,原版图鉴
大型女商人箱子,Big Merchant Crate,未标注,宝箱与礼包,包含一个神器小工具和一个随机的纳米机器，用于制造能够施加异象伤害的武器。,叠加上限：1,,,assets/images/其他物品/大型女商人箱子--f77095b020.png,原版图鉴
兄弟会女商人,Brotherhood Merchant,未标注,人物与商人,,基础生命：100；储物栏位：10,,,assets/images/其他物品/贸易联盟商人--cd26bdb1aa.png,原版图鉴
兄弟会女商人价目表,Brotherhood Merchant Price,未标注,,兄弟会女商人的货物及价格清单。,叠加上限：1,,,assets/images/其他物品/贸易联盟价格--9cef2828bd.png,原版图鉴
酸性头骨,Acid Skull,未标注,外观,,叠加上限：1,,,assets/images/其他物品/酸性头骨--08accfde39.png,原版图鉴
贸易联盟武器箱子,Trade Union Arms Crate,未标注,宝箱与礼包,装有观看核战前视频奖励的容器。它可能包含一件传奇、优质，或投掷武器，或一件贵重的普通武器。,叠加上限：1,,,assets/images/其他物品/贸易联盟武器箱子--f7212dc3e0.png,原版图鉴
黑帮叛徒,Triad Turncoat,未标注,人物与商人,,基础生命：1000；储物栏位：10；移动速度（配置）：4.5,,当前档案有 14 条同名记录；可能来自不同场景、活动或难度，请比较基础属性。,,暂缺
要塞协调员,Citadel Coordinator,未标注,人物与商人,,基础生命：1000；储物栏位：10；移动速度（配置）：4.5,,当前档案有 2 条同名记录；可能来自不同场景、活动或难度，请比较基础属性。,,暂缺
维因,Vein,未标注,人物与商人,,基础生命：450；储物栏位：10；移动速度（配置）：4.5,,当前档案有 2 条同名记录；可能来自不同场景、活动或难度，请比较基础属性。,,暂缺
维因的价目表,Vein's Price List,未标注,,游荡者维因的被烧毁的餐厅价目表。,叠加上限：1,,当前档案有 2 条同名记录；可能来自不同场景、活动或难度，请比较基础属性。,assets/images/其他物品/贸易联盟价格--9cef2828bd.png,原版图鉴
扎顿探索者箱子,Zaton Explorer's Crate,未标注,宝箱与礼包,一大盒游荡者装备， 很适合用来探索异象区。,叠加上限：1,,,assets/images/其他物品/仓库研究员盒子--b40a08a204.png,原版图鉴
入侵战士套装,Invasion Fighter's Bundle,未标注,宝箱与礼包,包含狂腐士圣殿战士AKM、消防斧头、战术皮带、止血剂、未识别的血腥神器，以及识别盘。,叠加上限：1,,当前档案有 3 条同名记录；可能来自不同场景、活动或难度，请比较基础属性。,assets/images/其他物品/入侵战士套装--c3e94cfa18.png,原版图鉴
《领地时报》,The Territory Times Newspaper,未标注,笔记与线索,阅读并了解游戏的最新变化。,叠加上限：1,,当前档案有 105 条同名记录；可能来自不同场景、活动或难度，请比较基础属性。,assets/images/其他物品/《领地时报》--d7068c6a05.png,原版图鉴
材料盒子,Chest with Materials,未标注,宝箱与礼包,包含有价值的材料。,叠加上限：1,,当前档案有 17 条同名记录；可能来自不同场景、活动或难度，请比较基础属性。,assets/images/其他物品/小型入侵盒子--172a416cf7.png,原版图鉴
材料盒子,Chest with Materials,未标注,宝箱与礼包,包含有价值的材料。,叠加上限：1,,当前档案有 17 条同名记录；可能来自不同场景、活动或难度，请比较基础属性。,assets/images/其他物品/小型入侵盒子--172a416cf7.png,原版图鉴
材料盒子,Chest with Materials,未标注,宝箱与礼包,包含有价值的材料。,叠加上限：1,,当前档案有 17 条同名记录；可能来自不同场景、活动或难度，请比较基础属性。,assets/images/其他物品/小型入侵盒子--172a416cf7.png,原版图鉴
材料盒子,Chest with Materials,未标注,宝箱与礼包,包含有价值的材料。,叠加上限：1,,当前档案有 17 条同名记录；可能来自不同场景、活动或难度，请比较基础属性。,assets/images/其他物品/小型入侵盒子--172a416cf7.png,原版图鉴
圣诞老人的助手,Strider Santa's Helper,未标注,人物与商人,,基础生命：1000；储物栏位：10；移动速度（配置）：4.5,,当前档案有 9 条同名记录；可能来自不同场景、活动或难度，请比较基础属性。,,暂缺
奖励箱子,Reward Crate,未标注,宝箱与礼包,完成6个每日剧情任务的奖励，其中包含珍贵的资源、药品、外表碎片和组装具备火焰伤害的传奇双贝雷塔-A“地狱”所需的材料。,叠加上限：1,,当前档案有 9 条同名记录；可能来自不同场景、活动或难度，请比较基础属性。,assets/images/其他物品/奖励箱子--a143b355d8.png,原版图鉴
奖励箱子,Reward Crate,未标注,宝箱与礼包,完成12个每日剧情任务的奖励，其中包含珍贵的资源、药品、外表碎片和组装具备火焰伤害的传奇双贝雷塔-A“地狱”所需的材料。,叠加上限：1,,当前档案有 9 条同名记录；可能来自不同场景、活动或难度，请比较基础属性。,assets/images/其他物品/奖励箱子--a143b355d8.png,原版图鉴
特殊奖励箱子,Special Reward Crate,未标注,宝箱与礼包,完成18个每日剧情任务的特殊奖励，其中包含一件珍贵的普通武器、独特资源、药品、外表碎片和组装具备火焰伤害的传奇双贝雷塔-A“地狱”所需的材料。,叠加上限：1,,当前档案有 4 条同名记录；可能来自不同场景、活动或难度，请比较基础属性。,assets/images/其他物品/特殊奖励箱子--b69144cf57.png,原版图鉴
奖励箱子,Reward Crate,未标注,宝箱与礼包,完成24个每日剧情任务的奖励，其中包含珍贵的资源、药品、外表碎片和组装具备火焰伤害的传奇双贝雷塔-A“地狱”所需的材料。,叠加上限：1,,当前档案有 9 条同名记录；可能来自不同场景、活动或难度，请比较基础属性。,assets/images/其他物品/奖励箱子--a143b355d8.png,原版图鉴
奖励箱子,Reward Crate,未标注,宝箱与礼包,完成30个每日剧情任务的奖励，其中包含珍贵的资源、药品、外表碎片和组装具备火焰伤害的传奇双贝雷塔-A“地狱”所需的材料。,叠加上限：1,,当前档案有 9 条同名记录；可能来自不同场景、活动或难度，请比较基础属性。,assets/images/其他物品/奖励箱子--a143b355d8.png,原版图鉴
奖励箱子,Reward Crate,未标注,宝箱与礼包,完成36个每日剧情任务的奖励，其中包含珍贵的资源、药品、外表碎片和组装具备火焰伤害的传奇双贝雷塔-A“地狱”所需的材料。,叠加上限：1,,当前档案有 9 条同名记录；可能来自不同场景、活动或难度，请比较基础属性。,assets/images/其他物品/奖励箱子--a143b355d8.png,原版图鉴
特殊奖励箱子,Special Reward Crate,未标注,宝箱与礼包,完成42个每日剧情任务的特殊奖励，其中包含一件优质武器、独特资源、外表碎片和组装具备火焰伤害的传奇双贝雷塔-A“地狱”所需的材料。,叠加上限：1,,当前档案有 4 条同名记录；可能来自不同场景、活动或难度，请比较基础属性。,assets/images/其他物品/特殊奖励箱子--b69144cf57.png,原版图鉴
乐透彩票,Lottery ticket,未标注,,在万圣节乐透中赢得独特奖品的必需品。,,,当前档案有 29 条同名记录；可能来自不同场景、活动或难度，请比较基础属性。,assets/images/其他物品/乐透彩票--f5f4b835d6.png,原版图鉴
贝雷塔-A“地狱”的材料,"Materials for Berettas-A ""Inferno""",未标注,宝箱与礼包,包含组装贝雷塔-A“地狱”所需的资源。,叠加上限：1,,当前档案有 2 条同名记录；可能来自不同场景、活动或难度，请比较基础属性。,assets/images/其他物品/特殊奖励箱子--b69144cf57.png,原版图鉴
稀有材料,Rare materials,未标注,宝箱与礼包,其中包含若干用于制作物品的珍贵资源。,叠加上限：1,,当前档案有 2 条同名记录；可能来自不同场景、活动或难度，请比较基础属性。,assets/images/其他物品/特殊奖励箱子--b69144cf57.png,原版图鉴
稀有材料,Rare materials,未标注,宝箱与礼包,其中包含若干用于制作物品的珍贵资源。,叠加上限：1,,当前档案有 2 条同名记录；可能来自不同场景、活动或难度，请比较基础属性。,assets/images/其他物品/特殊奖励箱子--b69144cf57.png,原版图鉴
贝雷塔-A“地狱”的材料,"Materials for Berettas-A ""Inferno""",未标注,宝箱与礼包,包含组装贝雷塔-A“地狱”所需的资源。,叠加上限：1,,当前档案有 2 条同名记录；可能来自不同场景、活动或难度，请比较基础属性。,assets/images/其他物品/特殊奖励箱子--b69144cf57.png,原版图鉴
少尉,Ensign,未标注,人物与商人,,基础生命：100；储物栏位：10,,,assets/images/其他物品/贸易联盟商人--cd26bdb1aa.png,原版图鉴
大型贸易联盟箱子,Big Trade Union Crate,未标注,宝箱与礼包,有贸易联盟标志的箱子，里面会有什么？,叠加上限：1,,当前档案有 3 条同名记录；可能来自不同场景、活动或难度，请比较基础属性。,assets/images/其他物品/大型贸易联盟箱子--894af40d13.png,原版图鉴
巨型贸易联盟箱子,Huge Trade Union Crate,未标注,宝箱与礼包,有贸易联盟标志的箱子，可能包含优质装备、完美武器箱子和其他贵重物品。,叠加上限：1,,当前档案有 13 条同名记录；可能来自不同场景、活动或难度，请比较基础属性。,assets/images/其他物品/巨型贸易联盟箱子--e2653e709c.png,原版图鉴
巨型战利品箱子,Huge Trophy Crate,未标注,宝箱与礼包,内含狂腐士传奇装备等高级装备和铠甲， 以及许多珍贵资源。,叠加上限：1,,当前档案有 4 条同名记录；可能来自不同场景、活动或难度，请比较基础属性。,assets/images/其他物品/巨型战利品箱子--8cb5648c6d.png,原版图鉴
塞西亚人的顶级装备,Scythians' top gear,未标注,宝箱与礼包,包含摩托车和自行车的改装、完美武器箱子和其他宝贵的资源。,叠加上限：1,,当前档案有 2 条同名记录；可能来自不同场景、活动或难度，请比较基础属性。,assets/images/其他物品/塞西亚人的顶级装备--2574fbe4d4.png,原版图鉴
监狱奖杯,Slammer Trophies,未标注,宝箱与礼包,共生食尸鬼武器、完美武器箱子和毒素解药。,叠加上限：1,,当前档案有 3 条同名记录；可能来自不同场景、活动或难度，请比较基础属性。,assets/images/其他物品/监狱奖杯--6486238273.png,原版图鉴
仓库征服者箱子,Warehouse Conqueror's Crate,未标注,宝箱与礼包,可能包含完美武器箱子、装备、铠甲、武器，以及清理仓库所需的其他物品。,叠加上限：1,,当前档案有 2 条同名记录；可能来自不同场景、活动或难度，请比较基础属性。,assets/images/其他物品/仓库征服者箱子--ef961943d2.png,原版图鉴
尖叫森林战利品,Screaming Forest Trophies,未标注,宝箱与礼包,神器武器、铠甲、完美武器箱子和其他方便的装备。,叠加上限：1,,当前档案有 2 条同名记录；可能来自不同场景、活动或难度，请比较基础属性。,assets/images/其他物品/尖叫森林战利品--1ed5f3fac6.png,原版图鉴
伙伴指令礼包№1,DUTY Bundle №1,未标注,宝箱与礼包,为伙伴们提供的指令性实用工具，为要塞兵团的志愿者帮手提供了可以换取神器和宝贵资源的装备。包含武器、铠甲、药品和完美武器箱子。,叠加上限：1,,,assets/images/其他物品/伙伴指令礼包№1--dd7aad3b78.png,原版图鉴
伙伴指令礼包№2,DUTY Bundle №2,未标注,宝箱与礼包,为伙伴们提供的指令性实用工具，为要塞兵团的志愿者帮手提供了可以换取神器和宝贵资源的装备。包含武器、铠甲、药品和完美武器箱子。,叠加上限：1,,,assets/images/其他物品/伙伴指令礼包№2--8fb4c4269d.png,原版图鉴
铠甲盒子,Armor Chest,未标注,宝箱与礼包,包含铠甲。,叠加上限：1,,当前档案有 56 条同名记录；可能来自不同场景、活动或难度，请比较基础属性。,assets/images/其他物品/大型贸易联盟箱子--894af40d13.png,原版图鉴
《领地时报》,The Territory Times Newspaper,未标注,笔记与线索,阅读并了解游戏的最新变化。,叠加上限：1,,当前档案有 105 条同名记录；可能来自不同场景、活动或难度，请比较基础属性。,assets/images/其他物品/《领地时报》--d7068c6a05.png,原版图鉴
铠甲盒子,Armor Chest,未标注,宝箱与礼包,包含铠甲。,叠加上限：1,,当前档案有 56 条同名记录；可能来自不同场景、活动或难度，请比较基础属性。,assets/images/其他物品/巨型贸易联盟箱子--e2653e709c.png,原版图鉴
武器盒子,Prize Chest with Weapon,未标注,宝箱与礼包,包含武器。,叠加上限：1,,当前档案有 55 条同名记录；可能来自不同场景、活动或难度，请比较基础属性。,assets/images/其他物品/巨型贸易联盟箱子--e2653e709c.png,原版图鉴
黑帮叛徒,Triad Turncoat,未标注,人物与商人,,基础生命：1000；储物栏位：10；移动速度（配置）：4.5,,当前档案有 14 条同名记录；可能来自不同场景、活动或难度，请比较基础属性。,,暂缺
《领地时报》,The Territory Times Newspaper,未标注,笔记与线索,阅读并了解游戏的最新变化。,叠加上限：1,,当前档案有 105 条同名记录；可能来自不同场景、活动或难度，请比较基础属性。,assets/images/其他物品/《领地时报》--d7068c6a05.png,原版图鉴
丹巴拉的黄金盒子,Damballah's Gold Chest,未标注,宝箱与礼包,含有传奇武器和铠甲、装饰材料、面具碎片以及其他贵重物品。,叠加上限：1,,当前档案有 5 条同名记录；可能来自不同场景、活动或难度，请比较基础属性。,assets/images/其他物品/丹巴拉的黄金盒子--f24a157c65.png,原版图鉴
丹巴拉的白银盒子,Damballah's Silver Chest,未标注,宝箱与礼包,可能含有传奇武器和铠甲。也含有装饰材料、面具碎片以及其他贵重物品。,叠加上限：1,,当前档案有 5 条同名记录；可能来自不同场景、活动或难度，请比较基础属性。,assets/images/其他物品/丹巴拉的白银盒子--ce83f30835.png,原版图鉴
丹巴拉的青铜盒子,Damballah's Bronze Chest,未标注,宝箱与礼包,可能含有传奇武器和铠甲。也含有装饰材料、面具碎片以及其他贵重物品。,叠加上限：1,,当前档案有 3 条同名记录；可能来自不同场景、活动或难度，请比较基础属性。,assets/images/其他物品/丹巴拉的青铜盒子--271e127f3e.png,原版图鉴
丹巴拉的大型盒子,Damballah's Big Chest,未标注,宝箱与礼包,可能含有武器、铠甲和其他贵重物品。,叠加上限：1,,当前档案有 5 条同名记录；可能来自不同场景、活动或难度，请比较基础属性。,assets/images/其他物品/丹巴拉的大型盒子--7f739ec2b2.png,原版图鉴
丹巴拉的信使,Damballah's Herald,未标注,人物与商人,,基础生命：1000；储物栏位：10；移动速度（配置）：4.5,,当前档案有 3 条同名记录；可能来自不同场景、活动或难度，请比较基础属性。,,暂缺
圣诞老人的助手,Strider Santa's Helper,未标注,人物与商人,,基础生命：1000；储物栏位：10；移动速度（配置）：4.5,,当前档案有 9 条同名记录；可能来自不同场景、活动或难度，请比较基础属性。,,暂缺
高级模式礼物,Gift for Premium,未标注,宝箱与礼包,电力AKM、防酸斗篷、手榴弹和美食，作为购买领地的万圣节高级模式的礼物！,叠加上限：1,,,assets/images/其他物品/高级模式礼物--c5eb665129.png,原版图鉴
高级模式大型礼物,Big Gift for Premium,未标注,宝箱与礼包,传奇电力AKM、防酸斗篷、战术皮带中和剂，作为购买领地的万圣节三个阶段高级模式的礼物！,叠加上限：1,,,assets/images/其他物品/高级模式大型礼物--b444582d3e.png,原版图鉴
高级模式巨型礼物,Huge Gift for Premium,未标注,宝箱与礼包,狂热的魂狩、黑帮电力步枪，一件增加电力伤害的神器，以及更多东西，作为购买领地的万圣节所有阶段高级模式的礼物！,叠加上限：1,,,assets/images/其他物品/高级模式巨型礼物--7e2faed94a.png,原版图鉴
洛亚的神选者,Loa's Chosen One,未标注,人物与商人,,基础生命：1000；储物栏位：10；移动速度（配置）：4.5,,,,暂缺
万圣节箱子,Halloween Chest,未标注,宝箱与礼包,"包含节日装备和物品。 
部分完成领地万圣节事件的奖励。",叠加上限：1,,当前档案有 11 条同名记录；可能来自不同场景、活动或难度，请比较基础属性。,assets/images/其他物品/万圣节箱子--3fd350a854.png,原版图鉴
万圣节大型箱子,Big Halloween Chest,未标注,宝箱与礼包,"包含节日装备和物品。 
部分完成领地万圣节事件的奖励。",叠加上限：1,,当前档案有 10 条同名记录；可能来自不同场景、活动或难度，请比较基础属性。,assets/images/其他物品/万圣节大型箱子--fd444a2277.png,原版图鉴
万圣节箱子,Halloween Chest,未标注,宝箱与礼包,"包含节日装备和物品。 
部分完成领地万圣节事件的奖励。",叠加上限：1,,当前档案有 11 条同名记录；可能来自不同场景、活动或难度，请比较基础属性。,assets/images/其他物品/万圣节箱子--3fd350a854.png,原版图鉴
万圣节大型箱子,Big Halloween Chest,未标注,宝箱与礼包,"包含节日装备和物品。 
部分完成领地万圣节事件的奖励。",叠加上限：1,,当前档案有 10 条同名记录；可能来自不同场景、活动或难度，请比较基础属性。,assets/images/其他物品/万圣节大型箱子--fd444a2277.png,原版图鉴
万圣节大型箱子,Big Halloween Chest,未标注,宝箱与礼包,"包含节日装备和物品。 
部分完成领地万圣节事件的奖励。",叠加上限：1,,当前档案有 10 条同名记录；可能来自不同场景、活动或难度，请比较基础属性。,assets/images/其他物品/万圣节大型箱子--fd444a2277.png,原版图鉴
万圣节箱子,Halloween Chest,未标注,宝箱与礼包,"包含节日装备和物品。 
部分完成领地万圣节事件的奖励。",叠加上限：1,,当前档案有 11 条同名记录；可能来自不同场景、活动或难度，请比较基础属性。,assets/images/其他物品/万圣节箱子--3fd350a854.png,原版图鉴
万圣节大型箱子,Big Halloween Chest,未标注,宝箱与礼包,"包含节日装备和物品。 
部分完成领地万圣节事件的奖励。",叠加上限：1,,当前档案有 10 条同名记录；可能来自不同场景、活动或难度，请比较基础属性。,assets/images/其他物品/万圣节大型箱子--fd444a2277.png,原版图鉴
万圣节箱子,Halloween Chest,未标注,宝箱与礼包,"包含传说中的武器或铠甲， 以及装备和节日物品。 
完成领地万圣节事件的奖励。",叠加上限：1,,当前档案有 11 条同名记录；可能来自不同场景、活动或难度，请比较基础属性。,assets/images/其他物品/万圣节箱子--3fd350a854.png,原版图鉴
铠甲盒子,Armor Chest,未标注,宝箱与礼包,包含铠甲。,叠加上限：1,,当前档案有 56 条同名记录；可能来自不同场景、活动或难度，请比较基础属性。,assets/images/其他物品/万圣节箱子--3fd350a854.png,原版图鉴
武器箱,Weapon Crate,未标注,宝箱与礼包,包含武器。,叠加上限：1,,当前档案有 4 条同名记录；可能来自不同场景、活动或难度，请比较基础属性。,assets/images/其他物品/万圣节箱子--3fd350a854.png,原版图鉴
《领地时报》,The Territory Times Newspaper,未标注,笔记与线索,阅读并了解游戏的最新变化。,叠加上限：1,,当前档案有 105 条同名记录；可能来自不同场景、活动或难度，请比较基础属性。,assets/images/其他物品/《领地时报》--d7068c6a05.png,原版图鉴
乐透彩票,Lottery ticket,未标注,,在万圣节乐透中赢得独特奖品的必需品。,,,当前档案有 29 条同名记录；可能来自不同场景、活动或难度，请比较基础属性。,assets/images/其他物品/乐透彩票--f5f4b835d6.png,原版图鉴
要塞兵团战士,Citadel Corps Fighter,未标注,人物与商人,,基础生命：2000；储物栏位：10；移动速度（配置）：4.5,,当前档案有 4 条同名记录；可能来自不同场景、活动或难度，请比较基础属性。,,暂缺
冬季特使,Winter Envoy,未标注,人物与商人,,基础生命：2000；储物栏位：10；移动速度（配置）：4.5,,,,暂缺
少尉的商品清单,Ensign's Inventory of Goods,未标注,,位于前哨的要塞兵团少尉的价目表。,叠加上限：1,,,assets/images/其他物品/贸易联盟价格--9cef2828bd.png,原版图鉴
农夫的妻子,Farmer's Wife,未标注,人物与商人,,基础生命：450；移动速度（配置）：4,,当前档案有 5 条同名记录；可能来自不同场景、活动或难度，请比较基础属性。,,暂缺
部落女猎手,Tribal Huntress,未标注,人物与商人,,基础生命：1000；储物栏位：10；移动速度（配置）：4.5,,,,暂缺
礼物清单,Gift List,未标注,,包含部落女猎手的感恩节礼物的价格。,叠加上限：1,,,assets/images/其他物品/贸易联盟价格--9cef2828bd.png,原版图鉴
猎人的礼物,Hunter's Gift,未标注,宝箱与礼包,可能包含部落厨师的材料。包含希望雕像零件、完美阿金博左轮手枪和45栏位的鹰队盒子，以及用于猎杀火鸡的纳米机器、一件优质武器和铠甲、一件投掷武器、整只火鸡和部落战士服装碎片。,叠加上限：1,,,assets/images/其他物品/猎人的礼物--955bee1793.png,原版图鉴
朝圣者的礼物,Pilgrim's Gift,未标注,宝箱与礼包,包含完美武器零件（新的鹰队AF-M和突击队火箭筒）和烟花炮装饰零件以及75栏位的鹰队盒子，以及用于猎杀火鸡的纳米机器、一件优质武器和铠甲、一件投掷武器、南瓜和朝圣者帽子蓝图碎片。,叠加上限：1,,,assets/images/其他物品/清理箱--57b76cbaae.png,原版图鉴
定居者的礼物,Settler's Gift,未标注,宝箱与礼包,包含警长的材料和火鸡棚装饰材料，以及用于猎杀火鸡的纳米机器、鹰队的装备配件、一件优质武器和铠甲、一件投掷武器、玉米、警长外表碎片，还有牛仔帽蓝图碎片。,叠加上限：1,,,assets/images/其他物品/清理箱--c3a44b4680.png,原版图鉴
猎人的大型礼物,Big Hunter's Gift,未标注,宝箱与礼包,包含大量部落厨师的材料。包含希望雕像、完美阿金博左轮手枪和45栏位的鹰队盒子，以及传奇部落弓、一件感恩节传奇武器和铠甲、用于猎杀火鸡的纳米机器、部落战士服装碎片等更多内容。,叠加上限：1,,,assets/images/其他物品/猎人的大型礼物--4fbb164602.png,原版图鉴
朝圣者的大型礼物,Big Pilgrim's Gift,未标注,宝箱与礼包,包含大量完美武器零件（新的AF-M和突击队火箭筒）、烟花炮以及75栏位的鹰队盒子、传奇部落弓、一件感恩节传奇武器和铠甲、用于猎杀火鸡的纳米机器、朝圣者帽子蓝图碎片等更多内容。,叠加上限：1,,,assets/images/其他物品/清理箱--0d644a64b9.png,原版图鉴
定居者的大型礼物,Big Settler's Gift,未标注,宝箱与礼包,包含大量警长的材料和火鸡棚装饰材料，以及传奇部落弓、一件感恩节传奇武器和铠甲、用于猎杀火鸡的纳米机器、鹰队的装备配件、一件投掷武器、玉米、警长外表碎片，还有牛仔帽蓝图碎片。,叠加上限：1,,,assets/images/其他物品/清理箱--28066f868b.png,原版图鉴
部落女猎手的礼物,Tribal Huntress's Gift,未标注,宝箱与礼包,包含用于猎杀火鸡的纳米机器、一件优质武器和铠甲、一件投掷武器、玉米、南瓜、整只火鸡，以及部落战士服装蓝图碎片。,叠加上限：1,,,assets/images/其他物品/鹰队宝箱--1f475d54b8.png,原版图鉴
圣诞老人的助手,Strider Santa's Helper,未标注,人物与商人,,基础生命：1000；储物栏位：10；移动速度（配置）：4.5,,当前档案有 9 条同名记录；可能来自不同场景、活动或难度，请比较基础属性。,,暂缺
乐透彩票,Lottery ticket,未标注,,在领地乐透传奇中赢得独特奖品的必需品。,,,当前档案有 29 条同名记录；可能来自不同场景、活动或难度，请比较基础属性。,assets/images/其他物品/乐透彩票--6d65c8ff60.png,原版图鉴
农夫,Farmer,未标注,人物与商人,,储物栏位：10；移动速度（配置）：1.5,,当前档案有 6 条同名记录；可能来自不同场景、活动或难度，请比较基础属性。,,暂缺
《领地时报》,The Territory Times Newspaper,未标注,笔记与线索,阅读并了解游戏的最新变化。,叠加上限：1,,当前档案有 105 条同名记录；可能来自不同场景、活动或难度，请比较基础属性。,assets/images/其他物品/《领地时报》--d7068c6a05.png,原版图鉴
乐透彩票,Lottery ticket,未标注,,用于在冰霜乐透中赢得独特奖品。,,,当前档案有 29 条同名记录；可能来自不同场景、活动或难度，请比较基础属性。,assets/images/其他物品/乐透彩票--ae400fa8f0.png,原版图鉴
监狱奖杯,Slammer Trophies,未标注,宝箱与礼包,共生食尸鬼武器、完美武器箱子和毒素解药。,叠加上限：1,,当前档案有 3 条同名记录；可能来自不同场景、活动或难度，请比较基础属性。,assets/images/其他物品/监狱奖杯--6486238273.png,原版图鉴
蓝图部分,Part of Blueprint,未标注,外观,姜饼人,叠加上限：1,,当前档案有 61 条同名记录；可能来自不同场景、活动或难度，请比较基础属性。,assets/images/其他物品/蓝图部分--036787ef14.png,原版图鉴
蓝图部分,Part of Blueprint,未标注,外观,雪人的头,叠加上限：1,,当前档案有 61 条同名记录；可能来自不同场景、活动或难度，请比较基础属性。,assets/images/其他物品/蓝图部分--f011c6c810.png,原版图鉴
蓝图部分,Part of Blueprint,未标注,外观,冬帽,叠加上限：1,,当前档案有 61 条同名记录；可能来自不同场景、活动或难度，请比较基础属性。,assets/images/其他物品/蓝图部分--d64072c8be.png,原版图鉴
乐透彩票,Lottery ticket,未标注,,在好运兵工厂乐透中赢得独特奖品的必需品。,,,当前档案有 29 条同名记录；可能来自不同场景、活动或难度，请比较基础属性。,assets/images/其他物品/乐透彩票--6d65c8ff60.png,原版图鉴
游荡者圣诞老人,Strider Santa,未标注,人物与商人,,基础生命：1000；储物栏位：10；移动速度（配置）：4.5,,当前档案有 3 条同名记录；可能来自不同场景、活动或难度，请比较基础属性。,,暂缺
好运铠甲,Good Luck Armor,未标注,宝箱与礼包,保证具有传奇铠甲零件、并有机会获得背包、额外的铠甲、小工具或投掷武器！,叠加上限：1,,,assets/images/其他物品/好运铠甲--cbd6e4b71b.png,原版图鉴
好运兵工厂,Good Luck Arsenal,未标注,宝箱与礼包,保证具有传奇枪械、并有机会获得背包、额外的武器、小工具或纳米机器！,叠加上限：1,,,assets/images/其他物品/好运兵工厂--d47dbf3349.png,原版图鉴
游荡者,Strider,未标注,人物与商人,,基础生命：450；储物栏位：10；移动速度（配置）：4.5,,当前档案有 4 条同名记录；可能来自不同场景、活动或难度，请比较基础属性。,,暂缺
特使的货物清单,Envoy's List of Goods,未标注,,包含位于新年营地的冬季特使的货物价格。,叠加上限：1,,,assets/images/其他物品/贸易联盟价格--9cef2828bd.png,原版图鉴
特使宝箱,Envoy's Chest,未标注,宝箱与礼包,包含挑战奖励中。,叠加上限：1,,当前档案有 2 条同名记录；可能来自不同场景、活动或难度，请比较基础属性。,assets/images/其他物品/特使宝箱--2e5312819b.png,原版图鉴
大型特使宝箱,Big Envoy's Chest,未标注,宝箱与礼包,包含挑战奖励中。,叠加上限：1,,,assets/images/其他物品/大型特使宝箱--34af9f0d8e.png,原版图鉴
收藏家宝箱,Collector's Chest,未标注,宝箱与礼包,包含挑战奖励中。,叠加上限：1,,,assets/images/其他物品/收藏家宝箱--88c87e3804.png,原版图鉴
巨型收藏家宝箱,Huge Collector's Chest,未标注,宝箱与礼包,包含挑战奖励中。,叠加上限：1,,,assets/images/其他物品/巨型收藏家宝箱--3abf671e04.png,原版图鉴
小型特使宝箱,Small Envoy's Chest,未标注,宝箱与礼包,包含传奇冰霜武器、投掷武器、药品和食物。,叠加上限：1,,,assets/images/其他物品/小型特使宝箱--c5f3f27a54.png,原版图鉴
新年装饰礼包,New Year Decorations Bundle,未标注,宝箱与礼包,包含墙壁、窗户以及带有新年装饰的门、灯柱和1级地板。,叠加上限：1,,,assets/images/其他物品/新年装饰礼包--b05c51c6b8.png,原版图鉴
要塞中士,Citadel Sergeant,未标注,人物与商人,,基础生命：2000；储物栏位：10；移动速度（配置）：4.5,,当前档案有 2 条同名记录；可能来自不同场景、活动或难度，请比较基础属性。,,暂缺
特使宝箱,Envoy's Chest,未标注,宝箱与礼包,装有给挑战参与者的新年材料和武器的宝箱。可能包含新年装饰、优质冰霜武器和许多其他贵重物品等资源。,叠加上限：1,,当前档案有 2 条同名记录；可能来自不同场景、活动或难度，请比较基础属性。,assets/images/其他物品/特使宝箱--2e5312819b.png,原版图鉴
《领地时报》,The Territory Times Newspaper,未标注,笔记与线索,阅读并了解游戏的最新变化。,叠加上限：1,,当前档案有 105 条同名记录；可能来自不同场景、活动或难度，请比较基础属性。,assets/images/其他物品/《领地时报》--d7068c6a05.png,原版图鉴
方舟的CHAP,Ark's CHAP,未标注,人物与商人,方舟的CHAP,基础生命：100；储物栏位：10,,当前档案有 8 条同名记录；可能来自不同场景、活动或难度，请比较基础属性。,assets/images/其他物品/贸易联盟商人--cd26bdb1aa.png,原版图鉴
方舟CHAP的各式货物,Assortment of the Ark's CHAP,未标注,,包含方舟设施的CHAP的交易信息，根据自愿知情同意参加[数据已抹除]实验的口头协议第116 B段列出。,叠加上限：1,,,assets/images/其他物品/贸易联盟价格--9cef2828bd.png,原版图鉴
类别B-12奖励手提箱,Class B-12 Reward Case,未标注,宝箱与礼包,可能包含一件优质武器和铠甲、一件投掷武器、药品、罕见武器箱、铠甲修理工具和控制卡A。,叠加上限：1,,,assets/images/其他物品/类别B-12奖励手提箱--c4bc825d8b.png,原版图鉴
类别B-24奖励手提箱,Class B-24 Reward Case,未标注,宝箱与礼包,可能包含优质武器和铠甲、传奇武器或铠甲、投掷武器、药品、传奇武器箱、铠甲修理工具、EMR手榴弹、控制卡B和C，以及一个45栏位方舟加压容器的零件。,叠加上限：1,,,assets/images/其他物品/类别B-24奖励手提箱--4bd1707b98.png,原版图鉴
类别B-30奖励手提箱,Class B-30 Reward Case,未标注,宝箱与礼包,可能包含一件传奇武器和铠甲、一件投掷武器、药品、传奇武器箱、铠甲修理工具、EMR手榴弹、控制卡D和E，以及一个45栏位方舟提取器的零件。,叠加上限：1,,,assets/images/其他物品/类别B-30奖励手提箱--c3fe35ce3b.png,原版图鉴
类别B-36奖励手提箱,Class B-36 Reward Case,未标注,宝箱与礼包,可能包含传奇武器和铠甲、EMR手榴弹、控制卡F、完美武器零件，以及一个45栏位箱子的零件和方舟提取器，以及其他贵重物品。,叠加上限：1,,,assets/images/其他物品/类别B-36奖励手提箱--a328f7d426.png,原版图鉴
类别C-2特别手提箱,Class C-2 Special Case,未标注,宝箱与礼包,可能包含药品、小工具、纳米机器、未识别的方舟神器和识别盘、EMR手榴弹、传奇武器箱，以及铠甲修理工具。,叠加上限：1,,,assets/images/其他物品/类别C-2特别手提箱--8f9630b35d.png,原版图鉴
类别C-4特别手提箱,Class C-4 Special Case,未标注,宝箱与礼包,可能包含传奇武器或铠甲、药品、小工具、纳米机器、 未识别的方舟神器和识别盘、EMR手榴弹、传奇武器箱，以及铠甲修理工具。,叠加上限：1,,,assets/images/其他物品/类别C-4特别手提箱--ea3eac0b51.png,原版图鉴
类别C-5特别手提箱,Class C-5 Special Case,未标注,宝箱与礼包,可能包含传奇武器和铠甲、药品、小工具、纳米机器、 未识别的方舟神器和识别盘、EMR手榴弹、传奇武器箱，以及铠甲修理工具。,叠加上限：1,,,assets/images/其他物品/类别C-5特别手提箱--32f1d63519.png,原版图鉴
类别C-6特别手提箱,Class C-6 Special Case,未标注,宝箱与礼包,可能包含传奇武器和铠甲、EMR手榴弹、传奇武器箱、铠甲修理工具、完美武器零件，以及其他贵重物品。,叠加上限：1,,,assets/images/其他物品/类别C-6特别手提箱--5112917824.png,原版图鉴
材料盒子,Chest with Materials,未标注,宝箱与礼包,包含有价值的材料。,叠加上限：1,,当前档案有 17 条同名记录；可能来自不同场景、活动或难度，请比较基础属性。,assets/images/其他物品/材料盒子--2f0e4e7df9.png,原版图鉴
材料盒子,Chest with Materials,未标注,宝箱与礼包,包含有价值的材料。,叠加上限：1,,当前档案有 17 条同名记录；可能来自不同场景、活动或难度，请比较基础属性。,assets/images/其他物品/材料盒子--2f0e4e7df9.png,原版图鉴
方舟奖励А-1,Ark Reward А-1,未标注,宝箱与礼包,通过方舟设施楼层的奖励。可能包含武器、装备和资源。,叠加上限：1,,,assets/images/其他物品/材料盒子--2f0e4e7df9.png,原版图鉴
方舟奖励А-2,Ark Reward А-2,未标注,宝箱与礼包,通过方舟设施楼层的奖励。可能包含武器、装备和资源。,叠加上限：1,,,assets/images/其他物品/方舟奖励А-2--e5e022f0d4.png,原版图鉴
方舟奖励А-3,Ark Reward А-3,未标注,宝箱与礼包,通过方舟设施楼层的奖励。可能包含优质武器、铠甲、药品、投掷武器、装备和资源。,叠加上限：1,,,assets/images/其他物品/方舟奖励А-3--b39900c635.png,原版图鉴
方舟奖励А-4,Ark Reward А-4,未标注,宝箱与礼包,通过方舟设施楼层的奖励。可能包含优质武器、铠甲、药品、投掷武器、装备和资源。,叠加上限：1,,,assets/images/其他物品/方舟奖励А-4--4508294c1a.png,原版图鉴
方舟奖励А-5,Ark Reward А-5,未标注,宝箱与礼包,通过方舟设施楼层的奖励。可能包含传奇和优质武器、铠甲、药品、投掷武器、装备和资源。,叠加上限：1,,,assets/images/其他物品/方舟奖励А-5--8c7a981f8e.png,原版图鉴
方舟奖励А-6,Ark Reward А-6,未标注,宝箱与礼包,通过方舟设施楼层的奖励。可能包含传奇和神器武器、铠甲、药品、投掷武器、装备和资源。,叠加上限：1,,,assets/images/其他物品/方舟奖励А-6--8588a07731.png,原版图鉴
圣诞老人的助手,Strider Santa's Helper,未标注,人物与商人,,基础生命：1000；储物栏位：10；移动速度（配置）：4.5,,当前档案有 9 条同名记录；可能来自不同场景、活动或难度，请比较基础属性。,,暂缺
一盒水洗绷带,Box of Washed Bandages,未标注,宝箱与礼包,包含40至50条水洗绷带，可用于包扎伤口并恢复生命值。,叠加上限：1,,,assets/images/其他物品/一盒水洗绷带--df7e06c9bf.png,原版图鉴
一盒绷带,Box of Bandages,未标注,宝箱与礼包,包含40至50条绷带，可用于包扎伤口并恢复生命值。,叠加上限：1,,,assets/images/其他物品/一盒绷带--e5b0375975.png,原版图鉴
一盒伤口敷料,Box of Wound Dressings,未标注,宝箱与礼包,包含40至50块伤口敷料，可用于消除伤口感染并恢复生命值。,叠加上限：1,,,assets/images/其他物品/一盒伤口敷料--8e482b3c05.png,原版图鉴
一包水洗绷带,Package of Washed Bandages,未标注,宝箱与礼包,包含50至60条水洗绷带，可用于包扎伤口并恢复生命值。,叠加上限：1,,,assets/images/其他物品/一盒水洗绷带--df7e06c9bf.png,原版图鉴
大包绷带,Big Package of Bandages,未标注,宝箱与礼包,包含50至60条绷带，可用于包扎伤口并恢复生命值。,叠加上限：1,,,assets/images/其他物品/一盒绷带--e5b0375975.png,原版图鉴
一包伤口敷料,Package of Wound Dressings,未标注,宝箱与礼包,包含50至60块伤口敷料，可用于消除伤口感染并恢复生命值。,叠加上限：1,,,assets/images/其他物品/一盒伤口敷料--8e482b3c05.png,原版图鉴
一盒凤凰兴奋剂,Box of Phoenix Stimulators,未标注,宝箱与礼包,包含60个凤凰兴奋剂，对恢复生命值非常有效。,叠加上限：1,,,assets/images/其他物品/一盒凤凰兴奋剂--dcaa3e0ffd.png,原版图鉴
基础志愿者供给品,Basic Volunteer Ammunition,未标注,宝箱与礼包,包含一条战术皮带、一件随机的火焰或酸性武器，以及一件随机的小工具。,叠加上限：1,,,assets/images/其他物品/基础志愿者供给品--1d53703e69.png,原版图鉴
高级志愿者供给品,Advanced Volunteer Ammunition,未标注,宝箱与礼包,推荐用于较低的方舟楼层。包含刺激器、一件冰霜武器或一件具备重伤伤害的武器，以及一件随机的小工具。,叠加上限：1,,,assets/images/其他物品/高级志愿者供给品--bd6e14d8ed.png,原版图鉴
方舟的CHAP,Ark's CHAP,未标注,人物与商人,,基础生命：1；移动速度（配置）：1,,当前档案有 8 条同名记录；可能来自不同场景、活动或难度，请比较基础属性。,,暂缺
乐透彩票,Lottery ticket,未标注,,在新年拯救者乐透中赢得独特奖品的必需品。,,,当前档案有 29 条同名记录；可能来自不同场景、活动或难度，请比较基础属性。,assets/images/其他物品/乐透彩票--a05d7b3b9c.png,原版图鉴
方舟录像1,Ark Recording 1,未标注,笔记与线索,由方舟中的楼层安全终端制作，包含设施管理对话的全息记录。,叠加上限：1,,,assets/images/其他物品/方舟录像1--58e4881232.png,原版图鉴
方舟录像2,Ark Recording 2,未标注,笔记与线索,由方舟中的楼层安全终端制作，包含设施管理对话的全息记录。,叠加上限：1,,,assets/images/其他物品/方舟录像1--58e4881232.png,原版图鉴
方舟录像3,Ark Recording 3,未标注,笔记与线索,由方舟中的楼层安全终端制作，包含设施管理对话的全息记录。,叠加上限：1,,,assets/images/其他物品/方舟录像1--58e4881232.png,原版图鉴
方舟录像4,Ark Recording 4,未标注,笔记与线索,由方舟中的楼层安全终端制作，包含设施管理对话的全息记录。,叠加上限：1,,,assets/images/其他物品/方舟录像1--58e4881232.png,原版图鉴
方舟录像5,Ark Recording 5,未标注,笔记与线索,由方舟中的楼层安全终端制作，包含设施管理对话的全息记录。,叠加上限：1,,,assets/images/其他物品/方舟录像1--58e4881232.png,原版图鉴
方舟录像6,Ark Recording 6,未标注,笔记与线索,由方舟中的楼层安全终端制作，包含设施管理对话的全息记录。,叠加上限：1,,,assets/images/其他物品/方舟录像1--58e4881232.png,原版图鉴
方舟录像7,Ark Recording 7,未标注,笔记与线索,由方舟中的楼层安全终端制作，包含设施管理对话的全息记录。,叠加上限：1,,,assets/images/其他物品/方舟录像1--58e4881232.png,原版图鉴
方舟录像8,Ark Recording 8,未标注,笔记与线索,由方舟中的楼层安全终端制作，包含设施管理对话的全息记录。,叠加上限：1,,,assets/images/其他物品/方舟录像1--58e4881232.png,原版图鉴
方舟录像9,Ark Recording 9,未标注,笔记与线索,由方舟中的楼层安全终端制作，包含设施管理对话的全息记录。,叠加上限：1,,,assets/images/其他物品/方舟录像1--58e4881232.png,原版图鉴
方舟录像10,Ark Recording 10,未标注,笔记与线索,由方舟中的楼层安全终端制作，包含设施管理对话的全息记录。,叠加上限：1,,,assets/images/其他物品/方舟录像1--58e4881232.png,原版图鉴
方舟录像12,Ark Recording 12,未标注,笔记与线索,由方舟中的楼层安全终端制作，包含设施管理对话的全息记录。,叠加上限：1,,,assets/images/其他物品/方舟录像1--58e4881232.png,原版图鉴
方舟录像11,Ark Recording 11,未标注,笔记与线索,由方舟中的楼层安全终端制作，包含设施管理对话的全息记录。,叠加上限：1,,,assets/images/其他物品/方舟录像1--58e4881232.png,原版图鉴
8月21日条目,Entry from August 21,未标注,,一页从笔记本上撕下来的纸，以后备协调系统首席维护工程师伊万诺夫的潦草笔迹匆匆写就。,叠加上限：1,,,assets/images/其他物品/家长来信--8ff5169e26.png,原版图鉴
方舟的CHAP,Ark's CHAP,未标注,人物与商人,,基础生命：1；移动速度（配置）：1,,当前档案有 8 条同名记录；可能来自不同场景、活动或难度，请比较基础属性。,,暂缺
方舟的CHAP,Ark's CHAP,未标注,人物与商人,,基础生命：1；移动速度（配置）：1,,当前档案有 8 条同名记录；可能来自不同场景、活动或难度，请比较基础属性。,,暂缺
方舟的CHAP,Ark's CHAP,未标注,人物与商人,,基础生命：1；移动速度（配置）：1,,当前档案有 8 条同名记录；可能来自不同场景、活动或难度，请比较基础属性。,,暂缺
方舟的CHAP,Ark's CHAP,未标注,人物与商人,,基础生命：1；移动速度（配置）：1,,当前档案有 8 条同名记录；可能来自不同场景、活动或难度，请比较基础属性。,,暂缺
方舟的CHAP,Ark's CHAP,未标注,人物与商人,,基础生命：1；移动速度（配置）：1,,当前档案有 8 条同名记录；可能来自不同场景、活动或难度，请比较基础属性。,,暂缺
方舟的CHAP,Ark's CHAP,未标注,人物与商人,,基础生命：1；移动速度（配置）：1,,当前档案有 8 条同名记录；可能来自不同场景、活动或难度，请比较基础属性。,,暂缺
《领地时报》,The Territory Times Newspaper,未标注,笔记与线索,阅读并了解游戏的最新变化。,叠加上限：1,,当前档案有 105 条同名记录；可能来自不同场景、活动或难度，请比较基础属性。,assets/images/其他物品/《领地时报》--d7068c6a05.png,原版图鉴
特殊员工箱3,Special Employee's Case 3,未标注,宝箱与礼包,包含多达10个EMR手榴弹零件、多达4个未识别神器，以及多达4个神器识别盘。,叠加上限：1,,,assets/images/其他物品/特殊员工箱3--1e84feef30.png,原版图鉴
特殊员工箱2,Special Employee's Case 2,未标注,宝箱与礼包,包含多达7个EMR手榴弹零件、多达3个未识别神器，以及多达3个神器识别盘。,叠加上限：1,,,assets/images/其他物品/特殊员工箱2--4fcc63e1bf.png,原版图鉴
特殊员工箱1,Special Employee's Case 1,未标注,宝箱与礼包,包含多达3个EMR手榴弹零件、一个未识别神器，以及一个神器识别盘。,叠加上限：1,,,assets/images/其他物品/特殊员工箱1--28f84f3ddb.png,原版图鉴
龙女联络人,Lady Dragon's Liaison,未标注,人物与商人,,基础生命：450；储物栏位：10；移动速度（配置）：4.5,,,,暂缺
格鲁皮,Grumpy,未标注,人物与商人,,基础生命：450；储物栏位：10；移动速度（配置）：4.5,,当前档案有 5 条同名记录；可能来自不同场景、活动或难度，请比较基础属性。,,暂缺
黑帮叛徒,Triad Turncoat,未标注,人物与商人,,基础生命：1000；储物栏位：10；移动速度（配置）：4.5,,当前档案有 14 条同名记录；可能来自不同场景、活动或难度，请比较基础属性。,,暂缺
五件黑帮圣物,Five Triad Relics,未标注,笔记与线索,按照龙女的要求成功找到五件黑帮圣物的记忆。,叠加上限：1,,,assets/images/其他物品/家长来信--8ff5169e26.png,原版图鉴
《领地时报》,The Territory Times Newspaper,未标注,笔记与线索,阅读并了解游戏的最新变化。,叠加上限：1,,当前档案有 105 条同名记录；可能来自不同场景、活动或难度，请比较基础属性。,assets/images/其他物品/《领地时报》--d7068c6a05.png,原版图鉴
要塞兵团招募员,Citadel Corps Recruiter,未标注,人物与商人,,基础生命：450；储物栏位：10；移动速度（配置）：4.5,,,,暂缺
长舌僵尸头部,Stinger's Head,未标注,载具与组件,赋予你被动能力：止血。在受到重伤伤害时，可以恢复部分生命值。,叠加上限：1,,你可在特殊主题活动期间收到这个。；相关工作台：送葬者蜡烛,assets/images/其他物品/长舌僵尸头部--b299d7ae30.png,原版图鉴
刽子手头部,Carnifex's Head,未标注,载具与组件,"赋予你自动能力：折磨者。在造成一定的伤害后，活跃的远程武器会开始同时对多个敌人造成伤害，造成重伤。
 
 对范围伤害武器无效。",耐久：15；叠加上限：1,,你可在特殊主题活动期间收到这个。；相关工作台：送葬者蜡烛,assets/images/其他物品/刽子手头部--97ab102f70.png,原版图鉴
波尔的录音,Bohr's recording,未标注,笔记与线索,录音带上沾满了暗红色的血迹，标签写着：“波尔，苔藓帮”。,叠加上限：1,,,assets/images/其他物品/战前录音--a930ebd544.png,原版图鉴
米特里奇的录音,Mitrich's recording,未标注,笔记与线索,录音带的标签写着：“米特里奇，苔藓帮”。,叠加上限：1,,,assets/images/其他物品/战前录音--a930ebd544.png,原版图鉴
乐透彩票,Lottery ticket,未标注,,用于在神龙财富乐透中赢得独特奖品。,,,当前档案有 29 条同名记录；可能来自不同场景、活动或难度，请比较基础属性。,assets/images/其他物品/乐透彩票--f5f4b835d6.png,原版图鉴
完美武器,Perfect Arms,未标注,宝箱与礼包,完美武器和独特效果。,叠加上限：1,,当前档案有 2 条同名记录；可能来自不同场景、活动或难度，请比较基础属性。,assets/images/其他物品/完美武器--b7aee6dc64.png,原版图鉴
送葬者铠甲,Undertakers' Armor,未标注,宝箱与礼包,穿上一套完整的传奇送葬者铠甲，以增强你的酸性武器。,叠加上限：1,,,assets/images/其他物品/送葬者铠甲--1e271b76b9.png,原版图鉴
暗黑游荡者铠甲,Black Strider's Armor,未标注,宝箱与礼包,穿上全套暗黑游荡者铠甲，增加对精英敌人和头目的伤害。,叠加上限：1,,当前档案有 2 条同名记录；可能来自不同场景、活动或难度，请比较基础属性。,assets/images/其他物品/暗黑游荡者铠甲套装--30270e2e75.png,原版图鉴
黑帮暗影铠甲,Triad Shadow's Armor,未标注,宝箱与礼包,穿上全套铠甲来闪避打击，并在不降低奔跑速度的情况下使用步枪。,叠加上限：1,,,assets/images/其他物品/黑帮暗影铠甲--23860bc6b0.png,原版图鉴
克里姆铠甲,Klim's Armor,未标注,宝箱与礼包,全套的克里姆铠甲，可显著降低重伤造成的伤害。,叠加上限：1,,,assets/images/其他物品/克里姆铠甲--3aad224280.png,原版图鉴
狱吏铠甲,Turnkey's Armor,未标注,宝箱与礼包,穿上这套铠甲可以增加输出的重伤伤害，使用重型武器也不会降低奔跑速度。 减少来袭伤害，并有机会在敌人身上加上刽子手记号。,叠加上限：1,,,assets/images/其他物品/狱吏铠甲--034c39eb71.png,原版图鉴
《领地时报》,The Territory Times Newspaper,未标注,笔记与线索,阅读并了解游戏的最新变化。,叠加上限：1,,当前档案有 105 条同名记录；可能来自不同场景、活动或难度，请比较基础属性。,assets/images/其他物品/《领地时报》--d7068c6a05.png,原版图鉴
支援武器库,Support Arsenal,未标注,宝箱与礼包,包含：血龙和审判之眼狙击步枪、AG-17“雪崩”榴弹发射器，以及蛇彭特之怒火箭筒。此装备对摧毁敌人小队有效，并可对单一目标造成大量伤害。,叠加上限：1,,,assets/images/其他物品/支援武器库--d751b0ec61.png,原版图鉴
冰霜武器库,Frosty Arsenal,未标注,宝箱与礼包,包含：北极SPAS-M、北极M16-M、北极VSS Vintorez-M狙击步枪，以及格洛克-A冷冻枪手枪。所有武器都经过冰-9神器改装，使其更有效地击杀对寒冷脆弱的敌人。,叠加上限：1,,当前档案有 2 条同名记录；可能来自不同场景、活动或难度，请比较基础属性。,assets/images/其他物品/冰霜武器库--b814c4aed6.png,原版图鉴
火焰武器库,Fire Arsenal,未标注,宝箱与礼包,包含：火焰审判狙击步枪、崭新半衰期捍卫者枪突击步枪、地狱散弹枪，以及格洛克-A火器手枪。所有武器都经过火焰瓶神器改装，使其更有效地击杀对火焰脆弱的敌人。,叠加上限：1,,当前档案有 2 条同名记录；可能来自不同场景、活动或难度，请比较基础属性。,assets/images/其他物品/火焰武器库--555e8aae89.png,原版图鉴
酸性武器库,Acid Arsenal,未标注,宝箱与礼包,包含：蛇彭特新娘钉枪、死亡虫群散弹枪、丹巴拉左轮手枪，以及SPAS-A眼镜蛇散弹枪。所有武器都会造成酸性伤害，使其更有效地击杀铠甲敌人。,叠加上限：1,,当前档案有 2 条同名记录；可能来自不同场景、活动或难度，请比较基础属性。,assets/images/其他物品/酸性武器库--221c731f93.png,原版图鉴
电力武器库,Electric Arsenal,未标注,宝箱与礼包,一支火花狙击步枪、一支雷鸣火箭筒、一支黑帮电力步枪，以及一把PM-A“静电”手枪。所有武器都经过火花瓶神器改装，使其更有效地击杀对电力脆弱的敌人。,叠加上限：1,,当前档案有 2 条同名记录；可能来自不同场景、活动或难度，请比较基础属性。,assets/images/其他物品/电力武器库--581729a16d.png,原版图鉴
材料盒子,Chest with Materials,未标注,宝箱与礼包,包含有价值的材料。,叠加上限：1,,当前档案有 17 条同名记录；可能来自不同场景、活动或难度，请比较基础属性。,assets/images/其他物品/小型入侵盒子--172a416cf7.png,原版图鉴
材料盒子,Chest with Materials,未标注,宝箱与礼包,包含有价值的材料。,叠加上限：1,,当前档案有 17 条同名记录；可能来自不同场景、活动或难度，请比较基础属性。,assets/images/其他物品/小型入侵盒子--172a416cf7.png,原版图鉴
幽灵脸,Spookface,未标注,人物与商人,,基础生命：1000；储物栏位：10；移动速度（配置）：4.5,,,,暂缺
入侵战士套装,Invasion Fighter's Bundle,未标注,宝箱与礼包,包含狂腐士圣殿战士AKM、烧灼治疗器、一批燃烧弹鸡尾酒、许多止血剂，以及其他装备。,叠加上限：1,,当前档案有 3 条同名记录；可能来自不同场景、活动或难度，请比较基础属性。,assets/images/其他物品/入侵战士套装--2fcbc3e4d6.png,原版图鉴
入侵战士套装,Invasion Fighter's Bundle,未标注,宝箱与礼包,包含狂腐士圣殿战士AKM、消防斧头、战术皮带、止血剂、未识别的血腥神器，以及识别盘。,叠加上限：1,,当前档案有 3 条同名记录；可能来自不同场景、活动或难度，请比较基础属性。,assets/images/其他物品/入侵战士套装--083163914b.png,原版图鉴
神器识别器零件,Artifact Identifier parts,未标注,宝箱与礼包,在地下室修理神器识别器！,叠加上限：1,,,assets/images/其他物品/神器识别器零件--1d945e6988.png,原版图鉴
武器箱,Weapon Crate,未标注,宝箱与礼包,包含武器。,叠加上限：1,,当前档案有 4 条同名记录；可能来自不同场景、活动或难度，请比较基础属性。,assets/images/其他物品/小型入侵盒子--172a416cf7.png,原版图鉴
格鲁皮,Grumpy,未标注,人物与商人,,基础生命：450；储物栏位：10；移动速度（配置）：4.5,,当前档案有 5 条同名记录；可能来自不同场景、活动或难度，请比较基础属性。,,暂缺
领地防御者箱子,Territory Defender's Crate,未标注,宝箱与礼包,包含挑战奖励中。,叠加上限：1,,,assets/images/其他物品/大型鹰队箱子--c8fee6e29b.png,原版图鉴
大型防御者箱子,Big Defender's Crate,未标注,宝箱与礼包,包含挑战奖励中。,叠加上限：1,,,assets/images/其他物品/鹰队青铜箱子--89ce006cba.png,原版图鉴
巨型防御者箱子,Huge Defender's Crate,未标注,宝箱与礼包,包含挑战奖励中。,叠加上限：1,,,assets/images/其他物品/鹰队白银箱子--02d9508860.png,原版图鉴
特殊防御者箱子,Special Defender's Crate,未标注,宝箱与礼包,包含挑战奖励中。,叠加上限：1,,,assets/images/其他物品/鹰队黄金箱子--31878bbb91.png,原版图鉴
农夫的妻子,Farmer's Wife,未标注,人物与商人,,基础生命：450；移动速度（配置）：4.5,,当前档案有 5 条同名记录；可能来自不同场景、活动或难度，请比较基础属性。,,暂缺
农夫,Farmer,未标注,人物与商人,,储物栏位：10；移动速度（配置）：4.5,,当前档案有 6 条同名记录；可能来自不同场景、活动或难度，请比较基础属性。,,暂缺
圣诞老人的助手,Strider Santa's Helper,未标注,人物与商人,,基础生命：1000；储物栏位：10；移动速度（配置）：4.5,,当前档案有 9 条同名记录；可能来自不同场景、活动或难度，请比较基础属性。,,暂缺
摩托车包,Motorcycle Knapsack,未标注,载具与组件,解锁你的物品栏中用于小工具和装备的第三和第四个栏位。,叠加上限：1,,在方舟的CHAP那里；当前档案有 2 条同名记录；可能来自不同场景、活动或难度，请比较基础属性。；相关工作台：蓝图部分,assets/images/其他物品/摩托车包--9afbde45c5.png,原版图鉴
摩托车包,Motorcycle Knapsack,未标注,,解锁你的物品栏中用于小工具和装备的第三和第四个栏位。,叠加上限：1,,当前档案有 2 条同名记录；可能来自不同场景、活动或难度，请比较基础属性。,,暂缺
男俘虏,Captive,未标注,人物与商人,,基础生命：15000；移动速度（配置）：1,,当前档案有 8 条同名记录；可能来自不同场景、活动或难度，请比较基础属性。,,暂缺
男俘虏,Captive,未标注,人物与商人,,基础生命：15000；移动速度（配置）：1,,当前档案有 8 条同名记录；可能来自不同场景、活动或难度，请比较基础属性。,,暂缺
女俘虏,Captive,未标注,人物与商人,,基础生命：15000；移动速度（配置）：1,,当前档案有 6 条同名记录；可能来自不同场景、活动或难度，请比较基础属性。,,暂缺
受伤者,Injured,未标注,人物与商人,,基础生命：15000；移动速度（配置）：1,,当前档案有 7 条同名记录；可能来自不同场景、活动或难度，请比较基础属性。,,暂缺
受伤者,Injured,未标注,人物与商人,,基础生命：15000；移动速度（配置）：1,,当前档案有 7 条同名记录；可能来自不同场景、活动或难度，请比较基础属性。,,暂缺
火焰兄弟,Brother Flame,未标注,人物与商人,,储物栏位：10；移动速度（配置）：4.5,,当前档案有 2 条同名记录；可能来自不同场景、活动或难度，请比较基础属性。,,暂缺
乐透彩票,Lottery ticket,未标注,,在入侵赢家乐透抽奖中赢得独特奖品的必需品。,,,当前档案有 29 条同名记录；可能来自不同场景、活动或难度，请比较基础属性。,assets/images/其他物品/乐透彩票--f5f4b835d6.png,原版图鉴
受伤者,Injured,未标注,人物与商人,,基础生命：15000；移动速度（配置）：1,,当前档案有 7 条同名记录；可能来自不同场景、活动或难度，请比较基础属性。,,暂缺
受伤者,Injured,未标注,人物与商人,,基础生命：15000；移动速度（配置）：1,,当前档案有 7 条同名记录；可能来自不同场景、活动或难度，请比较基础属性。,,暂缺
受伤者,Injured,未标注,人物与商人,,基础生命：15000；移动速度（配置）：1,,当前档案有 7 条同名记录；可能来自不同场景、活动或难度，请比较基础属性。,,暂缺
地下团守卫,Underground Guard,未标注,人物与商人,,基础生命：15000；移动速度（配置）：1,,当前档案有 2 条同名记录；可能来自不同场景、活动或难度，请比较基础属性。,,暂缺
自行车包,Bicycle Knapsack,未标注,载具与组件,解锁你物品栏中的第三个装备和小工具栏位。,叠加上限：1,,在方舟的CHAP那里；当前档案有 3 条同名记录；可能来自不同场景、活动或难度，请比较基础属性。；相关工作台：蓝图部分,assets/images/其他物品/自行车包--7be4242340.png,原版图鉴
自行车包,Bicycle Knapsack,未标注,,解锁你物品栏中的第三个装备和小工具栏位。,叠加上限：1,,当前档案有 3 条同名记录；可能来自不同场景、活动或难度，请比较基础属性。,,暂缺
受伤者,Injured,未标注,人物与商人,,基础生命：15000；移动速度（配置）：1,,当前档案有 7 条同名记录；可能来自不同场景、活动或难度，请比较基础属性。,,暂缺
装备大师,Equipment Master,未标注,,解锁你物品栏中的第二个装备和小工具栏位。,叠加上限：1,,,,暂缺
蓝图部分,Part of Blueprint,未标注,外观,盲者之脸,叠加上限：1,,当前档案有 61 条同名记录；可能来自不同场景、活动或难度，请比较基础属性。,assets/images/其他物品/蓝图部分--068af22515.png,原版图鉴
《领地时报》,The Territory Times Newspaper,未标注,笔记与线索,阅读并了解游戏的最新变化。,叠加上限：1,,当前档案有 105 条同名记录；可能来自不同场景、活动或难度，请比较基础属性。,assets/images/其他物品/《领地时报》--d7068c6a05.png,原版图鉴
女俘虏,Captive,未标注,人物与商人,,基础生命：15000；移动速度（配置）：1,,当前档案有 6 条同名记录；可能来自不同场景、活动或难度，请比较基础属性。,,暂缺
女俘虏,Captive,未标注,人物与商人,,基础生命：15000；移动速度（配置）：1,,当前档案有 6 条同名记录；可能来自不同场景、活动或难度，请比较基础属性。,,暂缺
女俘虏,Captive,未标注,人物与商人,,基础生命：15000；移动速度（配置）：1,,当前档案有 6 条同名记录；可能来自不同场景、活动或难度，请比较基础属性。,,暂缺
地下团守卫,Underground Guard,未标注,人物与商人,,基础生命：15000；移动速度（配置）：1,,当前档案有 2 条同名记录；可能来自不同场景、活动或难度，请比较基础属性。,,暂缺
火焰兄弟,Brother Flame,未标注,人物与商人,,储物栏位：10；移动速度（配置）：4.5,,当前档案有 2 条同名记录；可能来自不同场景、活动或难度，请比较基础属性。,,暂缺
经验性补品,Empirical Tonic,未标注,货币与活动代币,一种刺激认知能力和增加盟友经验的神经递质的解决方案。,,,出现场景：维修站,assets/images/其他物品/经验性补品--d8b62d84dc.png,原版图鉴
战利品箱子,Swag Crate,未标注,宝箱与礼包,建筑用品和生产资源。,叠加上限：1,,当前档案有 7 条同名记录；可能来自不同场景、活动或难度，请比较基础属性。,assets/images/其他物品/战利品箱子--a2309c4de0.png,原版图鉴
食物箱,Food Crate,未标注,宝箱与礼包,营养丰富的食物，有助于在外出后恢复体力。,叠加上限：1,,,assets/images/其他物品/食物箱--44b1c7321b.png,原版图鉴
突破灭绝者,Breach Exterminator,未标注,人物与商人,,基础生命：1000；储物栏位：10；移动速度（配置）：4.5,,当前档案有 3 条同名记录；可能来自不同场景、活动或难度，请比较基础属性。,,暂缺
药品箱,Meds Crate,未标注,宝箱与礼包,包含用于包扎伤口的药品。,叠加上限：1,,,assets/images/其他物品/药品箱--da48907e7e.png,原版图鉴
坚韧大型箱子,Big Crate of Tenacity,未标注,宝箱与礼包,包含黄金、小型能量强化器和可用于交换实用物品的贵重物品。,叠加上限：1,,当前档案有 2 条同名记录；可能来自不同场景、活动或难度，请比较基础属性。,assets/images/其他物品/坚韧大型箱子--0e969ceaaf.png,原版图鉴
坚韧巨型箱子,Huge Crate of Tenacity,未标注,宝箱与礼包,可能含有投掷武器、铠甲，以及其他贵重物品与武器。,叠加上限：1,,当前档案有 3 条同名记录；可能来自不同场景、活动或难度，请比较基础属性。,assets/images/其他物品/坚韧巨型箱子--5686dd50b4.png,原版图鉴
对抗枢机主教,Clash with the Cardinal,未标注,笔记与线索,[你看着火焰兄弟走过火焰，用他的剑最后一次刺向枢机主教。],叠加上限：1,,,assets/images/其他物品/家长来信--8ff5169e26.png,原版图鉴
《领地时报》,The Territory Times Newspaper,未标注,笔记与线索,阅读并了解游戏的最新变化。,叠加上限：1,,当前档案有 105 条同名记录；可能来自不同场景、活动或难度，请比较基础属性。,assets/images/其他物品/《领地时报》--d7068c6a05.png,原版图鉴
彩蛋收集者,Egg Collector,未标注,人物与商人,,基础生命：1000；储物栏位：10；移动速度（配置）：4.5,,当前档案有 2 条同名记录；可能来自不同场景、活动或难度，请比较基础属性。,,暂缺
材料盒子,Chest with Materials,未标注,宝箱与礼包,包含有价值的材料。,叠加上限：1,,当前档案有 17 条同名记录；可能来自不同场景、活动或难度，请比较基础属性。,assets/images/其他物品/中型春季盒子--442244431a.png,原版图鉴
材料盒子,Chest with Materials,未标注,宝箱与礼包,包含有价值的材料。,叠加上限：1,,当前档案有 17 条同名记录；可能来自不同场景、活动或难度，请比较基础属性。,assets/images/其他物品/中型春季盒子--442244431a.png,原版图鉴
材料盒子,Chest with Materials,未标注,宝箱与礼包,包含有价值的材料。,叠加上限：1,,当前档案有 17 条同名记录；可能来自不同场景、活动或难度，请比较基础属性。,assets/images/其他物品/中型春季盒子--442244431a.png,原版图鉴
材料盒子,Chest with Materials,未标注,宝箱与礼包,包含有价值的材料。,叠加上限：1,,当前档案有 17 条同名记录；可能来自不同场景、活动或难度，请比较基础属性。,assets/images/其他物品/中型春季盒子--442244431a.png,原版图鉴
《领地时报》,The Territory Times Newspaper,未标注,笔记与线索,阅读并了解游戏的最新变化。,叠加上限：1,,当前档案有 105 条同名记录；可能来自不同场景、活动或难度，请比较基础属性。,assets/images/其他物品/《领地时报》--d7068c6a05.png,原版图鉴
编码器,Coder,未标注,货币与活动代币,带有盟友地点坐标的加密信息块。,,,,assets/images/其他物品/编码器--75aac515d9.png,原版图鉴
哨兵,Sentry,未标注,,,基础伤害：450–500；攻击间隔：0.15秒；攻击距离（配置）：3.2；暴击几率：10%；暴击倍率：2倍；基础生命：2000；储物栏位：10；移动速度（配置）：4.5,,当前档案有 6 条同名记录；可能来自不同场景、活动或难度，请比较基础属性。,,暂缺
彩蛋收集者礼包,Egg Collector's Bundle,未标注,宝箱与礼包,包含凤凰兴奋剂、节日食物、密封彩蛋，以及用于识别彩蛋的解码器。,叠加上限：1,,,assets/images/其他物品/微型春季盒子--de3219e855.png,原版图鉴
彩蛋收集者宝箱,Egg Collector's Chest,未标注,宝箱与礼包,包含凤凰兴奋剂、节日食物、密封彩蛋，以及用于识别彩蛋的解码器。,叠加上限：1,,,assets/images/其他物品/超巨型春季盒子--7e3b5e3a24.png,原版图鉴
农夫,Farmer,未标注,人物与商人,,储物栏位：10；移动速度（配置）：4.5,,当前档案有 6 条同名记录；可能来自不同场景、活动或难度，请比较基础属性。,,暂缺
农夫,Farmer,未标注,人物与商人,,储物栏位：10；移动速度（配置）：1.5,,当前档案有 6 条同名记录；可能来自不同场景、活动或难度，请比较基础属性。,,暂缺
方舟奖励N-1,Ark Reward N-1,未标注,宝箱与礼包,在方舟设施中完成楼层的奖励。包含用于学习以下分区的技能之一的神经质粒：资源、生存或战斗。,叠加上限：1,,,assets/images/其他物品/方舟奖励N-1--683b937903.png,原版图鉴
方舟奖励N-2,Ark Reward N-2,未标注,宝箱与礼包,在方舟设施中完成楼层的奖励。包含用于学习以下分区的技能之一的神经质粒：资源、生存或战斗。,叠加上限：1,,,assets/images/其他物品/方舟奖励N-2--13501f8d86.png,原版图鉴
方舟奖励N-3,Ark Reward N-3,未标注,宝箱与礼包,在方舟设施中完成楼层的奖励。包含用于学习以下分区的技能之一的神经质粒：资源、生存或战斗。,叠加上限：1,,,assets/images/其他物品/方舟奖励N-3--415118d94d.png,原版图鉴
方舟奖励N-4,Ark Reward N-4,未标注,宝箱与礼包,在方舟设施中完成楼层的奖励。包含用于学习以下分区的技能之一的神经质粒：资源、生存或战斗。,叠加上限：1,,,assets/images/其他物品/方舟奖励N-4--3af51e4561.png,原版图鉴
方舟奖励N-5,Ark Reward N-5,未标注,宝箱与礼包,在方舟设施中完成楼层的奖励。包含用于学习以下分区的技能之一的神经质粒：资源、生存或战斗。,叠加上限：1,,,assets/images/其他物品/方舟奖励N-5--3da7e97009.png,原版图鉴
方舟奖励N-6,Ark Reward N-6,未标注,宝箱与礼包,在方舟设施中完成楼层的奖励。包含用于学习以下分区的技能之一的神经质粒：资源、生存或战斗。,叠加上限：1,,,assets/images/其他物品/方舟奖励N-6--fdd9a7af50.png,原版图鉴
小型战斗神经质粒礼包,Small Combat Neuroplasmid Bundle,未标注,宝箱与礼包,包含战斗神经质粒、装备、优质和传奇武器，以及其他贵重物品。,叠加上限：1,,,assets/images/其他物品/小型战斗神经质粒礼包--1170ef51da.png,原版图鉴
小型生存神经质粒礼包,Small Survival Neuroplasmid Bundle,未标注,宝箱与礼包,包含生存神经质粒、装备、优质和传奇武器，以及其他贵重物品。,叠加上限：1,,,assets/images/其他物品/小型生存神经质粒礼包--989fa7e5d9.png,原版图鉴
小型资源神经质粒礼包,Small Resources Neuroplasmid Bundle,未标注,宝箱与礼包,包含资源神经质粒、装备、优质和传奇武器，以及其他贵重物品。,叠加上限：1,,,assets/images/其他物品/小型资源神经质粒礼包--2bc844d876.png,原版图鉴
大型战斗神经质粒礼包,Big Combat Neuroplasmid Bundle,未标注,宝箱与礼包,包含巨量战斗神经质粒、装备、传奇武器，以及传奇工具和武器箱子。,叠加上限：1,,,assets/images/其他物品/大型战斗神经质粒礼包--928142575c.png,原版图鉴
大型生存神经质粒礼包,Big Survival Neuroplasmid Bundle,未标注,宝箱与礼包,包含巨量生存神经质粒、装备、传奇武器，以及传奇工具和武器箱子。,叠加上限：1,,,assets/images/其他物品/大型生存神经质粒礼包--2de9bf30a2.png,原版图鉴
大型资源神经质粒礼包,Big Resources Neuroplasmid Bundle,未标注,宝箱与礼包,包含巨量资源神经质粒、装备、传奇武器，以及传奇工具和武器箱子。,叠加上限：1,,,assets/images/其他物品/大型资源神经质粒礼包--95a32e5e0a.png,原版图鉴
乐透彩票,Lottery ticket,未标注,,用于在春季武器库乐透中赢得独特奖品。,,,当前档案有 29 条同名记录；可能来自不同场景、活动或难度，请比较基础属性。,assets/images/其他物品/乐透彩票--f5f4b835d6.png,原版图鉴
基拉,Kira,未标注,人物与商人,,基础生命：1000；储物栏位：10；移动速度（配置）：4.5,,,,暂缺
小队编码器,Squad Coder,未标注,货币与活动代币,自由游荡者兄弟会的信息块，带有你盟友的地点坐标。,,,来自游荡者营地的女商人。,assets/images/其他物品/编码器--75aac515d9.png,原版图鉴
冲撞者,Rammer,未标注,人物与商人,,基础生命：100；储物栏位：10,,,assets/images/其他物品/贸易联盟商人--cd26bdb1aa.png,原版图鉴
风暴-A装备,Storm-A Equipment,未标注,宝箱与礼包,可能包含神器装备、投掷武器、陷阱探测器和纳米机器：你在废弃避难所所需的一切。,叠加上限：1,,,assets/images/其他物品/风暴-A装备--e177735fc4.png,原版图鉴
风暴-B装备,Storm-B Equipment,未标注,宝箱与礼包,可能包含神器装备、投掷武器、陷阱探测器和纳米机器：你在废弃避难所所需的一切。,叠加上限：1,,,assets/images/其他物品/风暴-B装备--2ac5fcb60e.png,原版图鉴
风暴-C装备,Storm-C Equipment,未标注,宝箱与礼包,可能包含神器装备、投掷武器、陷阱探测器和纳米机器：你在废弃避难所所需的一切。,叠加上限：1,,,assets/images/其他物品/风暴-C装备--b69b525e1d.png,原版图鉴
风暴-D装备,Storm-D Equipment,未标注,宝箱与礼包,可能包含神器装备、投掷武器、陷阱探测器和纳米机器：你在废弃避难所所需的一切。,叠加上限：1,,,assets/images/其他物品/风暴-D装备--e5c1046c82.png,原版图鉴
常规装备套装,Regular Equipment Set,未标注,宝箱与礼包,"你将获得列表中的所有物品：
 — 镜头-1面罩；
 — 猎户座-1皮带；
 — 刺激-1模块；
 — 骑士-1背心。
 特性是在收到物品后随机确定的。",叠加上限：1,,,assets/images/其他物品/常规装备套装--7715539529.png,原版图鉴
稀有装备套装,Rare Equipment Set,未标注,宝箱与礼包,"你将获得列表中的所有物品：
 — 镜头-2面罩；
 — 猎户座-2皮带；
 — 刺激-2模块；
 — 骑士-2背心。
 特性是在收到物品后随机确定的。",叠加上限：1,,,assets/images/其他物品/稀有装备套装--04870fb8da.png,原版图鉴
独特装备套装,Unique Equipment Set,未标注,宝箱与礼包,"你将获得列表中的所有物品：
 — 镜头-3面罩；
 — 猎户座-3皮带；
 — 刺激-3模块；
 — 骑士-3背心。
 特性是在收到物品后随机确定的。",叠加上限：1,,,assets/images/其他物品/独特装备套装--8f377d1fdb.png,原版图鉴
基拉的存货,Kira's Stock,未标注,,包含与基拉交易的信息。库存物品已批准[数据已抹除]。,叠加上限：1,,,assets/images/其他物品/贸易联盟价格--9cef2828bd.png,原版图鉴
独特盟友物品,Unique ally items,未标注,宝箱与礼包,"你将获得列表中的2-3件物品：
— 镜头-3面罩；
— 猎户座-3皮带；
— 刺激-3模块；
— 骑士-3背心。
特性是在收到物品后随机确定的。",叠加上限：1,,当前档案有 3 条同名记录；可能来自不同场景、活动或难度，请比较基础属性。,assets/images/其他物品/独特盟友物品--f475b800a6.png,原版图鉴
稀有盟友物品,Rare ally items,未标注,宝箱与礼包,"你将获得列表中的2-3件物品：
— 镜头-2面罩；
— 猎户座-2皮带；
— 刺激-2模块；
— 骑士-2背心。
特性是在收到物品后随机确定的。",叠加上限：1,,当前档案有 3 条同名记录；可能来自不同场景、活动或难度，请比较基础属性。,assets/images/其他物品/稀有盟友物品--0ed484a8b4.png,原版图鉴
常规盟友物品,Regular ally items,未标注,宝箱与礼包,"你将获得列表中的2-3件物品：
— 镜头-1面罩；
— 猎户座-1皮带；
— 刺激-1模块；
— 骑士-1背心。
特性是在收到物品后随机确定的。",叠加上限：1,,当前档案有 4 条同名记录；可能来自不同场景、活动或难度，请比较基础属性。,assets/images/其他物品/常规盟友物品--4b52f60c9d.png,原版图鉴
盟友的CHAP价格,Allies' CHAP Prices,未标注,,根据[数据已抹除]教授批准的协议，包含与盟友CHAP的交易信息。,叠加上限：1,,,assets/images/其他物品/贸易联盟价格--9cef2828bd.png,原版图鉴
盟友的CHAP,Allies' CHAP,未标注,人物与商人,盟友的CHAP,基础生命：100；储物栏位：10,,,assets/images/其他物品/贸易联盟商人--cd26bdb1aa.png,原版图鉴
小型编码器箱子,Small Crate of Coders,未标注,宝箱与礼包,包含20个编码器，用于召唤盟友。,叠加上限：1,,,assets/images/其他物品/小型编码器箱子--48a0da5206.png,原版图鉴
中型编码器箱子,Medium Crate of Coders,未标注,宝箱与礼包,包含50个编码器，用于召唤盟友。,叠加上限：1,,,assets/images/其他物品/中型编码器箱子--476b4f1170.png,原版图鉴
大型编码器箱子,Big Crate of Coders,未标注,宝箱与礼包,包含150个编码器，用于召唤盟友。,叠加上限：1,,,assets/images/其他物品/大型编码器箱子--87d50c001e.png,原版图鉴
巨型编码器箱子,Huge Crate of Coders,未标注,宝箱与礼包,包含375个编码器，用于召唤盟友。,叠加上限：1,,,assets/images/其他物品/巨型编码器箱子--f079815a34.png,原版图鉴
小型补品箱子,Small Crate of Tonics,未标注,宝箱与礼包,包含120个经验性补品，以提升盟友的等级。,叠加上限：1,,当前档案有 2 条同名记录；可能来自不同场景、活动或难度，请比较基础属性。,assets/images/其他物品/小型补品箱子--4d0d2b19a2.png,原版图鉴
中型补品箱子,Medium Crate of Tonics,未标注,宝箱与礼包,包含750个经验性补品，以提升盟友的等级。,叠加上限：1,,当前档案有 2 条同名记录；可能来自不同场景、活动或难度，请比较基础属性。,assets/images/其他物品/中型补品箱子--dce00e7795.png,原版图鉴
大型补品箱子,Big Crate of Tonics,未标注,宝箱与礼包,包含1200个经验性补品，以提升盟友的等级。,叠加上限：1,,,assets/images/其他物品/大型补品箱子--1e298e59bc.png,原版图鉴
巨型补品箱子,Huge Crate of Tonics,未标注,宝箱与礼包,包含1700个经验性补品，以提升盟友的等级。,叠加上限：1,,,assets/images/其他物品/巨型补品箱子--cc19d813ac.png,原版图鉴
独特盟友物品,Unique ally items,未标注,宝箱与礼包,"你将获得列表中的2-3件物品：
— 镜头-3面罩；
— 猎户座-3皮带；
— 刺激-3模块；
— 骑士-3背心。
特性是在收到物品后随机确定的。",叠加上限：1,,当前档案有 3 条同名记录；可能来自不同场景、活动或难度，请比较基础属性。,assets/images/其他物品/独特盟友物品--f475b800a6.png,原版图鉴
稀有盟友物品,Rare ally items,未标注,宝箱与礼包,"你将获得列表中的2-3件物品：
— 镜头-2面罩；
— 猎户座-2皮带；
— 刺激-2模块；
— 骑士-2背心。
特性是在收到物品后随机确定的。",叠加上限：1,,当前档案有 3 条同名记录；可能来自不同场景、活动或难度，请比较基础属性。,assets/images/其他物品/稀有盟友物品--0ed484a8b4.png,原版图鉴
常规盟友物品,Regular ally items,未标注,宝箱与礼包,"你将获得列表中的2-3件物品：
— 镜头-1面罩；
— 猎户座-1皮带；
— 刺激-1模块；
— 骑士-1背心。
特性是在收到物品后随机确定的。",叠加上限：1,,当前档案有 4 条同名记录；可能来自不同场景、活动或难度，请比较基础属性。,assets/images/其他物品/常规盟友物品--4b52f60c9d.png,原版图鉴
常规盟友物品,Regular ally items,未标注,宝箱与礼包,"你将获得列表中的2-3件物品：
— 镜头-1面罩；
— 猎户座-1皮带；
— 刺激-1模块；
— 骑士-1背心。
特性是在收到物品后随机确定的。",叠加上限：1,,当前档案有 4 条同名记录；可能来自不同场景、活动或难度，请比较基础属性。,assets/images/其他物品/常规盟友物品--4b52f60c9d.png,原版图鉴
稀有盟友物品,Rare ally items,未标注,宝箱与礼包,"你将获得列表中的2-3件物品：
— 镜头-2面罩；
— 猎户座-2皮带；
— 刺激-2模块；
— 骑士-2背心。
特性是在收到物品后随机确定的。",叠加上限：1,,当前档案有 3 条同名记录；可能来自不同场景、活动或难度，请比较基础属性。,assets/images/其他物品/稀有盟友物品--0ed484a8b4.png,原版图鉴
独特盟友物品,Unique ally items,未标注,宝箱与礼包,"你将获得列表中的2-3件物品：
— 镜头-3面罩；
— 猎户座-3皮带；
— 刺激-3模块；
— 骑士-3背心。
特性是在收到物品后随机确定的。",叠加上限：1,,当前档案有 3 条同名记录；可能来自不同场景、活动或难度，请比较基础属性。,assets/images/其他物品/独特盟友物品--f475b800a6.png,原版图鉴
冲撞者的存货,Rammer's Stock,未标注,,包含与冲撞者交易的信息。经自由游荡者兄弟会同意。,叠加上限：1,,,assets/images/其他物品/贸易联盟价格--9cef2828bd.png,原版图鉴
常规盟友装备,Regular Ally Equipment,未标注,宝箱与礼包,"你将获得一件列表中的物品：
 — 镜头-1面罩；
 — 猎户座-1皮带；
 — 刺激-1模块；
 — 骑士-1背心。
 特性是在收到物品后随机确定的。",叠加上限：1,,,assets/images/其他物品/常规盟友装备--7ebb3b9d6e.png,原版图鉴
稀有盟友装备,Rare Ally Equipment,未标注,宝箱与礼包,"你将获得一件列表中的物品：
— 镜头-2面罩；
— 猎户座-2皮带；
— 刺激-2模块；
— 骑士-2背心。
特性是在收到物品后随机确定的。",叠加上限：1,,,assets/images/其他物品/稀有盟友装备--1a820e6f03.png,原版图鉴
独特盟友装备,Unique Ally Equipment,未标注,宝箱与礼包,"你将获得一件列表中的物品：
— 镜头-3面罩；
— 猎户座-3皮带；
— 刺激-3模块；
— 骑士-3背心。
特性是在收到物品后随机确定的。",叠加上限：1,,,assets/images/其他物品/独特盟友装备--f40ece3e13.png,原版图鉴
《领地时报》,The Territory Times Newspaper,未标注,笔记与线索,阅读并了解游戏的最新变化。,叠加上限：1,,当前档案有 105 条同名记录；可能来自不同场景、活动或难度，请比较基础属性。,assets/images/其他物品/《领地时报》--d7068c6a05.png,原版图鉴
乐透彩票,Lottery ticket,未标注,,在入侵赢家乐透抽奖中赢得独特奖品的必需品。,,,当前档案有 29 条同名记录；可能来自不同场景、活动或难度，请比较基础属性。,assets/images/其他物品/乐透彩票--f5f4b835d6.png,原版图鉴
鹰队联络人,Hawk Liaison,未标注,人物与商人,,基础生命：1000；储物栏位：10；移动速度（配置）：4.5,,当前档案有 2 条同名记录；可能来自不同场景、活动或难度，请比较基础属性。,,暂缺
阿尔法编码器,Alpha-Coder,未标注,货币与活动代币,带有盟友地点坐标的信息块，用于限时活动。,,,,assets/images/其他物品/阿尔法编码器--acadbcb08d.png,原版图鉴
《领地时报》,The Territory Times Newspaper,未标注,笔记与线索,阅读并了解游戏的最新变化。,叠加上限：1,,当前档案有 105 条同名记录；可能来自不同场景、活动或难度，请比较基础属性。,assets/images/其他物品/《领地时报》--d7068c6a05.png,原版图鉴
清理箱,Clean-up Crate,未标注,宝箱与礼包,“清理领地”奖励。,叠加上限：1,,当前档案有 16 条同名记录；可能来自不同场景、活动或难度，请比较基础属性。,assets/images/其他物品/清理箱--57b76cbaae.png,原版图鉴
清理箱,Clean-up Crate,未标注,宝箱与礼包,“清理领地”奖励。,叠加上限：1,,当前档案有 16 条同名记录；可能来自不同场景、活动或难度，请比较基础属性。,assets/images/其他物品/清理箱--57b76cbaae.png,原版图鉴
清理箱,Clean-up Crate,未标注,宝箱与礼包,“清理领地”奖励。,叠加上限：1,,当前档案有 16 条同名记录；可能来自不同场景、活动或难度，请比较基础属性。,assets/images/其他物品/清理箱--57b76cbaae.png,原版图鉴
清理箱,Clean-up Crate,未标注,宝箱与礼包,“清理领地”奖励。,叠加上限：1,,当前档案有 16 条同名记录；可能来自不同场景、活动或难度，请比较基础属性。,assets/images/其他物品/清理箱--28066f868b.png,原版图鉴
大型清理箱,Big Clean-up Crate,未标注,宝箱与礼包,“清理领地”奖励。,叠加上限：1,,当前档案有 5 条同名记录；可能来自不同场景、活动或难度，请比较基础属性。,assets/images/其他物品/清理箱--e30424dba4.png,原版图鉴
大型清理箱,Big Clean-up Crate,未标注,宝箱与礼包,“清理领地”奖励。,叠加上限：1,,当前档案有 5 条同名记录；可能来自不同场景、活动或难度，请比较基础属性。,assets/images/其他物品/清理箱--e30424dba4.png,原版图鉴
大型清理箱,Big Clean-up Crate,未标注,宝箱与礼包,“清理领地”奖励。,叠加上限：1,,当前档案有 5 条同名记录；可能来自不同场景、活动或难度，请比较基础属性。,assets/images/其他物品/清理箱--e30424dba4.png,原版图鉴
巨型清理箱,Huge Clean-up Crate,未标注,宝箱与礼包,“清理领地”奖励。,叠加上限：1,,当前档案有 3 条同名记录；可能来自不同场景、活动或难度，请比较基础属性。,assets/images/其他物品/巨型清理箱--2529e94cfc.png,原版图鉴
玛拉,Mara,未标注,人物与商人,,基础伤害：70–80；攻击间隔：1.3秒；攻击距离（配置）：0.4；暴击几率：5%；暴击倍率：1.3倍；基础生命：1000；储物栏位：10；移动速度（配置）：4.5,,当前档案有 2 条同名记录；可能来自不同场景、活动或难度，请比较基础属性。,,暂缺
游骑兵装备,Ranger's Equipment,未标注,宝箱与礼包,"你会得到清单上的所有物品：
— 游骑兵面罩；
— 游骑兵背心；
— 游骑兵腕带；
— 游骑兵皮带",叠加上限：1,,,assets/images/其他物品/游骑兵装备--860c4e6afa.png,原版图鉴
重型武器,Heavy Weapons,未标注,,火焰喷射器、火箭筒，或一把传奇步枪。,叠加上限：1,,当前档案有 3 条同名记录；可能来自不同场景、活动或难度，请比较基础属性。,assets/images/其他物品/重型武器--b13f4f9e55.png,原版图鉴
黑兵工厂,Black Arsenal,未标注,,暗黑游荡者的传奇铠甲和武器。,叠加上限：1,,当前档案有 4 条同名记录；可能来自不同场景、活动或难度，请比较基础属性。,assets/images/其他物品/黑兵工厂--cccd885a30.png,原版图鉴
试炼战利品,Trial Trophies,未标注,,收集所有奖励以解锁。,叠加上限：1,,当前档案有 2 条同名记录；可能来自不同场景、活动或难度，请比较基础属性。,assets/images/其他物品/试炼战利品--e8c67265f0.png,原版图鉴
乐透彩票,Lottery ticket,未标注,,用于在鹰队军火库乐透中赢得独特的奖品。,,,当前档案有 29 条同名记录；可能来自不同场景、活动或难度，请比较基础属性。,assets/images/其他物品/乐透彩票--ae400fa8f0.png,原版图鉴
《领地时报》,The Territory Times Newspaper,未标注,笔记与线索,阅读并了解游戏的最新变化。,叠加上限：1,,当前档案有 105 条同名记录；可能来自不同场景、活动或难度，请比较基础属性。,assets/images/其他物品/《领地时报》--d7068c6a05.png,原版图鉴
要塞军医,Citadel Military Doctor,未标注,人物与商人,,基础生命：100；储物栏位：10,,当前档案有 2 条同名记录；可能来自不同场景、活动或难度，请比较基础属性。,assets/images/其他物品/贸易联盟商人--cd26bdb1aa.png,原版图鉴
要塞军医的价目表,Citadel Military Doctor's Price List,未标注,,神经生长计划的品类。要获得这些货物，请准备好指定的材料，并与前哨的要塞军医联系。,叠加上限：1,,当前档案有 2 条同名记录；可能来自不同场景、活动或难度，请比较基础属性。,assets/images/其他物品/贸易联盟价格--9cef2828bd.png,原版图鉴
小型礼物,Small Gift,未标注,宝箱与礼包,包含挑战奖励中。,叠加上限：1,,,assets/images/其他物品/小型礼物--51ea66075a.png,原版图鉴
大型礼物,Big Gift,未标注,宝箱与礼包,包含挑战奖励中。,叠加上限：1,,,assets/images/其他物品/大型礼物--2c4039763d.png,原版图鉴
巨型礼物,Huge Gift,未标注,宝箱与礼包,包含挑战奖励中。,叠加上限：1,,,assets/images/其他物品/巨型礼物--905017f477.png,原版图鉴
周年纪念礼物,Anniversary Gift,未标注,宝箱与礼包,包含挑战奖励中。,叠加上限：1,,当前档案有 2 条同名记录；可能来自不同场景、活动或难度，请比较基础属性。,assets/images/其他物品/周年纪念礼物--bb8d9b618a.png,原版图鉴
冰影,Ice Shadow,未标注,人物与商人,,基础伤害：70–80；攻击间隔：1.3秒；攻击距离（配置）：0.4；暴击几率：5%；暴击倍率：1.3倍；基础生命：1000；储物栏位：10；移动速度（配置）：4.5,,,,暂缺
传奇装备套装,Legendary Equipment Set,未标注,,"你将获得列表中的所有物品：
 — 镜头-4面罩；
 — 猎户座-4皮带；
 — 刺激-4模块；
 — 骑士-4背心。
 物品效率随着你盟友的等级而提升。",叠加上限：1,,,assets/images/其他物品/传奇装备套装--0155832b7a.png,原版图鉴
传奇盟友装备,Legendary Ally Equipment,未标注,,"你将获得一件列表中的物品：
 — 镜头-4面罩；
 — 猎户座-4皮带；
 — 刺激-4模块；
 — 骑士-4背心。
 物品效率随着你盟友的等级而提升。",叠加上限：1,,当前档案有 5 条同名记录；可能来自不同场景、活动或难度，请比较基础属性。,assets/images/其他物品/传奇盟友装备--b497dc3608.png,原版图鉴
战斗神经质粒礼包,Combat Neuroplasmid Bundle,未标注,宝箱与礼包,包含大量战斗神经质粒、装备、优质和传奇武器、传奇工具和武器箱子，以及其他贵重物品。,叠加上限：1,,,assets/images/其他物品/战斗神经质粒礼包--5279dc5857.png,原版图鉴
生存神经质粒礼包,Survival Neuroplasmid Bundle,未标注,宝箱与礼包,包含大量生存神经质粒、装备、优质和传奇武器、传奇工具和武器箱子，以及其他贵重物品。,叠加上限：1,,,assets/images/其他物品/生存神经质粒礼包--09c56d7c3e.png,原版图鉴
资源神经质粒礼包,Resources Neuroplasmid Bundle,未标注,宝箱与礼包,包含大量资源神经质粒、装备、优质和传奇武器、传奇工具和武器箱子，以及其他贵重物品。,叠加上限：1,,,assets/images/其他物品/资源神经质粒礼包--2a71d54039.png,原版图鉴
收集器无人机,Collector Drone,未标注,货币与活动代币,这些无人机群可以收集宝贵的资源并将它们从任何地方运送到你的仓库。,,,,assets/images/其他物品/收集器无人机--a4fbc22f24.png,原版图鉴
黑帮叛徒,Triad Turncoat,未标注,人物与商人,,基础生命：450；储物栏位：10；移动速度（配置）：4.5,,当前档案有 14 条同名记录；可能来自不同场景、活动或难度，请比较基础属性。,,暂缺
乐透彩票,Lottery ticket,未标注,,用于在节日乐透中赢得独特的奖品。,,,当前档案有 29 条同名记录；可能来自不同场景、活动或难度，请比较基础属性。,assets/images/其他物品/乐透彩票--f5f4b835d6.png,原版图鉴
《领地时报》,The Territory Times Newspaper,未标注,笔记与线索,阅读并了解游戏的最新变化。,叠加上限：1,,当前档案有 105 条同名记录；可能来自不同场景、活动或难度，请比较基础属性。,assets/images/其他物品/《领地时报》--d7068c6a05.png,原版图鉴
坚韧巨型箱子,Huge Crate of Tenacity,未标注,宝箱与礼包,可能含有投掷武器、铠甲，以及其他贵重物品与武器。,叠加上限：1；恢复生命：0,,当前档案有 3 条同名记录；可能来自不同场景、活动或难度，请比较基础属性。,assets/images/其他物品/坚韧巨型箱子--5c9a4e2b54.png,原版图鉴
火焰武器库,Fire Arsenal,未标注,宝箱与礼包,"你将获得一件列表中的物品：
— 信仰的支柱
— Glock-A火器
— 信仰之军的狂热
— 崭新半衰期捍卫者枪
— 赤龙火箭筒
— 地狱散弹枪
— 火焰步枪的审判
— 燃烧冰雹
— 牧师狂腐士AKM
— 火焰喷射器",叠加上限：1,,当前档案有 2 条同名记录；可能来自不同场景、活动或难度，请比较基础属性。,assets/images/其他物品/火焰武器库--d6a72f1195.png,原版图鉴
电力武器库,Electric Arsenal,未标注,宝箱与礼包,"你将获得一件列表中的物品：
— 黑帮电矛
— 电动步枪
— PM-A“静电”
— 黑帮电力步枪
— 雷鸣
— 火花步枪
— Groza A
— 神龙手枪",叠加上限：1,,当前档案有 2 条同名记录；可能来自不同场景、活动或难度，请比较基础属性。,assets/images/其他物品/电力武器库--d35a343644.png,原版图鉴
酸性武器库,Acid Arsenal,未标注,宝箱与礼包,"你将获得一件列表中的物品：
— 灵魂收割者
— 丹巴拉左轮手枪
— 死亡狂怒博尔特枪
— 黑帮酸性自动十字弓
— 蛇彭特之怒
— 死亡虫群散弹枪
— 死亡召唤步枪
— SPAS-A眼镜蛇
— 蛇彭特 · 布莱德钉枪
— 狂热的魂狩",叠加上限：1,,当前档案有 2 条同名记录；可能来自不同场景、活动或难度，请比较基础属性。,assets/images/其他物品/酸性武器库--3c94347e9e.png,原版图鉴
冰霜武器库,Frosty Arsenal,未标注,宝箱与礼包,"你将获得一件列表中的物品：
— 冰影之杖
— 格洛克-A冷冻枪
— 双贝雷塔-A“北方”
— 北极M16-M
— 冷冻枪
— 北极SPAS-M
— 北极Mosin-M
— 北极AKM
— AG-17“雪崩”",叠加上限：1,,当前档案有 2 条同名记录；可能来自不同场景、活动或难度，请比较基础属性。,assets/images/其他物品/冰霜武器库--f74ed8cd8c.png,原版图鉴
武器库,Weapons Arsenal,未标注,宝箱与礼包,"你将获得一件列表中的物品：
— Intra-9突击步枪
— 史密斯韦森M500
— 鹰队MP5
— FAMAS F1
— 黄蜂榴弹发射器
— 平锅锤
— M16“自由”
— M14神射手
— 鹰队M107黑色
— 沙漠之鹰",叠加上限：1,,,assets/images/其他物品/武器库--e94729b82c.png,原版图鉴
共生武器库,Symbiotic Arsenal,未标注,宝箱与礼包,"你将获得一件列表中的物品：
— 森林姐妹的鞭子
— 狱吏斧头
— 森林监督员的弓
— 南十字星步枪
— 撕裂散弹枪
— 森林战利品SKS
— SVD-A ”裁决” 狙击步枪
— 血腥AK
— 血龙",叠加上限：1,,,assets/images/其他物品/共生武器库--b34b797906.png,原版图鉴
初始神经生长礼包,First Neurogenesis Bundle,未标注,宝箱与礼包,包含各种类型的神经质粒样本，以及优质武器。,叠加上限：1,,,assets/images/其他物品/初始神经生长礼包--c950a4a408.png,原版图鉴
突破灭绝者,Breach Exterminator,未标注,人物与商人,,基础生命：1000；储物栏位：10；移动速度（配置）：4.5,,当前档案有 3 条同名记录；可能来自不同场景、活动或难度，请比较基础属性。,,暂缺
乐透彩票,Lottery ticket,未标注,,用于在神龙财富乐透中赢得独特奖品。,,,当前档案有 29 条同名记录；可能来自不同场景、活动或难度，请比较基础属性。,assets/images/其他物品/乐透彩票--ae400fa8f0.png,原版图鉴
蓝图部分,Part of Blueprint,未标注,外观,伊卡洛斯-3实验模型,叠加上限：1,,当前档案有 61 条同名记录；可能来自不同场景、活动或难度，请比较基础属性。,assets/images/其他物品/蓝图部分--41b3b81d10.png,原版图鉴
蓝图部分,Part of Blueprint,未标注,外观,研究所设施安全头盔,叠加上限：1,,当前档案有 61 条同名记录；可能来自不同场景、活动或难度，请比较基础属性。,assets/images/其他物品/蓝图部分--7df407370b.png,原版图鉴
机-1950原型,R-1950 Prototype,未标注,外观,机-1950原型,叠加上限：1,,,assets/images/防具装备/暗黑游荡者战术背心--a50f88049f.png,原版图鉴
《领地时报》,The Territory Times Newspaper,未标注,笔记与线索,阅读并了解游戏的最新变化。,叠加上限：1,,当前档案有 105 条同名记录；可能来自不同场景、活动或难度，请比较基础属性。,assets/images/其他物品/《领地时报》--d7068c6a05.png,原版图鉴
基本战斗神经质粒礼包,Basic Combat Neuroplasmid Bundle,未标注,宝箱与礼包,包含战斗神经质粒，以及优质和投掷武器。,叠加上限：1,,,assets/images/其他物品/基本战斗神经质粒礼包--2cec66afb3.png,原版图鉴
基本生存神经质粒礼包,Basic Survival Neuroplasmid Bundle,未标注,宝箱与礼包,包含生存神经质粒，以及优质和投掷武器。,叠加上限：1,,,assets/images/其他物品/基本生存神经质粒礼包--f68699a24e.png,原版图鉴
基本资源神经质粒礼包,Basic Resources Neuroplasmid Bundle,未标注,宝箱与礼包,包含资源神经质粒，以及优质和投掷武器。,叠加上限：1,,,assets/images/其他物品/基本资源神经质粒礼包--c76aa92f09.png,原版图鉴
小型神经质粒礼包,Small Neuroplasmid Bundle,未标注,宝箱与礼包,"你将获得列表中的所有物品：
—  战斗神经质粒 x3
— 生存神经质粒 x3
— 资源神经质粒 x3",叠加上限：1,,,assets/images/其他物品/小型神经质粒礼包--fe26da2616.png,原版图鉴
黑帮叛徒,Triad Turncoat,未标注,人物与商人,,基础生命：1000；储物栏位：10；移动速度（配置）：4.5,,当前档案有 14 条同名记录；可能来自不同场景、活动或难度，请比较基础属性。,,暂缺
《领地时报》,The Territory Times Newspaper,未标注,笔记与线索,阅读并了解游戏的最新变化。,叠加上限：1,,当前档案有 105 条同名记录；可能来自不同场景、活动或难度，请比较基础属性。,assets/images/其他物品/《领地时报》--d7068c6a05.png,原版图鉴
乐透彩票,Lottery ticket,未标注,,"在贸易联盟乐透中赢得独特奖品
的必需品。",,,当前档案有 29 条同名记录；可能来自不同场景、活动或难度，请比较基础属性。,assets/images/其他物品/乐透彩票--f5f4b835d6.png,原版图鉴
瘟疫医生碎片,Plague Doctor Fragment,未标注,货币与活动代币,找到必要数量的碎片并将它们组合起来以获得盟友。,,,,assets/images/其他物品/瘟疫医生碎片--32f2f4133c.png,原版图鉴
盟友挑战箱子,Ally Challenge Crate,未标注,宝箱与礼包,包含挑战奖励中。,叠加上限：1,,,assets/images/其他物品/盟友挑战箱子--cfc07f4984.png,原版图鉴
中型盟友挑战箱子,Medium Ally Challenge Crate,未标注,宝箱与礼包,包含挑战奖励中。,叠加上限：1,,,assets/images/其他物品/中型盟友挑战箱子--927f553668.png,原版图鉴
大型盟友挑战箱子,Big Ally Challenge Crate,未标注,宝箱与礼包,包含挑战奖励中。,叠加上限：1,,,assets/images/其他物品/大型盟友挑战箱子--9b4339c155.png,原版图鉴
巨型盟友挑战箱子,Huge Ally Challenge Crate,未标注,宝箱与礼包,包含挑战奖励中。,叠加上限：1,,,assets/images/其他物品/巨型盟友挑战箱子--818f8cc7d1.png,原版图鉴
兄弟会联络人,Brotherhood Liaison,未标注,人物与商人,,基础生命：100,,,assets/images/其他物品/贸易联盟商人--cd26bdb1aa.png,原版图鉴
常规武器礼包,Regular Weapon Bundle,未标注,宝箱与礼包,包含与你的等级相符的武器。,叠加上限：1,,当前档案有 2 条同名记录；可能来自不同场景、活动或难度，请比较基础属性。,assets/images/其他物品/常规武器礼包--6b71f0555f.png,原版图鉴
特殊武器礼包,Special Weapon Bundle,未标注,宝箱与礼包,包含与你的等级相符的优质武器。,叠加上限：1,,当前档案有 2 条同名记录；可能来自不同场景、活动或难度，请比较基础属性。,assets/images/其他物品/特殊武器礼包--7846d3d1f6.png,原版图鉴
Набор брони,Набор брони,未标注,宝箱与礼包,Набор брони,叠加上限：1,,,assets/images/其他物品/Набор брони--c6933283e9.png,原版图鉴
特殊铠甲礼包,Special Armor Bundle,未标注,宝箱与礼包,包含与你的等级相符的优质铠甲。,叠加上限：1,,,assets/images/其他物品/Набор брони--c6933283e9.png,原版图鉴
安娜·帕夫洛娃博士,Dr. Anna Pavlova,未标注,人物与商人,,基础伤害：70–80；攻击间隔：1.3秒；攻击距离（配置）：0.4；暴击几率：5%；暴击倍率：1.3倍；基础生命：1000；储物栏位：10；移动速度（配置）：4.5,,,,暂缺
贸易同盟战利品,Trade Alliance Trophies,未标注,,收集所有奖励以解锁。,叠加上限：1,,,assets/images/其他物品/试炼战利品--e8c67265f0.png,原版图鉴
乐透彩票,Lottery ticket,未标注,,在领地乐透传奇中赢得独特奖品的必需品。,,,当前档案有 29 条同名记录；可能来自不同场景、活动或难度，请比较基础属性。,assets/images/其他物品/乐透彩票--ae400fa8f0.png,原版图鉴
伏都教巫师钥匙,Bokor's Key,未标注,,送葬者牧师的钥匙，他受托储存邪教的资源和仪式装备。这把钥匙被用来锁上伏都教巫师在被遗忘的墓地里的宝箱。,耐久：1；叠加上限：1,,,assets/images/其他物品/伏都教巫师钥匙--9e6e8ec9e9.png,原版图鉴
万圣节箱子,Halloween Chest,未标注,宝箱与礼包,领地的万圣节活动奖励。,叠加上限：1,,当前档案有 11 条同名记录；可能来自不同场景、活动或难度，请比较基础属性。,assets/images/其他物品/万圣节箱子--3fd350a854.png,原版图鉴
万圣节大型箱子,Big Halloween Chest,未标注,宝箱与礼包,领地的万圣节活动特殊奖励。,叠加上限：1,,当前档案有 10 条同名记录；可能来自不同场景、活动或难度，请比较基础属性。,assets/images/其他物品/万圣节大型箱子--fd444a2277.png,原版图鉴
万圣节箱子,Halloween Chest,未标注,宝箱与礼包,领地的万圣节活动奖励。,叠加上限：1,,当前档案有 11 条同名记录；可能来自不同场景、活动或难度，请比较基础属性。,assets/images/其他物品/万圣节箱子--3fd350a854.png,原版图鉴
万圣节大型箱子,Big Halloween Chest,未标注,宝箱与礼包,领地的万圣节活动特殊奖励。,叠加上限：1,,当前档案有 10 条同名记录；可能来自不同场景、活动或难度，请比较基础属性。,assets/images/其他物品/万圣节大型箱子--fd444a2277.png,原版图鉴
万圣节大型箱子,Big Halloween Chest,未标注,宝箱与礼包,领地的万圣节活动特殊奖励。,叠加上限：1,,当前档案有 10 条同名记录；可能来自不同场景、活动或难度，请比较基础属性。,assets/images/其他物品/万圣节大型箱子--fd444a2277.png,原版图鉴
万圣节箱子,Halloween Chest,未标注,宝箱与礼包,领地的万圣节活动奖励。,叠加上限：1,,当前档案有 11 条同名记录；可能来自不同场景、活动或难度，请比较基础属性。,assets/images/其他物品/万圣节箱子--3fd350a854.png,原版图鉴
万圣节大型箱子,Big Halloween Chest,未标注,宝箱与礼包,领地的万圣节活动特殊奖励。,叠加上限：1,,当前档案有 10 条同名记录；可能来自不同场景、活动或难度，请比较基础属性。,assets/images/其他物品/万圣节大型箱子--fd444a2277.png,原版图鉴
万圣节箱子,Halloween Chest,未标注,宝箱与礼包,领地的万圣节活动奖励。,叠加上限：1,,当前档案有 11 条同名记录；可能来自不同场景、活动或难度，请比较基础属性。,assets/images/其他物品/万圣节箱子--3fd350a854.png,原版图鉴
高级,Premium,未标注,,Аctivates Premium.,,,当前档案有 10 条同名记录；可能来自不同场景、活动或难度，请比较基础属性。,assets/images/其他物品/高级--cd26bdb1aa.png,原版图鉴
瘟疫伏都教巫师宝箱,Plague Bokor's Chest,未标注,宝箱与礼包,包含传奇武器、外表碎片、用于建筑装饰、组装送葬者自行车以及制作完美武器的资源。,叠加上限：1,,,assets/images/其他物品/瘟疫伏都教巫师宝箱--f0e8c5a085.png,原版图鉴
瘟疫伏都教巫师的战利品箱子,Plague Bokor's Trophy Chest,未标注,宝箱与礼包,包含传奇武器、外表碎片、用于建筑装饰、组装送葬者自行车以及制作完美武器的资源。,叠加上限：1,,,assets/images/其他物品/瘟疫伏都教巫师的战利品箱子--0f6d172ef3.png,原版图鉴
丹巴拉的盒子,Damballah's Chest,未标注,宝箱与礼包,包含挑战奖励中。,叠加上限：1,,当前档案有 4 条同名记录；可能来自不同场景、活动或难度，请比较基础属性。,assets/images/其他物品/丹巴拉的盒子--dd77b92eeb.png,原版图鉴
丹巴拉的大型盒子,Damballah's Big Chest,未标注,宝箱与礼包,包含挑战奖励中。,叠加上限：1,,当前档案有 5 条同名记录；可能来自不同场景、活动或难度，请比较基础属性。,assets/images/其他物品/丹巴拉的大型盒子--7f739ec2b2.png,原版图鉴
丹巴拉的白银盒子,Damballah's Silver Chest,未标注,宝箱与礼包,包含挑战奖励中。,叠加上限：1,,当前档案有 5 条同名记录；可能来自不同场景、活动或难度，请比较基础属性。,assets/images/其他物品/丹巴拉的白银盒子--ce83f30835.png,原版图鉴
丹巴拉的黄金盒子,Damballah's Gold Chest,未标注,宝箱与礼包,包含挑战奖励中。,叠加上限：1,,当前档案有 5 条同名记录；可能来自不同场景、活动或难度，请比较基础属性。,assets/images/其他物品/丹巴拉的黄金盒子--f24a157c65.png,原版图鉴
高级,Premium,未标注,货币与活动代币,Аctivates Premium.,,,当前档案有 10 条同名记录；可能来自不同场景、活动或难度，请比较基础属性。,assets/images/其他物品/高级--cd26bdb1aa.png,原版图鉴
盟友装备礼包,Ally Equipment Bundle,未标注,宝箱与礼包,提升盟友战斗数值的传奇装备。,叠加上限：1,,当前档案有 3 条同名记录；可能来自不同场景、活动或难度，请比较基础属性。,assets/images/其他物品/盟友装备礼包--977e9a91c6.png,原版图鉴
第1赛季奖杯,Season 1 Trophies,未标注,宝箱与礼包,内含盟友碎片和其他贵重物品。,叠加上限：1,,,assets/images/其他物品/第1赛季奖杯--376dfedf8a.png,原版图鉴
高级,Premium,未标注,货币与活动代币,Аctivates Premium.,,,当前档案有 10 条同名记录；可能来自不同场景、活动或难度，请比较基础属性。,assets/images/其他物品/高级--702c49b3a3.png,原版图鉴
《领地时报》,The Territory Times Newspaper,未标注,笔记与线索,阅读并了解游戏的最新变化。,叠加上限：1,,当前档案有 105 条同名记录；可能来自不同场景、活动或难度，请比较基础属性。,assets/images/其他物品/《领地时报》--d7068c6a05.png,原版图鉴
高级,Premium,未标注,,Аctivates Premium.,,,当前档案有 10 条同名记录；可能来自不同场景、活动或难度，请比较基础属性。,assets/images/其他物品/高级--cd26bdb1aa.png,原版图鉴
死亡自行车,Bicycle of Death,未标注,,这辆自行车上遍布神秘符号和骨头， 并涂着酸性油漆。 受萨梅迪男爵和铁匠昂贡的祝福。,,,,assets/images/建筑设施/死亡自行车--319ca04a13.png,原版图鉴
神经强化器技术卡,Neuroenhancer Technocard,未标注,,一组随机的全息图，用于神经强化器。据研究所称，每一组特定的图像只有在第一次使用时才有效。,叠加上限：20,,在游荡者通行证的奖励中。；当前档案有 3 条同名记录；可能来自不同场景、活动或难度，请比较基础属性。,assets/images/其他物品/神经强化器技术卡--f9a12e0496.png,原版图鉴
游荡者圣诞老人,Strider Santa,未标注,人物与商人,,基础生命：1000；储物栏位：10；移动速度（配置）：4.5,,当前档案有 3 条同名记录；可能来自不同场景、活动或难度，请比较基础属性。,,暂缺
要塞军医,Citadel Military Doctor,未标注,人物与商人,,基础生命：100；储物栏位：10,,当前档案有 2 条同名记录；可能来自不同场景、活动或难度，请比较基础属性。,assets/images/其他物品/贸易联盟商人--cd26bdb1aa.png,原版图鉴
精英盟友徽章,Elite Ally Emblem,未标注,货币与活动代币,"根据研究所的指示，这些稀有的徽章只授予特别杰出的安全屋项目参与者。
 
 可在盟友挑战中获得。徽章的数量取决于你在该回合中的名次。",,,出现场景：储料设施,assets/images/资源材料/精英盟友徽章--e501c445d6.png,原版图鉴
要塞军医的价目表,Citadel Military Doctor's Price List,未标注,,神经生长计划的品类。要获得这些货物，请准备好指定的材料，并与前哨的要塞军医联系。,叠加上限：1,,当前档案有 2 条同名记录；可能来自不同场景、活动或难度，请比较基础属性。,assets/images/其他物品/贸易联盟价格--9cef2828bd.png,原版图鉴
蓝图部分,Part of Blueprint,未标注,外观,研究所呼吸面具,叠加上限：1,,当前档案有 61 条同名记录；可能来自不同场景、活动或难度，请比较基础属性。,assets/images/其他物品/蓝图部分--b4dd99c72b.png,原版图鉴
专家武器,Specialist's Weapons,未标注,宝箱与礼包,"你将获得一件列表中的物品：
— 昂贡的决心
— 专家Vintorez暴击版步枪
— 专家AK通用版步枪
— 专家SPAS通用版散弹枪
— 寒冷专家AK步枪",叠加上限：1,,当前档案有 2 条同名记录；可能来自不同场景、活动或难度，请比较基础属性。,assets/images/其他物品/专家武器--564f3bac04.png,原版图鉴
专家铠甲,Specialist's Armor,未标注,宝箱与礼包,"你将获得一件列表中的物品：
— 浪涌特殊头盔
— 机遇战术背心
— 专家背心
— 专家裤子
— 专家靴子",叠加上限：1,,当前档案有 2 条同名记录；可能来自不同场景、活动或难度，请比较基础属性。,assets/images/其他物品/专家铠甲--f27328e48d.png,原版图鉴
森林野兽套装,Forest Beast's Set,未标注,宝箱与礼包,森林野兽铠甲和获得传奇武器的机会。,叠加上限：1,,,assets/images/其他物品/森林野兽套装--502f69e66f.png,原版图鉴
重型武器,Heavy weapon,未标注,宝箱与礼包,火焰喷射器、火箭筒，或一把传奇步枪。,叠加上限：1,,当前档案有 3 条同名记录；可能来自不同场景、活动或难度，请比较基础属性。,assets/images/其他物品/重型武器--467b9d6200.png,原版图鉴
异教徒的末日,Last Day of Heretic,未标注,宝箱与礼包,杀死狂腐士头目的战利品。,叠加上限：1,,当前档案有 4 条同名记录；可能来自不同场景、活动或难度，请比较基础属性。,assets/images/其他物品/异教徒的末日--3f362ac9e3.png,原版图鉴
最后的幸存者,Last Survivor,未标注,宝箱与礼包,克里姆的铠甲，并有几率找到粉碎锤或保护性的刽子手之心。,叠加上限：1,,当前档案有 3 条同名记录；可能来自不同场景、活动或难度，请比较基础属性。,assets/images/其他物品/最后的幸存者--e3c41c35b0.png,原版图鉴
特使礼物宝箱,Envoy's Gift Chest,未标注,宝箱与礼包,包含AKM暴风雪和节日食物作为礼物。,叠加上限：1,,,assets/images/其他物品/特使礼物宝箱--d5ab94a2d2.png,原版图鉴
高级,Premium,未标注,货币与活动代币,Аctivates Premium.,,,当前档案有 10 条同名记录；可能来自不同场景、活动或难度，请比较基础属性。,assets/images/其他物品/高级--cd26bdb1aa.png,原版图鉴
乐透彩票,Lottery ticket,未标注,,在领地工程师乐透中赢得独特奖品的必需品。,,,当前档案有 29 条同名记录；可能来自不同场景、活动或难度，请比较基础属性。,assets/images/其他物品/乐透彩票--6d65c8ff60.png,原版图鉴
高级,Premium,未标注,货币与活动代币,Аctivates Premium.,,,当前档案有 10 条同名记录；可能来自不同场景、活动或难度，请比较基础属性。,assets/images/其他物品/高级--cd26bdb1aa.png,原版图鉴
传奇盟友装备,Legendary Ally Equipment,未标注,,"你将获得一件列表中的物品：
 — 镜头-4面罩；
 — 猎户座-4皮带；
 — 刺激-4模块；
 — 骑士-4背心。
 物品效率随着你盟友的等级而提升。",叠加上限：1,,当前档案有 5 条同名记录；可能来自不同场景、活动或难度，请比较基础属性。,assets/images/资源材料/稀有盟友装备--71df108204.png,原版图鉴
传奇盟友装备,Legendary Ally Equipment,未标注,,"你将获得一件列表中的物品：
 — 镜头-4面罩；
 — 猎户座-4皮带；
 — 刺激-4模块；
 — 骑士-4背心。
 物品效率随着你盟友的等级而提升。",叠加上限：1,,当前档案有 5 条同名记录；可能来自不同场景、活动或难度，请比较基础属性。,assets/images/资源材料/独特盟友装备--b377bb0688.png,原版图鉴
《领地时报》,The Territory Times Newspaper,未标注,笔记与线索,阅读并了解游戏的最新变化。,叠加上限：1,,当前档案有 105 条同名记录；可能来自不同场景、活动或难度，请比较基础属性。,assets/images/其他物品/《领地时报》--d7068c6a05.png,原版图鉴
《领地时报》,The Territory Times Newspaper,未标注,笔记与线索,阅读并了解游戏的最新变化。,叠加上限：1,,当前档案有 105 条同名记录；可能来自不同场景、活动或难度，请比较基础属性。,assets/images/其他物品/《领地时报》--d7068c6a05.png,原版图鉴
专家武器,Specialist's Weapons,未标注,,专家武器和获得背包的几率！,叠加上限：1,,当前档案有 2 条同名记录；可能来自不同场景、活动或难度，请比较基础属性。,assets/images/其他物品/专家武器--564f3bac04.png,原版图鉴
神经强化器技术卡,Neuroenhancer Technocard,未标注,,一组随机的全息图，用于神经强化器。据研究所称，每一组特定的图像只有在第一次使用时才有效。,叠加上限：20,,当前档案有 3 条同名记录；可能来自不同场景、活动或难度，请比较基础属性。,assets/images/其他物品/神经强化器技术卡--f9a12e0496.png,原版图鉴
神经强化器技术卡,Neuroenhancer Technocard,未标注,,一组随机的全息图，用于神经强化器。据研究所称，每一组特定的图像只有在第一次使用时才有效。,叠加上限：20,,当前档案有 3 条同名记录；可能来自不同场景、活动或难度，请比较基础属性。,assets/images/其他物品/神经强化器技术卡--f9a12e0496.png,原版图鉴
新年箱子,New Year Chest,未标注,宝箱与礼包,包含阿尔法编码器、优质武器、节日食物和药品。,叠加上限：1,,当前档案有 10 条同名记录；可能来自不同场景、活动或难度，请比较基础属性。,assets/images/其他物品/新年箱子--12c0be7ca1.png,原版图鉴
大型新年箱子,Big New Year Chest,未标注,宝箱与礼包,包含阿尔法编码器、阿月碎片、优质武器和制作物品的资源。,叠加上限：1,,当前档案有 5 条同名记录；可能来自不同场景、活动或难度，请比较基础属性。,assets/images/其他物品/大型新年箱子--c380c8cd5a.png,原版图鉴
新年箱子,New Year Chest,未标注,宝箱与礼包,包含阿尔法编码器、优质铠甲、节日食物、药品和制作物品的资源。,叠加上限：1,,当前档案有 10 条同名记录；可能来自不同场景、活动或难度，请比较基础属性。,assets/images/其他物品/新年箱子--12c0be7ca1.png,原版图鉴
大型新年箱子,Big New Year Chest,未标注,宝箱与礼包,包含阿尔法编码器、优质武器和制作物品的资源。,叠加上限：1,,当前档案有 5 条同名记录；可能来自不同场景、活动或难度，请比较基础属性。,assets/images/其他物品/大型新年箱子--c380c8cd5a.png,原版图鉴
大型新年箱子,Big New Year Chest,未标注,宝箱与礼包,包含阿尔法编码器、阿月碎片、优质武器和制作物品的资源。,叠加上限：1,,当前档案有 5 条同名记录；可能来自不同场景、活动或难度，请比较基础属性。,assets/images/其他物品/大型新年箱子--c380c8cd5a.png,原版图鉴
新年箱子,New Year Chest,未标注,宝箱与礼包,包含阿尔法编码器、优质武器、药品和制作物品的资源。,叠加上限：1,,当前档案有 10 条同名记录；可能来自不同场景、活动或难度，请比较基础属性。,assets/images/其他物品/新年箱子--12c0be7ca1.png,原版图鉴
大型新年箱子,Big New Year Chest,未标注,宝箱与礼包,包含阿尔法编码器、阿月碎片、传奇铠甲和制作物品的资源。,叠加上限：1,,当前档案有 5 条同名记录；可能来自不同场景、活动或难度，请比较基础属性。,assets/images/其他物品/大型新年箱子--c380c8cd5a.png,原版图鉴
新年箱子,New Year Chest,未标注,宝箱与礼包,包含阿尔法编码器、阿月碎片、药品、节日食物和制作物品的资源。,叠加上限：1,,当前档案有 10 条同名记录；可能来自不同场景、活动或难度，请比较基础属性。,assets/images/其他物品/新年箱子--12c0be7ca1.png,原版图鉴
乐透彩票,Lottery ticket,未标注,,用于在冰霜乐透中赢得独特奖品。,,,当前档案有 29 条同名记录；可能来自不同场景、活动或难度，请比较基础属性。,assets/images/其他物品/乐透彩票--a05d7b3b9c.png,原版图鉴
《领地时报》,The Territory Times Newspaper,未标注,笔记与线索,阅读并了解游戏的最新变化。,叠加上限：1,,当前档案有 105 条同名记录；可能来自不同场景、活动或难度，请比较基础属性。,assets/images/其他物品/《领地时报》--d7068c6a05.png,原版图鉴
蓝图部分,Part of Blueprint,未标注,外观,游骑兵帽子,叠加上限：1,,当前档案有 61 条同名记录；可能来自不同场景、活动或难度，请比较基础属性。,assets/images/其他物品/蓝图部分--42887c088c.png,原版图鉴
蓝图部分,Part of Blueprint,未标注,外观,战利品收集者的面具,叠加上限：1,,当前档案有 61 条同名记录；可能来自不同场景、活动或难度，请比较基础属性。,assets/images/其他物品/蓝图部分--e06955dc01.png,原版图鉴
蓝图部分,Part of Blueprint,未标注,外观,攻击迷彩,叠加上限：1,,当前档案有 61 条同名记录；可能来自不同场景、活动或难度，请比较基础属性。,assets/images/其他物品/蓝图部分--766940742b.png,原版图鉴
蓝图部分,Part of Blueprint,未标注,外观,重磅背包,叠加上限：1,,当前档案有 61 条同名记录；可能来自不同场景、活动或难度，请比较基础属性。,assets/images/其他物品/蓝图部分--93792c8aa6.png,原版图鉴
第2赛季奖杯,Season 2 Trophies,未标注,宝箱与礼包,内含盟友碎片和其他贵重物品。,叠加上限：1,,,assets/images/其他物品/第1赛季奖杯--376dfedf8a.png,原版图鉴
黑帮叛徒,Triad Turncoat,未标注,人物与商人,,基础生命：450；储物栏位：10；移动速度（配置）：4.5,,当前档案有 14 条同名记录；可能来自不同场景、活动或难度，请比较基础属性。,,暂缺
龙女,Lady Dragon,未标注,人物与商人,,基础生命：450；储物栏位：10；移动速度（配置）：4.5,,当前档案有 2 条同名记录；可能来自不同场景、活动或难度，请比较基础属性。,,暂缺
黑龙铠甲套装,Black Dragon's Armor Set,未标注,宝箱与礼包,包含全套完美黑龙铠甲。,叠加上限：1,,,assets/images/其他物品/黑龙铠甲套装--1cd74e74fb.png,原版图鉴
《领地时报》,The Territory Times Newspaper,未标注,笔记与线索,阅读并了解游戏的最新变化。,叠加上限：1,,当前档案有 105 条同名记录；可能来自不同场景、活动或难度，请比较基础属性。,assets/images/其他物品/《领地时报》--d7068c6a05.png,原版图鉴
小型完美工具箱子,Small Crate of Perfect Tools,未标注,宝箱与礼包,包含10件用于修理完美铠甲的工具。,叠加上限：1,,,assets/images/其他物品/小型完美工具箱子--c4ee1d95ba.png,原版图鉴
中型完美工具箱子,Medium Crate of Perfect Tools,未标注,宝箱与礼包,包含30件用于修理完美铠甲的工具。,叠加上限：1,,,assets/images/其他物品/中型完美工具箱子--0d4dd18cca.png,原版图鉴
"首次购买黄金状态
 的礼物","Gifts for the 1st
 Golden Status purchase",未标注,,连续7天登录游戏每日赠送。在你首次购买黄金状态后给予一次。,,,当前档案有 2 条同名记录；可能来自不同场景、活动或难度，请比较基础属性。,assets/images/其他物品/首次购买黄金状态_ 的礼物--385c37eb8c.png,原版图鉴
免费武器库,Free Arsenal,未标注,,商店中每周都有免费装备。,,,,assets/images/其他物品/异教徒的末日--dd227f3006.png,原版图鉴
物品整理,Item Sorting,未标注,,一键将物品栏归置为避难所盒子的物品包。,,,,assets/images/其他物品/物品整理--6d9b62969f.png,原版图鉴
额外技能点数,Extra Skill Points,未标注,,额外的技能点用于提升等级，并作为完成二极管、储料和双子设施的奖励。,,,,assets/images/其他物品/新等级和研究所设施可获额外技能点数--4384bbc605.png,原版图鉴
花费黄金进行每日剧情任务,Gold for Daily Quests,未标注,,每日剧情任务奖励中的黄金。,,,,assets/images/其他物品/每天登录游戏，获得额外黄金--24b0680669.png,原版图鉴
额外能量,Extra Energy,未标注,,增加最大能量和快速治疗。,,,,assets/images/其他物品/额外能量--12f335634c.png,原版图鉴
在方舟中重生,Respawn in the Ark,未标注,,在方舟设施中的死亡地点立即重生。,,,,assets/images/其他物品/在方舟中重生--92a7952280.png,原版图鉴
快速交易,Quick Trade,未标注,,一键点击价目表，从避难所箱子里取出物品用于交易。,,,,assets/images/其他物品/快速交易--806b7647f3.png,原版图鉴
访问状态分区,Access to the Status Section,未标注,,黄金状态，以促销价提供独特优惠的商店分区。,,,,assets/images/其他物品/访问状态分区--9fd4a9354d.png,原版图鉴
在领地中传送,Teleportation in the Territories,未标注,,在各领地内即时旅行。,,,,assets/images/其他物品/在领地中传送--5ba679546d.png,原版图鉴
《领地时报》,The Territory Times Newspaper,未标注,笔记与线索,阅读并了解游戏的最新变化。,叠加上限：1,,当前档案有 105 条同名记录；可能来自不同场景、活动或难度，请比较基础属性。,assets/images/其他物品/《领地时报》--d7068c6a05.png,原版图鉴
黑帮挑战箱子,Triad Challenge Crate,未标注,宝箱与礼包,包含挑战奖励中。,叠加上限：1,,,assets/images/其他物品/黑帮奖品--f80780bd7a.png,原版图鉴
中型黑帮挑战箱子,Medium Triad Challenge Crate,未标注,宝箱与礼包,包含挑战奖励中。,叠加上限：1,,,assets/images/其他物品/黑帮铜奖--ff5522da66.png,原版图鉴
大型黑帮挑战箱子,Big Triad Challenge Crate,未标注,宝箱与礼包,包含挑战奖励中。,叠加上限：1,,,assets/images/其他物品/黑帮银奖--4b370153ad.png,原版图鉴
巨型黑帮挑战箱子,Huge Triad Challenge Crate,未标注,宝箱与礼包,包含挑战奖励中。,叠加上限：1,,,assets/images/其他物品/黑帮金奖--067e7e51b7.png,原版图鉴
完美武器,Perfect Arms,未标注,宝箱与礼包,完美武器和独特效果。,叠加上限：1,,当前档案有 2 条同名记录；可能来自不同场景、活动或难度，请比较基础属性。,assets/images/其他物品/完美武器--b7aee6dc64.png,原版图鉴
"首次购买黄金状态
 的礼物","Gifts for the 1st
 Golden Status purchase",未标注,,连续7天登录游戏每日赠送。在你首次购买黄金状态后给予一次。,,,当前档案有 2 条同名记录；可能来自不同场景、活动或难度，请比较基础属性。,assets/images/其他物品/首次购买黄金状态_ 的礼物--385c37eb8c.png,原版图鉴
坟墓火焰武器,Tomb Fire Weapons,未标注,宝箱与礼包,"你将获得一件列表中的物品：
— 死亡之舞
— 审判之眼
— 坟墓火焰十字弓
— 坟墓焚化器
— 坟墓探索枪",叠加上限：1,,,assets/images/其他物品/坟墓火焰武器--237883fa42.png,原版图鉴
蓝图部分,Part of Blueprint,未标注,外观,CGM-12防毒面具,叠加上限：1,,当前档案有 61 条同名记录；可能来自不同场景、活动或难度，请比较基础属性。,assets/images/其他物品/蓝图部分--435a6ab1d4.png,原版图鉴
蓝图部分,Part of Blueprint,未标注,外观,图书管理员,叠加上限：1,,当前档案有 61 条同名记录；可能来自不同场景、活动或难度，请比较基础属性。,assets/images/其他物品/蓝图部分--c3da186d24.png,原版图鉴
第3赛季奖杯,Season 3 Trophies,未标注,宝箱与礼包,包含车辆零件、传奇铠甲与武器、经验性补品和风暴游荡者碎片。,叠加上限：1,,,assets/images/其他物品/第1赛季奖杯--376dfedf8a.png,原版图鉴
冠军宝箱,Champion's Chest,未标注,宝箱与礼包,包含250黄金和一件能造成电力伤害的传奇武器。,叠加上限：1,,当前档案有 11 条同名记录；可能来自不同场景、活动或难度，请比较基础属性。,assets/images/其他物品/冠军宝箱--dd182ad0e0.png,原版图鉴
《领地时报》,The Territory Times Newspaper,未标注,笔记与线索,阅读并了解游戏的最新变化。,叠加上限：1,,当前档案有 105 条同名记录；可能来自不同场景、活动或难度，请比较基础属性。,assets/images/其他物品/《领地时报》--d7068c6a05.png,原版图鉴
蓝图部分,Part of Blueprint,未标注,外观,吉布森-84头盔,叠加上限：1,,当前档案有 61 条同名记录；可能来自不同场景、活动或难度，请比较基础属性。,assets/images/其他物品/蓝图部分--0d550e50af.png,原版图鉴
蓝图部分,Part of Blueprint,未标注,外观,法贝热-M,叠加上限：1,,当前档案有 61 条同名记录；可能来自不同场景、活动或难度，请比较基础属性。,assets/images/其他物品/蓝图部分--5b04c7aba6.png,原版图鉴
丽莎,Liza,未标注,人物与商人,,基础生命：100；储物栏位：10；移动速度（配置）：4.5,,,assets/images/其他物品/贸易联盟商人--cd26bdb1aa.png,原版图鉴
丽莎的货物清单,Liza's List of Goods,未标注,,包含位于避难所的丽莎的货物价格。,叠加上限：1,,,assets/images/其他物品/贸易联盟价格--9cef2828bd.png,原版图鉴
促销令牌,Sale Token,未标注,货币与活动代币,"在促销和集市期间，贸易联盟会向买家提供令牌，可以与商人交换实用的战利品。
 
 可在商店的促销分区购买获得。",,,在促销分区中进行购买,assets/images/补给消耗品/十月集市点数--5a17615efe.png,原版图鉴
春季节庆点数,Spring Festival Points,未标注,货币与活动代币,领取春季节庆特殊活动奖励的必需品。,,,,assets/images/补给消耗品/春季节庆点数--d43abcdbef.png,原版图鉴
赢家宝箱,Winner's Chest,未标注,宝箱与礼包,包含专家铠甲、一件纳米机器以及一件传奇武器。,叠加上限：1,,当前档案有 14 条同名记录；可能来自不同场景、活动或难度，请比较基础属性。,assets/images/其他物品/赢家宝箱--ade5ee7f9c.png,原版图鉴
小型派系任务盒子,Small Mission Box,未标注,宝箱与礼包,完成兄弟会派系任务的奖励。,叠加上限：1,,当前档案有 20 条同名记录；可能来自不同场景、活动或难度，请比较基础属性。,assets/images/其他物品/游荡者箱子--0befe7e4fb.png,原版图鉴
中型派系任务盒子,Medium Mission Box,未标注,宝箱与礼包,完成兄弟会派系任务的高级奖励。,叠加上限：1,,当前档案有 8 条同名记录；可能来自不同场景、活动或难度，请比较基础属性。,assets/images/其他物品/中型派系任务盒子--c099fef41d.png,原版图鉴
小型派系任务盒子,Small Mission Box,未标注,宝箱与礼包,完成兄弟会派系任务的奖励。,叠加上限：1,,当前档案有 20 条同名记录；可能来自不同场景、活动或难度，请比较基础属性。,assets/images/其他物品/游荡者箱子--0befe7e4fb.png,原版图鉴
小型派系任务盒子,Small Mission Box,未标注,宝箱与礼包,完成兄弟会派系任务的奖励。,叠加上限：1,,当前档案有 20 条同名记录；可能来自不同场景、活动或难度，请比较基础属性。,assets/images/其他物品/游荡者箱子--0befe7e4fb.png,原版图鉴
中型派系任务盒子,Medium Mission Box,未标注,宝箱与礼包,完成兄弟会派系任务的高级奖励。,叠加上限：1,,当前档案有 8 条同名记录；可能来自不同场景、活动或难度，请比较基础属性。,assets/images/其他物品/中型派系任务盒子--c099fef41d.png,原版图鉴
小型派系任务盒子,Small Mission Box,未标注,宝箱与礼包,完成兄弟会派系任务的奖励。,叠加上限：1,,当前档案有 20 条同名记录；可能来自不同场景、活动或难度，请比较基础属性。,assets/images/其他物品/游荡者箱子--0befe7e4fb.png,原版图鉴
大型派系任务盒子,Big Mission Box,未标注,宝箱与礼包,完成兄弟会派系任务的特殊高级奖励。,叠加上限：1,,当前档案有 4 条同名记录；可能来自不同场景、活动或难度，请比较基础属性。,assets/images/其他物品/大型派系任务盒子--142d653e06.png,原版图鉴
小型派系任务盒子,Small Mission Box,未标注,宝箱与礼包,完成兄弟会派系任务的奖励。,叠加上限：1,,当前档案有 20 条同名记录；可能来自不同场景、活动或难度，请比较基础属性。,assets/images/其他物品/游荡者箱子--0befe7e4fb.png,原版图鉴
小型派系任务盒子,Small Mission Box,未标注,宝箱与礼包,完成要塞兵团派系任务的奖励。,叠加上限：1,,当前档案有 20 条同名记录；可能来自不同场景、活动或难度，请比较基础属性。,assets/images/其他物品/要塞兵团的特殊板条箱--35eddd94b7.png,原版图鉴
中型派系任务盒子,Medium Mission Box,未标注,宝箱与礼包,完成要塞兵团派系任务的高级奖励。,叠加上限：1,,当前档案有 8 条同名记录；可能来自不同场景、活动或难度，请比较基础属性。,assets/images/其他物品/中型派系任务盒子--8d3eb40d38.png,原版图鉴
小型派系任务盒子,Small Mission Box,未标注,宝箱与礼包,完成要塞兵团派系任务的奖励。,叠加上限：1,,当前档案有 20 条同名记录；可能来自不同场景、活动或难度，请比较基础属性。,assets/images/其他物品/要塞兵团的特殊板条箱--35eddd94b7.png,原版图鉴
小型派系任务盒子,Small Mission Box,未标注,宝箱与礼包,完成要塞兵团派系任务的奖励。,叠加上限：1,,当前档案有 20 条同名记录；可能来自不同场景、活动或难度，请比较基础属性。,assets/images/其他物品/要塞兵团的特殊板条箱--35eddd94b7.png,原版图鉴
中型派系任务盒子,Medium Mission Box,未标注,宝箱与礼包,完成要塞兵团派系任务的高级奖励。,叠加上限：1,,当前档案有 8 条同名记录；可能来自不同场景、活动或难度，请比较基础属性。,assets/images/其他物品/中型派系任务盒子--8d3eb40d38.png,原版图鉴
小型派系任务盒子,Small Mission Box,未标注,宝箱与礼包,完成要塞兵团派系任务的奖励。,叠加上限：1,,当前档案有 20 条同名记录；可能来自不同场景、活动或难度，请比较基础属性。,assets/images/其他物品/要塞兵团的特殊板条箱--35eddd94b7.png,原版图鉴
大型派系任务盒子,Big Mission Box,未标注,宝箱与礼包,完成要塞兵团派系任务的特殊高级奖励。,叠加上限：1,,当前档案有 4 条同名记录；可能来自不同场景、活动或难度，请比较基础属性。,assets/images/其他物品/大型派系任务盒子--185a7bcb90.png,原版图鉴
小型派系任务盒子,Small Mission Box,未标注,宝箱与礼包,完成要塞兵团派系任务的奖励。,叠加上限：1,,当前档案有 20 条同名记录；可能来自不同场景、活动或难度，请比较基础属性。,assets/images/其他物品/要塞兵团的特殊板条箱--35eddd94b7.png,原版图鉴
常规盟友物品,Regular ally items,未标注,宝箱与礼包,"你将获得列表中的2-3件物品：
— 镜头-1面罩；
— 猎户座-1皮带；
— 刺激-1模块；
— 骑士-1背心。
特性是在收到物品后随机确定的。",叠加上限：1,,当前档案有 4 条同名记录；可能来自不同场景、活动或难度，请比较基础属性。,assets/images/其他物品/常规盟友物品--4b52f60c9d.png,原版图鉴
《领地时报》,The Territory Times Newspaper,未标注,笔记与线索,阅读并了解游戏的最新变化。,叠加上限：1,,当前档案有 105 条同名记录；可能来自不同场景、活动或难度，请比较基础属性。,assets/images/其他物品/《领地时报》--d7068c6a05.png,原版图鉴
独行者铠甲套装,Loner's Armor Set,未标注,,一套适合你在领地上首次出征的铠甲套装。,,,,assets/images/其他物品/独行者铠甲套装--c68f223124.png,原版图鉴
可交换物品,Exchangeable items,未标注,,包含可与最后的领地上的商人交换的各种物品。,,,,assets/images/其他物品/可交换物品--ad16e2de62.png,原版图鉴
传奇盟友装备,Legendary Ally Equipment,未标注,,"你将获得一件列表中的物品：
 — 镜头-4面罩；
 — 猎户座-4皮带；
 — 刺激-4模块；
 — 骑士-4背心。
 物品效率随着你盟友的等级而提升。",,,当前档案有 5 条同名记录；可能来自不同场景、活动或难度，请比较基础属性。,assets/images/其他物品/传奇盟友装备--b497dc3608.png,原版图鉴
领地资源,Territory Resources,未标注,,用于建设和制作物品的资源。,,,,assets/images/其他物品/领地资源--0d34d81f0b.png,原版图鉴
盟友装备礼包,Ally Equipment Bundle,未标注,宝箱与礼包,提升盟友战斗数值的传奇装备。,叠加上限：1,,当前档案有 3 条同名记录；可能来自不同场景、活动或难度，请比较基础属性。,assets/images/其他物品/盟友装备礼包--977e9a91c6.png,原版图鉴
常规武器礼包,Regular Weapon Bundle,未标注,宝箱与礼包,包含与你的等级相符的武器。,叠加上限：1,,当前档案有 2 条同名记录；可能来自不同场景、活动或难度，请比较基础属性。,assets/images/其他物品/常规武器礼包--6b71f0555f.png,原版图鉴
研究所的纳米机器,Institute's Nanites,未标注,宝箱与礼包,包含两个随机的纳米机器。,叠加上限：1,,当前档案有 2 条同名记录；可能来自不同场景、活动或难度，请比较基础属性。,assets/images/资源材料/研究所的纳米机器--8b3f0198eb.png,原版图鉴
暗黑游荡者铠甲,Black Strider's Armor,未标注,宝箱与礼包,"你将获得列表中的1-5件物品：
— 暗黑游荡者面具
— 暗黑游荡者战术背心
— 暗黑游荡者毛衣
— 暗黑游荡者裤子
— 暗黑游荡者靴子",叠加上限：1,,当前档案有 2 条同名记录；可能来自不同场景、活动或难度，请比较基础属性。,assets/images/其他物品/暗黑游荡者铠甲套装--30270e2e75.png,原版图鉴
第4赛季奖杯,Season 4 Trophies,未标注,宝箱与礼包,包含编码器、传奇铠甲和武器、经验性补品、盟友装备修理箱子、愤怒-U兴奋剂，以及装备：恢复器。,叠加上限：1,,,assets/images/其他物品/第1赛季奖杯--376dfedf8a.png,原版图鉴
异象武器库,Aberrated Arsenal,未标注,宝箱与礼包,包含一件传奇武器，具有一种异象伤害：火焰、酸性、寒冷或电力。,叠加上限：1,,,assets/images/其他物品/重型武器--b13f4f9e55.png,原版图鉴
《领地时报》,The Territory Times Newspaper,未标注,笔记与线索,阅读并了解游戏的最新变化。,叠加上限：1,,当前档案有 105 条同名记录；可能来自不同场景、活动或难度，请比较基础属性。,assets/images/其他物品/《领地时报》--d7068c6a05.png,原版图鉴
《领地时报》,The Territory Times Newspaper,未标注,笔记与线索,阅读并了解游戏的最新变化。,叠加上限：1,,当前档案有 105 条同名记录；可能来自不同场景、活动或难度，请比较基础属性。,assets/images/其他物品/《领地时报》--d7068c6a05.png,原版图鉴
小型春季礼包,Small Spring Bundle,未标注,宝箱与礼包,包含250点春季节庆点数。,叠加上限：1,,,assets/images/其他物品/小型春季礼包--6ca7497ea3.png,原版图鉴
春季礼包,Spring Bundle,未标注,宝箱与礼包,包含350点春季节庆点数。,叠加上限：1,,,assets/images/其他物品/春季礼包--261bf371b7.png,原版图鉴
大型春季礼包,Big Spring Bundle,未标注,宝箱与礼包,包含550点春季节庆点数。,叠加上限：1,,,assets/images/其他物品/大型春季礼包--c117d74924.png,原版图鉴
研究所的纳米机器,Institute's Nanites,未标注,宝箱与礼包,"你将获得列表中的所有物品：
— 热能纳米机器
— 酸性纳米机器
— 冷冻纳米机器
— 电力纳米机器",叠加上限：1,,当前档案有 2 条同名记录；可能来自不同场景、活动或难度，请比较基础属性。,assets/images/资源材料/研究所的纳米机器--8b3f0198eb.png,原版图鉴
鹰队专家铠甲套装,Hawk-S Armor Set,未标注,宝箱与礼包,"你将获得列表中的所有物品：
— 鹰队专家头盔
— 鹰队专家铠甲
— 鹰队专家背心
— 鹰队专家裤子
— 鹰队专家靴子",叠加上限：1,,,assets/images/其他物品/鹰队专家铠甲套装--1fabb50a7b.png,原版图鉴
《领地时报》,The Territory Times Newspaper,未标注,笔记与线索,阅读并了解游戏的最新变化。,叠加上限：1,,当前档案有 105 条同名记录；可能来自不同场景、活动或难度，请比较基础属性。,assets/images/其他物品/《领地时报》--d7068c6a05.png,原版图鉴
盟友装备礼包,Ally Equipment Bundle,未标注,宝箱与礼包,提升盟友战斗数值的传奇装备。,叠加上限：1,,当前档案有 3 条同名记录；可能来自不同场景、活动或难度，请比较基础属性。,assets/images/其他物品/盟友装备礼包--977e9a91c6.png,原版图鉴
阿尔乔姆,Artyom,未标注,人物与商人,,储物栏位：10；移动速度（配置）：1.5,,当前档案有 3 条同名记录；可能来自不同场景、活动或难度，请比较基础属性。,,暂缺
尼克,Nick,未标注,人物与商人,,储物栏位：10；移动速度（配置）：1.5,,,,暂缺
农夫的日记页面，第1部分,"Farmer's Diary Page, part 1",未标注,笔记与线索,从战前日记中撕下的一张皱巴巴的纸。,叠加上限：1,,,assets/images/其他物品/家长来信--8ff5169e26.png,原版图鉴
农夫的日记页面，第2部分,"Farmer's Diary Page, part 2",未标注,笔记与线索,从战前日记中撕下的一张皱巴巴的纸。,叠加上限：1,,,assets/images/其他物品/家长来信--8ff5169e26.png,原版图鉴
农夫的日记页面，第3部分,"Farmer's Diary Page, part 3",未标注,笔记与线索,从战前日记中撕下的一张皱巴巴的纸。,叠加上限：1,,,assets/images/其他物品/家长来信--8ff5169e26.png,原版图鉴
农夫的录音,Farmer's Audio Recording,未标注,笔记与线索,录音带的标签写着：“克尼什”。,叠加上限：1,,,assets/images/其他物品/语音消息--27563b81ca.png,原版图鉴
农夫的日记页面，第4部分,"Farmer's Diary Page, part 4",未标注,笔记与线索,从战前日记中撕下的一张皱巴巴的纸。,叠加上限：1,,,assets/images/其他物品/家长来信--8ff5169e26.png,原版图鉴
农夫的日记页面，第5部分,"Farmer's Diary Page, part 5",未标注,笔记与线索,从战前日记中撕下的一张皱巴巴的纸。笔迹与之前的日记篇目不同。,叠加上限：1,,,assets/images/其他物品/家长来信--8ff5169e26.png,原版图鉴
全家福,Family Photo,未标注,笔记与线索,背面写着：“感谢你和我们在一起！你的儿子们。”,叠加上限：1,,,assets/images/其他物品/全家福--5be52ac29d.png,原版图鉴
农场工人,Farmworker,未标注,人物与商人,,基础生命：450；移动速度（配置）：1.5,,,,暂缺
阿尔乔姆,Artyom,未标注,人物与商人,,储物栏位：10；移动速度（配置）：1.5,,当前档案有 3 条同名记录；可能来自不同场景、活动或难度，请比较基础属性。,,暂缺
《领地时报》,The Territory Times Newspaper,未标注,笔记与线索,阅读并了解游戏的最新变化。,叠加上限：1,,当前档案有 105 条同名记录；可能来自不同场景、活动或难度，请比较基础属性。,assets/images/其他物品/《领地时报》--d7068c6a05.png,原版图鉴
阿尔乔姆,Artyom,未标注,人物与商人,,储物栏位：10；移动速度（配置）：2,,当前档案有 3 条同名记录；可能来自不同场景、活动或难度，请比较基础属性。,,暂缺
每日奖励,Daily reward,未标注,宝箱与礼包,每周奖励包中今天的份额。,叠加上限：1,,当前档案有 2 条同名记录；可能来自不同场景、活动或难度，请比较基础属性。,assets/images/其他物品/每日奖励--5dd1615b47.png,原版图鉴
装备起来,Gearing Up,未标注,宝箱与礼包,'+1快速栏位、食物，以及工具！,叠加上限：1,,,assets/images/资源材料/装备起来--6a09485dce.png,原版图鉴
专家铠甲,Specialist's Armor,未标注,宝箱与礼包,"你将获得列表中的所有物品：
— 浪涌特殊头盔
— 机遇战术背心
— 专家背心
— 专家裤子
— 专家靴子",叠加上限：1,,当前档案有 2 条同名记录；可能来自不同场景、活动或难度，请比较基础属性。,assets/images/其他物品/专家铠甲--f27328e48d.png,原版图鉴
传奇盟友装备,Legendary Ally Equipment,未标注,宝箱与礼包,"你将获得列表中的所有物品：
 — 镜头-4面罩；
 — 猎户座-4皮带；
 — 刺激-4模块；
 — 骑士-4背心。
 物品效率随着你盟友的等级而提升。",叠加上限：1,,当前档案有 5 条同名记录；可能来自不同场景、活动或难度，请比较基础属性。,assets/images/其他物品/传奇盟友装备--b497dc3608.png,原版图鉴
高级,Premium,未标注,,Аctivates Premium.,,,当前档案有 10 条同名记录；可能来自不同场景、活动或难度，请比较基础属性。,assets/images/其他物品/高级--cd26bdb1aa.png,原版图鉴
高级,Premium,未标注,,Аctivates Premium.,,,当前档案有 10 条同名记录；可能来自不同场景、活动或难度，请比较基础属性。,assets/images/其他物品/高级--cd26bdb1aa.png,原版图鉴
高级,Premium,未标注,货币与活动代币,Аctivates Premium.,,,当前档案有 10 条同名记录；可能来自不同场景、活动或难度，请比较基础属性。,assets/images/其他物品/高级--cd26bdb1aa.png,原版图鉴
萨梅迪收割宝箱,Samedi Reaping Chest,未标注,宝箱与礼包,萨梅迪收割活动奖励。,叠加上限：1,,当前档案有 4 条同名记录；可能来自不同场景、活动或难度，请比较基础属性。,assets/images/其他物品/武器盒子--15fddd717e.png,原版图鉴
大型萨梅迪收割宝箱,Big Samedi Reaping Chest,未标注,宝箱与礼包,萨梅迪收割活动特殊奖励。,叠加上限：1,,当前档案有 4 条同名记录；可能来自不同场景、活动或难度，请比较基础属性。,assets/images/其他物品/大型萨梅迪收割宝箱--f5c3bb02fb.png,原版图鉴
萨梅迪收割宝箱,Samedi Reaping Chest,未标注,宝箱与礼包,萨梅迪收割活动奖励。,叠加上限：1,,当前档案有 4 条同名记录；可能来自不同场景、活动或难度，请比较基础属性。,assets/images/其他物品/武器盒子--15fddd717e.png,原版图鉴
大型萨梅迪收割宝箱,Big Samedi Reaping Chest,未标注,宝箱与礼包,萨梅迪收割活动特殊奖励。,叠加上限：1,,当前档案有 4 条同名记录；可能来自不同场景、活动或难度，请比较基础属性。,assets/images/其他物品/大型萨梅迪收割宝箱--f5c3bb02fb.png,原版图鉴
大型萨梅迪收割宝箱,Big Samedi Reaping Chest,未标注,宝箱与礼包,萨梅迪收割活动特殊奖励。,叠加上限：1,,当前档案有 4 条同名记录；可能来自不同场景、活动或难度，请比较基础属性。,assets/images/其他物品/大型萨梅迪收割宝箱--f5c3bb02fb.png,原版图鉴
萨梅迪收割宝箱,Samedi Reaping Chest,未标注,宝箱与礼包,萨梅迪收割活动奖励。,叠加上限：1,,当前档案有 4 条同名记录；可能来自不同场景、活动或难度，请比较基础属性。,assets/images/其他物品/武器盒子--15fddd717e.png,原版图鉴
大型萨梅迪收割宝箱,Big Samedi Reaping Chest,未标注,宝箱与礼包,萨梅迪收割活动特殊奖励。,叠加上限：1,,当前档案有 4 条同名记录；可能来自不同场景、活动或难度，请比较基础属性。,assets/images/其他物品/大型萨梅迪收割宝箱--f5c3bb02fb.png,原版图鉴
萨梅迪收割宝箱,Samedi Reaping Chest,未标注,宝箱与礼包,萨梅迪收割活动奖励。,叠加上限：1,,当前档案有 4 条同名记录；可能来自不同场景、活动或难度，请比较基础属性。,assets/images/其他物品/武器盒子--15fddd717e.png,原版图鉴
丹巴拉的信使,Damballah's Herald,未标注,人物与商人,,基础生命：1000；储物栏位：10；移动速度（配置）：4.5,,当前档案有 3 条同名记录；可能来自不同场景、活动或难度，请比较基础属性。,,暂缺
丹巴拉的盒子,Damballah's Chest,未标注,宝箱与礼包,包含挑战奖励中。,叠加上限：1,,当前档案有 4 条同名记录；可能来自不同场景、活动或难度，请比较基础属性。,assets/images/其他物品/武器盒子--690796cd4f.png,原版图鉴
丹巴拉的大型盒子,Damballah's Big Chest,未标注,宝箱与礼包,包含挑战奖励中。,叠加上限：1,,当前档案有 5 条同名记录；可能来自不同场景、活动或难度，请比较基础属性。,assets/images/其他物品/武器盒子--2a93f3c02d.png,原版图鉴
丹巴拉的白银盒子,Damballah's Silver Chest,未标注,宝箱与礼包,包含挑战奖励中。,叠加上限：1,,当前档案有 5 条同名记录；可能来自不同场景、活动或难度，请比较基础属性。,assets/images/其他物品/武器盒子--3aaec79aa4.png,原版图鉴
丹巴拉的黄金盒子,Damballah's Gold Chest,未标注,宝箱与礼包,包含挑战奖励中。,叠加上限：1,,当前档案有 5 条同名记录；可能来自不同场景、活动或难度，请比较基础属性。,assets/images/其他物品/蛇彭特信徒铠甲套装--0f7cd7f076.png,原版图鉴
小型补品箱子,Small Crate of Tonics,未标注,宝箱与礼包,包含300个经验性补品，以提升盟友的等级。,叠加上限：1,,当前档案有 2 条同名记录；可能来自不同场景、活动或难度，请比较基础属性。,assets/images/其他物品/小型补品箱子--4d0d2b19a2.png,原版图鉴
中型补品箱子,Medium Crate of Tonics,未标注,宝箱与礼包,包含400个经验性补品，以提升盟友的等级。,叠加上限：1,,当前档案有 2 条同名记录；可能来自不同场景、活动或难度，请比较基础属性。,assets/images/其他物品/中型补品箱子--dce00e7795.png,原版图鉴
《领地时报》,The Territory Times Newspaper,未标注,笔记与线索,阅读并了解游戏的最新变化。,叠加上限：1,,当前档案有 105 条同名记录；可能来自不同场景、活动或难度，请比较基础属性。,assets/images/其他物品/《领地时报》--d7068c6a05.png,原版图鉴
冠军宝箱,Champion's Chest,未标注,宝箱与礼包,含有传奇SPAS-M和AKM，可造成寒冷伤害。,叠加上限：1,,当前档案有 11 条同名记录；可能来自不同场景、活动或难度，请比较基础属性。,assets/images/其他物品/冠军宝箱--dd182ad0e0.png,原版图鉴
赢家宝箱,Winner's Chest,未标注,宝箱与礼包,"包含一件完美的寒冰灭绝者铠甲、
黄金，以及会造成寒冷伤害的传奇VSS Vintorez-M狙击步枪。",叠加上限：1,,当前档案有 14 条同名记录；可能来自不同场景、活动或难度，请比较基础属性。,assets/images/其他物品/赢家宝箱--ade5ee7f9c.png,原版图鉴
英雄宝箱,Hero's Chest,未标注,宝箱与礼包,包含一把传奇丹巴拉左轮手枪、完美蛇彭特之眼双十字弓、凤凰兴奋剂，以及传奇酸性手榴弹。,叠加上限：1,,当前档案有 13 条同名记录；可能来自不同场景、活动或难度，请比较基础属性。,assets/images/其他物品/英雄宝箱--b0569ec4c5.png,原版图鉴
蓝图部分,Part of Blueprint,未标注,外观,秃鹫背包,叠加上限：1,,当前档案有 61 条同名记录；可能来自不同场景、活动或难度，请比较基础属性。,assets/images/其他物品/蓝图部分--21dd84a489.png,原版图鉴
蓝图部分,Part of Blueprint,未标注,外观,荒原头盔,叠加上限：1,,当前档案有 61 条同名记录；可能来自不同场景、活动或难度，请比较基础属性。,assets/images/其他物品/蓝图部分--7d56cb7f1a.png,原版图鉴
格伦,Glum,未标注,人物与商人,,基础生命：1000；储物栏位：10；移动速度（配置）：4.5,,,,暂缺
第5赛季奖杯,Season 5 Trophies,未标注,宝箱与礼包,包含完美铠甲、传奇武器、经验性补品、愤怒-D兴奋剂和金丝桃碎片。,叠加上限：1,,,assets/images/其他物品/第1赛季奖杯--376dfedf8a.png,原版图鉴
《领地时报》,The Territory Times Newspaper,未标注,笔记与线索,阅读并了解游戏的最新变化。,叠加上限：1,,当前档案有 105 条同名记录；可能来自不同场景、活动或难度，请比较基础属性。,assets/images/其他物品/《领地时报》--d7068c6a05.png,原版图鉴
高级,Premium,未标注,,Аctivates Premium.,,,当前档案有 10 条同名记录；可能来自不同场景、活动或难度，请比较基础属性。,assets/images/其他物品/高级--cd26bdb1aa.png,原版图鉴
尸体,Dead Body,未标注,人物与商人,,,,,,暂缺
寒冰灭绝者,Ice Exterminator,未标注,人物与商人,,基础生命：1000；储物栏位：10；移动速度（配置）：4.5,,当前档案有 2 条同名记录；可能来自不同场景、活动或难度，请比较基础属性。,,暂缺
《领地时报》,The Territory Times Newspaper,未标注,笔记与线索,阅读并了解游戏的最新变化。,叠加上限：1,,当前档案有 105 条同名记录；可能来自不同场景、活动或难度，请比较基础属性。,assets/images/其他物品/《领地时报》--d7068c6a05.png,原版图鉴
森林游荡者,Forest Strider,未标注,人物与商人,,基础生命：1000；储物栏位：10；移动速度（配置）：4.5,,当前档案有 2 条同名记录；可能来自不同场景、活动或难度，请比较基础属性。,,暂缺
英雄宝箱,Hero's Chest,未标注,宝箱与礼包,包含独特盟友装备、经验性补品，以及研究所的情报。,叠加上限：1,,当前档案有 13 条同名记录；可能来自不同场景、活动或难度，请比较基础属性。,assets/images/其他物品/英雄宝箱--b0569ec4c5.png,原版图鉴
游荡者,Strider,未标注,人物与商人,,基础生命：1000；储物栏位：10；移动速度（配置）：6,,当前档案有 4 条同名记录；可能来自不同场景、活动或难度，请比较基础属性。,,暂缺
"林务员的报告，
第1部分","Forester's Report, part 1",未标注,笔记与线索,从笔记本上撕下的一页。文字是用铅笔写的，保存完好。,叠加上限：1,,,assets/images/其他物品/家长来信--8ff5169e26.png,原版图鉴
"林务员的报告，
第2部分","Forester's Report, part 2",未标注,笔记与线索,从笔记本上撕下的一页。文字是用铅笔写的，保存完好。,叠加上限：1,,,assets/images/其他物品/家长来信--8ff5169e26.png,原版图鉴
"林务员的报告，
第3部分","Forester's Report, part 3",未标注,笔记与线索,从笔记本上撕下的一页。文字是用铅笔写的，保存完好。,叠加上限：1,,,assets/images/其他物品/家长来信--8ff5169e26.png,原版图鉴
"林务员的报告，
第4部分","Forester's Report, part 4",未标注,笔记与线索,从笔记本上撕下的一页。文字是用铅笔写的，保存完好。,叠加上限：1,,,assets/images/其他物品/家长来信--8ff5169e26.png,原版图鉴
要塞兵团侦察员录音,Citadel Corps Scout Audio Recording,未标注,笔记与线索,录音带的标签写着：“小树林。报告”。,叠加上限：1,,,assets/images/其他物品/语音消息--27563b81ca.png,原版图鉴
林务员徽章,Forester's Badge,未标注,笔记与线索,一个旧徽章。它属于为了保卫自己的岗位而牺牲的林务员库兹米乔夫。,叠加上限：1,,,assets/images/其他物品/林务员徽章--394749dd93.png,原版图鉴
蓝图部分,Part of Blueprint,未标注,外观,沃尔特头盔,叠加上限：1,,当前档案有 61 条同名记录；可能来自不同场景、活动或难度，请比较基础属性。,assets/images/其他物品/蓝图部分--7d56cb7f1a.png,原版图鉴
蓝图部分,Part of Blueprint,未标注,外观,霍克菲斯特帽,叠加上限：1,,当前档案有 61 条同名记录；可能来自不同场景、活动或难度，请比较基础属性。,assets/images/其他物品/蓝图部分--bf6352688d.png,原版图鉴
特殊武器礼包,Special Weapon Bundle,未标注,宝箱与礼包,包含与你的等级相符的优质武器。,叠加上限：1,,当前档案有 2 条同名记录；可能来自不同场景、活动或难度，请比较基础属性。,assets/images/其他物品/特殊武器礼包--7846d3d1f6.png,原版图鉴
蓝图部分,Part of Blueprint,未标注,外观,斯纳普背包,叠加上限：1,,当前档案有 61 条同名记录；可能来自不同场景、活动或难度，请比较基础属性。,assets/images/其他物品/蓝图部分--55ee060fa4.png,原版图鉴
第6赛季奖杯,Season 6 Trophies,未标注,宝箱与礼包,内含盟友碎片和其他贵重物品。,叠加上限：1,,,assets/images/其他物品/第1赛季奖杯--376dfedf8a.png,原版图鉴
冠军宝箱,Champion's Chest,未标注,宝箱与礼包,包含4个能量强化器和稀有盟友装备。,叠加上限：1,,当前档案有 11 条同名记录；可能来自不同场景、活动或难度，请比较基础属性。,assets/images/其他物品/冠军宝箱--dd182ad0e0.png,原版图鉴
赢家宝箱,Winner's Chest,未标注,宝箱与礼包,包含传奇盟友装备，以及经验性补品。,叠加上限：1,,当前档案有 14 条同名记录；可能来自不同场景、活动或难度，请比较基础属性。,assets/images/其他物品/赢家宝箱--ade5ee7f9c.png,原版图鉴
暗黑游荡者套装,Black Strider's Set,未标注,,全套的暗黑游荡者铠甲可以使常规伤害增加15%，对精英敌人和头目的伤害增加20%。推荐用于研究所设施。,,,,assets/images/资源材料/暗黑游荡者套装--b3f713f974.png,原版图鉴
鹰队联络人,Hawk Liaison,未标注,人物与商人,,基础生命：1000；储物栏位：10；移动速度（配置）：4.5,,当前档案有 2 条同名记录；可能来自不同场景、活动或难度，请比较基础属性。,,暂缺
《领地时报》,The Territory Times Newspaper,未标注,笔记与线索,阅读并了解游戏的最新变化。,叠加上限：1,,当前档案有 105 条同名记录；可能来自不同场景、活动或难度，请比较基础属性。,assets/images/其他物品/《领地时报》--d7068c6a05.png,原版图鉴
维修申请,Repair Request,未标注,笔记与线索,文件上有一块油渍。,叠加上限：1,,当前档案有 2 条同名记录；可能来自不同场景、活动或难度，请比较基础属性。,assets/images/其他物品/家长来信--8ff5169e26.png,原版图鉴
商贩的订单,Order for the Hawkers,未标注,笔记与线索,印刷在纸上，并加盖了贸易联盟的印章。,叠加上限：1,,当前档案有 2 条同名记录；可能来自不同场景、活动或难度，请比较基础属性。,assets/images/其他物品/家长来信--8ff5169e26.png,原版图鉴
债务人的录音,Debtor's Recording,未标注,笔记与线索,磁带上有一处血迹。,叠加上限：1,,当前档案有 2 条同名记录；可能来自不同场景、活动或难度，请比较基础属性。,assets/images/其他物品/战前录音--a930ebd544.png,原版图鉴
商贩的报告,Hawker's Report,未标注,笔记与线索,一张皱巴巴、撕破了的纸。,叠加上限：1,,当前档案有 2 条同名记录；可能来自不同场景、活动或难度，请比较基础属性。,assets/images/其他物品/家长来信--8ff5169e26.png,原版图鉴
保安的录音,Security Guards' Recording,未标注,笔记与线索,录音带的标签上写着：“擦除”。,叠加上限：1,,当前档案有 2 条同名记录；可能来自不同场景、活动或难度，请比较基础属性。,assets/images/其他物品/战前录音--a930ebd544.png,原版图鉴
冠军宝箱,Champion's Chest,未标注,宝箱与礼包,"你会得到清单上的所有物品：
 — AMT Hardballer长套筒型
 — M16“自由”",叠加上限：1,,当前档案有 11 条同名记录；可能来自不同场景、活动或难度，请比较基础属性。,assets/images/其他物品/冠军宝箱--dd182ad0e0.png,原版图鉴
赢家宝箱,Winner's Chest,未标注,宝箱与礼包,"你会得到清单上的所有物品：
 — 鹰击M108
 — 凯蒂·史密斯碎片 х30",叠加上限：1,,当前档案有 14 条同名记录；可能来自不同场景、活动或难度，请比较基础属性。,assets/images/其他物品/赢家宝箱--ade5ee7f9c.png,原版图鉴
英雄宝箱,Hero's Chest,未标注,宝箱与礼包,"你会得到清单上的所有物品：
 — 阿金博左轮手枪
 — 史密斯韦森M500
 — 凤凰兴奋剂 x10",叠加上限：1,,当前档案有 13 条同名记录；可能来自不同场景、活动或难度，请比较基础属性。,assets/images/其他物品/英雄宝箱--b0569ec4c5.png,原版图鉴
《领地时报》,The Territory Times Newspaper,未标注,笔记与线索,阅读并了解游戏的最新变化。,叠加上限：1,,当前档案有 105 条同名记录；可能来自不同场景、活动或难度，请比较基础属性。,assets/images/其他物品/《领地时报》--d7068c6a05.png,原版图鉴
试炼战利品,Trial Trophies,未标注,,收集所有奖励以解锁。,叠加上限：1,,当前档案有 2 条同名记录；可能来自不同场景、活动或难度，请比较基础属性。,assets/images/其他物品/试炼战利品--ed24d50c49.png,原版图鉴
玛拉,Mara,未标注,人物与商人,,基础伤害：70–80；攻击间隔：1.3秒；攻击距离（配置）：0.4；暴击几率：5%；暴击倍率：1.3倍；基础生命：1000；储物栏位：10；移动速度（配置）：4.5,,当前档案有 2 条同名记录；可能来自不同场景、活动或难度，请比较基础属性。,,暂缺
英雄宝箱,Hero's Chest,未标注,宝箱与礼包,"你会得到清单上的所有物品：
 — 暗黑游荡者盟友
 — A极器件
 — 惊喜-3设备",叠加上限：1,,当前档案有 13 条同名记录；可能来自不同场景、活动或难度，请比较基础属性。,assets/images/其他物品/英雄宝箱--b0569ec4c5.png,原版图鉴
冠军宝箱,Champion's Chest,未标注,宝箱与礼包,"你会得到清单上的所有物品：
 — 节日试炼点数x500
 — 传奇盟友装备的部分之一",叠加上限：1,,当前档案有 11 条同名记录；可能来自不同场景、活动或难度，请比较基础属性。,assets/images/其他物品/冠军宝箱--dd182ad0e0.png,原版图鉴
赢家宝箱,Winner's Chest,未标注,宝箱与礼包,"你会得到清单上的所有物品：
 — 节日试炼点数x1,000
 — 经验性补品x1,000",叠加上限：1,,当前档案有 14 条同名记录；可能来自不同场景、活动或难度，请比较基础属性。,assets/images/其他物品/赢家宝箱--ade5ee7f9c.png,原版图鉴
蓝图部分,Part of Blueprint,未标注,外观,复活者头盔,叠加上限：1,,当前档案有 61 条同名记录；可能来自不同场景、活动或难度，请比较基础属性。,assets/images/资源材料/能量块--4581a84736.png,原版图鉴
蓝图部分,Part of Blueprint,未标注,外观,复活者头盔,叠加上限：1,,当前档案有 61 条同名记录；可能来自不同场景、活动或难度，请比较基础属性。,assets/images/其他物品/蓝图部分--402be06f6c.png,原版图鉴
蓝图部分,Part of Blueprint,未标注,外观,棱镜-M背包,叠加上限：1,,当前档案有 61 条同名记录；可能来自不同场景、活动或难度，请比较基础属性。,assets/images/其他物品/蓝图部分--33cc56eb8e.png,原版图鉴
螺丝,Screw,未标注,人物与商人,,储物栏位：10；移动速度（配置）：1.5,,,,暂缺
《领地时报》,The Territory Times Newspaper,未标注,笔记与线索,阅读并了解游戏的最新变化。,叠加上限：1,,当前档案有 105 条同名记录；可能来自不同场景、活动或难度，请比较基础属性。,assets/images/其他物品/《领地时报》--d7068c6a05.png,原版图鉴
男俘虏,Captive,未标注,人物与商人,,储物栏位：10；移动速度（配置）：1.5,,当前档案有 8 条同名记录；可能来自不同场景、活动或难度，请比较基础属性。,,暂缺
男俘虏,Captive,未标注,人物与商人,,储物栏位：10；移动速度（配置）：1.5,,当前档案有 8 条同名记录；可能来自不同场景、活动或难度，请比较基础属性。,,暂缺
男俘虏,Captive,未标注,人物与商人,,储物栏位：10；移动速度（配置）：1.5,,当前档案有 8 条同名记录；可能来自不同场景、活动或难度，请比较基础属性。,,暂缺
蓝图部分,Part of Blueprint,未标注,外观,惩教员面罩,叠加上限：1,,当前档案有 61 条同名记录；可能来自不同场景、活动或难度，请比较基础属性。,assets/images/其他物品/蓝图部分--17b5b32872.png,原版图鉴
第7赛季奖杯,Season 7 Trophies,未标注,宝箱与礼包,内含盟友碎片和其他贵重物品。,叠加上限：1,,,assets/images/其他物品/第1赛季奖杯--376dfedf8a.png,原版图鉴
《领地时报》,The Territory Times Newspaper,未标注,笔记与线索,阅读并了解游戏的最新变化。,叠加上限：1,,当前档案有 105 条同名记录；可能来自不同场景、活动或难度，请比较基础属性。,assets/images/其他物品/《领地时报》--d7068c6a05.png,原版图鉴
《领地时报》,The Territory Times Newspaper,未标注,笔记与线索,阅读并了解游戏的最新变化。,叠加上限：1,,当前档案有 105 条同名记录；可能来自不同场景、活动或难度，请比较基础属性。,assets/images/其他物品/《领地时报》--d7068c6a05.png,原版图鉴
黑帮叛徒,Triad Turncoat,未标注,人物与商人,,基础生命：450；储物栏位：10；移动速度（配置）：4.5,,当前档案有 14 条同名记录；可能来自不同场景、活动或难度，请比较基础属性。,,暂缺
《领地时报》,The Territory Times Newspaper,未标注,笔记与线索,阅读并了解游戏的最新变化。,叠加上限：1,,当前档案有 105 条同名记录；可能来自不同场景、活动或难度，请比较基础属性。,assets/images/其他物品/《领地时报》--d7068c6a05.png,原版图鉴
伙伴指令礼包№3,DUTY Bundle №3,未标注,宝箱与礼包,为伙伴们提供的指令性实用工具，为要塞兵团的志愿者帮手提供了可以换取神器和宝贵资源的装备。,叠加上限：1,,,assets/images/其他物品/伙伴指令礼包№3--2b3ce63765.png,原版图鉴
龙女,Lady Dragon,未标注,人物与商人,,基础生命：450；储物栏位：10；移动速度（配置）：4.5,,当前档案有 2 条同名记录；可能来自不同场景、活动或难度，请比较基础属性。,,暂缺
维修申请,Repair Request,未标注,,添加到PDA的提示部分。,,,当前档案有 2 条同名记录；可能来自不同场景、活动或难度，请比较基础属性。,assets/images/其他物品/家长来信--8ff5169e26.png,原版图鉴
商贩的订单,Order for the Hawkers,未标注,,添加到PDA的提示部分。,,,当前档案有 2 条同名记录；可能来自不同场景、活动或难度，请比较基础属性。,assets/images/其他物品/家长来信--8ff5169e26.png,原版图鉴
债务人的录音,Debtor's Recording,未标注,,添加到PDA的提示部分。,,,当前档案有 2 条同名记录；可能来自不同场景、活动或难度，请比较基础属性。,assets/images/其他物品/战前录音--a930ebd544.png,原版图鉴
商贩的报告,Hawker's Report,未标注,,添加到PDA的提示部分。,,,当前档案有 2 条同名记录；可能来自不同场景、活动或难度，请比较基础属性。,assets/images/其他物品/家长来信--8ff5169e26.png,原版图鉴
保安的录音,Security Guards' Recording,未标注,,添加到PDA的提示部分。,,,当前档案有 2 条同名记录；可能来自不同场景、活动或难度，请比较基础属性。,assets/images/其他物品/战前录音--a930ebd544.png,原版图鉴
旧照片,Old Photo,未标注,,添加到PDA的提示部分。,,,,assets/images/其他物品/旧照片--4e2bc09b74.png,原版图鉴
赛季奖杯,Season Trophies,未标注,宝箱与礼包,内含盟友碎片和其他贵重物品。,叠加上限：1,,当前档案有 10 条同名记录；可能来自不同场景、活动或难度，请比较基础属性。,assets/images/其他物品/第1赛季奖杯--376dfedf8a.png,原版图鉴
蓝图部分,Part of Blueprint,未标注,外观,森林萨满面具,叠加上限：1,,当前档案有 61 条同名记录；可能来自不同场景、活动或难度，请比较基础属性。,assets/images/其他物品/蓝图部分--8cb0747248.png,原版图鉴
《领地时报》,The Territory Times Newspaper,未标注,笔记与线索,阅读并了解游戏的最新变化。,叠加上限：1,,当前档案有 105 条同名记录；可能来自不同场景、活动或难度，请比较基础属性。,assets/images/其他物品/《领地时报》--d7068c6a05.png,原版图鉴
《领地时报》,The Territory Times Newspaper,未标注,笔记与线索,阅读并了解游戏的最新变化。,叠加上限：1,,当前档案有 105 条同名记录；可能来自不同场景、活动或难度，请比较基础属性。,assets/images/其他物品/《领地时报》--d7068c6a05.png,原版图鉴
狂腐分裂者,Decay Schismatic,未标注,人物与商人,,基础生命：450；储物栏位：10；移动速度（配置）：4.5,,,,暂缺
英雄宝箱,Hero's Chest,未标注,宝箱与礼包,"你会得到清单上的所有物品：
— Mk.1灭绝者背包
— 双怒左轮手枪
— 凤凰兴奋剂х10
— 暗物质手榴弹х10",叠加上限：1,,当前档案有 13 条同名记录；可能来自不同场景、活动或难度，请比较基础属性。,assets/images/其他物品/英雄宝箱--b0569ec4c5.png,原版图鉴
可选择的奖励,Rewards to pick,未标注,宝箱与礼包,你可以选择： {0},叠加上限：1,,当前档案有 12 条同名记录；可能来自不同场景、活动或难度，请比较基础属性。,assets/images/其他物品/可选择的奖励--6657d7d839.png,原版图鉴
《领地时报》,The Territory Times Newspaper,未标注,笔记与线索,阅读并了解游戏的最新变化。,叠加上限：1,,当前档案有 105 条同名记录；可能来自不同场景、活动或难度，请比较基础属性。,assets/images/其他物品/《领地时报》--d7068c6a05.png,原版图鉴
蓝图部分,Part of Blueprint,未标注,外观,萨梅迪英雄面具,叠加上限：1,,当前档案有 61 条同名记录；可能来自不同场景、活动或难度，请比较基础属性。,assets/images/其他物品/蓝图部分--737eea3ecf.png,原版图鉴
第9赛季奖杯,Season 9 Trophies,未标注,宝箱与礼包,内含盟友碎片和其他贵重物品。,叠加上限：1,,,assets/images/其他物品/第1赛季奖杯--376dfedf8a.png,原版图鉴
《领地时报》,The Territory Times Newspaper,未标注,笔记与线索,阅读并了解游戏的最新变化。,叠加上限：1,,当前档案有 105 条同名记录；可能来自不同场景、活动或难度，请比较基础属性。,assets/images/其他物品/《领地时报》--d7068c6a05.png,原版图鉴
丹巴拉的信使,Damballah's Herald,未标注,人物与商人,,基础生命：1000；储物栏位：10；移动速度（配置）：4.5,,当前档案有 3 条同名记录；可能来自不同场景、活动或难度，请比较基础属性。,,暂缺
英雄宝箱,Hero's Chest,未标注,宝箱与礼包,"你会得到：
— 盟友哈莉
— 死亡虫群散弹枪
— 伟大蛇彭特魂狩",叠加上限：1,,当前档案有 13 条同名记录；可能来自不同场景、活动或难度，请比较基础属性。,assets/images/其他物品/英雄宝箱--b0569ec4c5.png,原版图鉴
冠军宝箱,Champion's Chest,未标注,宝箱与礼包,"你会得到清单上的所有物品：
 — 燧石兴奋剂 х3
 — 稀有盟友装备 х1",叠加上限：1,,当前档案有 11 条同名记录；可能来自不同场景、活动或难度，请比较基础属性。,assets/images/其他物品/冠军宝箱--dd182ad0e0.png,原版图鉴
赢家宝箱,Winner's Chest,未标注,宝箱与礼包,包含紧终双械2设备和你选择的额外奖励。,叠加上限：1,,当前档案有 14 条同名记录；可能来自不同场景、活动或难度，请比较基础属性。,assets/images/其他物品/赢家宝箱--ade5ee7f9c.png,原版图鉴
《领地时报》,The Territory Times Newspaper,未标注,笔记与线索,阅读并了解游戏的最新变化。,叠加上限：1,,当前档案有 105 条同名记录；可能来自不同场景、活动或难度，请比较基础属性。,assets/images/其他物品/《领地时报》--d7068c6a05.png,原版图鉴
蓝图部分,Part of Blueprint,未标注,外观,质子背包,叠加上限：1,,当前档案有 61 条同名记录；可能来自不同场景、活动或难度，请比较基础属性。,assets/images/其他物品/蓝图部分--c7e576f3ce.png,原版图鉴
蓝图部分,Part of Blueprint,未标注,外观,研究所拉撒路智人头盔,叠加上限：1,,当前档案有 61 条同名记录；可能来自不同场景、活动或难度，请比较基础属性。,assets/images/其他物品/蓝图部分--b39a8bdb9a.png,原版图鉴
蓝图部分,Part of Blueprint,未标注,外观,加尔科夫队长,叠加上限：1,,当前档案有 61 条同名记录；可能来自不同场景、活动或难度，请比较基础属性。,assets/images/其他物品/蓝图部分--c5f3380da5.png,原版图鉴
第10赛季奖杯,Season 10 Trophies,未标注,宝箱与礼包,内含盟友碎片和其他贵重物品。,叠加上限：1,,,assets/images/其他物品/第1赛季奖杯--376dfedf8a.png,原版图鉴
《领地时报》,The Territory Times Newspaper,未标注,笔记与线索,阅读并了解游戏的最新变化。,叠加上限：1,,当前档案有 105 条同名记录；可能来自不同场景、活动或难度，请比较基础属性。,assets/images/其他物品/《领地时报》--d7068c6a05.png,原版图鉴
值日官,Duty Officer,未标注,人物与商人,,基础生命：2000；储物栏位：10；移动速度（配置）：3.5,,当前档案有 2 条同名记录；可能来自不同场景、活动或难度，请比较基础属性。,,暂缺
哨兵,Sentry,未标注,人物与商人,,基础生命：2000；储物栏位：10；移动速度（配置）：3.5,,当前档案有 6 条同名记录；可能来自不同场景、活动或难度，请比较基础属性。,,暂缺
哨兵,Sentry,未标注,人物与商人,,基础生命：2000；储物栏位：10；移动速度（配置）：3.5,,当前档案有 6 条同名记录；可能来自不同场景、活动或难度，请比较基础属性。,,暂缺
首席技术员,Chief Technician,未标注,人物与商人,,基础生命：2000；储物栏位：10；移动速度（配置）：3.5,,当前档案有 2 条同名记录；可能来自不同场景、活动或难度，请比较基础属性。,,暂缺
LRS工作员,LRS Operative,未标注,人物与商人,,基础生命：2000；储物栏位：10；移动速度（配置）：3.5,,当前档案有 2 条同名记录；可能来自不同场景、活动或难度，请比较基础属性。,,暂缺
哨兵,Sentry,未标注,人物与商人,,基础生命：2000；储物栏位：10；移动速度（配置）：3.5,,当前档案有 6 条同名记录；可能来自不同场景、活动或难度，请比较基础属性。,,暂缺
要塞中士,Citadel Sergeant,未标注,人物与商人,,储物栏位：10；移动速度（配置）：3.5,,当前档案有 2 条同名记录；可能来自不同场景、活动或难度，请比较基础属性。,,暂缺
要塞兵团战士,CC Fighter,未标注,人物与商人,,储物栏位：10；移动速度（配置）：3.5,,当前档案有 4 条同名记录；可能来自不同场景、活动或难度，请比较基础属性。,,暂缺
要塞兵团战士,CC Fighter,未标注,人物与商人,,储物栏位：10；移动速度（配置）：3.5,,当前档案有 4 条同名记录；可能来自不同场景、活动或难度，请比较基础属性。,,暂缺
要塞兵团战士,CC Fighter,未标注,人物与商人,,基础生命：2000；储物栏位：10；移动速度（配置）：3.5,,当前档案有 4 条同名记录；可能来自不同场景、活动或难度，请比较基础属性。,,暂缺
受伤者,Injured,未标注,人物与商人,,基础生命：2000；储物栏位：10；移动速度（配置）：3.5,,当前档案有 7 条同名记录；可能来自不同场景、活动或难度，请比较基础属性。,,暂缺
《领地时报》,The Territory Times Newspaper,未标注,笔记与线索,阅读并了解游戏的最新变化。,叠加上限：1,,当前档案有 105 条同名记录；可能来自不同场景、活动或难度，请比较基础属性。,assets/images/其他物品/《领地时报》--d7068c6a05.png,原版图鉴
可选择的奖励,Rewards to pick,未标注,宝箱与礼包,你可以选择： {0},叠加上限：1,,当前档案有 12 条同名记录；可能来自不同场景、活动或难度，请比较基础属性。,assets/images/其他物品/可选择的奖励--41608fb0cc.png,原版图鉴
可选择的奖励,Rewards to pick,未标注,宝箱与礼包,你可以选择： {0},叠加上限：1,,当前档案有 12 条同名记录；可能来自不同场景、活动或难度，请比较基础属性。,assets/images/其他物品/可选择的奖励--7540a60c3e.png,原版图鉴
可选择的奖励,Rewards to pick,未标注,宝箱与礼包,你可以选择： {0},叠加上限：1,,当前档案有 12 条同名记录；可能来自不同场景、活动或难度，请比较基础属性。,assets/images/其他物品/可选择的奖励--51122371ec.png,原版图鉴
蓝图部分,Part of Blueprint,未标注,外观,鹰队直升机驾驶员眼镜,叠加上限：1,,当前档案有 61 条同名记录；可能来自不同场景、活动或难度，请比较基础属性。,assets/images/其他物品/蓝图部分--060176b58d.png,原版图鉴
蓝图部分,Part of Blueprint,未标注,外观,RP-1000摩托车头盔,叠加上限：1,,当前档案有 61 条同名记录；可能来自不同场景、活动或难度，请比较基础属性。,assets/images/其他物品/蓝图部分--1bc5ebf57f.png,原版图鉴
可选择的奖励,Rewards to pick,未标注,宝箱与礼包,你可以选择： {0},叠加上限：1,,当前档案有 12 条同名记录；可能来自不同场景、活动或难度，请比较基础属性。,assets/images/其他物品/可选择的奖励--199a68f17b.png,原版图鉴
英雄宝箱,Hero's Chest,未标注,宝箱与礼包,"你会得到清单上的所有物品：
 — 坪瑟冷冻喷射器
 — 经验性补品x1,000
 — 凤凰兴奋剂 x10",叠加上限：1,,当前档案有 13 条同名记录；可能来自不同场景、活动或难度，请比较基础属性。,assets/images/其他物品/英雄宝箱--b0569ec4c5.png,原版图鉴
冠军宝箱,Champion's Chest,未标注,宝箱与礼包,"你会得到清单上的所有物品：
— 冷冻枪
— 北极Mosin-M",叠加上限：1,,当前档案有 11 条同名记录；可能来自不同场景、活动或难度，请比较基础属性。,assets/images/其他物品/冠军宝箱--dd182ad0e0.png,原版图鉴
赢家宝箱,Winner's Chest,未标注,宝箱与礼包,"你会得到清单上的所有物品：
 — 阿月碎片 х50
 — 寒冷专家AK步枪",叠加上限：1,,当前档案有 14 条同名记录；可能来自不同场景、活动或难度，请比较基础属性。,assets/images/其他物品/赢家宝箱--ade5ee7f9c.png,原版图鉴
《领地时报》,The Territory Times Newspaper,未标注,笔记与线索,阅读并了解游戏的最新变化。,叠加上限：1,,当前档案有 105 条同名记录；可能来自不同场景、活动或难度，请比较基础属性。,assets/images/其他物品/《领地时报》--d7068c6a05.png,原版图鉴
第11赛季奖杯,Season 11 Trophies,未标注,宝箱与礼包,内含盟友碎片和其他贵重物品。,叠加上限：1,,,assets/images/其他物品/第1赛季奖杯--376dfedf8a.png,原版图鉴
《领地时报》,The Territory Times Newspaper,未标注,笔记与线索,阅读并了解游戏的最新变化。,叠加上限：1,,当前档案有 105 条同名记录；可能来自不同场景、活动或难度，请比较基础属性。,assets/images/其他物品/《领地时报》--d7068c6a05.png,原版图鉴
优质箱子“武器”,"High-Quality Crate ""Weapons""",未标注,宝箱与礼包,包含优质武器。,叠加上限：1,,当前档案有 3 条同名记录；可能来自不同场景、活动或难度，请比较基础属性。,assets/images/其他物品/优质箱子“武器”--e06ed2d1f6.png,原版图鉴
武器传奇箱子,Weapon Legendary Crate,未标注,宝箱与礼包,包含传奇武器。,叠加上限：1,,,assets/images/其他物品/武器传奇箱子--25d009bf0a.png,原版图鉴
武器完美箱子,Weapon Perfect Crate,未标注,宝箱与礼包,包含完美武器或专家武器。,叠加上限：1,,,assets/images/其他物品/武器完美箱子--0247cc86eb.png,原版图鉴
优质箱子“铠甲”,"High-Quality Crate ""Armor""",未标注,宝箱与礼包,包含优质铠甲。,叠加上限：1,,当前档案有 3 条同名记录；可能来自不同场景、活动或难度，请比较基础属性。,assets/images/其他物品/优质箱子“铠甲”--472b06c155.png,原版图鉴
铠甲传奇箱子,Armor Legendary Crate,未标注,宝箱与礼包,包含传奇铠甲。,叠加上限：1,,,assets/images/其他物品/铠甲传奇箱子--63ff04306f.png,原版图鉴
铠甲完美箱子,Armor Perfect Crate,未标注,宝箱与礼包,包含完美铠甲。,叠加上限：1,,,assets/images/其他物品/铠甲完美箱子--3e89e53eed.png,原版图鉴
优质箱子“贸易联盟”,"High-Quality Crate ""Trade Union""",未标注,宝箱与礼包,包含稀有盟友装备。,叠加上限：1,,,assets/images/其他物品/优质箱子“贸易联盟”--811ae2e29c.png,原版图鉴
贸易联盟传奇箱子,Union Legendary Crate,未标注,宝箱与礼包,包含传奇盟友装备。,叠加上限：1,,,assets/images/其他物品/贸易联盟传奇箱子--5d3b798db7.png,原版图鉴
完美箱子“贸易联盟”,"Perfect Crate ""Trade Union""",未标注,宝箱与礼包,包含独特盟友装备。,叠加上限：1,,,assets/images/其他物品/完美箱子“贸易联盟”--3c671cb776.png,原版图鉴
装备优质箱子,Equipment High-Quality Crate,未标注,宝箱与礼包,包含装备或兴奋剂。,叠加上限：1,,,assets/images/其他物品/装备优质箱子--46b0b6ce7f.png,原版图鉴
装备传奇箱子,Equipment Legendary Crate,未标注,宝箱与礼包,包含装备或兴奋剂。,叠加上限：1,,,assets/images/其他物品/装备传奇箱子--b0f858ac5c.png,原版图鉴
装备完美箱子,Equipment Perfect Crate,未标注,宝箱与礼包,包含装备或兴奋剂。,叠加上限：1,,,assets/images/其他物品/装备完美箱子--39524cf29e.png,原版图鉴
老头子,Gaffer,未标注,人物与商人,,基础生命：1000；储物栏位：10；移动速度（配置）：4.5,,,,暂缺
《领地时报》,The Territory Times Newspaper,未标注,笔记与线索,阅读并了解游戏的最新变化。,叠加上限：1,,当前档案有 105 条同名记录；可能来自不同场景、活动或难度，请比较基础属性。,assets/images/其他物品/《领地时报》--d7068c6a05.png,原版图鉴
伙伴指令礼包№4,DUTY Bundle №4,未标注,宝箱与礼包,为伙伴们提供的指令性实用工具-志愿者帮手可以用要塞兵团的奖杯兑换神器。,叠加上限：1,,,assets/images/其他物品/伙伴指令礼包№4--7236adeb15.png,原版图鉴
蓝图部分,Part of Blueprint,未标注,外观,灭绝者防护面具,叠加上限：1,,当前档案有 61 条同名记录；可能来自不同场景、活动或难度，请比较基础属性。,assets/images/其他物品/蓝图部分--caffe15910.png,原版图鉴
蓝图部分,Part of Blueprint,未标注,外观,黯黑-M稳定器,叠加上限：1,,当前档案有 61 条同名记录；可能来自不同场景、活动或难度，请比较基础属性。,assets/images/其他物品/蓝图部分--727f454d24.png,原版图鉴
第12赛季奖杯,Season 12 Trophies,未标注,宝箱与礼包,内含盟友碎片和其他贵重物品。,叠加上限：1,,,assets/images/其他物品/第1赛季奖杯--376dfedf8a.png,原版图鉴
惩教员铠甲套装,Corrector's Armor Set,未标注,,"全套惩教员铠甲可使异象区内的来袭伤害降低10%，有30%的几率在你周围形成一个可吸收1,000点伤害的护盾，并使散弹枪对你前方锥形区域内的所有敌人造成65%的伤害。推荐用于完成各种异象区的任务。",,,,assets/images/其他物品/惩教员铠甲套装--414c4ac9f9.png,原版图鉴
《领地时报》,The Territory Times Newspaper,未标注,笔记与线索,阅读并了解游戏的最新变化。,叠加上限：1,,当前档案有 105 条同名记录；可能来自不同场景、活动或难度，请比较基础属性。,assets/images/其他物品/《领地时报》--d7068c6a05.png,原版图鉴
《领地时报》,The Territory Times Newspaper,未标注,笔记与线索,阅读并了解游戏的最新变化。,叠加上限：1,,当前档案有 105 条同名记录；可能来自不同场景、活动或难度，请比较基础属性。,assets/images/其他物品/《领地时报》--d7068c6a05.png,原版图鉴
优质箱子“武器”,"High-Quality Crate ""Weapons""",未标注,宝箱与礼包,包含优质武器。,叠加上限：1,,当前档案有 3 条同名记录；可能来自不同场景、活动或难度，请比较基础属性。,assets/images/其他物品/优质箱子“武器”--e06ed2d1f6.png,原版图鉴
优质箱子“铠甲”,"High-Quality Crate ""Armor""",未标注,宝箱与礼包,包含优质铠甲。,叠加上限：1,,当前档案有 3 条同名记录；可能来自不同场景、活动或难度，请比较基础属性。,assets/images/其他物品/优质箱子“铠甲”--472b06c155.png,原版图鉴
优质箱子“武器”,"High-Quality Crate ""Weapons""",未标注,宝箱与礼包,包含优质武器。,叠加上限：1,,当前档案有 3 条同名记录；可能来自不同场景、活动或难度，请比较基础属性。,assets/images/其他物品/优质箱子“武器”--e06ed2d1f6.png,原版图鉴
优质箱子“铠甲”,"High-Quality Crate ""Armor""",未标注,宝箱与礼包,包含优质铠甲。,叠加上限：1,,当前档案有 3 条同名记录；可能来自不同场景、活动或难度，请比较基础属性。,assets/images/其他物品/优质箱子“铠甲”--472b06c155.png,原版图鉴
英雄宝箱,Hero's Chest,未标注,宝箱与礼包,"你会得到清单上的所有物品：
 — 黑帮电力步枪
 — 玛瑙突击步枪
 — 凤凰兴奋剂 x10
 — 黑帮战刃 х20",叠加上限：1,,当前档案有 13 条同名记录；可能来自不同场景、活动或难度，请比较基础属性。,assets/images/其他物品/英雄宝箱--b0569ec4c5.png,原版图鉴
冠军宝箱,Champion's Chest,未标注,宝箱与礼包,"你会得到清单上的所有物品：
— 血龙
— 神龙手枪",叠加上限：1,,当前档案有 11 条同名记录；可能来自不同场景、活动或难度，请比较基础属性。,assets/images/其他物品/冠军宝箱--dd182ad0e0.png,原版图鉴
赢家宝箱,Winner's Chest,未标注,宝箱与礼包,"你会得到清单上的所有物品：
 — 炎龙碎片 х50
 — 雷公手枪",叠加上限：1,,当前档案有 14 条同名记录；可能来自不同场景、活动或难度，请比较基础属性。,assets/images/其他物品/赢家宝箱--ade5ee7f9c.png,原版图鉴
蓝图部分,Part of Blueprint,未标注,外观,领地的乌鸦,叠加上限：1,,当前档案有 61 条同名记录；可能来自不同场景、活动或难度，请比较基础属性。,assets/images/其他物品/蓝图部分--f9758437c1.png,原版图鉴
《领地时报》,The Territory Times Newspaper,未标注,笔记与线索,阅读并了解游戏的最新变化。,叠加上限：1,,当前档案有 105 条同名记录；可能来自不同场景、活动或难度，请比较基础属性。,assets/images/其他物品/《领地时报》--d7068c6a05.png,原版图鉴
死亡男爵,Baron of Death,未标注,外观,,叠加上限：1,,,assets/images/其他物品/死亡男爵--d1df4ef7fc.png,原版图鉴
第13赛季奖杯,Season 13 Trophies,未标注,宝箱与礼包,内含盟友碎片和其他贵重物品。,叠加上限：1,,,assets/images/其他物品/第1赛季奖杯--376dfedf8a.png,原版图鉴
蛇彭特信徒套装,Serpent's Cohort's Set,未标注,,完整的蛇彭特同伴套装可大幅提高酸性伤害。推荐用来对付有铠甲的敌人。,,,,assets/images/其他物品/蛇彭特信徒套装--9a2e80f998.png,原版图鉴
《领地时报》,The Territory Times Newspaper,未标注,笔记与线索,阅读并了解游戏的最新变化。,叠加上限：1,,当前档案有 105 条同名记录；可能来自不同场景、活动或难度，请比较基础属性。,assets/images/其他物品/《领地时报》--d7068c6a05.png,原版图鉴
蓝图部分,Part of Blueprint,未标注,外观,LRS贝雷帽,叠加上限：1,,当前档案有 61 条同名记录；可能来自不同场景、活动或难度，请比较基础属性。,assets/images/其他物品/蓝图部分--ab51ebb45b.png,原版图鉴
蓝图部分,Part of Blueprint,未标注,外观,鹰鸮战术头盔,叠加上限：1,,当前档案有 61 条同名记录；可能来自不同场景、活动或难度，请比较基础属性。,assets/images/其他物品/蓝图部分--9cf55eeb3a.png,原版图鉴
第14赛季奖杯,Season 14 Trophies,未标注,宝箱与礼包,内含盟友碎片和其他贵重物品。,叠加上限：1,,,assets/images/其他物品/第1赛季奖杯--376dfedf8a.png,原版图鉴
要塞兵团的铠甲套装,Citadel Corps Armor Set,未标注,,一套完整的要塞兵团铠甲套装，可以消除重型武器的减速效果，增加对头目的伤害25%，并使敌人特殊攻击造成的伤害减少25%。,,,,assets/images/资源材料/要塞兵团铠甲--cb51d02ae7.png,原版图鉴
传奇备用零件,Legendary Spare Parts,未标注,,经验丰富的游荡者可以在兄弟会中间人那里用宝贵的零件换取更好的武器和装备。你可以在拆解传奇物品时得到这些零件。,叠加上限：999999,,,assets/images/补给消耗品/传奇备用零件--84dda38f04.png,原版图鉴
《领地时报》,The Territory Times Newspaper,未标注,笔记与线索,阅读并了解游戏的最新变化。,叠加上限：1,,当前档案有 105 条同名记录；可能来自不同场景、活动或难度，请比较基础属性。,assets/images/其他物品/《领地时报》--d7068c6a05.png,原版图鉴
英雄宝箱,Hero's Chest,未标注,宝箱与礼包,"你会得到清单上的所有物品：
— SPAS-M阳光
— P90
— 凤凰兴奋剂х10
— 燧石兴奋剂 х3",叠加上限：1,,当前档案有 13 条同名记录；可能来自不同场景、活动或难度，请比较基础属性。,assets/images/其他物品/英雄宝箱--b0569ec4c5.png,原版图鉴
冠军宝箱,Champion's Chest,未标注,宝箱与礼包,"你会得到清单上的所有物品：
— FAMAS F1
— 特警UMP",叠加上限：1,,当前档案有 11 条同名记录；可能来自不同场景、活动或难度，请比较基础属性。,assets/images/其他物品/冠军宝箱--dd182ad0e0.png,原版图鉴
赢家宝箱,Winner's Chest,未标注,宝箱与礼包,"你会得到清单上的所有物品：
 — 游荡者电击者碎片 х50
 — 协同-S设备",叠加上限：1,,当前档案有 14 条同名记录；可能来自不同场景、活动或难度，请比较基础属性。,assets/images/其他物品/赢家宝箱--ade5ee7f9c.png,原版图鉴
《领地时报》,The Territory Times Newspaper,未标注,笔记与线索,阅读并了解游戏的最新变化。,叠加上限：1,,当前档案有 105 条同名记录；可能来自不同场景、活动或难度，请比较基础属性。,assets/images/其他物品/《领地时报》--d7068c6a05.png,原版图鉴
《领地时报》,The Territory Times Newspaper,未标注,笔记与线索,阅读并了解游戏的最新变化。,叠加上限：1,,当前档案有 105 条同名记录；可能来自不同场景、活动或难度，请比较基础属性。,assets/images/其他物品/《领地时报》--d7068c6a05.png,原版图鉴
狱吏兜帽,Turnkey's Hood,未标注,外观,,叠加上限：1,,,assets/images/其他物品/狱吏兜帽--ce9d282ce3.png,原版图鉴
赛季奖杯,Season Trophies,未标注,宝箱与礼包,内含盟友碎片和其他贵重物品。,叠加上限：1,,当前档案有 10 条同名记录；可能来自不同场景、活动或难度，请比较基础属性。,assets/images/其他物品/第1赛季奖杯--376dfedf8a.png,原版图鉴
《领地时报》,The Territory Times Newspaper,未标注,笔记与线索,阅读并了解游戏的最新变化。,叠加上限：1,,当前档案有 105 条同名记录；可能来自不同场景、活动或难度，请比较基础属性。,assets/images/其他物品/《领地时报》--d7068c6a05.png,原版图鉴
《领地时报》,The Territory Times Newspaper,未标注,笔记与线索,阅读并了解游戏的最新变化。,叠加上限：1,,当前档案有 105 条同名记录；可能来自不同场景、活动或难度，请比较基础属性。,assets/images/其他物品/《领地时报》--d7068c6a05.png,原版图鉴
英雄宝箱,Hero's Chest,未标注,宝箱与礼包,"你会得到：
— 经验性补品x1,000
— 狂腐士熔炉
— 凤凰兴奋剂х10",叠加上限：1,,当前档案有 13 条同名记录；可能来自不同场景、活动或难度，请比较基础属性。,assets/images/其他物品/英雄宝箱--b0569ec4c5.png,原版图鉴
冠军宝箱,Champion's Chest,未标注,宝箱与礼包,"包含传奇盟友装备，
以及2,000个经验性补品。",叠加上限：1,,当前档案有 11 条同名记录；可能来自不同场景、活动或难度，请比较基础属性。,assets/images/其他物品/冠军宝箱--dd182ad0e0.png,原版图鉴
赢家宝箱,Winner's Chest,未标注,宝箱与礼包,"你会得到：
 — 核辉光先知碎片 х50
 — 永恒礼仪",叠加上限：1,,当前档案有 14 条同名记录；可能来自不同场景、活动或难度，请比较基础属性。,assets/images/其他物品/赢家宝箱--ade5ee7f9c.png,原版图鉴
蓝图部分,Part of Blueprint,未标注,外观,坪瑟的生物光学护目镜,叠加上限：1,,当前档案有 61 条同名记录；可能来自不同场景、活动或难度，请比较基础属性。,assets/images/其他物品/蓝图部分--a0989d94a2.png,原版图鉴
蓝图部分,Part of Blueprint,未标注,外观,章鱼背包,叠加上限：1,,当前档案有 61 条同名记录；可能来自不同场景、活动或难度，请比较基础属性。,assets/images/其他物品/蓝图部分--929f8c2da9.png,原版图鉴
寒冰灭绝者,Ice Exterminator,未标注,人物与商人,,基础生命：1000；储物栏位：10；移动速度（配置）：4.5,,当前档案有 2 条同名记录；可能来自不同场景、活动或难度，请比较基础属性。,,暂缺
赛季奖杯,Season Trophies,未标注,宝箱与礼包,内含盟友碎片和其他贵重物品。,叠加上限：1,,当前档案有 10 条同名记录；可能来自不同场景、活动或难度，请比较基础属性。,assets/images/其他物品/第1赛季奖杯--376dfedf8a.png,原版图鉴
《领地时报》,The Territory Times Newspaper,未标注,笔记与线索,阅读并了解游戏的最新变化。,叠加上限：1,,当前档案有 105 条同名记录；可能来自不同场景、活动或难度，请比较基础属性。,assets/images/其他物品/《领地时报》--d7068c6a05.png,原版图鉴
英雄宝箱,Hero's Chest,未标注,宝箱与礼包,独特盟友：冰影、冰霜黄蜂榴弹发射器、冷冻手榴弹和凤凰兴奋剂。,叠加上限：1,,当前档案有 13 条同名记录；可能来自不同场景、活动或难度，请比较基础属性。,assets/images/其他物品/英雄宝箱--b0569ec4c5.png,原版图鉴
《领地时报》,The Territory Times Newspaper,未标注,笔记与线索,阅读并了解游戏的最新变化。,叠加上限：1,,当前档案有 105 条同名记录；可能来自不同场景、活动或难度，请比较基础属性。,assets/images/其他物品/《领地时报》--d7068c6a05.png,原版图鉴
蓝图部分,Part of Blueprint,未标注,外观,领地之星,叠加上限：1,,当前档案有 61 条同名记录；可能来自不同场景、活动或难度，请比较基础属性。,assets/images/其他物品/蓝图部分--48abeb9e2a.png,原版图鉴
蓝图部分,Part of Blueprint,未标注,外观,D.O.Z.周年纪念背包,叠加上限：1,,当前档案有 61 条同名记录；可能来自不同场景、活动或难度，请比较基础属性。,assets/images/其他物品/蓝图部分--b2c484fc6e.png,原版图鉴
《领地时报》,The Territory Times Newspaper,未标注,笔记与线索,阅读并了解游戏的最新变化。,叠加上限：1,,当前档案有 105 条同名记录；可能来自不同场景、活动或难度，请比较基础属性。,assets/images/其他物品/《领地时报》--d7068c6a05.png,原版图鉴
赢家宝箱,Winner's Chest,未标注,宝箱与礼包,"你会得到清单上的所有物品：
 — 鹰击M108
 — 凯蒂·史密斯碎片 х30",叠加上限：1,,当前档案有 14 条同名记录；可能来自不同场景、活动或难度，请比较基础属性。,assets/images/其他物品/赢家宝箱--ade5ee7f9c.png,原版图鉴
赛季奖杯,Season Trophies,未标注,宝箱与礼包,内含盟友碎片和其他贵重物品。,叠加上限：1,,当前档案有 10 条同名记录；可能来自不同场景、活动或难度，请比较基础属性。,assets/images/其他物品/第1赛季奖杯--376dfedf8a.png,原版图鉴
可选择的奖励,Rewards to pick,未标注,宝箱与礼包,"你可以选择： 
- 战利品收集者的面具 (蓝图部分 x50)
- 灭绝者防护面具 (蓝图部分 x50)
- RP-1000摩托车头盔 (蓝图部分 x50)
- 鹰队直升机驾驶员眼镜 (蓝图部分 x50)
- 研究所拉撒路智人头盔 (蓝图部分 x50)",叠加上限：1,,当前档案有 12 条同名记录；可能来自不同场景、活动或难度，请比较基础属性。,assets/images/其他物品/可选择的奖励--84a88419a2.png,原版图鉴
可选择的奖励,Rewards to pick,未标注,宝箱与礼包,"你可以选择： 
- 萨梅迪英雄面具 (蓝图部分 x50)
- 森林萨满面具 (蓝图部分 x50)
- 惩教员面罩 (蓝图部分 x50)
- 兄弟会焊接面罩 (蓝图部分 x50)
- 吉布森-84头盔 (蓝图部分 x50)",叠加上限：1,,当前档案有 12 条同名记录；可能来自不同场景、活动或难度，请比较基础属性。,assets/images/其他物品/可选择的奖励--0c75f48352.png,原版图鉴
可选择的奖励,Rewards to pick,未标注,宝箱与礼包,"你可以选择： 
- 研究所呼吸面具  (蓝图部分 x50)
- 研究所设施安全头盔  (蓝图部分 x50)
- 游骑兵帽子 (蓝图部分 x50)
- 复活者头盔  (蓝图部分 x50)
- 死亡男爵  (蓝图部分 x50)",叠加上限：1,,当前档案有 12 条同名记录；可能来自不同场景、活动或难度，请比较基础属性。,assets/images/其他物品/可选择的奖励--fa5a7b5090.png,原版图鉴
可选择的奖励,Rewards to pick,未标注,宝箱与礼包,"你可以选择：
- LRS贝雷帽 (蓝图部分 x50)
- CGM-12防毒面具 (蓝图部分 x50)
- 领地的乌鸦 (蓝图部分 x50)
- 鹰鸮战术头盔 (蓝图部分 x50)
- 狱吏兜帽 (蓝图部分 x50)",叠加上限：1,,当前档案有 12 条同名记录；可能来自不同场景、活动或难度，请比较基础属性。,assets/images/其他物品/可选择的奖励--497f590976.png,原版图鉴
可选择的奖励,Rewards to pick,未标注,宝箱与礼包,"你可以选择：
- 机-1950原型 (蓝图部分 x50)
- 攻击迷彩 (蓝图部分 x50)",叠加上限：1,,当前档案有 12 条同名记录；可能来自不同场景、活动或难度，请比较基础属性。,assets/images/其他物品/可选择的奖励--6129af55b2.png,原版图鉴
可选择的奖励,Rewards to pick,未标注,宝箱与礼包,"你可以选择：
- 重磅背包 (蓝图部分 x50)
- 黯黑-M稳定器 (蓝图部分 x50)
- 伊卡洛斯-3实验模型 (蓝图部分 x50)
- 图书管理员 (蓝图部分 x50)",叠加上限：1,,当前档案有 12 条同名记录；可能来自不同场景、活动或难度，请比较基础属性。,assets/images/其他物品/可选择的奖励--e35aff9390.png,原版图鉴
可选择的奖励,Rewards to pick,未标注,宝箱与礼包,"你可以选择：
- 质子背包 (蓝图部分 x50)
- 法贝热-M (蓝图部分 x50)
- 棱镜-M背包 (蓝图部分 x50)",叠加上限：1,,当前档案有 12 条同名记录；可能来自不同场景、活动或难度，请比较基础属性。,assets/images/其他物品/可选择的奖励--426bd57c93.png,原版图鉴
《领地时报》,The Territory Times Newspaper,未标注,笔记与线索,阅读并了解游戏的最新变化。,叠加上限：1,,当前档案有 105 条同名记录；可能来自不同场景、活动或难度，请比较基础属性。,assets/images/其他物品/《领地时报》--d7068c6a05.png,原版图鉴
英雄宝箱,Hero's Chest,未标注,宝箱与礼包,"你会得到清单上的所有物品：
— 暗黑游荡者盟友
— 惊喜-3设备
— 凤凰兴奋剂х10
— 小丑 х20",叠加上限：1,,当前档案有 13 条同名记录；可能来自不同场景、活动或难度，请比较基础属性。,assets/images/其他物品/英雄宝箱--b0569ec4c5.png,原版图鉴
冠军宝箱,Champion's Chest,未标注,宝箱与礼包,"你会得到清单上的所有物品：
— 血球异象碎片 х30
— 森林战利品SKS",叠加上限：1,,当前档案有 11 条同名记录；可能来自不同场景、活动或难度，请比较基础属性。,assets/images/其他物品/冠军宝箱--dd182ad0e0.png,原版图鉴
赢家宝箱,Winner's Chest,未标注,宝箱与礼包,"你会得到清单上的所有物品：
 — 格罗莫夫上士碎片 х30
 — 尖叫之神的复仇",叠加上限：1,,当前档案有 14 条同名记录；可能来自不同场景、活动或难度，请比较基础属性。,assets/images/其他物品/赢家宝箱--ade5ee7f9c.png,原版图鉴
《领地时报》,The Territory Times Newspaper,未标注,笔记与线索,阅读并了解游戏的最新变化。,叠加上限：1,,当前档案有 105 条同名记录；可能来自不同场景、活动或难度，请比较基础属性。,assets/images/其他物品/《领地时报》--d7068c6a05.png,原版图鉴
英雄宝箱,Hero's Chest,未标注,宝箱与礼包,"你会得到清单上的所有物品：
— 独特盟友：冰影
— 玛瑙突击步枪
— 凤凰兴奋剂х10
— 黑帮战刃 х20",叠加上限：1,,当前档案有 13 条同名记录；可能来自不同场景、活动或难度，请比较基础属性。,assets/images/其他物品/英雄宝箱--b0569ec4c5.png,原版图鉴
赢家宝箱,Winner's Chest,未标注,宝箱与礼包,"你会得到清单上的所有物品：
 — 炎龙碎片 х20
 — 龙女碎片 х20",叠加上限：1,,当前档案有 14 条同名记录；可能来自不同场景、活动或难度，请比较基础属性。,assets/images/其他物品/赢家宝箱--ade5ee7f9c.png,原版图鉴
《领地时报》,The Territory Times Newspaper,未标注,笔记与线索,阅读并了解游戏的最新变化。,叠加上限：1,,当前档案有 105 条同名记录；可能来自不同场景、活动或难度，请比较基础属性。,assets/images/其他物品/《领地时报》--d7068c6a05.png,原版图鉴
《领地时报》,The Territory Times Newspaper,未标注,笔记与线索,阅读并了解游戏的最新变化。,叠加上限：1,,当前档案有 105 条同名记录；可能来自不同场景、活动或难度，请比较基础属性。,assets/images/其他物品/《领地时报》--d7068c6a05.png,原版图鉴
赢家宝箱,Winner's Chest,未标注,宝箱与礼包,包含紧终双械2设备和你选择的额外奖励。,叠加上限：1,,当前档案有 14 条同名记录；可能来自不同场景、活动或难度，请比较基础属性。,assets/images/其他物品/赢家宝箱--ade5ee7f9c.png,原版图鉴
《领地时报》,The Territory Times Newspaper,未标注,笔记与线索,阅读并了解游戏的最新变化。,叠加上限：1,,当前档案有 105 条同名记录；可能来自不同场景、活动或难度，请比较基础属性。,assets/images/其他物品/《领地时报》--d7068c6a05.png,原版图鉴
赛季奖杯,Season Trophies,未标注,宝箱与礼包,内含盟友碎片和其他贵重物品。,叠加上限：1,,当前档案有 10 条同名记录；可能来自不同场景、活动或难度，请比较基础属性。,assets/images/其他物品/第1赛季奖杯--376dfedf8a.png,原版图鉴
《领地时报》,The Territory Times Newspaper,未标注,笔记与线索,阅读并了解游戏的最新变化。,叠加上限：1,,当前档案有 105 条同名记录；可能来自不同场景、活动或难度，请比较基础属性。,assets/images/其他物品/《领地时报》--d7068c6a05.png,原版图鉴
《领地时报》,The Territory Times Newspaper,未标注,笔记与线索,阅读并了解游戏的最新变化。,叠加上限：1,,当前档案有 105 条同名记录；可能来自不同场景、活动或难度，请比较基础属性。,assets/images/其他物品/《领地时报》--d7068c6a05.png,原版图鉴
赛季奖杯,Season Trophies,未标注,宝箱与礼包,内含盟友碎片和其他贵重物品。,叠加上限：1,,当前档案有 10 条同名记录；可能来自不同场景、活动或难度，请比较基础属性。,assets/images/其他物品/第1赛季奖杯--376dfedf8a.png,原版图鉴
赛季奖杯,Season Trophies,未标注,宝箱与礼包,内含盟友碎片和其他贵重物品。,叠加上限：1,,当前档案有 10 条同名记录；可能来自不同场景、活动或难度，请比较基础属性。,assets/images/其他物品/第1赛季奖杯--376dfedf8a.png,原版图鉴
赛季奖杯,Season Trophies,未标注,宝箱与礼包,内含盟友碎片和其他贵重物品。,叠加上限：1,,当前档案有 10 条同名记录；可能来自不同场景、活动或难度，请比较基础属性。,assets/images/其他物品/第1赛季奖杯--376dfedf8a.png,原版图鉴
赛季奖杯,Season Trophies,未标注,宝箱与礼包,内含盟友碎片和其他贵重物品。,叠加上限：1,,当前档案有 10 条同名记录；可能来自不同场景、活动或难度，请比较基础属性。,assets/images/其他物品/第1赛季奖杯--376dfedf8a.png,原版图鉴
赛季奖杯,Season Trophies,未标注,宝箱与礼包,内含盟友碎片和其他贵重物品。,叠加上限：1,,当前档案有 10 条同名记录；可能来自不同场景、活动或难度，请比较基础属性。,assets/images/其他物品/第1赛季奖杯--376dfedf8a.png,原版图鉴
